0.292997,0.647248,0.820264,0.897455,0.313254,0,0,0.495991,0.556893,0.190797,0.0260798,0.0145824,1.63453,0.672038,0.809125,0.425921,0.773245,0.0168688,0.591544,0.43177,0.401763,1.24704,1.01935,0.581799
0.17084,0.00450604,0.410834,0.712034,1.52326,0.0662456,0.0819343,0.0276497,0.44488,1.11869,0.380728,0.373621,1.4299,0.468871,1.12395,0.412146,0.954801,0.0272259,0.491484,0.0736604,0.234753,1.85118,0.757197,0.0957617
0.329302,0,0.744109,0.0717208,1.15037,0.487328,0.0227489,0,0.623927,1.19328,0.131759,0.0031997,0.978218,0.530292,1.41684,0.0145008,0.835633,0.162652,0.406722,0.0969511,0.262501,2.02278,0.679875,0.12766
0.23811,0.524608,0.768774,0.344874,0.906793,0.57382,0,0,0.520434,1.22272,0,0.00483284,0.70103,0.468439,1.46142,0.145749,0.6645,0.289848,0.640754,0.0270085,0.256545,2.07474,0.288551,0.774771
0.273654,0.713614,1.37845,0.738681,0.491708,0.452817,0,0,0.443992,1.04686,0,0.00880725,0.312737,0.396376,1.39261,0.386304,0.373103,0.328948,0.679087,0.0415756,0.218863,1.90377,0.0684571,1.50946
0.357025,0.735073,1.53825,0.509276,0.051956,0.262349,0.0440162,0,0.426116,0.523863,0,0.0121375,0.0961598,0.347567,1.18386,0.352804,0.0295211,0.34387,0.424701,0,0.210051,1.53658,0.00138965,2.55505
0.417244,0.745965,1.52054,0.305429,0.0129496,0.258983,0.310373,0,0.206116,0.152895,0,0.00472395,0.112379,0.349631,0.607073,0.291308,0.00265851,0.375597,0.455137,0,0.101847,1.1727,0.00816838,2.61092
0.749752,0.733425,1.34576,0.133276,0,0.172822,0.188941,0,0.069409,0.015572,0,0.235286,0.201936,0.208622,1.44453,0.229016,0.053795,0.237453,0.309262,0,0.042546,0.891861,0.10618,2.20532
0.986417,1.26175,0.747027,0.0573541,0,0.010019,0.0384627,0,0,0.00305077,0.246917,0.655821,0.265678,0.502767,1.40507,0.165643,0,0.0630456,0.260313,0,0.0242719,1.28177,0.352851,1.79467
0.00046669,0,0.927371,0.513595,0.125102,0.0195158,0.0341002,0.410884,0.635679,0.487035,0.636397,0.196995,0.0911021,0.818284,0.529145,0.198157,0.209248,0.0619063,0.363912,0.0904444,0.178987,2.01995,0.652551,1.11133
0.00209178,0.00537509,0.630248,0.774266,0.905535,0.114608,0,0.0657288,0.423049,1.39109,0.516517,0.0556536,0.408334,0.534332,1.15867,0.264272,0.291404,0.0668939,0.290954,0.395271,0.134083,2.31068,0.400319,0.950888
0.00154858,0,0.906529,0.660083,1.04266,0.223342,0.117811,0.0253274,0.612878,1.16738,0.342066,0,0.433558,0.266644,1.84895,0.212818,0.341339,0.0710904,0.0973809,0.608789,0.405068,1.87214,0.362935,1.26918
0.084204,0.548679,1.43484,0.760689,0.705112,0.297767,0.0104928,0,0.473463,1.09828,0.0282117,0,0.258945,0.423407,1.99851,0.242396,0.220588,0.0960497,0.119088,0.425391,0.235122,2.10576,0.271807,0.906833
0.228678,0.710461,1.67309,0.821445,0.389896,0.218136,0.0337896,0,0.415309,0.655075,0.00710229,0.00122578,0.0615915,0.528951,1.97468,0.264843,0.123101,0.159131,0.155074,0.148358,0.20645,2.34338,0.117869,0.532552
0.38929,0.731142,1.58015,0.630187,0.0245032,0.24649,0.0649862,0,0.259725,0.184753,0,0.00278386,0.10485,0.54741,1.89603,0.20318,0.361902,0.289592,0.122388,0.358901,0.138476,2.4523,0.000681192,0.112913
0.467008,0.762228,1.40145,0.419511,0,0.276651,0.285464,0,0.0499901,0.306964,0,0.0300233,0.125782,1.23743,1.43853,0.135255,0.316113,0.369796,0.133448,2.08103,0.053837,1.82988,0.00266459,0.00797311
0.900157,1.01124,0.906462,0.163591,0,0.180836,0.471294,0,0.0772798,0.156238,0,0.251504,0.329603,1.62145,1.27789,0.0763466,0,0.207882,0.4516,2.41872,0.0709761,0.925875,0.0153631,0.0648007
1.3242,1.2935,0.451086,0.0401958,0,0.00803698,0.31439,0,0,0.200623,0.250689,0.74307,0.592063,1.01777,0.875947,0.0886618,0,0.00168202,1.01726,2.48421,0.034289,0.426102,0.314525,0.190722
0.00366894,0.107069,1.02027,0.650458,0.105316,0,0.115724,0.499049,0.350522,0.406309,0.773594,0.0114793,0.716209,1.11388,0.928968,0.455034,0.176153,1.52149e-05,0.602828,2.36645,0.125278,0.208705,0.539153,0.598751
0.00467184,0.00896811,0.289574,0.841449,0.866422,0.0569457,0,0.228438,0.327808,1.33598,0.596381,0.256247,0.699393,0.693949,1.31172,0.391636,0.284959,0.0148562,0.51912,2.03339,0.189298,0.855193,0.429668,0.345014
0.00288444,0.0113994,0.568021,0.224092,0.90168,0.419924,0,0,0.363731,1.11792,0.158554,0.00502375,0.490795,0.372677,2.04008,0.097261,0.299109,0.149487,0.323766,2.08957,0.14468,0.868492,0.440011,0.45241
0.00191844,0.233725,1.08961,0.309871,0.658049,0.475644,0,0,0.395239,1.06095,0.0184097,0.00670891,0.53857,0.341903,2.12427,0.12831,0.218934,0.223179,0.146452,2.17919,0.199723,0.81576,0.304763,0.493469
0.111189,0.679645,1.50933,0.829671,0.120816,0.265888,0,0,0.431395,0.877889,0.00592258,0.00971124,0.531927,0.412103,2.09874,0.294557,0.0383317,0.365815,0.0599038,2.31222,0.214977,0.648775,0.0980455,0.611957
0.281345,0.731985,1.55361,0.572552,0.0354859,0.291576,0.0638254,0,0.323934,0.30892,0.0044858,0.00598932,0.188776,0.443748,1.67882,0.23669,0.146038,0.464888,0.0623714,2.6727,0.160702,0.365456,0.100223,0.52878
0.354058,0.740376,1.46594,0.294875,0.0287819,0.313519,0.425266,0,0.13295,0.217969,0,0.0043068,0.358735,0.944133,0.56303,0.200548,0.772014,0.571674,0.492348,2.41643,0.0655369,0.256535,0.246607,0.241016
1.28047,0.863749,0.929378,0.176233,0,0.0840094,0.250001,0,0,0,0,0.279799,0.896985,0.778625,1.05067,0.229341,1.16971,0.177571,0.394421,1.67893,0.00449305,0.00173696,0.301473,0.594674
1.55277,0.896616,0.564201,0.102088,0,0,0.111356,0.287634,0,0,0.407098,0.790093,0.924813,0.636163,0.673763,0.198587,1.97232,0.0380376,0.332466,1.26234,0.0144303,0.284848,0.411945,0.584454
0.00182215,0.163166,0.804207,0.656003,0.313651,0.00332794,0.0863926,0.461733,0.462059,0.785652,0.770291,0.00875403,0.355701,0.678908,0.348619,0.34618,1.59415,0.0470852,0.165928,1.24066,0.132956,1.23946,0.50239,0.511091
0.00348584,0.011438,0.476214,0.820676,0.962295,0.149116,0,0.0222953,0.250015,1.51135,0.625139,0.101478,0.612182,0.596619,1.00012,0.494498,0.731602,0.0815695,0.361951,1.01157,0.157153,1.60657,0.435338,0.550954
0.00169033,0.00385248,0.795519,0.299891,0.849331,0.485858,0,0,0.48353,1.55571,0.0850495,0.00224385,0.436588,0.269718,1.65559,0.149977,0.413983,0.20752,0.332671,1.20701,0.510663,1.5053,0.376614,0.991256
0.0187609,0.482761,1.47581,0.724459,0.547384,0.554436,0,0,0.408742,1.48187,0.0103547,0.00344439,0.258546,0.21528,1.86438,0.280023,0.341229,0.210117,0.405048,1.19747,0.537598,1.34548,0.171426,1.08181
0.165044,0.646259,1.70275,0.790706,0.224283,0.375844,0.0364305,0,0.338386,1.10441,0.00244596,0.00479554,0.195594,0.226932,1.94587,0.302039,0.200122,0.318291,0.574852,1.16338,0.507232,1.27185,0.0713399,1.10975
0.318698,0.713142,1.72038,0.578721,0.0104633,0.290657,0.200445,0,0.191917,0.376825,0,0.130543,0.155664,0.27151,1.87937,0.227961,0.495375,0.429875,0.720894,1.13487,0.278529,1.38728,0.266759,0.926068
0.434905,0.754628,1.37569,0.322549,0,0.387238,0.286703,0,0,0.0783196,0,0.0243128,0.138446,1.21553,1.28298,0.119095,0.900301,0.66965,0.568193,1.3822,0.0208227,1.2803,0.302961,0.508872
1.17203,1.28065,0.744296,0.190354,0,0.213248,0.280683,0,0.078217,0,0,0.196682,0.538164,1.57309,0.791922,0.164449,0.790496,0.384877,0.445187,1.75844,0.0760071,0.477221,0.235694,0.494875
1.94119,1.14068,0.454486,0.171083,0,0,0,0,0.0131213,0.00549083,0.523588,0.644793,1.14273,1.1899,0.524934,0.305188,0.00323402,0.0417962,0.197772,1.52071,0.107698,0.491416,0.422724,0.935982
0.00458066,0.245047,0.801964,0.355464,0.454457,0,0.113757,0.441071,0.25925,1.33629,1.07955,0.0115985,0.894186,0.960393,0.596742,0.53957,0.157353,0.052728,0.342001,1.10764,0.0929328,0.960367,0.702548,0.499271
0.00331961,0.00656366,0.445666,0.793625,0.853912,0.397181,0,0.231851,0.289039,1.47206,0.674674,0.108389,0.648018,0.905655,1.52919,0.393939,0.273393,0.19752,0.294247,1.07164,0.173545,1.2192,0.568387,0.255012
0.00226537,0.00496419,0.681071,0.223796,0.733351,0.524855,0,0,0.437405,1.30377,0.0894826,0.00929776,0.442221,0.876301,1.99291,0.0588497,0.244053,0.224889,0.237497,1.24822,0.2464,1.44152,0.417901,0.534182
0.00773732,0.494319,1.21131,0.406835,0.387779,0.555134,0,0,0.425528,1.25201,0.0115089,0.0110798,0.316294,0.890088,1.97305,0.133339,0.195472,0.315298,0.415311,1.28439,0.264475,1.31398,0.251832,0.544958
0.139148,0.6569,1.50599,0.774786,0.104755,0.305087,0,0,0.394649,1.07127,0,0.010538,0.309337,0.875525,1.95886,0.287451,0.0330393,0.449968,0.468981,1.27546,0.207586,1.35067,0.0931859,0.573239
0.303245,0.751435,1.54574,0.480253,0.0370974,0.336215,0.0323888,0,0.344576,0.442759,0,0.00412582,0.123066,0.617386,1.809,0.183872,0.007616,0.529751,0.25164,1.41676,0.182209,1.45119,0.495707,0.237639
0.412811,0.835054,1.54355,0.243998,0,0.384881,0.411564,0,0.158201,0.0779618,0,0.0988724,0.331949,0.299128,2.24264,0.0942303,0.100611,0.692913,0.221118,0.410101,0.120333,1.27499,0.50924,0.588015
0.965906,1.06019,0.99434,0.161833,0,0.1009,0.0730083,0,0,0,0,0.41592,0.745154,0.515184,2.26529,0.104307,0.183482,0.146543,0.609954,0.298753,0.012539,0.452021,0.572919,1.1361
1.24986,0.794707,0.967398,0.0504717,0,0.00504084,0,0.0220921,0,0.0598965,0.540376,0.906716,0.705694,0.93359,1.79546,0.10451,0.262729,0.056445,0.26231,0.261144,0.0229812,0.208525,0.556777,1.49465
0.0041014,0,0.636693,0.301414,0.682461,0.0135376,0.0931652,0.45847,0.37028,1.38295,0.580374,0.0115581,0.80063,0.861992,0.68277,0.503432,0.285574,0.0698389,0.424583,0.501258,0.120652,0.963086,0.731187,0.99947
0.00364033,0.00885038,0.651806,0.678868,0.816905,0.454848,0,0,0.398788,1.53155,0.419027,0.0230264,0.690332,0.603007,1.20531,0.320378,0.257522,0.254222,0.430584,0.790536,0.483057,1.28165,0.347749,1.04696
0.0422597,0.00585661,0.794905,0.18474,0.741617,0.582883,0.0187699,0,0.549499,1.44058,0.0162162,0.0065677,0.496757,0.180193,1.68996,0.0949154,0.234477,0.312757,0.497078,0.919985,0.703303,1.47145,0.268451,1.07112
0.176543,0.534722,1.49469,0.764732,0.366923,0.629084,0,0,0.520457,1.34088,0.00131304,0.00946607,0.28943,0.201728,1.90024,0.261507,0.188922,0.443141,0.547197,0.972114,0.697322,1.28026,0.0217367,1.01983
0.275756,0.667605,1.65109,0.700817,0.0686274,0.318473,0.0821181,0,0.473758,0.952277,0,0.0120879,0.18039,0.235114,2.06803,0.225951,0.0722212,0.428417,0.811996,1.01231,0.615741,1.22415,0.0421075,0.980962
0.392746,0.731018,1.68349,0.471873,0.0213581,0.337544,0.360074,0,0.271851,0.453385,0,0.15723,0.143091,0.291489,1.66256,0.152137,0.0929733,0.573169,0.79926,0.987965,0.209972,1.41331,0.441421,0.758902
0.503118,0.83599,1.34822,0.285576,0,0.406141,0.425462,0,0,0.45583,0,0.135852,0.34501,1.31636,1.18748,0.280468,0.139635,0.959432,0.525238,0.19756,0.0225032,1.27155,0.346651,0.55221
0.987455,1.4493,0.761766,0.114959,0,0.0970434,0.384476,0,0.0132879,0.441067,0,0.312286,0.786167,1.47441,0.832046,0.327994,0.795461,0.361486,0.47166,0.00561035,0.0357237,1.18766,0.286508,0.206884
1.23098,0.739089,1.20152,0.187733,0,0,0,0,0.0759239,0.270212,0.662926,0.662266,0.920669,1.07988,0.713716,0.250734,0,0.295252,0.337406,0,0.0752928,0.940919,0.763198,1.08252
0.00516115,0,0.20153,1.17856,0.638089,0,0.0352789,0.480319,0.19546,1.56625,0.97653,0.0104338,1.0075,0.631385,0.479565,0.558967,0.205294,0.33323,0.237711,0.362096,0.133925,1.52625,0.464883,0.961738
0.0619579,0.00456734,0.623076,0.69729,0.732476,0.327087,0,0.0670503,0.357657,1.45765,0.683176,0.00789552,0.77976,0.633751,1.53225,0.272761,0.227442,0.164534,0.234135,1.02952,0.360083,0.989453,0.616154,0.981642
0.00316131,0,0.721091,0.180499,0.692186,0.427948,0,0,0.535147,1.35249,0.0840808,0.00840055,0.617116,0.748116,1.80671,0.0438833,0.218723,0.147175,0.393281,1.35897,0.502805,1.15667,0.481518,1.0027
0.0658995,0.5336,1.26545,0.531386,0.353064,0.417075,0,0,0.401866,1.23536,0.00856425,0.0103976,0.502882,0.854746,1.76552,0.162474,0.15481,0.253261,0.568377,1.38216,0.47272,1.08887,0.245428,0.836761
0.193137,0.667098,1.51924,0.71385,0.0865341,0.271384,0,0,0.370021,1.04128,0,0.0103049,0.361078,0.920717,1.72659,0.230153,0.0422931,0.379815,0.59181,1.37879,0.41788,1.10914,0.136721,0.74174
0.325021,0.73311,1.44235,0.4578,0.029617,0.374227,0.186257,0,0.274163,0.277565,0,0.00449662,0.198827,0.390119,1.42219,0.1476,0.535316,0.62977,0.410321,0.867172,0.159295,2.03867,0.448865,0.536353
0.397618,0.774759,1.46216,0.301079,0,0.410654,0.452563,0,0,0.0758224,0,0.149327,0.695086,0.231844,1.93809,0.24706,1.07542,0.727543,0.872382,0.0191514,0.020169,1.2913,0.38069,0.222374
0.997398,1.1369,0.903176,0.177532,0,0.0752804,0.0683786,0,0,0.0254711,0.00384212,0.455491,1.0765,0.566154,1.95168,0.0852186,0.764048,0.0964839,1.08889,0,0.0196035,0.709387,0.337263,0.711684
0.707212,0.679861,1.16137,0.24012,0,0,0,0,0.0531032,0.316477,0.651737,0.846287,0.71026,0.863259,1.82885,0.184592,0.164384,0,0.387076,0.00119706,0.0545295,0.691866,0.470259,1.0947
0.00470245,0,0.207453,1.23034,0.55095,0.0122388,0.0461342,0.358089,0.212114,1.61028,0.848615,0.00666153,0.91796,0.823839,0.77632,0.56035,0.267258,0.0875349,0.302317,0.33733,0.134879,1.91427,0.381744,0.319815
0.00339562,0.0095618,0.666491,0.622312,0.748539,0.368575,0,0,0.202251,1.54237,0.570419,0.0221539,0.59481,0.803965,1.41617,0.418641,0.333007,0.139394,0.2902,0.944803,0.174787,1.76819,0.389917,0.293251
0.00234392,0.00902307,0.793813,0.356713,0.826986,0.483987,0,0,0.330541,1.47313,0.0170343,0,0.439765,0.271126,1.9183,0.173795,0.406278,0.19874,0.404568,1.07308,0.571091,1.44396,0.281995,0.59333
0.00188698,0.163637,1.40604,0.935252,0.377418,0.394702,0,0,0.0521171,1.33665,0.167661,0,0.289565,0.270203,2.0558,0.328095,0.2633,0.168203,0.476816,1.04329,0.519296,1.27671,0.103631,0.728311
0.00219301,0.211894,1.59718,0.750752,0.0181795,0.13453,0.0426916,0,0,1.02328,0.00183182,0.00156131,0.243488,0.307784,2.08447,0.242051,0.100288,0.151011,0.650817,0.995735,0.452251,1.33004,0.030325,0.904514
0.122066,0.295325,1.67887,0.532728,0,0.226406,0.385633,0,0,0.575072,0,0.03162,0.0690924,0.469704,1.74368,0.18934,0,0.285108,0.712184,0.95088,0.0341647,1.4849,0.30919,1.10107
0.517842,0.867448,1.24334,0.269378,0,0.317717,0.550284,0,0,0.52692,0,0.168941,0.294797,1.34808,1.40966,0.118163,0.274888,0.580562,0.843676,0,0.017782,1.23316,0.373111,0.595251
0.956822,1.50755,0.748769,0.116163,0.0287253,0.102802,0.200181,0,0,0.698404,0,0.309473,0.58162,1.49689,0.785097,0.119063,0.780906,0.12622,0.691396,0,0.0208155,1.20739,0.350939,0.35939
0.417953,0.448801,1.09506,0.24914,0,0,0,0,0.454923,0.508844,0.702692,0.613909,0.79546,1.55823,0.558382,0.106123,0,0,0.491281,0,0.176434,1.11939,0.833855,1.13902
0.00436541,0,0.109578,1.26743,0.597425,0.00705064,0.0174923,0.417665,0.199475,1.48068,0.832945,0.00851226,0.852168,1.67231,0.489295,0.528746,0.18218,0.209627,0.396926,0.865523,0.124887,1.72516,0.480623,0.339775
0.00348692,0.00760649,0.676028,0.649905,0.778556,0.373921,0,0,0.294531,1.34826,0.604834,0.00777478,0.67825,1.05162,1.57142,0.218862,0.243974,0.292792,0.30026,1.25193,0.173491,1.18126,0.613962,0.312438
0.00242943,0.052038,0.79527,0.154171,0.671526,0.60929,0,0,0.509615,1.36976,0.0200069,0.00991273,0.608599,0.828276,1.79949,0.0338263,0.278562,0.367609,0.347639,1.4522,0.278483,1.1474,0.489171,0.514405
0.0612702,0.573534,1.42908,0.700998,0.30065,0.470977,0,0,0.36033,1.29002,0.0052895,0.0117809,0.546107,0.802739,1.76295,0.237373,0.216425,0.507185,0.437414,1.42416,0.195688,1.00793,0.231009,0.591275
0.228517,0.683883,1.49767,0.648269,0.0681077,0.367521,0.00530563,0,0.335316,0.859944,0,0.0110666,0.207979,0.719,1.60636,0.28962,0.0139823,0.797012,0.474074,1.42036,0.165292,1.39406,0.241292,0.723452
0.375813,0.701195,1.35278,0.368873,0.0237106,0.418727,0.190469,0,0.226314,0.166775,0,0.0374031,0.10122,0.502444,1.52907,0.215256,0.282312,0.800381,0.366786,0.595113,0.11156,2.2274,0.255364,0.72756
0.511897,0.673689,1.38921,0.23332,0,0.463561,0.337692,0,0.0435585,0.0489334,0,0.305357,0.442784,0.19163,2.24145,0.197601,0.663913,0.899036,0.535383,0.0101412,0.0214719,1.07534,0.252229,1.18177
0.968191,1.16635,0.832501,0.171143,0,0.0829312,0.173297,0,0,0,0.0428772,0.539143,0.617532,0.56201,2.16103,0.131964,0.521849,0.228285,0.763229,0,0.0137074,0.736327,0.275742,1.25001
0.129403,0.169703,1.04593,0.286025,0.0962028,0,0,0.0810288,0.430855,0.546201,0.708956,0.685364,0.0835878,0.97158,1.32806,0.216131,0.48759,0.062269,0.0959521,0.0178362,0.13063,0.745389,0.548124,1.46835
0.00370457,0,0.259802,1.32822,0.580204,0.0768039,0,0.256015,0.418592,1.55697,0.539624,0.00956006,0.723166,0.717106,0.841401,0.464043,0.174909,0.0530467,0.408955,0.591955,0.246532,1.78783,0.281076,0.885677
0.00301005,0.00752389,0.753325,0.773621,0.83994,0.199568,0.0217554,0,0.448254,1.41171,0.309319,0.00407421,0.732023,0.48093,1.53651,0.249424,0.267881,0.0850181,0.566412,0.903885,0.485658,1.31545,0.300799,0.767368
0.0644699,0.134017,1.03502,0.394004,0.61733,0.441997,0,0,0.626735,1.40777,0.0146221,0.00439012,0.487276,0.291388,1.85021,0.115747,0.211914,0.188654,0.579589,1.02193,0.648793,1.40205,0.242352,0.906222
0.19151,0.575733,1.59769,0.936062,0.341385,0.248344,0.00438921,0,0.499591,1.1761,0.000311461,0.00689069,0.407995,0.317945,1.90668,0.301797,0.158623,0.228892,0.644572,0.938394,0.588685,1.3152,0.00534732,0.980356
0.314128,0.690269,1.71962,0.69896,0.0234559,0.197891,0.03847,0,0.416975,0.739719,0,0.12787,0.392057,0.368162,1.82,0.225353,0.270504,0.253984,0.729675,0.869279,0.411992,1.38433,0.0233004,1.03949
0.433748,0.705256,1.50124,0.463701,0,0.248871,0.285438,0,0.125093,0.478339,0,0.0921846,0.144944,0.889823,1.34907,0.235171,0.178344,0.401991,0.747892,0.484171,0.0914748,1.86216,0.296017,0.601674
0.647889,0.890493,1.18104,0.233722,0,0.310995,0.568442,0,0,0.0305841,0,0.227113,0.299155,1.62548,1.36459,0.211188,0.478936,0.587455,0.627663,0.143946,0.0327994,0.640686,0.3161,0.0739186
0.999872,1.54233,0.671988,0.0623096,0.0550584,0.0555443,0.429554,0,0,0.728249,0.075643,0.435205,0.485347,1.39149,0.609263,0.25984,0.486765,0.0571736,0.671537,0.277987,0.0348955,1.02081,0.324632,0.140741
0.00395332,0.167254,0.955412,0.50969,0.018334,0,0.013847,0.235577,0.504651,0.603282,0.862197,0.394787,0.771724,1.1778,0.345892,0.569251,0.0306658,0.0317459,0.440582,0.523317,0.15041,0.783683,0.719982,0.746814
0.00441904,0,0.286749,1.13189,0.745827,0.0255258,0,0.344952,0.290286,1.58939,0.819854,0.00509426,0.862636,0.84269,1.14794,0.50699,0.234526,0.0711897,0.374263,1.1458,0.177383,1.31418,0.492332,0.32671
0.00366591,0.00512579,0.716894,0.540828,0.76153,0.312072,0,0,0.327768,1.36777,0.596782,0.0073858,0.739561,0.488359,1.9459,0.174242,0.238626,0.130455,0.284771,1.38616,0.218514,1.04077,0.447797,0.530866
0.00252438,0.276155,1.00952,0.212901,0.567372,0.552672,0,0,0.438717,1.31418,0.0185703,0.0085147,0.633367,0.496703,2.03406,0.0539787,0.173692,0.223778,0.256489,1.63529,0.280715,1.07786,0.324979,0.637957
0.0299821,0.60624,1.49137,0.60944,0.192165,0.385929,0,0,0.362757,1.21171,0.00582621,0.00999355,0.569654,0.566399,1.99639,0.193731,0.0845774,0.326437,0.421683,1.63994,0.308322,1.0128,0.119169,0.647202
0.191578,0.711274,1.56984,0.574987,0.0548811,0.298454,0.00157073,0,0.340001,0.807341,0,0.00794322,0.350582,0.561989,1.76424,0.20443,0.0354661,0.443031,0.376129,1.68315,0.267353,1.05087,0.106712,0.581476
0.318771,0.704881,1.44051,0.37503,0.0148978,0.32384,0.218064,0,0.189615,0.352484,0,0.0334817,0.479327,1.04826,1.01267,0.139638,0.304616,0.795625,0.0910447,0.978982,0.109576,1.7538,0.337855,0.665634
0.571798,0.768057,1.38814,0.251147,0,0.343306,0.344908,0,0,0.142275,0,0.255465,0.481406,0.813248,2.03099,0.10323,0.531812,0.965387,0.279437,0.291539,0.0162971,0.78509,0.336155,0.675344
1.00148,1.19424,0.853147,0.133252,0.00302493,0.0148174,0.126634,0,0,0.161113,0.192603,0.624204,0.735326,0.945142,1.86545,0.0578105,0.390477,0.312878,0.31327,0.312004,0.0249067,0.736417,0.558959,1.02334
0.00250051,0.025034,0.952329,0.454205,0.115113,0,0.0238721,0.323541,0.553999,0.57154,0.766668,0.280896,0.488122,0.989482,0.8001,0.146578,0.287178,0.154814,0.0065988,0.701693,0.160863,0.708987,0.648178,1.17546
0.00410583,0.00662201,0.4274,1.06842,0.80916,0.0645105,0,0.191727,0.365778,1.62624,0.49795,0.0775783,0.81623,0.780039,1.2669,0.477216,0.321035,0.0497123,0.321311,0.876605,0.33505,0.995595,0.426215,0.623315
0.037865,0.00671802,0.728837,0.725796,0.756174,0.196236,0.0222488,0,0.451107,1.49546,0.34848,0.00927039,0.700474,0.461146,1.68274,0.308646,0.269106,0.136555,0.281693,1.02462,0.528316,1.33167,0.316826,0.759106
0.143385,0.336557,1.14182,0.550491,0.44647,0.497481,0,0,0.529666,1.52932,0.0120803,0.0104057,0.434392,0.258274,1.85551,0.228195,0.258238,0.291769,0.281635,1.11064,0.630972,1.38636,0.199984,0.908524
0.204374,0.624572,1.60327,0.845113,0.203484,0.31904,0,0,0.45238,1.37153,0.0010561,0.0105858,0.27168,0.29624,1.93486,0.288934,0.290209,0.407306,0.37117,1.10831,0.569103,1.2656,0.0391507,0.924199
0.305014,0.702545,1.65542,0.589162,0.0156882,0.249296,0.0637331,0,0.360459,1.01708,0,0.0460032,0.206616,0.350026,1.90331,0.197494,0.113025,0.418911,0.600022,1.15203,0.452763,1.32662,0.0796654,0.995751
0.435196,0.726893,1.53785,0.367331,0,0.364514,0.326388,0,0.113664,0.53103,0,0.0842579,0.209264,1.08555,1.02212,0.137176,0.0970242,0.53193,0.463311,0.739194,0.078764,1.22601,0.396475,0.978428
0.771883,0.99106,1.02901,0.16105,0,0.318644,0.373948,0,0,0.2337,0,0.200975,0.251949,1.64851,0.854427,0.170435,0.797209,0.62133,0.351192,0.606683,0.0269039,0.13348,0.420456,0.848688
1.3398,1.36174,0.620716,0,0,0.088704,0.105674,0,0,0,0.181238,0.710508,0.659424,1.04865,0.400689,0.270081,0.698134,0.216862,0.239078,0.635369,0.0271345,0.0194124,0.443054,0.986376
0.0048022,0.159784,0.906459,0.642309,0.12551,0,0.0309803,0.427697,0.413454,0.480705,0.891056,0.0698685,0.937432,1.09172,0.336461,0.305115,0.20993,0.0571018,0.2459,0.872529,0.122926,0.528618,0.772373,1.22203
0.00413955,0.0044686,0.299622,1.05679,0.809268,0.0460823,0,0.335829,0.305315,1.56371,0.809457,0.092359,0.808078,0.97493,0.958918,0.440038,0.258256,0.0546442,0.289732,1.10891,0.321014,1.05667,0.678139,0.667517
0.00283175,0.00491369,0.643209,0.508882,0.740672,0.305153,0.00183865,0,0.383179,1.31043,0.430294,0.00801975,0.552783,0.843801,1.78507,0.15806,0.247077,0.0952006,0.214745,1.42609,0.470131,1.13615,0.641181,0.807163
0.00199808,0.320312,1.08351,0.417644,0.479887,0.464559,0,0,0.432005,1.2965,0.0144427,0.0101666,0.390043,0.842886,1.86216,0.122426,0.261232,0.286715,0.385824,1.52541,0.480985,1.11171,0.460572,0.649215
0.085159,0.600843,1.50196,0.858495,0.124813,0.299304,0,0,0.372487,1.17327,0.0668033,0.0111269,0.370572,0.839399,1.84228,0.276789,0.129753,0.420083,0.456437,1.48967,0.449771,1.07466,0.260175,0.679744
0.223136,0.698807,1.61986,0.57682,0.0425654,0.335397,0.00802065,0,0.379334,0.696074,0,0.00804928,0.601282,0.644548,1.63937,0.248159,0.00873857,0.504977,0.50716,1.48011,0.296122,1.06158,0.408895,0.592686
0.360572,0.746431,1.60453,0.324003,0.00261405,0.362336,0.278668,0,0.1466,0.133041,0,0.0405737,0.652697,0.509918,1.72759,0.159449,0.155658,0.625604,0.199603,0.679739,0.0853364,1.43976,0.449964,0.402624
0.770342,0.829058,1.223,0.150228,0,0.325778,0.238987,0,0.00952791,0,0,0.332736,0.750095,0.302928,2.26924,0.0970164,0.242318,0.574881,0.748081,0.296857,0.0302239,0.126937,0.539362,1.05418
1.09876,1.20099,0.774124,0.123376,0,0.0171514,0.0416037,0,0,0,0.334387,0.772666,0.712685,0.97828,1.71655,0.0858931,0.325962,0.0658612,0.519563,0.374365,0.0231793,0.106575,0.536688,1.28914
0.00338971,0.112222,0.958519,0.53684,0.15197,0.0262837,0.0604353,0.43628,0.597328,0.502721,0.534539,0.0154319,0.66709,0.961495,0.761347,0.226998,0.534777,0.0531522,0.263197,0.647094,0.170528,0.324027,0.600096,1.16979
0.004256,0.00849354,0.489565,0.909804,0.779586,0.182322,0,0.114525,0.319157,1.58352,0.491037,0.109085,0.752574,0.683041,1.14809,0.504905,0.246753,0.132961,0.460111,0.909457,0.195949,1.16755,0.397879,0.797684
0.00263674,0.00483978,0.801475,0.564015,0.718659,0.266322,0.0176279,0,0.464909,1.48234,0.226833,0.00457811,0.580723,0.277454,1.73337,0.240162,0.223181,0.175061,0.476892,1.01836,0.385018,1.34874,0.270022,1.05571
0.0785457,0.444851,1.38562,0.543419,0.415846,0.452087,0,0,0.442574,1.48687,0.00723774,0.00656098,0.274759,0.194876,1.97481,0.195435,0.132518,0.256868,0.52696,1.07047,0.462125,1.299,0.119817,1.12624
0.179332,0.68256,1.69974,0.800354,0.105871,0.237748,0.000213121,0,0.318685,1.30823,0,0.00978294,0.211943,0.23213,2.03772,0.258043,0.0423444,0.276309,0.746863,1.03925,0.443381,1.26528,0.0195574,1.13101
0.30095,0.753363,1.744,0.553474,0.0268026,0.226083,0.260344,0,0.170462,0.794714,0,0.0506912,0.247694,0.250922,1.90814,0.178446,0.0517333,0.326156,0.947717,1.02703,0.294985,1.3305,0.147188,1.01882
0.402957,0.765556,1.52509,0.350596,0,0.328441,0.474396,0,0,0.448283,0,0.0879984,0.30769,1.03669,1.14174,0.113036,0.0316867,0.728324,0.933974,0.205973,0.0222225,1.7008,0.330366,0.663414
0.827861,1.16627,0.949902,0.145731,0,0.0977192,0.351583,0,0,0,0,0.193868,0.653822,1.59877,1.10261,0.172637,0.887842,0.253222,0.620728,0,0.0293549,0.883301,0.280293,0.233587
1.48291,1.49703,0.523076,0.0254084,0,0.00246761,0.0634163,0,0,0,0.341937,0.698386,0.97006,1.14101,0.896445,0.128957,0.0636081,0.324079,0.616168,0,0.0309624,0.931432,0.312977,0.561435
0.00376205,0.265361,0.921568,0.707094,0.103253,0,0.0558458,0.488258,0.292635,0.812996,0.960174,0.0131708,0.734385,1.03082,0.812068,0.308035,0.172703,0.462484,0.240054,0.467815,0.0965234,1.29429,0.671624,0.529009
0.0140266,0.00478003,0.370154,0.846105,0.931,0.258824,0,0.296404,0.280647,1.38028,0.735375,0.139668,0.687956,0.853114,1.52171,0.355188,0.301476,0.479141,0.0287635,0.759462,0.157927,1.82983,0.675279,0.0736403
0.00291967,0.00481085,0.700144,0.188161,0.85303,0.44064,0,0,0.38221,1.22871,0.213371,0.00579175,0.569947,0.743467,1.92984,0.0475856,0.275376,0.22167,0.223852,0.965739,0.197846,1.81726,0.599042,0.420312
0.0347038,0.47966,1.08976,0.401815,0.520362,0.509866,0,0,0.385318,1.16084,0.0103347,0.00620271,0.398922,0.779531,1.9183,0.15673,0.15958,0.381003,0.286636,1.06631,0.194138,1.76431,0.360741,0.538845
0.156163,0.680347,1.46703,0.777469,0.10336,0.31339,0,0,0.354085,1.01959,0,0.00728,0.317629,0.8492,1.92557,0.33665,0.0212196,0.476334,0.41261,1.05063,0.191759,1.78711,0.179827,0.526925
0.31525,0.750537,1.46389,0.49463,0.0262257,0.354931,0.133517,0,0.335756,0.430373,0,0.00360747,0.0886658,0.631547,1.94247,0.189633,0.0590901,0.593147,0.328698,0.714279,0.253051,2.1114,0.415449,0.16753
0.398108,0.790623,1.40465,0.323205,0,0.420595,0.382441,0,0.113123,0.226436,0,0.037421,0.68531,0.414057,1.357,0.395862,0.58763,0.770839,0.432527,0.164681,0.0772257,1.90923,0.416587,0.0100101
0.92963,0.982701,1.01212,0.196378,0,0.219649,0.189597,0,0,0,0,0.367399,0.978464,0.399709,1.99262,0.309725,0.767572,0.381236,0.999619,0.158569,0.0203516,0.856441,0.352389,0.331387
1.24396,0.944393,0.783105,0.0658221,0,0.0129757,0,0,0,0,0.446861,0.77439,0.97376,0.77171,1.99439,0.154757,0.523618,0.00722043,0.819765,0.107377,0.0241779,0.730647,0.427266,0.606019
0.00326339,0.291777,0.875339,0.329747,0.398264,0,0.109954,0.456647,0.278999,1.21188,0.839454,0.00756617,0.637043,0.884731,0.797682,0.463175,0.232041,0.108025,0.30044,0.105035,0.0921587,1.49809,0.679989,0.32064
0.00351582,0.0113936,0.547917,0.878146,0.824197,0.217855,0,0.114966,0.19073,1.51951,0.580261,0.193293,0.633503,0.757692,1.17527,0.524916,0.328371,0.10869,0.270302,0.634894,0.168896,2.03755,0.395365,0.396662
0.161409,0.00636834,0.805011,0.319957,0.913243,0.468735,0,0,0.462663,1.47761,0.0214171,0.0032249,0.395484,0.304232,1.76523,0.213162,0.409374,0.220327,0.241648,0.936016,0.561986,1.54464,0.354903,0.921208
0.180529,0.517157,1.46514,0.789597,0.481478,0.436276,0,0,0.455161,1.43562,0.00946474,0.00532879,0.233239,0.217368,2.02416,0.323349,0.258083,0.211605,0.294922,0.930574,0.699206,1.22168,0.157213,1.19495
0.161342,0.679993,1.70999,0.776234,0.0677248,0.171885,0.0182191,0,0.432868,1.05823,0.00411777,0.00822247,0.165053,0.29608,2.01765,0.285145,0.106541,0.183723,0.427512,0.9546,0.624282,1.19332,0.074242,1.21119
0.235513,0.721281,1.58242,0.541724,0,0.221383,0.279252,0,0.295288,0.440718,0,0.0274113,0.0633896,0.299614,1.87602,0.179728,0,0.351866,0.623681,0.775633,0.15236,1.87347,0.131724,0.737669
0.323488,0.799231,1.29411,0.290686,0,0.297094,0.456159,0,0.0592126,0.469085,0,0.135276,0.291489,1.1353,1.4383,0.0981446,0.0735167,0.503485,0.762695,0,0.0335557,1.75804,0.35713,0.233699
0.917213,1.34856,0.833773,0.146193,0,0.0746283,0.378122,0,0,0.581063,0,0.286693,0.670407,1.34029,1.14654,0.120388,0.636583,0.0311393,0.712769,0,0.00572885,1.32964,0.345889,0.157279
1.60639,0.852153,0.930956,0.201299,0,0.00101373,0,0,0.0255701,0.0878776,0.509339,0.696263,1.04598,1.35176,0.961615,0.207396,0.0323493,0.00807918,0.546445,0.00111314,0.0279513,1.02363,0.611211,0.773054
0.00510186,0.0578106,0.626947,0.486829,0.618923,0,0.173891,0.432476,0.244453,1.24576,1.00992,0.00740766,0.995929,1.36116,0.251408,0.685159,0.214298,0.214583,0.407496,0.766196,0.140818,1.66408,0.58528,0.354771
0.00447286,0.0102456,0.53104,0.694539,0.920288,0.340589,0,0.135792,0.222076,1.31854,0.55546,0.0806871,0.867082,1.26693,0.718094,0.449894,0.29695,0.158663,0.282391,1.57535,0.169564,1.38048,0.489583,0.383198
0.00127808,0.0064717,0.77991,0.217765,0.929316,0.600131,0,0,0.42155,1.31683,0.00484023,0.0108084,0.380965,0.703875,1.13572,0.0937138,0.307501,0.24471,0.178236,1.8175,0.232458,1.50934,0.54144,0.838536
0.0546683,0.488213,1.3949,0.47579,0.382881,0.534769,0,0,0.403182,1.24851,0,0.0147765,0.0218386,0.352812,0.842969,0.144526,0.135778,0.330682,0.16808,1.33234,0.198746,1.52837,0.301359,2.20137
0.188634,0.611495,1.57652,0.673804,0.0739925,0.277663,0,0,0.386649,0.94961,0,0.0157574,0.0508061,0.377851,0.57475,0.217242,0.026695,0.395269,0.270726,0.346651,0.190596,1.32159,0.154202,2.77175
0.308233,0.65843,1.54106,0.466419,0.0245544,0.32908,0.0352771,0,0.299728,0.195879,0,0.0132288,0.0830185,0.39642,0.465393,0.180662,0.176631,0.730333,0.307888,0,0.147749,1.12139,0.0542209,3.06008
0.436243,0.765328,1.46815,0.213662,0,0.289317,0.293507,0,0.0304104,0.0803095,0,0.0728148,0.117846,0.362596,0.842796,0.0709986,0.450128,0.452814,0.332244,0,0.0149906,1.48429,0.161541,2.80321
0.945152,1.02216,0.910453,0.0680603,0,0.0520924,0.170562,0,0,0,0,0.400264,0.28196,0.290754,1.314,0.0219434,0.553776,0.0109021,0.190348,0,0.00106526,1.60577,0.22435,2.31278
1.00901,0.503298,1.35381,0.214758,0.0328395,0,0,0.368214,0,0.131327,0.550455,0.771278,0.338471,0.143163,1.24913,0.165231,0.539478,0,0.250032,0.1643,0.0177269,1.78874,0.341992,1.59525
0.00208354,0.20171,0.291605,0.854533,0.656296,0.0441173,0.0353151,0.463925,0.44067,1.21336,0.440507,0.0702122,0.406725,0.544037,0.490913,0.483607,0.512623,0.00923306,0.378147,0.10212,0.1349,2.66811,0.356652,0.641095
0.189318,0.0262159,0.92198,0.551958,0.669575,0.238,0,0,0.564498,1.37006,0.114684,0.00972359,0.735847,0.239351,1.22352,0.236488,0.278918,0.0593858,0.349403,0.285973,0.31294,2.34623,0.353237,0.998729
0.00292761,0.22957,1.0079,0.307325,0.811034,0.346272,0.0820554,0,0.794771,1.28508,0.0134312,0.00678008,0.717132,0.115812,1.44029,0.0918129,0.275741,0.112772,0.354738,0.385732,0.575901,2.31643,0.222347,1.25955
0.0351642,0.671903,1.53701,0.865825,0.494831,0.399845,0,0,0.67949,1.06597,0,0.00525981,0.56111,0.234025,1.55764,0.279152,0.172887,0.233116,0.392288,0.310065,0.709505,2.1378,0,0.860628
0.196523,0.666482,1.60712,0.658463,0.13554,0.300596,0.00831271,0,0.75581,0.717828,0,0.00275151,0.0529309,0.384726,1.9455,0.212296,0.102883,0.340512,0.105918,0.768955,0.85874,1.39227,0.047144,0.504554
0.266901,0.688891,1.58617,0.363465,0.0195559,0.305165,0.0394472,0,0.631788,0.341124,0,0,0.0718861,0.431582,1.84644,0.117185,0.060186,0.307052,0.018154,1.27019,0.674897,1.03377,0.0701945,0.369024
0.438262,0.799774,1.40377,0.251882,0,0.239047,0.411059,0,0.201393,0.343913,0,0.193856,0.11804,1.26145,1.93534,0.0812097,0,0.300907,0.182033,1.66251,0.132626,0.989122,0.0674135,0.2576
0.862272,1.45132,0.690002,0.208818,0,0.0570408,0.464474,0,0,0.322728,0,0.434401,0.332881,1.28388,1.3142,0.0673252,0,0.0301563,0.34345,2.18567,0.0335438,1.08153,0.0583116,0.350651
0.990266,0.649761,1.21257,0.186037,0,0,0,0,0.344674,0.373658,0.724183,0.702196,0.815775,1.11394,1.09191,0.0599804,0,0.0307728,0.0184949,1.837,0.791821,0.551348,0.670938,0.864354
0.00450083,0,0.00640278,1.07266,0.963582,0.00722366,0.0239774,0.405685,0.207264,1.23367,1.16971,0.00390383,0.878603,0.830898,0.965005,0.466378,0.313914,0.0252095,0.0109991,1.7546,0.670378,1.0718,0.382294,0.381465
0.0977034,0.00678472,0.362123,0.546131,1.16329,0.377164,0,0,0.399572,1.10192,0.738855,0.00658617,0.547155,0.405207,1.47436,0.257602,0.378962,0.130865,0,1.68649,0.67689,0.702895,0.47484,0.728245
0.00130352,0.265218,0.795426,0.212626,1.11253,0.595976,0,0,0.576127,1.23514,0.0209368,0.00647802,0.254458,0.222794,1.8146,0.0534124,0.366537,0.219483,0,1.70426,0.733847,0.886682,0.393116,0.751052
0.0432915,0.62098,1.58433,0.857127,0.587958,0.477441,0,0,0.484883,1.21435,0.17531,0.00982556,0.0646838,0.286144,1.95661,0.276347,0.185906,0.374417,0,1.68377,0.735994,0.743501,0.167641,0.760845
0.200122,0.661663,1.68495,0.648175,0.10792,0.33498,0.0255271,0,0.481922,0.826133,0,0.0111516,0.0539001,0.353028,1.81859,0.208979,0.0309823,0.539244,0.00546782,2.14265,0.638209,0.577818,0.0212486,0.765597
0.321381,0.649532,1.58136,0.382039,0,0.362852,0.0678127,0,0.362416,0.306821,0,0.00784398,0.0931313,0.647702,0.863393,0.164346,0.408619,0.659319,0.0145252,2.52392,0.234456,0.206539,0.115035,0.589353
0.52212,0.71563,1.40765,0.256653,0,0.380813,0.219701,0,0.0948252,0.111613,0,0.139396,0.222673,0.750037,0.661017,0.181233,1.26179,0.722789,0.113999,2.27433,0.048423,0.0613132,0.268199,0.354818
1.15237,1.14821,0.760803,0.168658,0,0.0944164,0.05983,0,0,0,0.091142,0.398691,0.651012,0.636493,0.723998,0.169336,1.96601,0.235583,0.0685667,1.52916,0.0162456,0,0.330025,0.617505
0.421401,0.3998,1.07134,0.214336,0.014376,0,0,0,0.397721,0.469656,0.600299,0.701642,0.138869,0.465014,0.323541,0.184616,2.34732,0.042814,0.051995,1.14757,0.139545,0.612691,0.44335,0.804909
0.00280063,0,0.06175,1.18715,0.687729,0.0535162,0.00550846,0.405371,0.37769,1.62132,0.616817,0.00370556,0.546708,0.398525,0.151492,0.459774,1.4763,0.0112001,0.105646,0.437128,0.309669,1.66706,0.308005,0.589495
0.0025554,0.00547088,0.671995,0.814269,0.941989,0.172049,0,0,0.479445,1.49781,0.286583,0.00307198,0.5161,0.372509,1.00876,0.359298,0.907629,0.0902855,0.248399,0.500984,0.281734,1.96547,0.376345,0.885102
0.0396454,0.0414473,0.918022,0.375606,0.711439,0.251446,0,0,0.63308,1.45988,0.0196656,0.00321702,0.327831,0.160404,1.31647,0.189846,0.674428,0.162415,0.39054,0.80323,0.471195,2.0472,0.325554,1.03108
0.188529,0.589224,1.56403,0.898667,0.348195,0.221447,0,0,0.493646,1.27516,0.00626283,0.0065756,0.184226,0.189467,1.66594,0.349546,0.573735,0.157778,0.522889,0.876914,0.446127,1.80864,0.103678,1.02043
0.29944,0.710655,1.6592,0.702781,0.0578735,0.167312,0.0519379,0,0.421535,0.764755,0.00179329,0.00712702,0.135768,0.219977,1.80607,0.285073,0.43297,0.211185,0.684496,0.938746,0.352047,1.82891,0.0602495,0.881633
0.364746,0.759512,1.52951,0.461399,0.0154736,0.236512,0.316457,0,0.236376,0.349559,0,0.0721223,0.345327,0.501193,1.1853,0.216095,0.501032,0.343129,0.923014,0.751613,0.132702,2.02869,0.406871,0.100697
0.577063,0.99791,1.23866,0.200478,0,0.31021,0.657496,0,0.103048,0.242237,0,0.209155,0.255552,1.38299,0.988013,0.111292,0.984646,0.51238,0.772472,1.41604,0.415044,0.736781,0.371778,0.0541899
1.14021,1.67034,0.685467,0.044111,0,0.112071,0.533413,0,0,0.348349,0.0307526,0.438114,0.582538,1.36486,0.345768,0.053919,1.13681,0.19616,0.433025,1.71296,0.030323,0.671506,0.359981,0.112804
0.122317,0.315205,1.06484,0.390492,0.0358003,0,0,0.108352,0.415443,0.566578,0.73643,0.606647,0.975506,1.08691,0.355672,0.155639,0.331159,0.0583441,0.145278,1.37485,0.12497,0.450207,0.777029,0.712855
0.00469861,0,0.208046,1.34678,0.6605,0.0143329,0.0135668,0.380255,0.317281,1.59768,0.800117,0.00543884,0.91721,1.00123,0.907616,0.474435,0.216847,0.190513,0.222219,0.905969,0.185158,1.00218,0.466146,0.219161
0.020166,0.00499244,0.682893,0.64397,0.783796,0.300758,0,0,0.415044,1.37609,0.604413,0.00887147,0.627167,0.882691,1.67649,0.205456,0.266552,0.179585,0.255878,1.0543,0.269828,1.09582,0.593129,0.585372
0.00209125,0.164057,0.851447,0.251427,0.630674,0.546137,0,0,0.539783,1.38243,0.0171604,0.00997439,0.40823,0.835812,1.75556,0.0665891,0.321934,0.242549,0.318864,1.21938,0.355765,1.17461,0.476641,0.704541
0.0971397,0.579229,1.34943,0.675024,0.276603,0.41709,0,0,0.42583,1.25673,0.00334644,0.011262,0.321287,0.798081,1.71334,0.212469,0.249495,0.321286,0.549956,1.18851,0.315577,1.11031,0.250231,0.704622
0.25239,0.693413,1.50091,0.636619,0.0603906,0.29461,0.00149761,0,0.387762,0.941282,0,0.0104136,0.212323,0.729848,1.58385,0.254336,0.0892392,0.429084,0.649451,1.17864,0.191145,1.28536,0.340006,0.760079
0.364318,0.719256,1.44951,0.380761,0.0108346,0.344814,0.216806,0,0.247276,0.140856,0,0.0186343,0.109171,0.445321,1.15788,0.176771,0.811342,0.596291,0.283386,0.486656,0.121893,2.03756,0.524907,0.151323
0.539999,0.706262,1.40132,0.156869,0,0.366517,0.305149,0,0.11488,0.0329606,0,0.285554,0.715479,0.222713,2.06441,0.125434,0.963784,0.668168,0.767041,0.044795,0.0601082,0.797013,0.550855,0.248749
0.927603,1.24587,0.805047,0.13231,0,0.0323074,0.121647,0,0,0.0157712,0.142381,0.567463,0.741324,0.759969,1.99127,0.120029,0.557982,0.0979205,0.809876,0.0248927,0.0152583,0.50814,0.506845,0.850804
0.00222576,0.250554,0.916879,0.395701,0.111016,0,0.00574444,0.216904,0.48553,0.546993,0.704381,0.569433,0.490843,0.931698,0.904404,0.146131,0.634351,0.0614669,0.182744,0.0925631,0.142434,0.701751,0.628478,1.30762
0.00471298,0,0.344756,1.13652,0.776812,0.0576878,0,0.299023,0.463774,1.61093,0.451472,0.0103584,0.920017,0.680487,0.855636,0.514628,0.244205,0.0785455,0.424689,0.571044,0.267201,1.53815,0.364386,0.942762
0.0805718,0.00755766,0.797538,0.547561,0.850809,0.376697,0.00933546,0,0.461206,1.44719,0.275961,0.00551084,0.68565,0.414885,1.33748,0.249559,0.271486,0.221825,0.406617,0.90233,0.483021,1.49352,0.313909,1.239
0.0886398,0.346186,1.03253,0.367024,0.657898,0.618867,0,0,0.543287,1.44366,0.0119672,0.00489002,0.436109,0.143939,1.71708,0.157804,0.25083,0.337309,0.447689,0.98807,0.649863,1.55378,0.198111,1.27177
0.176074,0.642636,1.58179,0.831943,0.36626,0.454797,0,0,0.43049,1.20501,0,0.00772272,0.303681,0.182797,1.82508,0.268228,0.142221,0.391056,0.603843,0.940338,0.572747,1.40078,0.0285135,1.20219
0.309076,0.717289,1.6772,0.621291,0.0534174,0.265174,0.0329761,0,0.356552,0.70708,0,0.0113941,0.211638,0.233806,1.81825,0.200311,0.0450067,0.375397,0.88867,0.927821,0.420916,1.61182,0.147052,1.02803
0.413183,0.701492,1.59837,0.412861,0,0.328887,0.251594,0,0.174536,0.476423,0,0.0841679,0.111285,1.00309,1.25752,0.141542,0.00701222,0.639383,0.868226,0.401927,0.10646,1.67734,0.401191,0.575839
0.631148,0.906878,1.23741,0.216238,0,0.307972,0.43043,0,0,0.440386,0,0.213301,0.387705,1.63001,1.15452,0.229239,0.602347,0.635778,0.592272,0.0914833,0.0280269,0.84015,0.288564,0.22342
0.966112,1.61115,0.572347,0.0550016,0,0.0216125,0.389482,0,0,0.667355,0.129582,0.532549,0.624514,1.05523,0.328176,0.276288,0.833449,0.215663,0.897918,0,0.0318987,1.2559,0.250904,0.169173
0.00409072,0.0698375,0.934546,0.563415,0.0486306,0,0.0198884,0.322693,0.549664,0.566739,0.855295,0.252076,0.798545,0.976325,0.57319,0.247187,0.0813403,0.326247,0.311289,0.0713845,0.160884,1.25015,0.603889,0.706469
0.00423634,0,0.281632,1.05985,0.815846,0.0417662,0.00453601,0.342006,0.361406,1.54906,0.709526,0.103931,0.826972,0.693557,1.20586,0.517373,0.259798,0.384718,0.0612443,0.406731,0.212136,1.87791,0.497378,0.119447
0.0183916,0.00468629,0.736084,0.572112,0.827578,0.409689,0,0,0.335527,1.34069,0.501972,0.00436253,0.68718,0.553318,1.79882,0.219321,0.26359,0.25041,0.268058,0.756056,0.190143,1.68096,0.538798,0.236737
0.00615533,0.353392,0.928659,0.356266,0.613739,0.582367,0,0,0.378486,1.2814,0.00891552,0.0051449,0.499592,0.603606,1.92167,0.102391,0.191041,0.322876,0.480906,1.05742,0.202762,1.63331,0.353159,0.394279
0.130295,0.654322,1.40627,0.835776,0.24281,0.416947,0,0,0.313919,1.16335,0.00257153,0.00650871,0.386122,0.698774,1.87751,0.269463,0.0663511,0.435187,0.516449,1.14742,0.196607,1.51862,0.198739,0.478616
0.269131,0.743752,1.4898,0.564426,0.0423855,0.339678,0.0102124,0,0.334354,0.759442,0,0.00522723,0.158275,0.615082,1.72473,0.181977,0.0169134,0.536891,0.464925,1.04414,0.280657,1.67298,0.417129,0.408091
0.380672,0.749168,1.35186,0.368628,0.00457519,0.394474,0.226603,0,0.229962,0.238954,0,0.00909483,0.568629,0.497857,1.20497,0.278653,0.145174,0.677741,0.564101,0.0948639,0.15531,1.96391,0.406993,0.00269601
0.636252,0.739854,1.28744,0.207722,0,0.373925,0.252827,0,0.000649244,0.00880986,0,0.3061,0.733258,0.280333,2.10665,0.346021,0.417177,0.636275,1.01477,0.00744087,0.0211181,0.807931,0.330993,0.541908
1.05766,1.2481,0.703349,0.0861876,0,0.0266832,0.174829,0,0,0.0498286,0.208942,0.670027,0.869133,0.738939,2.01478,0.173054,0.0576444,0.0260699,1.19631,0.00056069,0.0228866,0.714763,0.354365,1.06515
0.00301796,0.235341,0.927586,0.599155,0.0485276,0,0.0301685,0.401305,0.440188,0.639185,0.835102,0.016627,0.621902,1.01189,0.545721,0.515887,0.129006,0.0392237,0.263462,0.19815,0.125816,1.00409,0.598087,1.17383
0.00486328,0.00819937,0.464378,1.04709,0.694726,0.0509547,0,0.00897325,0.256851,1.63444,0.687015,0.145771,0.82121,0.924813,1.05247,0.594531,0.309269,0.043302,0.194595,0.87892,0.159553,1.45676,0.396026,0.98992
0.113849,0.00782978,0.658749,0.733226,0.817666,0.297516,0,0,0.362667,1.55249,0.374725,0.00359552,0.581715,0.622194,1.38282,0.364027,0.371681,0.133678,0.269618,1.04296,0.430573,1.34737,0.34993,1.03526
0.179467,0.383896,1.20017,0.538268,0.582762,0.44886,0,0,0.474184,1.49933,0.0162749,0.00378598,0.351435,0.298301,1.86365,0.264906,0.285716,0.21359,0.383662,1.09412,0.606946,1.27489,0.269423,1.08296
0.206765,0.680731,1.62729,0.846104,0.221975,0.245773,0.000820524,0,0.410582,1.22671,0.00833288,0.00664536,0.254687,0.352449,1.96686,0.34358,0.145328,0.169872,0.534071,1.01815,0.550844,1.2118,0.137947,1.04753
0.212802,0.74193,1.66151,0.605281,0.00939686,0.20658,0.125124,0,0.335824,0.565037,0.00329352,0.0530287,0.112055,0.395574,2.00619,0.222349,0.00192915,0.290562,0.681326,1.04856,0.332393,1.54638,0.0966247,0.713853
0.300943,0.736976,1.38972,0.382987,0,0.285523,0.288486,0,0.133716,0.432081,0,0.0431094,0.183854,0.979234,1.39964,0.139839,0,0.467744,0.701273,0.0108672,0.0738717,1.84845,0.363092,0.320338
0.7624,1.05233,1.0495,0.151087,0,0.206515,0.320036,0,0.06697,0.0202855,0,0.177759,0.514336,1.57749,1.20123,0.0989731,0.953866,0.303293,0.644032,0.00605298,0.0462745,0.908529,0.351861,0.352062
1.14615,1.52342,0.518488,0.0129194,0,0.0593247,0.096093,0,0,0.019527,0.204447,0.522074,0.706231,1.38897,0.832135,0.0518178,0.226281,0.0595489,0.949437,0.00546881,0.0175017,0.918342,0.378127,0.891866
0.00438978,0.250573,0.865388,0.736292,0.110987,0,0.0488301,0.472211,0.308803,0.412497,0.93657,0.0193381,0.856924,1.57886,0.437573,0.425927,0.185639,0.065998,0.504952,0.412011,0.0945153,0.891759,0.631262,1.34333
0.00453217,0.00430096,0.281185,0.933325,0.770834,0.0883573,0,0.308105,0.279519,1.56901,0.7486,0.167592,0.803977,1.6157,0.907262,0.456333,0.245174,0.231754,0.354073,1.16979,0.158183,1.19543,0.607127,0.398697
0.00315018,0.00522885,0.640425,0.371265,0.787155,0.373758,0,0,0.371598,1.32155,0.299501,0.00501342,0.614943,1.05058,1.72302,0.11034,0.266914,0.261828,0.288333,1.34155,0.183182,1.21725,0.465913,0.558354
0.00259688,0.438727,1.12155,0.347658,0.4969,0.492414,0,0,0.436998,1.31228,0.0129167,0.00644464,0.582007,0.899846,1.75117,0.119925,0.272192,0.350854,0.288039,1.30524,0.231245,1.14475,0.294508,0.673405
0.0903484,0.648854,1.4645,0.640714,0.125113,0.253677,0,0,0.416482,1.15774,0.00168508,0.00698115,0.534275,0.839463,1.76849,0.22999,0.138572,0.496944,0.366426,1.24354,0.220553,1.14184,0.109258,0.715006
0.2692,0.72035,1.50387,0.511144,0.0534707,0.321269,0.00397437,0,0.393131,0.53782,0,0.00318631,0.199563,0.748064,1.55708,0.24085,0.0109774,0.596273,0.360907,1.26886,0.193791,1.58049,0.17058,0.626292
0.392473,0.740893,1.35271,0.279389,0.00445394,0.399959,0.232024,0,0.213657,0.0975472,0,0.062026,0.383891,0.467288,1.52463,0.373054,0.0951763,0.789106,0.230003,0.157535,0.10559,1.9347,0.227553,0.587743
0.88269,0.846103,1.03441,0.164493,0,0.277769,0.210008,0,0.0176011,0,0,0.49961,0.734172,0.240673,2.3584,0.218029,0.491705,0.553021,0.632781,0,0.00959872,0.40647,0.279895,0.882523
1.26157,1.0653,0.697504,0.0912122,0,0.00724201,0.218813,0,0,0,0.350505,0.753949,0.688024,0.703075,2.17801,0.142211,0.433904,0.0552793,0.756018,0,0.020162,0.399351,0.368384,0.921137
0.00304231,0.187835,0.836221,0.558448,0.157832,0,0.0421331,0.496664,0.520328,0.647925,0.611264,0.0123204,0.593886,0.933883,0.681463,0.398159,0.436598,0.0193803,0.42297,0.411362,0.15384,1.15914,0.628449,0.712082
0.00415628,0.0110059,0.466935,0.937077,0.887111,0.199264,0,0.154514,0.270583,1.5323,0.491235,0.128712,0.915889,0.632658,1.32106,0.45996,0.285061,0.104093,0.527491,0.746805,0.429437,1.45447,0.44161,0.516222
0.021131,0.00696114,0.741713,0.690888,0.816058,0.253131,0.0341841,0,0.464184,1.42408,0.141603,0.00410779,0.757827,0.254348,1.80426,0.220138,0.260425,0.107101,0.544308,0.887694,0.693496,1.43931,0.296162,0.756064
0.066357,0.423026,1.35167,0.958364,0.425749,0.419865,0,0,0.542833,1.36165,0.00623626,0.00675066,0.536265,0.273531,2.04781,0.308987,0.164747,0.177191,0.556337,0.910937,0.711263,1.43501,0.10365,0.865616
0.0649366,0.29836,1.622,0.817448,0.0901522,0.208586,0.0131092,0,0.392971,1.02397,0.00160657,0.00905705,0.45213,0.257335,2.02604,0.263555,0.102502,0.226681,0.711021,0.931463,0.558233,1.64177,0.0272126,0.756761
0.0847974,0.418039,1.60108,0.556582,0.0226737,0.24414,0.188143,0,0.305752,0.420921,0,0.0474981,0.346441,0.228683,1.8537,0.196216,0.385456,0.309382,0.799608,0.550882,0.219944,2.10928,0.162625,0.271592
0.192153,0.548815,1.3447,0.306804,0,0.347172,0.371103,0,0.0905951,0.407069,0,0.0745433,0.22767,1.16941,1.30488,0.262358,0.388628,0.563779,0.526035,0.0294885,0.0752619,1.64372,0.401731,0.0397211
0.965057,1.26848,0.834365,0.107074,0,0.177118,0.303631,0,0.0984159,0.0145723,0,0.178465,0.654224,1.62791,1.19627,0.24416,0.701654,0.243735,0.527436,0,0.0803057,0.593112,0.390577,0.0461786
1.55943,1.20394,0.523311,0.0677907,0,0,0.00362242,0,0,0,0.386978,0.739946,0.901985,1.23122,0.971885,0.217378,0,0,0.426067,0.00168689,0.031896,0.533428,0.456506,0.549019
0.00359061,0.266598,0.798706,0.691537,0.0675019,0,0.0545652,0.456337,0.241408,1.04946,1.18541,0.0122155,0.70092,1.05971,0.592711,0.421797,0.112905,0.0241563,0.42593,0.550191,0.0874121,1.237,0.725967,0.487609
0.022946,0.00612068,0.502639,0.77034,0.939722,0.357246,0,0.213695,0.225843,1.36686,0.748985,0.111425,0.676035,0.786068,1.47739,0.362819,0.302217,0.16423,0.354378,0.875273,0.146056,1.61198,0.601444,0.135158
0.00254112,0.00459982,0.724179,0.246741,0.796636,0.464805,0.00443053,0,0.396646,1.24422,0.183155,0.00571736,0.49605,0.709652,2.02009,0.0672467,0.253795,0.186925,0.275279,1.46501,0.28344,1.49091,0.43039,0.342469
0.0168093,0.467588,1.15628,0.440488,0.415632,0.536487,0,0,0.38167,1.21519,0.00954046,0.00772565,0.379674,0.749303,1.99858,0.131351,0.153527,0.358699,0.393067,1.53632,0.474014,1.23369,0.21443,0.449954
0.156362,0.650017,1.47972,0.726996,0.103083,0.320784,0,0,0.337191,1.05289,0,0.00754739,0.291943,0.743912,1.89627,0.234392,0.0513592,0.48295,0.442912,1.55069,0.417833,1.26238,0.0674166,0.489255
0.2962,0.726575,1.50284,0.481333,0.030933,0.363531,0.0707562,0,0.305386,0.528289,0,0.00196506,0.2541,0.610586,1.34587,0.227126,0.00729841,0.643258,0.184947,1.27583,0.171679,1.82132,0.30924,0.460103
0.381785,0.817976,1.43797,0.340022,0,0.399543,0.332996,0,0.0356527,0.323552,0,0.0644942,0.33636,1.04173,1.3913,0.188515,0.282515,0.754054,0.178448,0.26277,0.0373511,1.50441,0.356229,0.555385
0.985101,1.04147,1.01116,0.207038,0,0.169876,0.180809,0,0,0,0,0.403006,0.650196,0.889999,1.89992,0.142288,0.487118,0.297257,0.363748,0.212904,0.0215288,0.753349,0.357077,0.876609
1.32373,0.786207,0.953921,0.0630807,0,0.0103875,0,0.00861527,0,0.0302901,0.55416,0.846499,0.738632,0.885166,1.86062,0.0670432,0.493927,0.0191209,0.0944623,0.145772,0.0280046,0.692643,0.479143,1.07661
0.0036427,0.126341,0.834228,0.442203,0.785597,0,0.115348,0.432542,0.323811,1.3062,0.835406,0.00464218,0.711087,0.888952,1.00902,0.624072,0.424535,0.0230129,0.415594,0.511177,0.194314,1.40699,0.65461,0.533118
0.0117497,0.00975755,0.645544,0.800135,0.780473,0.305069,0,0.047845,0.262233,1.55626,0.573537,0.163846,0.666275,0.685643,1.54298,0.481124,0.246074,0.154115,0.325186,0.867485,0.449815,1.2483,0.403639,0.766414
0.201438,0.00611314,0.803553,0.136796,0.786079,0.591253,0,0,0.459057,1.49511,0.0199286,0.00399027,0.450408,0.231568,1.70896,0.141955,0.320331,0.297508,0.362404,1.01619,0.701449,1.44446,0.329909,1.10176
0.209881,0.537114,1.3762,0.649938,0.434661,0.591515,0,0,0.37822,1.43323,0.00592393,0.00566867,0.289537,0.202913,1.86083,0.298279,0.285855,0.294475,0.410258,0.976022,0.662367,1.33706,0.0981452,1.16321
0.2809,0.483218,1.6396,0.806382,0.128737,0.253564,0,0,0.0954199,1.02093,0,0.00731676,0.273495,0.217899,1.98889,0.349371,0.0937537,0.290667,0.633224,0.927043,0.497562,1.26356,0.0434698,1.12349
0.387596,0.610434,1.53558,0.537612,0,0.258211,0.301202,0,0,0.407079,0,0.166737,0.191844,0.261884,1.82668,0.282015,0.0266273,0.421829,0.712615,1.06175,0.0555436,1.62001,0.348635,0.723398
0.483385,0.844305,1.30906,0.297852,0,0.360282,0.362106,0,0,0.0633687,0,0.103482,0.160102,1.34978,1.37921,0.267137,0.269859,0.652398,0.578753,0.528349,0.0216459,1.38718,0.379255,0.215794
1.02998,1.54936,0.78264,0.108664,0,0.0964005,0.197312,0,0.00293403,0,0,0.258637,0.582635,1.68456,0.978524,0.477108,0.910844,0.1187,0.328041,0.379083,0.0442169,0.749291,0.32811,0.0761929
1.5815,0.750281,1.08393,0.206449,0,0,0,0,0.00943159,0.244532,0.610694,0.673526,1.04215,1.18847,0.675416,0.50843,0,0.0429611,0.127003,0.34279,0.0823843,0.789444,0.789716,0.986433
0.00439295,0,0.184017,1.00145,0.754188,0,0.0450843,0.473472,0.129453,1.49202,1.16401,0.00637591,0.857544,1.04429,0.464265,0.615109,0.249112,0.0800255,0.295734,0.896665,0.0917354,1.41369,0.664821,0.318089
0.0636359,0.00361052,0.526076,0.642266,0.806091,0.442326,0,0.090885,0.28528,1.37869,0.748157,0.00538943,0.584689,1.01102,1.56003,0.337572,0.253286,0.173192,0.281278,1.17181,0.192435,1.24806,0.674732,0.215039
0.00225103,0.00213461,0.636584,0.125316,0.724041,0.504514,0,0,0.446921,1.27103,0.1556,0.00508571,0.439421,0.912613,1.91612,0.0253369,0.229228,0.16914,0.256748,1.4968,0.349362,1.3346,0.523871,0.507709
0.013581,0.558095,1.18993,0.413949,0.368165,0.474641,0,0,0.290033,1.20448,0.00832275,0.00579945,0.360792,0.90976,1.84712,0.123076,0.165567,0.313226,0.38866,1.51833,0.326787,1.19985,0.310888,0.51483
0.161058,0.691854,1.49352,0.709483,0.0944699,0.303421,0,0,0.266538,1.06509,0.0160681,0.00560198,0.240707,0.933187,1.83297,0.24365,0.0242018,0.430898,0.448963,1.53694,0.28586,1.18718,0.219126,0.542252
0.336008,0.773588,1.52066,0.455228,0.0271847,0.315059,0.15219,0,0.247556,0.47809,0,0.00211988,0.0904993,0.586003,1.62627,0.160435,0.0673594,0.522458,0.129741,1.18917,0.125079,1.63251,0.41426,0.76172
0.420053,0.819496,1.51559,0.198306,0,0.38188,0.380724,0,0.131257,0.0846469,0,0.162177,0.341907,0.266059,2.51794,0.0790712,0.305626,0.722128,0.565234,0.205563,0.0753621,1.13298,0.567654,0.791554
0.985059,1.21664,0.857579,0.0874741,0,0.0857097,0.120435,0,0,0,0,0.410166,0.668844,0.526694,2.41706,0.0663993,0.0915576,0.17179,0.856903,0.18417,0.00947381,0.467952,0.558497,1.17191
0.671297,0.614292,1.15543,0.117571,0,0.0398696,0,0,0.180797,0.323162,0.607924,1.2082,0.363902,0.877187,1.98252,0.153524,0.138269,0.16952,0,0.132595,0.0771143,0.398748,0.459097,1.50416
0.00460013,0,0.070547,1.21047,0.642056,0.0597902,0.033424,0.483042,0.311427,1.57318,0.633869,0.00897996,0.897986,0.818101,0.783946,0.535154,0.200119,0.0809971,0.469582,0.697171,0.18339,1.52449,0.4242,0.561823
0.00839454,0.00498565,0.690902,0.726574,0.797291,0.281528,0,0,0.43681,1.48622,0.402714,0.00470281,0.769587,0.698291,1.44305,0.328378,0.249104,0.171872,0.413132,0.994877,0.375951,1.40517,0.356722,0.601031
0.097661,0,0.809418,0.21475,0.703791,0.525394,0,0,0.643813,1.41346,0.0176962,0.00268082,0.488018,0.298623,1.87008,0.0566586,0.250498,0.291184,0.487718,1.11069,0.605717,1.46087,0.292952,0.783713
0.173393,0.567674,1.52287,0.713921,0.34811,0.469774,0,0,0.506966,1.24104,0.00333857,0.00600187,0.293476,0.305164,2.07445,0.226468,0.178224,0.335918,0.643043,1.04901,0.55924,1.25504,0.0552684,0.793021
0.285165,0.686063,1.6792,0.684993,0.0591649,0.252569,0.0190226,0,0.481531,0.783877,0,0.00749994,0.212328,0.333451,2.19826,0.220849,0.0133473,0.343802,0.806272,0.995355,0.545147,1.26169,0.0356041,0.777815
0.375245,0.692501,1.70423,0.463309,0.00225223,0.284637,0.214619,0,0.302324,0.525321,0,0.0979246,0.198805,0.751681,1.52283,0.149376,0.0766524,0.531054,0.919332,1.02486,0.174747,1.42281,0.41127,0.542561
0.48555,0.860745,1.34619,0.274415,0,0.365601,0.455837,0,0.0247206,0.491826,0,0.150105,0.265634,1.52409,0.996289,0.324042,0.329082,0.832137,0.674864,0.155752,0.0302774,1.14314,0.356389,0.269886
0.868466,1.63888,0.710703,0.0998593,0,0.118254,0.323136,0,0.0484558,0.493276,0,0.336079,0.574116,1.52047,0.471405,0.289051,0.930038,0.380944,0.676488,0,0.0473587,1.01534,0.300295,0.115839
0.450719,0.561262,1.24934,0.196269,0,0,0,0,0.513368,0.486536,0.693227,0.650281,0.783952,1.04521,0.538479,0.133222,0.084448,0.337243,0.45412,0.00168979,0.224431,0.811814,0.992418,1.25553
0.00498733,0,0.109165,1.30783,0.625181,0.00979177,0.0184692,0.41852,0.145361,1.5495,0.987931,0.00767981,0.973571,0.828565,0.83665,0.510373,0.191372,0.455566,0.132965,0.796354,0.0965139,1.47224,0.528779,0.424414
0.0037288,0.00392203,0.685509,0.591393,0.78573,0.341235,0,0,0.313792,1.37404,0.72806,0.00870787,0.727894,0.772928,1.80006,0.218233,0.24527,0.344386,0.202437,1.1454,0.174531,1.13481,0.682256,0.411338
0.00279289,0.00552578,0.760364,0.171696,0.650996,0.523479,0,0,0.466536,1.35081,0.110817,0.00843238,0.545197,0.727989,1.97063,0.0403194,0.202996,0.26897,0.315808,1.32386,0.334772,1.2303,0.473647,0.613208
0.0645835,0.571907,1.38613,0.581703,0.289824,0.430893,0,0,0.312259,1.27855,0.00313071,0.00946189,0.496451,0.787896,1.91602,0.180231,0.166125,0.367722,0.519391,1.35528,0.305713,1.09545,0.209197,0.589249
0.212062,0.705625,1.47508,0.647863,0.0773396,0.33253,0,0,0.299716,0.907669,0,0.00833263,0.291122,0.767216,1.74617,0.239048,0.0158776,0.520392,0.453514,1.36623,0.243303,1.38131,0.287865,0.574164
0.385559,0.741926,1.35642,0.399785,0.0221769,0.386268,0.174574,0,0.252634,0.329315,0,0.00285708,0.338333,0.516042,1.40846,0.27206,0.0401418,0.679233,0.533677,0.793802,0.149007,1.96568,0.398632,0.127193
0.493857,0.738778,1.34205,0.257441,0,0.40491,0.272721,0,0.0418627,0.188923,0,0.192654,0.659762,0.221904,2.15365,0.42877,0.640253,0.735937,1.03474,0.145464,0.0406596,0.992007,0.312014,0.0911125
0.916933,1.24643,0.797793,0.129879,0,0.0266357,0.109296,0,0,0.04796,0.0491849,0.50819,0.978281,0.652261,2.11833,0.23832,0.482874,0.0368584,1.20015,0.088958,0.0201901,0.568845,0.31152,0.719908
0.228688,0.462285,1.07611,0.202074,0,0,0,0.0471567,0.436038,0.603269,0.672474,0.590912,0.516685,0.949778,1.55293,0.252379,0.0246844,0.01568,0.417878,0.114191,0.123322,0.599357,0.602601,0.888563
0.00411932,0,0.192408,1.24811,0.452947,0.0429427,0,0.281633,0.314942,1.69503,0.720559,0.0100079,0.804129,0.794999,1.17011,0.568256,0.171642,0.145214,0.251215,0.783092,0.276324,1.42975,0.30987,0.49573
0.00642913,0.00417216,0.713693,0.63716,0.646668,0.209502,0,0,0.396353,1.61765,0.478599,0.00695237,0.503964,0.611999,1.55714,0.337197,0.325276,0.140319,0.255771,0.970802,0.542604,1.31003,0.439464,0.70663
0.0463217,0.253136,1.026,0.318658,0.503469,0.428489,0,0,0.521236,1.5569,0.0219465,0.00563341,0.255578,0.139774,2.04515,0.0940243,0.279366,0.221802,0.400549,1.07851,0.757233,1.35313,0.363673,0.89063
0.130551,0.615128,1.62451,0.873133,0.196013,0.347829,0,0,0.467179,1.23056,0.0895174,0.00694219,0.146092,0.182206,2.13327,0.281508,0.166253,0.230374,0.468718,1.04816,0.687257,1.21402,0.166904,0.97257
0.25351,0.674768,1.74304,0.661984,0.0539192,0.206856,0.0666586,0,0.459573,0.494713,0.00521059,0.00591714,0.144636,0.268843,2.13203,0.213431,0.101954,0.27683,0.585919,1.08376,0.614224,1.18515,0.0864743,0.885503
0.369722,0.674603,1.70624,0.462256,0.00528876,0.226247,0.312372,0,0.268073,0.461196,0,0.0350748,0.440284,0.793881,1.33718,0.180105,0.00108577,0.292273,0.890548,1.14692,0.138743,1.10451,0.363055,0.507023
0.618099,0.890135,1.10652,0.194138,0,0.283185,0.493211,0,0.0686875,0.0487161,0,0.222465,0.411589,1.68278,1.2151,0.12489,0.238653,0.454386,0.897277,0.0222072,0.0383403,0.89134,0.400667,0.0629162
0.984208,1.6944,0.537624,0.188109,0.168484,0.0280406,0.0950413,0,0.0319051,0.485256,0.153446,0.378129,0.546156,1.97981,0.23797,0.145224,0.610674,0.0168246,0.929321,0.0634219,0.0362761,1.0127,0.57178,0.112782
1.09717,0,0,0.762287,0.0646389,0.23762,0.20597,0.232391,0.485278,0.230348,0.986424,0.81655,0.582705,1.38686,0.27878,0.278411,0.0223808,0.504813,0.988228,0.117442,0.124054,0.238806,1.2417,1.05071
0.021691,0,0.126562,0.380802,1.18864,0.329114,0.0102184,0.366704,0.0625051,0.381341,0.728651,0.0682812,0.0175531,0.612618,0.303512,0.230429,0.751698,0.162719,0.139197,0.128135,0.0554849,0.463296,1.14771,1.65837
4.94714e-05,0,0,0.631465,1.38079,0.0819895,0,0.326986,0,0.331665,0.808509,0.033756,0.00965725,0.284632,0,0.231928,1.78652,0.0269242,0.15948,0.112516,0.0120635,0.784095,1.00986,1.58625
0,0,0,0.446261,1.99807,0.0184827,0.0134634,0.287568,0,0.231062,0.774664,0.119486,0,0.268313,0,0.14572,2.13098,0.00386815,0.461182,0.107515,0,0.950648,0.875719,1.6421
0,0,0,0.0505172,2.27977,0.0184662,0.0878761,0.29355,0.0727972,0.180918,0.616199,0.171487,0,0.204432,0,0.0769762,2.08983,0.0038647,0.523277,0.0846889,0.0165363,0.858513,0.631238,2.22528
0,0,0.0013776,0.101941,2.39658,0.0159956,0.175725,0.177419,0.127342,0.222543,0.322742,0.11552,0,0.0992634,0.000275374,0.190857,2.0106,0.00334764,0.540096,0.0400413,0.0289265,0.771557,0.240835,2.7138
0.000249625,0,0.0045232,0.108443,2.36909,0.0164907,0.19546,0.00817454,0.0697012,0.119957,0.0208875,0.0269336,4.93888e-05,0,0.000904163,0.229338,1.41774,0.00345124,0.511627,0.00179939,0.0158331,0.569084,0.0128793,3.09063
0,0,0.00309824,0.106547,2.22849,0.0659023,0,0.258443,0,0.404887,0.132912,0.164355,0,0,0.00644487,0.226503,0.990298,0.0386925,0.466969,0.0568888,0.00383947,1.08318,0.0484431,3.09272
0,0,0,0.241227,1.61129,0.252023,0.00430186,0.320638,0,0.61759,0.154033,0.0699323,0,0,0.155598,0.265513,1.39393,0.140828,0.525971,0.0705794,0.0171203,1.57055,0.101927,2.74373
0,0,0,0.220132,1.39788,0.665178,0.010187,0.266881,0,0.420287,0,0.0345762,0,0.0426561,0.237088,0.192679,1.94341,0.245849,0.522659,0.0596275,0.0293989,1.30735,0.211967,2.35309
0,0,0,0.0010067,1.67201,0.570807,0.0999871,0,0,0.26187,0,0.0406871,0,0.0354087,0.0962714,0.058202,1.89723,0.18029,0.421702,0.00104668,0.0376717,0.787822,0.13463,2.6283
0,0,0,0,1.6484,0.57454,0.125599,0,0,0.436756,0,0.0414861,0.0103466,0.119282,0.217648,0.00733747,1.84987,0.195787,0.358123,0.00387539,0.0195315,1.03005,0.190688,2.50968
0.0110794,0,0,0.0029363,1.51204,0.556224,0.115832,0,0,0.465092,0,0.0637101,0.00298408,0.224637,0.191422,0.0039743,1.57421,0.243292,0.466399,0.00426526,0,1.5034,0.0955532,2.19149
0,0,0,0.0325825,1.30977,0.616,0.110819,0,0.00269029,0.389565,0,0.320515,0,0.292535,0.0706634,0.0441005,1.39897,0.285248,0.400815,0.00248993,0.000611115,1.818,0.00269348,1.95804
0,0.131746,0,0.0658711,1.11827,0.742256,0.00747469,0.260552,0,0.293193,0,0.0979705,0,0.350265,0,0.0891569,1.63522,0.312039,0.248397,0.553376,0,2.12911,0,1.61338
0,0,0,0.80037,1.94345,0.46499,0.104557,0.255158,0,0.0555827,0,0.0303329,0,0.339548,0,0.258048,2.55669,0.167261,0.0689678,1.5365,0.0325329,1.58572,0.000918961,1.21073
0,0,0,0.492727,2.40979,0.581727,0.00757143,0.145168,0,0.0318024,0,0.031228,0,0.282388,0.146889,0.158861,2.38451,0.226126,0.189667,1.87669,0.0346572,1.12049,0.0013124,1.24638
0,0,0,0.255767,2.54748,0.385144,0.0551668,0.254474,0.00531843,0.0177442,0.00138821,0.0312899,0,0.0975725,0.181738,0.160132,2.38107,0.157585,0.456175,1.96863,0.0360793,0.58529,0.088544,1.31868
0,0,0,0.115177,2.44022,0.244594,0.128315,0.354011,0,0.00100586,0.107638,0.0281147,0,0,0.166885,0.13078,2.26179,0.103191,0.441337,2.09168,0.0278636,0.301061,0.141849,1.87394
0,0,0,0,2.14742,0.154835,0.116268,0.396516,0,0,0.34366,0.0307345,0,0,0.130122,0.0428948,1.56801,0.0712309,0.389604,2.33585,0.0170437,0.319022,0.241984,2.09801
0,0,0,0,1.88427,0.325145,0.078224,0.356077,0,0,0.568463,0.166336,0,0.0116904,0.130859,0.0824328,1.14288,0.111942,0.215542,2.78054,0.0060459,0.332048,0.364737,2.1577
0,0,0,0,1.80281,0.835553,0,0.229355,0.178825,0,0.441224,0.393168,0,0.0924637,0.080355,0.186868,1.25291,0.312651,0,3.10773,0.0439932,0.314237,0.291902,1.89479
0,0,0,0.0463254,1.65872,1.306,0,0.236528,0.109471,0,0.221456,0.152327,0,0.148482,0.0455573,0.102682,1.40174,0.488685,0,3.08143,0.0278649,0.318769,0.16399,1.58765
0,0,0,0.023305,2.20097,0.955254,0,0.224699,0.0130637,0,0.313852,0.117409,0,0.238342,0.0768611,0.00471188,1.78261,0.358649,0.136137,2.96009,0.00396944,0.25376,0.204392,1.59842
0,0,0,0.00945126,2.36169,0.659919,0.0036399,0.171651,0,0.00588155,0.432793,0.0973398,0.00877112,0.028286,0,0.0089276,2.0553,0.317535,0.245941,2.6651,6.94374e-05,0.00323095,0.432099,1.76749
0,0,0,0,2.17843,0.383367,0.0943867,0.159895,0,0,0.53364,0.0318079,0.00348733,0.0006624,0,0.0295,2.54059,0.262218,0.16295,2.29336,0.000307958,0,0.560309,1.96679
0,0,3.15845e-05,0,1.92939,0.278885,0.0659724,0.230951,0,0,0.385875,0.0345865,0,0,6.31356e-06,0.073443,2.85538,0.210314,0.0399367,1.82005,0.0113187,0.030996,0.507089,1.98834
0.0020283,0.00989456,0,0.0208758,1.85352,0.434466,0.0443746,0.300105,0,0,0.344465,0.0610307,0.000401302,0.0181144,0.0951309,0.0611295,2.79099,0.242173,0.0155254,1.24339,0.0269082,0.599407,0.409621,1.92046
0.172438,0,0,0.055848,1.67032,0.773308,0,0.278628,0.203153,0,0.34382,0.144708,0.139315,0.0274065,0.129242,0.146952,1.80876,0.291408,0.363371,1.07798,0.0767624,0.966284,0.343385,2.2462
0.0731909,0.0251259,0,0.245523,1.48562,0.459564,0.0300745,0.3242,0.199524,0,0.499157,0.0328401,0.0592285,0.0475247,0.282672,0.430471,0.841286,0.165295,0.495845,1.09867,0.0553656,0.887383,0.330178,2.59362
0.00014633,0.0915815,0,0.42975,0.905995,0.196876,0.160294,0.149203,0.118296,0,0.305842,0.0399374,0.0285649,0.105918,0.269277,0.595486,0.536348,0.0457207,0.530506,0.985485,0.0319464,0.868505,0.216574,2.97702
0.000561876,0.0799312,0.0973901,0.443924,1.01406,0.186908,0.14286,0.0409809,0,0.264386,0.12299,0.0391395,0.109683,0.0901585,0.217588,0.459105,0.388996,0.0402427,0.580663,1.02023,0.0409598,0.882635,0.117379,3.02603
0.0375859,0,0,0.747881,0.650165,0.348484,0.106973,0.540439,0,0.495568,0,0.0362072,0.126903,0.00519359,0.691475,0.426913,0.198627,0.120891,0.67057,1.70384,0.0607093,0.435609,0.0815418,2.79857
0.185161,0.00382136,0,0.951286,0.127267,0.04469,0,2.06891,0.337399,0.371602,0,0.0375404,0.213808,0.117884,1.43487,0.679956,0.0699338,0.0134734,0.343824,2.07754,0.224263,0.0989558,0.329943,1.68784
0.243035,0,0,0.406367,0.0464091,0.032231,0.0673336,2.40704,0.398954,0.208223,0,0.0123526,0.23963,0.25607,1.58689,0.624465,0.0765103,0.0114955,0.259095,2.32128,0.228727,0.0597467,0.315693,0.555108
0.215347,0,0,0,0.0289394,0.0533762,0.0682296,2.35906,0.497696,0.0764478,0,0,0.18418,0.313721,1.57623,0.510755,0.0286232,0.0300171,0.192604,2.54467,0.225423,0.0179977,0.287026,0.331321
0,0,0.141011,0,0,0.0843293,0.137105,2.55403,0.496106,0,0.250865,0,0.0328225,0.335317,1.44485,0.392995,0.0059458,0.104374,0.177459,2.91308,0.167193,0,0.418061,0.270353
0.69726,0.2759,0.288046,0.057808,0,0.0463133,0.153026,2.20724,0.343535,0,0.0654336,0.0896458,0.210301,0.623214,1.63972,0.193672,0.015366,0.0847038,0.0352428,3.07283,0.146259,0,0.52159,0.0848209
1.31676,0.531315,0.129349,0.0519172,0,0.0463271,0.177277,2.02192,0.232932,0,0,0.235645,0.519982,0.686784,1.74401,0.141606,0.0330572,0.0132746,0.037972,2.97906,0.217775,0,0.260166,0.18992
1.75,0.357614,0.0188366,0.0828447,0.0387332,0.114617,0.195948,1.82322,0.12913,0,0,0.0735826,1.10935,0.567667,1.53231,0.227153,0.0275444,0.0239876,0.0666015,2.58251,0.168992,0,0.306939,0.403326
2.09457,0.19275,0,0.0286682,0.0736765,0.162236,0.129569,1.69248,0.0911751,0,0,0.0295398,1.4423,0.661475,1.05743,0.303537,0.338323,0.0339535,0.0897543,2.53136,0.0941966,0,0.261179,0.590417
2.40047,0.128694,0,0,0.0722669,0.156227,0.0741307,1.2629,0,0,0,0.106644,1.36788,0.209703,1.2446,0.0499731,0.459171,0.0552695,0.105416,2.30229,0.162693,0,0.451064,0.690288
2.44965,0.165458,0.00910768,0,0.0185803,0.112315,0.032993,0.820574,0,0,0,0.309347,1.24344,0.147792,1.18367,0.00529712,0.376103,0.0851113,0.458898,1.76352,0.243895,0,0.478574,0.324079
2.1164,0.589891,0,0.0161598,0.583451,0.0288169,0,1.11663,0,0,0,0.556888,1.29765,0.246265,1.12238,0.106411,0.504802,0.0607455,0.709053,1.80962,0.187295,0,0.930691,0.146872
1.5624,1.13936,0,0.0019581,0.28554,0,0,1.10072,0,0,0,0.694127,1.1134,0.341139,0.827383,0.175926,0.387467,0.0398386,0.435573,1.92747,0.1382,0,1.46978,0.188972
1.53424,1.18355,0,0.0012367,0,0.0157592,0,0.795019,0,0,0,0.536838,0.638546,0.472535,0.837599,0.0659359,0.0342688,0.062532,0.594672,1.93684,0.0387499,0.19337,0.943918,0.62542
1.6494,0.877344,0.000113187,0.00250955,0,0.0133299,0.0373602,0.486022,0,0,0,0.399404,0.642453,0.363859,0.644744,0.313887,0,0.0640472,0.600428,1.93871,0.0409906,0.847528,0.260636,0.903387
1.86181,0.526184,0,0.0151909,0,0,0.12576,0.524579,0,0,0,0.303031,1.10382,0.199148,0.579627,0.422708,0.0436279,0.024033,0.657741,1.84375,0.00512344,0.935965,0.115108,0.759268
2.03528,0.228529,0.00201713,0.0385174,0,0,0.281546,0.453577,0.125418,0,0,0.252207,1.43691,0.104773,0.109795,0.661134,0.0346906,0.0196989,0.82242,1.62778,0.0659002,0.959932,0,0.808799
1.95538,0.049237,0.0120142,0.0443341,0,0.00255643,0.265169,0.385566,0.0550813,0,0,0.28283,1.26292,0.12076,0.0421942,0.742736,0,0.00736834,0.913424,1.59065,0.0884089,0.887245,0,0.940517
1.47119,0.576942,0.0188781,0.486337,0,0.307372,0,0.622628,0.131509,0,0,0.78661,1.70538,0.163684,0.218857,0.237034,0,0.115014,0.948014,1.59486,0.249185,0.774918,0.131351,0.609698
1.60094,0.940283,0,0,0,0.145054,0,0.519568,0.00730154,0,0,0.88114,2.36016,0.267463,0.475726,0.447817,0.0274606,0.341035,0.41163,1.99985,0.183102,0.0155019,0.353678,0.229449
2.19724,0.538451,0,0,0,0.0255232,0.0389628,0.393263,0.0108051,0,0,0.67217,2.41184,0.153162,0.552654,0.536439,0.0124934,0.349651,0.172501,2.04322,0.273971,0,0.290207,0.172732
2.38817,0.276115,0,0,0,0.0174559,0.314298,0.364477,0.0118538,0,0,0.464766,2.33978,0.0785407,0.653949,0.422247,0,0.345888,0.193668,2.07901,0.259991,0,0.428784,0.119515
2.54497,0.146906,0,0.0002673,0.0241519,0.101436,0.468451,0.385167,0,0,0,0.355273,2.00866,0.509299,0.540757,0.264147,0.00495832,0.325975,0.425192,1.8331,0.032065,0,1.03926,0.091295
2.67605,0.0535937,0,0.00435894,0.0752179,0.163827,0.397685,0.414613,0,0,0,0.26773,1.59246,0.905303,0.480364,0.25793,0.0154421,0.142087,0.600499,1.42309,0.0236914,0.0277476,1.1544,0.0840035
2.60255,0.12739,0.00855062,0.0406886,0,0.380335,0.00453255,0.504125,0,0,0,0.335714,1.47076,1.00152,0.559839,0.176015,0,0.142316,0.118384,1.72014,0.0144811,0.102748,0.905292,0.131538
2.02231,0.183215,0.178401,0,0,0.0456332,0.0994151,0.38387,0.00641054,0.0234057,0.222025,0.104806,1.47831,0.723961,0.859741,0.212587,0.318233,0.00955032,0.337618,1.86015,0.0388585,0.0367488,0.77188,0.125877
1.97077,0.44759,0.170194,0,0,0.0429061,0.0397328,0.232988,0,0,0.071062,0.251009,1.35025,0.343573,0.496411,0.151513,0.611021,0.00897958,0.323451,2.01105,0.128371,0.0778879,0.527129,0.131434
2.42298,0.590258,0,0,0.00610536,0.0468788,0,0.501784,0,0,0,0.225927,1.57052,0.176938,0.602067,0.0224088,0.64046,0.00981101,0.654364,1.86072,0.17103,0,0.815287,0.0582182
2.49449,0.457008,0,0,0.0599836,0.0756018,0,0.683976,0,0,0,0.127829,1.49977,0.220112,0.520962,0.176911,0.789368,0.0158223,0.865236,1.84142,0.0650067,0,0.928892,0.0330361
2.46173,0.332555,0,0.00568384,0.100098,0.116557,0,0.953075,0,0,0,0.00409215,1.48144,0.393038,0.413957,0.312605,0.691423,0.0243935,1.05967,1.76797,0.0232797,0,0.973432,0.00129792
2.40429,0.247602,0,0.0143866,0.124577,0.144326,0,0.739114,0,0,0,0,1.25896,0.822109,0.477397,0.320388,0.112574,0.0302053,1.04702,1.7162,0.0271561,0,0.498508,0.0281278
2.39354,0.0698423,0.0143278,0,0.0953379,0.181654,0,0.403111,0,0,0,0.0527019,1.14752,0.96992,0.537051,0.177279,0.0440412,0.0585361,0.504664,1.61695,0.0302218,0.9898,0.115168,0.240262
2.08071,0.0263414,0.0268817,0,0,0.696903,0,0.331094,0.000391261,0,0,0.557016,0.87565,0.753596,0.761684,0.272158,0.00553397,0.26077,0.433853,1.68289,0.108186,1.25906,0,0.590987
1.74712,0.138822,0.0488321,0.0408058,0,0.897977,0,0.336051,0.00383494,0,0,0.717248,0.921283,0.504509,0.746361,0.240439,0.014112,0.336009,0.607424,1.68772,0.140542,1.22687,0,0.764195
2.3383,0.148853,0.0166632,0.0534564,0,0.637767,0,0.309432,0.00535587,0,0,0.589806,1.23234,0.396487,0.643036,0.198098,0.0125687,0.238643,0.698154,1.45331,0.124838,1.2218,0,0.802766
2.54722,0.231097,0.0117479,0,0.0456249,0.178475,0,0.400838,0,0,0,0.501884,1.3392,0.328538,0.514025,0.167961,0.0101787,0.0667826,0.844779,1.36457,0.160455,1.22815,0,0.758381
2.45629,0.275333,0,0,0.171931,0.13244,0.0550816,0.426523,0.00994655,0.562509,0.467109,0.0946681,1.09917,0.728372,0.0819037,0.0131137,0.430151,0.0972141,1.03705,1.65264,0.174168,1.00731,0.268172,0.337859
1.00991,0.116794,0,0.0470555,0.520314,0.0411284,0.00401074,0.178183,0.0256871,1.77236,0.99545,0,0.294358,1.26716,0.0840314,0.0858725,0.888953,0.144,0.675379,1.71458,0.0197096,1.08483,0.551766,0.10074
0,0,0,0,0.72885,0.00317249,0,0,0.197269,2.07665,0.85675,0,0,1.18747,0.0615357,0.0191564,1.12628,0.169215,0.64671,0.901007,0.0641556,1.43159,0.552881,0.139611
0,0,0,0,0.811681,0,0,0,0.207114,2.25582,0.545734,0,0,1.3648,0.0621835,0.0187284,1.08555,0.274427,0.605725,0.695344,0.0702297,1.43322,0.534777,0.21858
0,0,0,0.000797332,0.954472,0,0,0,0.202763,2.49691,0.315769,0,0.0364945,1.67395,0.234781,0.0106333,1.03303,0.434954,0.566661,0.141556,0.1579,1.94083,0.549379,0.411155
0,0,0.387104,0.791224,0.828772,0,0,0,0.134713,2.34623,0.156103,0,0.235408,1.19154,0.526989,0.2551,1.1177,0.146807,0.208181,0.346737,0.234264,2.02776,0.524437,0.247084
0,0.00449491,0.714429,0.604392,0.56604,0,0,0,0.144598,1.81756,0.167394,0,0.343414,0.640851,1.07468,0.194863,1.48134,0,0.084698,0.426839,0.132987,1.96546,0.691824,0.0668769
0,0,1.65626,0.140497,0.45301,0,0,0,0.240172,1.59029,0.242298,0,0.482005,0.422327,1.43174,0.044041,1.62418,0,0.125043,0.443827,0.0915489,1.81796,0.686314,0.0945766
0,0.00236587,2.4031,0.0212664,0.0493156,0,0,0,0.357579,0.479866,0.473002,0,0.41222,0.203005,1.76493,0.00429972,1.73658,0,0.129077,0.357775,0.0812262,1.60051,0.739772,0.145283
0.000593733,0.0112188,2.47229,0.129598,0,0,0,0.18058,0.198925,0.340766,0,0,0.0093209,0.0271346,2.28858,0.0822261,1.2258,0.0513442,0.041598,0.203469,0.0994869,1.6435,0.418188,0.00883191
0,0.0497826,2.4173,0.092111,0,0,0,0.192108,0.0494419,0.722616,0,0,0.0990433,0.0141606,2.21975,0.202705,0.605108,0.023486,0.27812,0.110422,0.0359406,1.63962,0.450254,0.0575596
0,0,2.54374,0.470079,0.00743058,0.0672756,0.020861,0,0.382385,0.272632,0,0,0,0.165442,3.2507,0.194313,0.321774,0.0251735,0.401542,0,0.209064,1.53687,0.584394,0.0932903
0.0440248,0.306965,2.18247,0.94652,0.0353239,0.0470117,0,0,0.431715,0.259024,0,0,0.0118575,0.104854,3.47413,0.493056,0.20418,0.0175911,0.538307,0,0.248629,1.64363,0.755082,0.0861295
0,0.496049,2.28047,0.652268,0.0734161,0.0910684,0,0,0.473423,0.252936,0,0,0,0.141101,3.54183,0.340196,0.0150721,0.0280589,0.780104,0,0.272106,1.81196,0.334794,0.240051
0,0.508994,2.33518,0.180234,0.0654859,0.144794,0.0448258,0,0.305779,0.239293,0,0,0.0891807,0.242286,3.04041,0.256164,0.0134441,0.0775598,0.734613,0.00109505,0.181365,2.09728,0.214691,0.281299
0,0.511194,2.25026,0.0660358,0.0631207,0.150731,0.0723669,0.0346174,0,0.267058,0,0,0.122859,0.308634,2.6703,0.247454,0.0715153,0.078609,0.392272,0.0207822,0.00538383,2.18288,0.147649,0.296649
0,0.464066,2.29837,0.00940022,0.0678473,0.152061,0.0630494,0.408266,0,0.300055,0.189846,0,0.142551,0.389277,1.75054,0.264254,0.317859,0.0336414,0.564758,0.185914,0.00948186,2.34254,0.173074,0.363162
0,0.475299,2.17294,0.0207894,0.0865856,0.16153,0.0206105,0.632629,0,0.170179,0.381583,0,0.0795008,0.271376,1.42059,0.143365,0.285911,0.0338057,0.609648,0.285181,0.127627,2.34223,0.276851,0.494106
0,0.638211,1.57234,0.704681,0.0766597,0.157666,0.0281181,0.250476,0,0.22802,0.0991387,0,0,0.236397,2.52398,0.24134,0.47599,0.0329972,0.483856,0.28468,0.153899,1.73413,0.270889,0.753302
0,0.566215,2.31405,0.567005,0.104246,0.0640731,0,0,0,0.156205,0,0,0,0.309606,2.84657,0.279532,0.506739,0.0134095,0.255878,0.272779,0.142017,1.40249,0.43803,0.292037
0,0.396178,2.57231,0.208852,0.115171,0.0883345,0,0,0,0.243415,0,0,0,0.199962,2.74357,0.169644,0.565523,0.018487,0.235849,0.293783,0.103419,1.34368,0.608813,0.101261
0,0.238278,2.72702,0.0512136,0.116417,0.123286,0,0,0,0.307947,0,0,0,0.276947,2.31374,0.259772,0.461175,0.0258019,0.460011,0.303554,0.0380049,1.3209,0.873742,0.0937882
0,0.147379,2.85951,0.0575751,0.0955713,0.135511,0.0467476,0,0,0.533803,0,0,0,0.569393,2.18008,0.187217,0.172831,0.0613618,0.612293,0.00942345,0.0332568,1.28121,1.22552,0.111984
0,0.0963947,2.88754,0.0733675,0.0355554,0.12164,0.0978461,0.00130359,0,0.605478,0,0,0,0.661961,2.22399,0.266985,0.00729944,0.0395553,0.144794,0.37747,0.0300465,1.19592,1.27831,0.050556
0,0.10404,2.299,0.0945075,0.0297938,0,0,0.288519,0.0937763,0.639505,0,0,0.0697158,0.35135,1.84971,0.802286,0.0061166,0,0,0.852641,0.0737639,1.5004,0.95758,0.132053
0,0.26692,1.86892,0.716543,0.0190718,0.119151,0,0.334145,0.152699,0.750641,0,0,0.103556,0.22867,2.07995,0.788953,0.0297439,0.0445844,0.0111589,0.5167,0.284106,1.58212,0.430478,0.254843
0,0.500457,2.15006,0.73783,0.0666815,0,0,0.329545,0.0447791,0.573504,0,0,0.457548,0.304772,1.85866,0.323408,0.221459,0.0146525,0.0988043,0.395625,0.509136,1.78341,0.344589,0.350716
0,0.317103,2.46484,0.30344,0.0937156,0.134337,0,0.168205,0.210272,0.275502,0,0,0.486532,0.0901997,2.13866,0.125265,0.52438,0.191007,0.104933,0.295617,0.676814,1.75832,0.299453,0.397221
0,0.109661,2.56856,0.0841969,0.0869492,0.161433,0.143367,0.0979472,0.457269,0.315342,0,0,0.315126,0.031193,2.32053,0.0653366,0.27709,0.501162,0.0933025,0.249512,0.722945,1.63949,0.374341,0.208387
0,0.0636327,2.63706,0.02046,0.0809716,0.158763,0.165534,0,0.553801,0.386536,0,0,0.116182,0.121291,2.30043,0.0549244,0.221238,0.492126,0.106293,0.176471,0.497128,1.49994,0.388754,0.0320912
0,0.222778,2.54252,0.0412822,0.0539495,0.146597,0.154033,0.0361449,0.262066,0.239737,0,0,0,0.406301,2.49245,0.24607,0.0110757,0.466466,0.082407,0.0364643,0.164926,1.53999,0.297902,0.30655
0,0.437319,2.17581,0,0.0548169,0.140291,0.00508977,0.278285,0.0518488,0.6239,0,0,0,0.528951,2.17402,0.336999,0.0112538,0.0663376,0.43892,0.124173,0.0494314,1.9848,0.104712,0.51083
0,0.382727,1.81236,0,0.39028,0.0879002,0.141858,0.105279,0.110059,0.589264,0,0,0,0.369307,2.09036,0.341625,0.161974,0.0586244,0.446906,0.0519347,0.063438,2.28567,0,0.533297
0,0.358837,2.18135,0.230308,0.0378987,0.138166,0.192819,0,0.0211548,0.630576,0,0,0,0.230247,2.18675,0.490392,0.0691322,0.0625465,0.486767,0.031242,0.0642515,2.27542,0,0.596974
0,0.351407,2.29585,0.404505,0.0578409,0.14599,0.0977941,0,0,0.865609,0,0,0,0.126799,2.08271,0.576122,0.0834436,0.0466928,0.523731,0.0178949,0.0754189,2.30219,0,0.639035
0,0.415162,2.37848,0.405793,0.0830067,0.129885,0,0.289053,0,1.01095,0,0,0.000375415,0.118092,1.75094,0.455033,0.0420815,0.0313096,0.649802,0.136003,0.142487,2.33573,0.0280765,0.565007
0,0.454206,1.63279,0.942013,0.819821,0.590154,0,0.0594797,0.072437,0.834195,0,0.0348556,0.0254119,0.129199,1.0832,0.303716,1.20346,0.213891,0.742159,0.0143503,0.758125,1.48122,0.251505,1.52611
0,0.110707,0.00151821,0.601138,1.57399,0.691043,0.00168699,0.241416,0.0347487,0.000731866,0,0.0517032,0.0358838,0.0829739,0.034398,0.352006,1.75166,0.266864,0.566057,0.0531409,0.810889,0.0647424,0.260131,2.08016
0,0,0.00276315,0.0686639,2.29116,0.369353,0.0538367,0.350443,0,0,0,0.0425497,0.0223588,0,0.0324603,0.349155,2.00412,0.217761,0.581972,0.08297,0.808335,0,0.277476,2.09783
0.0679403,0.000315087,0.00864159,0.0458107,2.52293,0.117151,0.06156,0.411723,0,0,0,0.04016,0.0775398,6.25085e-05,0.0419354,0.336336,2.06445,0.20612,0.633298,0.0939226,0.727804,0,0.287381,2.10122
0.0803434,0,0.00131631,0.0729275,2.4202,0.0380162,0.0801065,0.194115,0,0.423148,0,0.0799979,0.09014,0.193265,0.151387,0.14963,1.95819,0.180178,0.522387,0.065389,0.571699,0.0996198,0.381159,2.26181
0,0,0,0.0713085,2.26721,0,0,0,0.280172,0.558929,0.700017,0.338976,0.133717,0.425698,0.249509,0.554465,2.60292,0.0058285,0.183487,0.021416,0.131572,0.183777,0.512712,2.32012
0,0,0,0.0288748,1.98765,0,0,0,0.194807,0.78303,0.746276,0.107067,0.0989326,0.371551,0.166642,0.883561,2.67201,0,0.0283833,0.146568,0.0576999,0.280699,0.445725,2.32417
0,0,0,0,1.82496,0.296661,0,0,0.138346,1.12795,0.5078,0.035561,0,0.326643,0.249921,1.08233,2.58986,0.111006,0.0446677,0.210398,0.0355312,0.410619,0.376542,2.23915
0,0,0,0,1.59182,0.235883,0,0,0.0916716,1.6838,0.382497,0.0260014,0,0.230886,0.40746,1.01144,2.42082,0.0927117,0.0460027,0.281276,0.026927,0.663273,0.458763,1.93324
0,0,0,0,1.24489,0,0,0,0.0948768,2.00079,0.398084,0.00706056,0.0128999,0.0936675,1.34945,0,1.92698,0.123629,0.289771,0.293209,0.0364111,0.772413,0.513912,1.52442
0,0,0,0.0626405,1.13283,0,0,0,0.0835899,2.0063,0.347689,0,0.272234,0.0464434,1.53754,0.020196,1.73626,0.116564,0.590964,0.154229,0.0377125,0.826122,0.687502,0.854604
0.0620711,0,0,0.0879887,0.884558,0.0365951,0,0.360736,0.107898,1.96762,0.444055,0.413366,0.016718,0.472617,1.13455,0.0348767,1.59517,0.192244,0.412946,0.339564,0.0684038,1.28829,0.641172,0.589958
0.0331832,0,0,0,0.611218,0.0438264,0,0.207869,0.143324,1.98054,0.530103,0.637214,0.00893744,0.506485,0.739259,0.202046,1.43252,0.190962,0.366042,0.158762,0.0844129,1.50344,0.608357,0.767961
0,0,0,0,0.830073,0,0,0,0.253306,2.36477,0.41558,0.309026,0.00960799,0.553307,0.773213,0.390627,1.16171,0.0420042,0.676,0.0156677,0.0849129,2.08512,0.156381,0.866566
0,0,0,0,1.04514,0,0,0,0.238348,2.45983,0.503755,0.0382297,0.0430211,0.638115,0.709524,0.427526,1.16277,0,0.536258,0.0189713,0.0627377,2.45534,0.123461,0.730396
0,0,0.0817907,0.016625,1.21152,0,0,0,0.190159,2.39434,0.456862,0,0.186274,0.335702,0.461206,0.994801,1.28948,0,0.693571,0.00804975,0.0467985,2.51409,0.111968,0.617109
0,0,0.0028263,0.0307607,1.20968,0,0,0,0.199481,2.20861,0.392534,0,0.339907,0.0660007,0.280304,1.00081,1.45817,0,0.785107,0.000460072,0.0485345,2.25393,0.0962026,0.544232
0.00497739,0.167625,0,0.0303663,0.807743,0.45343,0,0,0.729531,1.82487,0.181685,0,0.121807,0.124635,0.294881,0.403848,1.59198,0.165847,0.773725,0.00314074,0.340453,1.77674,0.111832,0.468645
0,0,0,0.121315,0.214275,0.493683,0.0594175,0.0541945,1.2208,1.14523,0.0127545,0.592944,0,0.0197265,0.964314,0.106563,1.50374,0.830953,0.670722,0.0140187,0.613856,1.35632,0.753772,0.454722
0,0,0,0.0840904,0,0,0,0,0.940892,0.942021,0.351995,0.735298,0,0.00811041,0.710707,0.317713,1.5461,0.649436,0.497924,0.00597346,0.346251,1.35727,0.984674,0.573182
0,0,0,0,0.654472,0,0,0,0.765891,0.97153,0.380281,0.494119,0,0.146708,0.599382,0.447453,1.79145,0.689129,0.332309,9.25459e-05,0.273946,1.28547,0.870778,0.65586
0,0,0,0,0.984281,0,0,0,0.620329,1.39325,0.268532,0.174563,0.107562,0.635632,0.471979,0.222047,1.58048,0.460601,0.338061,0.00294807,0.210215,0.949375,1.11314,0.56936
0.000169137,0,0,0,1.09022,0,0,0,0.519754,2.05171,0.167696,0,0.321451,0.815158,0.423014,0.178103,1.25959,0.391086,0.420288,0.00492376,0.162265,1.11855,1.19581,0.439142
0.00013336,0,0,0.010086,0.91545,0.0606146,0,0,0.458784,2.16606,0.112249,0,0.549332,0.918155,0.602068,0.170581,1.21818,0.160962,0.290354,0.238036,0.123708,1.14372,1.1069,0.356643
0.0302605,0,0,0,0.958531,0,0,0,0.59816,2.1109,0.465097,0,0.810554,0.589193,0.878031,0.548041,1.28245,0,0.164855,0.368352,0.1435,1.31966,0.769316,0.297506
0.20554,0,0,0,1.13895,0,0,0.0197773,0.520426,1.03103,0.927582,0,0.188233,0.53581,0.818493,0.463128,1.83286,0,0.284984,0.351382,0.119811,1.58015,0.574428,0.337355
0,0,0,0,0.844791,0,0,0.00847442,0.382796,1.13377,0.900112,0,0.136058,0.342122,0.234605,0.227812,2.08946,0.0418082,0.550447,0.308079,0.108208,1.60023,0.651934,0.367461
0,0,0,0,0.649369,0,0,0,0.198433,2.09273,0.602422,0,0.204845,0.372372,0.44358,0.315475,1.89281,0.0404538,0.858474,0.135072,0.067221,1.4538,0.462052,0.379498
0,0,0.0968129,0.125902,0.58855,0,0,0,0.113935,2.18986,0.464051,0,0.703454,0.206961,0.517144,0.234499,1.9827,0.0313222,0.973953,0.04293,0.0489332,1.15721,0.401167,0.398701
0,0,0.0802119,0.181675,0.589653,0,0,0,0.0739975,2.25225,0.416063,0,0.573023,0.446128,0.556123,0.338095,1.72169,0.0124794,1.05444,7.56762e-05,0.0409264,0.914115,0.465452,0.473737
0,0,0,0,1.08805,0.000761484,0,0,0.0988758,2.28055,0.396417,0,0.34064,0.619031,0.760166,0.243404,1.37088,0.0753854,0.463397,0.00120832,0.0500396,1.2608,0.297593,0.56471
0,0,0,0.0539476,1.2869,0.158934,0,0,0.0374402,2.1485,0.189345,0,0.215536,0.659922,0.838199,0.35658,1.29286,0.116583,0.284291,0.147278,0.0399274,1.58399,0.136124,0.500706
0,0,0,0.0302485,1.2735,0.175403,0.0161518,0.132022,0.0100574,1.6671,0.529093,0.00715641,0.131116,0.324147,0.800692,0.367465,1.7981,0.0942584,0.233541,0.262847,0.0229841,1.6247,0.288846,1.15428
0,0,0,0,1.43144,0,0,0.0188405,0.0616519,1.45339,0.78172,0,0.00501198,0.0029781,0.677618,0.512933,1.97324,0.0277935,0.25842,0.29068,0.0182207,1.71816,0.298233,1.45607
0,0,0,0.0194655,1.23614,0,0.209751,0,0.248871,1.76546,0.595314,0,0.010776,0.00484329,0.726154,0.475526,1.91306,0.00878894,0.424912,0.239407,0.0616434,1.80884,0.1459,1.4479
0,0.0326684,0,0.0412972,1.22331,0,0.312667,0.0743443,0.213954,2.06435,0.629538,0,0.179463,0.432964,0.403304,0.268525,1.96673,0.0286417,0.587337,0.0209683,0.060124,2.10862,0.20366,0.620941
0.193799,0.102943,0.444216,0.105143,0.568522,0,0.799356,0.779103,0.0322684,0.999502,0.846677,0,0.30748,0.814423,1.32553,0.465466,1.46883,0.0299091,0.816655,0.616265,0.191859,1.14279,0.58503,0.0036321
0,0,0.706071,0.129734,0,0,0.634214,1.68014,0.112838,0.190285,0.585692,0,0.216262,1.12932,1.37438,0.447039,0.695773,0.0083118,0.820543,0.950081,0.259231,0.734215,0.523792,0.000442232
0,0,0.880758,0,0,0,0.358268,1.93633,0.364438,0.0835896,0,0,0.256093,1.36683,1.45771,0.21485,0.709816,0.00140523,0.692065,1.15798,0.119555,0.60322,0.363137,0.000338632
0,0,0.930564,0,0,0,0.123609,2.21325,0.403277,0,0,0,0.0732557,1.36632,1.42502,0.0132014,0.154387,0.26218,0.302052,1.41043,0.1124,0.662596,0.304318,1.02471
0,0,0.808457,0,0.114615,0,0.0485739,2.12135,0.358252,0,0,0.00893279,0.329672,0.676422,1.33594,0.0105344,0.0396847,0,0.182623,1.37406,0.102785,0.525123,0.322398,1.75072
0,0,0.678828,0.18018,1.21854,0.00463276,0.0610814,1.56202,0.30874,0,0,0.015982,0.0802415,0.230131,1.39897,0.0748704,0.438823,0.01261,0.0703281,0.8976,0.0934869,0.588651,0.2185,1.8462
0,0,0.496537,0.117524,2.00231,0.0266121,0.101619,0.575161,0.34821,0.0313681,0,0.0185121,0.00853112,0.144008,1.3923,0.0378912,0.74489,0.0168572,0.129572,0.396299,0.0790981,0.632547,0.206932,2.32974
0,0,0,0.0525106,2.26221,0.0218727,0.133877,0.427704,0.333153,0.0742266,0,0.0222889,0.0106925,0.107532,0.708777,0.0689718,0.910872,0.0134096,0.32728,0.209448,0.0756778,0.82524,0.178116,2.58387
0,0,0,0.17744,1.96523,0.0294039,0.0190265,0.454588,0.0721198,0.203452,0,0.0260067,0.00774676,0.0412666,0.00685592,0.0572085,1.16723,0.0122188,0.492238,0.100065,0.0163824,0.900743,0.116799,2.80156
0,0.00084782,0.0128745,0.183048,2.04944,0.0173612,0,0.349571,0.0109641,0,0.050357,0.0632757,0,0.000930678,0.00257353,0.0607827,1.26331,0.0455081,0.357176,0.0769482,0.00249056,0.889441,0.166347,2.85766
0.000862665,0.00520752,0.00568931,0.217544,2.26058,0.0707354,0,0,0.307293,0.48865,0,0.639435,0.00017068,0.00862436,0.00313417,0.0701385,1.94124,0.0727225,0.115313,0,0.0698034,1.64411,0.183848,2.42459
0,0,0.00236923,0.670579,1.62515,0.698318,0.00597567,0.116579,0.233624,0.440456,0,0.666751,0,0.010797,0.000473596,0.290732,2.68544,0.263177,0.0348402,0.0520186,0.0594076,1.72899,0.176045,1.86919
0,0,0,0.786525,1.23548,1.13608,0,0,0.263574,0.442531,0,0.26875,0,0.0401712,0.0572345,0.491912,2.33606,0.415639,0.316795,0,0.0912416,1.34542,0.172772,2.01186
0,0,0,0.392121,1.22281,0.607872,0,0,0.294539,0.249553,0,0.0484813,0.00534892,0.144694,0.0506377,0.129694,2.43106,0.221108,0.386657,0.0281949,0.0934948,1.48763,0.16174,2.19763
0,0,0,0.0649452,1.62152,0.325937,0,0,0.295886,0.19985,0,0.041404,0.017183,0.17713,0.0462701,0.0209391,2.46142,0.111335,0.370276,0.0625396,0.0672123,1.76836,0.0631366,1.95579
0,0,0,0.00651824,1.73088,0.333545,0,0.0243377,0.29546,0.178147,0.00112401,0.0392063,0.0047073,0.134756,0.0803472,0.00131788,1.92772,0.108921,0.307985,0.0697697,0.0671155,2.04121,0.0468624,1.89246
0,0,0,0.0594246,1.94392,0.506648,0.012242,0.00167237,0.428637,0,0.139733,0.034679,0,0.0423372,0.327839,0.0120147,1.72471,0.172743,0.00262219,0.737493,0.197992,1.70246,0.137912,1.58599
0,0,0.00269979,0.0919904,1.71495,1.1119,0.125289,0,0.348585,0,0.000938158,0.551303,0,0.00218859,0.398708,0.0185989,1.44434,0.4021,0.04223,1.43927,0.188504,1.00388,0.074339,1.60921
0,0,0.00190498,0.429813,2.06418,0.988261,0.172723,0,0.269277,0,0,0.686353,0,0.04583,0.44635,0.13367,1.37868,0.358562,0.0369967,1.62538,0.0916076,0.00493125,0.0768893,1.71733
0,0,0,0.401446,2.01452,0.33434,0.186858,0.11741,0.00132087,0,0,0.534013,0,0.0327317,0.45795,0.12812,1.49656,0.128776,0.0400242,1.78192,0.0331302,0,0.0754573,1.74761
0,0,0,0.181082,2.03885,0.161395,0.150658,0.225409,0,0,0,0.452637,0,0.0073985,0.529986,0.0729334,1.61896,0.0507174,0.0322704,2.09075,0.0273346,0,0.107764,1.83329
0,0,0,0.0325746,2.26042,0.130534,0.140662,0.252987,0,0,0,0.375333,0,0,0.644809,0.00658605,1.72398,0.0435618,0.0301293,2.67968,0.00888685,0,0.147099,2.06
0,0,0.000829923,0.0862084,2.51687,0.0608913,0.153746,0.0481537,0.168014,0,0,0.179113,0,0.135097,0.302163,0.0174299,1.54235,0.0300484,0.0463242,2.69525,0.0381655,0,0.185972,2.09
0,0,0.00503375,0.116355,2.28585,0.0498396,0.0888312,0,0,0.2473,0.10654,0.0730112,0,0.0678956,0.0870595,0.307461,1.20902,0.084692,0.0190273,2.7443,0.068744,0.0582206,0.218074,2.04315
0,0.00386598,0.00900193,0.759539,1.86442,0.1538,0.0588023,0.00391859,0,0.230961,0.200936,0.0395236,0,0.0533669,0.156342,0.517874,1.32219,0.0345042,0.0125952,2.63281,0.0509024,0.054374,0.240594,1.823
0,0,0.00181043,0.413323,2.18613,0.642341,0.156817,0,0,0.028236,0.0757714,0.0348338,0,0,0.388087,0.139488,1.68855,0.227731,0.0335897,2.45061,0.00146984,0.00664747,0.164071,1.66095
0,0,0,0.0314439,2.6095,0.404215,0.214089,0.0308006,0,0,0.0613316,0.0286474,0.0702675,0,0.326572,0.0218144,1.76861,0.160204,0.0506577,2.28535,0.0104274,0,0.130307,1.68967
0,0,0,0,2.70279,0.18205,0.213782,0.11892,0,0.0257406,0.0334608,0.126102,0.154395,0.00150691,0,7.05036e-05,2.10149,0.296193,0.0457914,2.14726,0.00295017,0.0141402,0.229387,1.66546
0,0,0,0,2.65791,0.0949916,0.201957,0.168528,0,0.0235899,0.0949083,0.152031,0.102763,0,0,0.000355987,2.7521,0.245598,0.0432584,1.83884,0.0206454,0.0129588,0.323091,1.62797
0,0,0.00292741,0,2.52561,0.0600161,0.185899,0.224368,0,0.094317,0.109377,0.143583,0.0859645,0,0.0611438,0,2.94422,0.07011,0.0398188,1.23895,0.0307422,0.0518117,0.314568,1.75928
0.000302784,0.0123021,0.0195604,0.042044,2.35681,0.254205,0.122765,0.279705,0,0.105007,0,0.191482,0.0558295,0.00244056,0.17927,0.0135555,2.70839,0.136534,0.0449782,0.779081,0.0282368,0.0341633,0.170472,2.1967
2.75329e-05,0.00685611,0.0183628,0.132591,1.92273,0.75537,0,0.0837704,0.295602,0.165567,0,0.194235,0.018017,0.00995215,0.00367062,0.191506,2.09556,0.393025,0.292125,0.810243,0.0888125,0.407708,0.140829,2.51372
0,0.0254975,0.00817629,0.206019,1.82572,0.991979,0,0.125142,0.439182,0.257908,0,0.184353,0.0537593,0.0454603,0.00856396,0.266736,2.36979,0.395565,0.567326,0.670013,0.101807,0.7156,0.0113943,2.34375
0,0.00215741,0.00472392,0.299038,2.25001,0.681065,0.0239953,0.318957,0,0.193355,0.0211436,0.143827,0.0728945,0.0251855,0.0492646,0.343747,2.69197,0.266368,0.571951,0.568932,0.000706586,0.808386,0.00699659,2.07749
0,0,0.0136677,0.140159,2.33595,0.36797,0.158015,0.0326802,0.119539,0.340579,0.219,0.0858692,0.0828639,0.0205766,0.149802,0.300427,2.52901,0.137871,0.589215,0.544904,0.0754748,0.826355,0.0810965,2.04051
0.00038732,0.00631748,0.0262978,0.192775,2.28218,0.0796017,0.133727,0.503208,0.208737,0,0.286658,0.0275072,0.167628,0.00125329,1.70816,0.350489,1.31457,0.0347298,0.388661,0.797358,0.248881,0.136834,0.27039,1.92419
0,0.00108713,0.00600304,0.211569,1.34687,0.0646091,0.221055,2.01419,0.617053,0,0.11111,0.0163435,0.0379785,0.00021567,1.66071,0.582707,0.726007,0.0203761,0.134055,1.99583,0.329366,0.0380829,0.408791,1.5029
0,0.0874631,0,0.0180277,0.174461,0.087111,0.229215,2.1359,0.464832,0,0,0,0.00787929,0.0248788,1.65189,0.576305,0.219867,0.0780321,0.128384,2.40959,0.398779,0.00119833,0.324184,0.731125
0.248745,0.063727,0,0.0179023,0.0634827,0.117455,0.213621,2.27574,0.176709,0,0,0,0.066996,0.0181271,1.6151,0.497373,0.067972,0.138008,0.0779907,2.63734,0.264103,6.72849e-05,0.290554,0.811385
0.207006,0.395647,0.0213763,0.0600818,0.00372703,0.0439377,0.179736,2.21451,0.319561,0,0.32604,0.0819924,0.167516,0.182202,1.65177,0.302567,0.000765149,0.159141,0.241217,2.87369,0.104464,0,0.505886,0.496999
1.15554,0.47829,0,0.0601049,0,0.0289871,0.191551,1.76301,0.0328242,0,0.199671,0.54545,0.499444,0.237895,2.01967,0.153428,0,0.00606656,0.298578,2.94036,0.0443942,0,0.73269,0.139803
1.86076,0.113331,0,0.0440944,0.000319462,0.020881,0.0240317,1.99424,0.00528861,0,0,0.598224,0.816594,0.144662,1.98957,0.110345,6.55848e-05,0.00437007,0.219833,2.83425,0.0781374,0,0.851487,0.209663
2.02177,0,0,0.0112403,0.0982444,0.141239,0.170858,1.92184,0,0,0,0.391118,1.31928,0.277839,1.47028,0.273906,0.0443279,0.0295592,0.349681,2.67277,0.0155482,0,0.757455,0.283344
2.12126,0,0,0.00315628,0.0836465,0.183068,0.449286,1.28995,0,0,0,0.332984,1.43837,0.374475,1.0153,0.0551773,0.492826,0.0383134,0.448759,2.5355,0,0,0.539787,0.476771
2.20805,0,0,0,0.0783475,0.189014,0.142824,0.50173,0,0,0,0.411959,1.17799,0.0753284,1.01108,0,1.05467,0.103188,0.115558,1.94774,0.0711925,0,0.45355,0.572275
2.27495,0,0,0.0258133,0.103541,0.0952071,0.284595,0.702711,0,0,0,0.521312,1.25496,0.0645947,1.02164,0.0274359,0.85162,0.127605,0.209949,1.83543,0.117584,0,0.448167,0.382431
1.43685,0.379436,0.275971,0.261326,0,0.280934,0.10575,0.56996,0,0,0,0.909445,1.16274,0.147061,0.976593,0.111183,0.679309,0.227,0.19562,2.14822,0.405441,0,0.435734,0.527076
1.06666,0.741103,0.487789,0,0,0.210013,0,0.511806,0,0,0,1.04308,1.47224,0.478099,1.23302,0.04006,0.270379,0.202314,0.118656,2.07342,0.365851,0,0.390956,0.351245
1.97955,0.746608,0.122466,0,0,0,0,0.453668,0,0,0,0.661999,1.49769,0.434026,1.08881,0.110516,0.0154851,0.0986765,0.586652,1.87727,0.203112,0.381628,0.211204,0.480556
2.35031,0.524706,0.00727428,0,0,0.0491686,0,0.42303,0,0,0,0.396585,1.38123,0.316825,0.88721,0.301312,0,0.0720653,0.528567,1.64796,0.0443963,0.793594,0.0572314,0.623654
2.30344,0.509422,0.00928416,0,0.0154369,0.0395317,0.0320473,0.436381,0,0,0,0.31177,1.52132,0.226761,0.556593,0.291436,0.00534493,0.0444679,0.682989,1.56798,0.0861781,0.957715,0,0.739811
2.2123,0.55091,0.00303785,0,0.144337,0.03072,0.042913,0.639089,0,0,0,0.365561,1.38816,0.275189,0.217034,0.430834,0.0499756,0.0152788,0.927731,1.45151,0.136615,0.983297,0,0.841631
1.51197,0.521064,0.00943102,0,0.12818,0.110328,0.053958,0.958792,0,0,0,0.331271,0.782389,0.29921,0.153686,0.375243,0.134513,0.0230899,1.0127,1.73419,0.168137,0.891857,0,0.736063
0.967505,0.251652,0.229181,0.0253077,0.0240384,0.0306059,0.00485388,0.529447,0.122301,0,0.157505,0.672307,0.701663,0.413094,0.414707,0.0297135,0.421661,0.591471,0.715515,2.24463,0.0277813,0.391675,0.533561,0.329009
1.98882,0.636225,0.050055,0.0127927,0,0,0,0.338079,0,0,0.0138784,0.717972,1.79302,0.579569,0.554855,0.0377385,0.472723,0.552915,0.729554,2.04115,0.0174655,0,0.49164,0.252799
2.36346,0.53416,0,0,0,0,0,0.279171,0,0,0.0423864,0.508661,2.11739,0.635605,0.506967,0.111808,0.504573,0.47134,0.559237,2.01347,0.0119122,0,0.437502,0.130755
2.52172,0.420316,0,0,0,0,0.0109373,0.30479,0,0,0,0.337619,2.08199,0.760375,0.430806,0.0849165,0.228346,0.491727,0.320699,2.03969,0.023635,0,0.732751,0.086813
2.6463,0.339543,0,0,0,0.200042,0,0.441305,0,0,0,0.263872,1.29471,1.0727,0.463474,0.124842,0.0021762,0.437636,0.270888,1.71945,0.0235236,0,1.24705,0.166177
2.63782,0.292778,0,0,0.0372355,0.182519,0,0.575685,0,0,0,0.231053,1.2917,1.26321,0.381163,0.261302,0.00764436,0.100594,0.421772,1.64145,0.0176824,0.0531762,1.27561,0.174922
2.254,0.0121654,0.0139395,0,0.208528,0.0135157,0,0.419563,0,0,0.016761,0.46832,1.3402,0.975741,0.4877,0.188344,0.209376,0.00505737,0.183083,1.96528,0.00660163,0.0976008,0.907526,0.120034
1.77578,0.0126089,0.346301,0,0.00122365,0,0,0.312511,0.00200668,0,0,0.640835,1.76118,0.595789,0.352651,0.20749,0.316419,0,0.249944,2.25402,0.0205388,0.0850773,0.618673,0.301823
2.05203,0.568166,0.0871693,0,0.00478496,0,0,0.300027,0,0,0,0.165834,2.32667,0.160948,0.342257,0.120505,0.176689,0,0.567198,2.35336,0.0341883,0.136298,0.751235,0.101782
2.2672,0.69273,0.00259358,0.0373644,0.05158,0.115771,0,0.291066,0,0,0,0.0248531,2.22758,0.197047,0.450761,0.0472316,0.387408,0.0422052,0.894097,2.12057,0.0130625,0.014044,0.862431,0.00679959
2.38903,0.530737,0.00123388,0.0707466,0.0539899,0.242491,0,0.339683,0,0,0,0,1.80601,0.151169,0.439132,0.286914,0.47168,0.0922228,0.888902,2.10216,0.0147075,0,0.685991,0.00042764
2.47224,0.397509,0.00385298,0.0844555,0.0257441,0.297702,0,0.332104,0,0,0,0.018927,1.71313,0.521513,0.35934,0.304701,0.112284,0.111396,0.863612,2.02711,0.018258,0,0.582269,0.00526042
2.64051,0.269323,0.00614915,0.0860561,0.0134044,0,0.402222,0.383948,0,0,0,0.0298716,1.48717,0.841322,0.486559,0.226223,0.0811726,0.0421621,0.717259,1.47913,0.0218481,0.480291,0.300576,0.0995899
2.41953,0.0787046,0.000774145,0.0813613,0.00385851,0.251946,0.48664,0.300959,0.00714293,0,0,0.00765639,1.05023,0.832028,0.760531,0.136747,0.010179,0.0942745,0.497455,1.55099,0.0672079,1.15335,0.0463324,0.55789
1.82535,0.0662347,0.397777,0.0338658,0.0349923,0.673083,0.236106,0.336565,0.0751115,0,0,0.38783,0.786346,0.811039,0.870253,0.206347,0.01928,0.256939,0.502786,1.75975,0.0401767,1.18057,0,0.620031
1.76708,0.0615978,0.144382,0.0134824,0.0950781,0.728392,0.0231522,0.29702,0.0420498,0,0,0.532416,0.678318,0.780295,0.70081,0.158296,0.158514,0.279326,0.588257,1.83426,0.0153641,1.16956,0,0.926788
2.14208,0.336568,0,0.0193593,0.126722,0.258388,0.0109753,0.302273,0.063967,0,0,0.362101,0.999636,0.696472,0.528029,0.12224,0.128708,0.0968513,0.870068,1.62932,0.0329759,1.17623,0,0.803545
2.06388,0.398389,0,0.0810561,0.0340092,0.183517,0.0913408,0.485265,0,0.11031,0,0.620259,1.02431,0.419328,0.406463,0.0614367,0.213514,0.0719616,1.29479,1.47539,0.0500544,1.11869,0.0178942,0.732752
0.995215,0.440126,0,0.0271753,0.00961998,0.396417,0,0.558004,0,1.00282,0.560231,0.951678,0.586075,0.59229,0.0830058,0.174797,0.915138,0.168312,1.34779,1.48474,0.00806363,0.576571,0.511832,0.838484
0.14701,0.303287,0,0,0.341817,0.58866,0.0472769,0,0.0939474,1.10504,1.08812,0.324908,0.088632,0.831765,0.13081,0.402654,1.35932,0.286281,1.21337,0.491617,0.0387787,1.04204,0.641252,0.542077
0,0.063421,0,0,0.583352,0.0327981,0.295084,0,0.144876,1.25793,0.946675,0,0.0635585,1.02987,0.151126,0.280003,1.46931,0.0558077,1.18812,0.0412606,0.0595248,1.37149,0.583292,0.398461
0,0,0,0,0.9364,0,0.143271,0,0.111994,1.81986,0.713016,0,0.0185865,1.32387,0.14774,0.10779,1.27792,0.188257,1.03952,0.0523524,0.0562796,1.48007,0.566088,0.419048
0,0,0.142882,0,1.26828,0,0,0,0.088029,2.26791,0.556006,0,0,1.566,0.262639,0.022399,1.00932,0.309404,0.922439,0.211762,0.042593,2.04699,0.385666,0.415679
0,0.002152,0.744443,0.434846,0.56814,0,0,0,0.0293188,2.19971,0.447638,0,0.0120328,0.814851,0.935306,0.152619,1.08566,0.00951658,0.714799,0.503194,0.0261092,2.01802,0.49702,0.357036
0,0.00990068,1.30006,0.188409,0.463488,0,0,0,0.0877694,1.71487,0.44511,0,0.0708052,0.239857,1.47548,0.214876,1.17394,0,0.319799,0.510647,0.0354036,2.09566,0.467613,0.259049
0,0.145383,2.20744,0,0.200273,0,0,0,0.630459,0.673517,0.394411,0,0.0291008,0.106643,1.88376,0.213361,1.50244,0,0.22674,0.456326,0.257656,2.02041,0.468596,0.12064
0,0.177073,2.43504,0.0365856,0.045676,0.00523712,0,0.124805,0.331177,0.285516,0,0,0,0.0503684,2.4528,0.0582965,1.57958,0.0825748,0.0920162,0.330456,0.112264,2.0807,0.387787,0.0889508
0.000608952,0.188759,2.58838,0.0414243,0.0510491,0,0,0.136004,0,0.901183,0,0,0.00902303,0.0596549,2.38814,0.172454,1.11245,0.0847699,0.134641,0.068435,0.0305301,1.63706,0.373402,0.0650569
0.00153881,0.0217022,2.6183,0.109689,0.0607103,0.106629,0,0.034704,0,0.797586,0,0,0.0356242,0.00561801,2.30084,0.202473,0.61765,0.066265,0.2399,0.0154852,0.102277,1.53516,0.426443,0.100396
0,0.206436,2.29741,0.116493,0.0802872,0.0297483,0,0.280739,0.000247206,0.419259,0,0.0664343,0.185183,0.289123,2.55814,0.108201,0.296283,0.0239643,0.261235,0.125268,0.108998,1.39753,0.351453,0.0888385
0,0.281496,2.19742,0.181285,0.191428,0.0502717,0.0280035,0.0874985,0.000428193,0.144233,0,0,0.277382,0.243912,2.73043,0.201596,0.201956,0.0164886,0.576168,0.117336,0.0553426,1.616,0.326402,0.158104
0,0.231554,2.36027,0.507983,0.0486946,0.120692,0.0961813,0,0,0.142017,0,0,0.0333942,0.229619,2.69944,0.413305,0.00999687,0.0460808,0.543206,0.0501894,0.034322,1.83661,0.162769,0.448022
0,0.0914262,2.24702,0.578889,0.0539294,0.14562,0.141907,0,0,0.227401,0,0,0.0627137,0.219469,2.63361,0.419061,0.0110716,0.0525851,0.507086,0.01629,0.0107811,2.13815,0.0584228,0.433978
0,0,2.11229,0.567266,0.0524672,0.153935,0.175401,0,0.186855,0.320548,0,0,0.0508057,0.195214,2.42744,0.378483,0.0259878,0.0485184,0.496989,0.0195047,0.09441,2.31909,0.021159,0.442391
0,0,1.99443,0.6238,0.0636962,0.163205,0.163142,0,0.212979,0.374517,0,0,0.0319708,0.180718,1.99932,0.392744,0.0828387,0.106019,0.487775,0.0129088,0.15526,2.38935,0.0292508,0.518059
0,0.048515,1.89931,0.550968,0,0.0358566,0.201776,0,0.359281,0.247612,0,0.329375,0.0449562,0.110358,1.66541,0.235482,0.268164,0.00750424,0.619134,0.00337833,0.351306,2.28377,0.112038,0.657949
0,0.47162,1.94557,0.692381,0,0.0306532,0.141126,0.0175532,0.237247,0.192964,0,0.0471479,0.392023,0.383508,1.94203,0.950671,0,0.0604085,0.741492,0.246998,0.148458,1.73254,0.230196,0.0607052
0,0.604201,2.45588,0.285627,0,0.0380646,0.0582897,0.172282,0.149949,0.188707,0,0,0.292801,0.572377,2.15626,0.955662,0,0.0459096,0.499754,0.423964,0.106212,1.69432,0.482021,0.0511114
0,0.545273,2.48308,0.0623534,0.0921192,0.123939,0.0171115,0.257097,0.131139,0.195627,0,0,0.0849382,0.665131,2.26949,0.825397,0.0189118,0.0536414,0.514475,0.374975,0.0980894,1.75644,0.645509,0.0423692
0,0.476668,2.52172,0.0193534,0.112365,0.136143,0.0109748,0.250234,0.226143,0.189767,0,0,0,0.824016,2.18317,0.622972,0.0230682,0.093682,0.393539,0.191683,0.146907,1.70383,1.09288,0.054702
0,0.483828,2.62598,0.0398692,0.107258,0.12011,0,0.12115,0.179698,0.162884,0,0,0,0.983494,2.16445,0.348872,0.0220197,0.0712313,0.172572,0.152899,0.0739761,1.46246,1.21926,0.0915012
0,0.556183,2.51365,0.0798543,0.0378877,0.0108519,0,0.022239,0.111446,0.155955,0,0,0.0509628,0.821129,2.25525,0.256009,0.00777825,0.00227113,0.0613248,0.610102,0.0557741,1.40025,1.23729,0.0938162
0,0.460252,2.35097,0,0.094178,0.0829803,0,0,0.0306556,0.400121,0.00242882,0,0.109884,0.370944,2.42235,0.972687,0.0282689,0.0173665,0.0803128,0.647246,0.140469,1.29376,0.830095,0.0715891
0.0547897,0.209882,2.48693,0.497044,0.106661,0.0787885,0,0,0.0162977,0.428371,0,0,0.0147569,0.157517,2.43031,0.75244,0.0602507,0.019779,0.864993,0.360625,0.0635568,1.32308,0.293082,0.488638
0,0.234302,2.57136,0.524528,0.0591404,0.0529307,0,0,0.00220266,0.493031,0,0,0.00370532,0.31949,2.43585,0.315776,0.40481,0.0643833,0.823348,0.319514,0.0341488,1.69081,0.308425,0.647065
0,0.187894,2.54918,0.39162,0,0.025618,0.00489553,0.087436,0.0103756,0.5757,0,0,0.00482296,0.0534463,2.57178,0.272202,0.400609,0.095338,0.771376,0.222877,0.0184235,1.77845,0.32051,0.435496
0,0.0800663,2.44177,0.226655,0,0.0132926,0.0838573,0.287184,0,0.706845,0,0,0.0694633,0.0227748,2.27302,0.266357,0.271783,0.236006,0.53011,0.201412,0.0213097,1.84575,0.381045,0.0897075
0,0,2.47126,0.0448432,0,0.0210843,0.163161,0.314031,0.208548,0.425676,0,0,0.118108,0.27731,1.85208,0.270776,0.156156,0.278505,0.116544,0.117705,0.12172,1.77195,0.362771,0.0481139
0,0.0247289,2.46636,0.0467888,0,0.0466972,0.246371,0.0211336,0.123319,0.457493,0,0,0,0.387895,1.56833,0.624387,0,0.140546,0.485705,0.00465197,0.0958916,1.9068,0.173633,0.722
4.31846e-05,0.0132231,1.99854,0.0662843,0,0.0998354,0.235761,0.0814958,0,0.257352,0,0,0.0543143,0.198819,1.70911,0.663307,0,0.0306612,0.456685,0.0460563,0.221977,2.12485,0,0.545835
0.0007387,0.0596399,2.13492,0,0.320022,0.106076,0.213728,0,0.0113565,0.228155,0,0,0.0934524,0.0488353,2.18005,0.851623,0.119651,0.0222,0.590311,0.027197,0.257821,2.12993,0,0.63678
0.00050208,0.00309052,2.37892,0.356644,0.000608474,0.1189,0.130107,0,0.0234639,0.495761,0,0,0.0705517,0.000756061,2.27334,0.993002,0.033257,0.0248839,0.642491,0.033432,0.36945,2.1261,0,0.725163
0,0.135174,2.32092,0.645012,0.0209796,0.120368,0.0665938,0,0.0109655,0.29637,0,0,0.0143757,0.0383935,2.16799,1.07416,0.0452546,0.0251911,0.689649,0.0132075,0.412379,2.06372,0,0.73905
0,0.0996098,2.12869,0.704733,0.0608891,0.0261695,0.0479238,0.185436,0.0569161,0.13518,0.00428441,0.00249635,0,0.0280326,1.71223,0.636656,0.0485294,0.0455867,0.662483,0.04112,0.732898,1.75932,0.0867371,1.20073
0,0.215246,1.23714,0.289781,1.07544,0.165648,0,0.308307,0,0.0400722,0.511583,0.0996685,0,0.446825,0.884232,0.362016,0.585184,0.0619831,0.39128,0.147544,0.676371,0.617731,0.608882,2.62703
0,0.117924,0,0.273937,2.1524,0.0317629,0.064725,0.238636,0,0,0.676783,0.120331,0,0.443912,0.0576564,0.631004,1.2274,0.00664749,0.376723,0.123339,0.750077,0.000786611,0.620115,2.48672
0,0,0,0.29042,2.16164,0.10379,0.176423,0.0880312,0,0,0.445011,0.115924,0,0.289157,0.0732373,0.586891,1.64431,0.0557972,0.381708,0.0705703,0.928902,0,0.45873,2.41025
0,0,0,0.563686,1.6764,0.111377,0.00436979,0.101806,0.0635958,0.0803057,0.259417,0.0447763,0,0.197898,0.128328,0.188218,1.88615,0.109574,0.322452,0.0755744,0.980772,0.0441149,0.418763,2.38698
0.0027044,0,0,0.437851,1.82089,0,0,0.261818,0.163928,0.679824,0.638112,0.0443376,0.000728394,0.359079,0.170509,0.141168,1.47955,0.0727141,0.361438,0.217583,0.138654,0.448283,0.77036,2.3085
0,0,0,0.334388,1.79495,0,0,0.00686687,0.221435,1.23104,0.642428,0.0397347,0,0.449102,0.162809,0.107811,1.46677,0,0.303811,0.912277,0.0694202,0.787849,0.558731,2.41513
0,0,0,0.108248,1.96548,0,0,0,0.171655,1.61294,0.560464,0.031815,0,0.417676,0.0223178,0.0337791,1.47648,0,0.0805143,1.02154,0.046499,1.02839,0.525192,2.42374
0,0,0,0.0113451,1.94842,0,0,0,0.122194,2.23432,0.470384,0.0144661,0.142121,0.327154,0,0.0650217,1.3098,0,0.0518025,1.09761,0.0369769,1.28648,0.483438,2.15659
0,0,0,0.122147,1.66321,0,0,0,0.102421,2.47523,0.327764,0,0.148374,0.219999,0.485353,0.0535906,1.43976,0.0169222,0.0475098,1.00121,0.0322609,1.05349,0.544636,1.80959
0,0,0.315608,0,0.71837,0.111081,0,0,0.172443,2.21503,0.251911,0,0.509365,0,1.61997,0.0521242,1.71475,0.0952727,0.620931,0.127549,0.0542049,0.906668,0.476015,0.987191
0,0,0.542935,0,0.469093,0.503269,0,0,0.381619,1.95923,0.0656428,0.0422483,0.637225,0,1.60502,0.16072,1.69783,0.273772,0.380418,0.0626356,0.184323,0.724448,0.510542,0.701784
0,0,0.470399,0,0.278096,0.423719,0.0042002,0,0.886274,1.38379,0.204104,0.417283,0.13935,0.310892,0.999058,0.440724,1.75986,0.782707,0.0825491,0.100691,0.434381,0.733303,0.642047,0.835374
0,0,0.360998,0,0.432636,0.158991,0,0,0.719573,1.79675,0.242787,0.0190783,0.0695405,0.252054,0.685662,0.546201,1.44775,0.7696,0.353387,0.000175888,0.316314,1.52821,0.345454,0.668447
0,0,0.302163,0,0.6322,0.0123022,0,0,0.458187,1.88617,0.456616,0,0.165349,0.302958,0.768404,0.453173,1.43269,0.343889,0.479611,0.0224548,0.130891,1.91781,0.130331,0.465888
0,0,0.350374,0,0.716639,0,0,0,0.469667,1.65599,0.570343,0,0.247005,0.338904,0.578651,0.671473,1.55367,0,0.625579,0.0260438,0.111105,1.96955,0.203277,0.50123
0,0,0.426963,0,0.919965,0,0,0,0.483694,1.39654,0.686451,0,0.296529,0.312989,0.440303,0.825487,1.64951,0,0.72939,0.0135067,0.113125,1.859,0.330163,0.599392
0,0,0.427901,0,1.17368,0,0,0,0.431037,1.32262,0.796298,0,0.266379,0.13409,0.413936,0.734459,1.67556,0,0.856878,0.00302853,0.101164,1.77936,0.447041,0.622079
0.494614,0,0.294625,0.0236157,1.06008,0.00207244,0.0177786,0.148218,0.149594,1.06924,0.476677,0,0.19085,0.40764,0.402903,0.0863502,2.2189,0.00440281,0.895591,0.0451647,0.0759551,1.6691,0.487581,0.248638
0,0,0.0413853,0,0.669503,0.0211031,0,0.0659512,0.225431,1.76708,0.33425,0.431782,0.498823,0.277784,0.136507,0.124123,2.17956,0.281958,0.697799,0.228209,0.356456,1.98271,0.506286,0.323026
0,0,0.00183071,0,0.498075,0.0990251,0,0.0518397,0.395017,2.04145,0.368391,0.0321827,0.316835,0.199242,0.117431,0.356731,2.18537,0.281022,0.508094,0.196862,0.303815,1.96289,0.403992,0.417795
0,0,0.0585216,0,0.526235,0.143029,0,0.00286604,0.381223,2.26226,0.280102,0,0.0835344,0.371956,0.362638,0.335617,2.01102,0.463411,0.32648,0.00220304,0.181866,1.64373,0.555603,0.547537
0,0,0.150763,0.053532,0.522919,0.12347,0,0,0.347422,2.48951,0.162645,0,0.135855,0.556622,0.639526,0.214952,1.44901,0.551606,0.362523,0.00679445,0.10145,1.38848,1.12017,0.500552
0,0,0.160059,0.122978,0.547885,0.0613527,0,0,0.338801,2.50687,0.0718349,0,0.352363,0.789111,0.802814,0.211814,1.17015,0.204303,0.541498,0.0626225,0.0873161,1.16129,1.26879,0.365648
0,0,0.148638,0.0243616,0.858732,0.0788857,0,0,0.324464,2.29367,0,0,0.552863,0.828232,0.913646,0.566223,1.22993,0.176572,0.118779,0.273763,0.0790241,0.963941,0.937075,0.218459
0.00582832,0,0,0.0211839,0.491249,0.107697,0.00783718,0.151726,0.0597628,1.57343,0.178454,0.118244,0.800136,0.6621,0.833694,1.10236,1.51502,0.228797,0.145626,0.486214,0.017033,0.572739,0.475032,0.546753
0.000600899,0,0,0,0.583497,0,0.00582337,0.239632,0.139506,1.57686,0.345805,0.0486716,0.28688,0.302274,0.489484,0.556555,2.11936,0.00831361,0.0304728,0.478149,0.0772471,0.566651,0.32296,1.14752
0,0,0,0,0.612214,0,0,0.0107213,0.311177,2.13969,0.405908,0,0.15378,0.0390136,0.336399,0.249616,2.15983,0.0422582,0.275294,0.358172,0.149688,0.892728,0.455521,1.07007
0,0,0.0173334,0,0.596656,0,0,0,0.319068,2.31591,0.270104,0,0.429941,0.00124662,0.523523,0.472852,2.12977,0.0238951,0.515399,0.221834,0.227842,1.06895,0.358,0.684714
0,0,0.078729,0,0.547027,0.0911269,0,0,0.301373,2.46037,0.146571,0,0.639796,0.0764593,0.506376,0.608953,1.86337,0.0441425,0.798751,0.11861,0.115165,1.02167,0.379116,0.462568
0,0,0.0129356,0.0525643,0.577226,0,0,0,0.296405,2.38501,0.130877,6.8242e-05,0.585683,0.471863,0.491558,0.31523,1.47891,0.0468738,0.639017,0.0506763,0.0940577,0.993774,0.389651,0.542819
0.00274098,0,0.30016,0.407379,0.943414,0.428658,0,0,0.342908,1.66337,0.29154,0.103903,0.358845,0.780078,0.500505,0.258211,1.52658,0.573842,0,0.679347,0.216334,0.670357,0.633695,0.616605
0.00103523,0.00613005,0.193967,0.932624,1.4745,1.3789,0,0.0159833,0.518882,1.0769,0.151589,0.379496,0.133913,0.423458,1.06449,0.317367,1.35113,0.90926,0.092878,0.875906,0.200616,0.982306,0.361796,0.266776
0.0010025,0.00750492,0.639121,0.981411,1.24811,1.17735,0,0.0272056,0.440935,0.751362,0.00346824,0.254041,0.230386,0.519425,1.42747,0.336762,0.43037,0.925402,0.175905,1.00494,0.285811,1.17787,0.232029,0.453383
0.0569643,0.486084,1.37748,0.74756,0.135183,0.767632,0,0,0.360892,1.16886,0.00128773,0.0146232,0.444431,0.503311,1.52722,0.24806,0.128991,0.9371,0.223747,0.981326,0.481348,1.0283,0.167701,0.647117
0.158655,0.308686,1.53293,0.691711,0.101051,0.322855,0,0,0.191725,1.28126,0.00912445,0.0121805,0.533603,0.330206,1.54862,0.223016,0.163643,0.881872,0.251507,0.933278,0.542887,0.929475,0.127283,0.527475
0.27533,0.352763,1.24565,0.176967,0.0773961,0.164836,0.11452,0,0.292122,0.824339,0.555195,0.391795,0.976405,0.339214,1.31383,0.173429,0.0654594,0.344103,0.14334,1.00572,0.548032,1.00062,0.343561,0.57166
0.189727,0.194736,1.54217,0.00852417,0.268576,0.641529,0,0,0.267496,1.03795,0.893009,0.565327,1.19718,0.378179,1.34864,0.105545,0.14776,0.547907,0.0826952,1.1127,0.464954,0.861131,0.552458,0.44841
0.338385,0.00710329,1.48831,0.090243,0.769612,1.08157,0.00984712,0.00852669,0.461136,1.01318,0.245722,0.00659293,0.963986,0.374086,1.35279,0.114432,0.318446,0.716153,0.0859069,1.13811,0.470237,0.960032,0.194713,0.27241
0.235291,0.551142,1.3636,0.301298,0.398599,0.474632,0,0,0.575244,1.15114,0,0.00757595,0.842317,0.37695,1.38211,0.182194,0.16272,0.876131,0.068125,1.08951,0.532813,1.09774,0.121079,0.302465
0.236932,0.590603,1.63357,0.174253,0.048443,0.261442,0.00850654,0,0.559823,1.06278,0.581839,0.198506,0.447498,0.532968,0.98523,0.0561812,0.272475,0.0908506,0.023495,1.09839,0.275961,1.26619,1.0483,0.937521
0.293119,0.524403,1.66925,0.225109,0.112268,0.705121,0.0671274,0.109977,0.513727,0.705676,0.694836,0.673272,0.378145,0.528516,0.68176,0.0725778,0.415804,0.240779,0.020538,0.868659,0.253238,1.13017,1.16302,1.18942
0.00274928,0.00915098,1.48735,0.0401451,0.473518,1.27953,0.0453155,0,0.603363,0.897875,0.290923,0.280529,0.000543951,0.385811,0.792433,0.00870869,0.60065,0.478782,0.196306,0.771966,0.297424,1.15259,0.950581,1.80116
0.00307373,0.0245512,1.11125,0.73372,0.599673,1.08059,0.0368959,0,0.163187,0.668383,0.0238712,0,0.000608144,0.252561,0.754036,0.337787,0.472486,0.404124,0.275052,0.448552,0.0804419,1.14041,0.500463,2.44614
0.00285934,0.116322,1.39103,0.165855,0.274624,1.08452,0.0401822,0,0,0.415487,0.0330919,0.154958,0.000565726,0.0973889,0.696537,0.227206,0.244509,0.50297,0.29263,0.220107,0,0.777882,0.54782,2.92279
0.00229261,0.305738,0.986566,0.0321561,0.446116,0.745247,0.00650483,0,0,0,0,0.294834,0.000453596,0.0857241,0.416349,0.220578,0.179209,0.646448,0.399414,0,0.00335846,0.31978,0,3.70783
0.450151,0.646071,0.65831,0.0201957,1.20311,0.355681,0,0,0,0,0.102541,0.172395,0.121201,0.183774,0.198807,0.243052,1.34628,0.314715,0.495527,0,0.0151385,0.785676,0.0706462,3.07353
1.00401,0.155626,0.534027,0.174225,1.70745,0,0.148171,0,0,0.0520357,0.722615,0.0606171,0.270418,0.0442676,0.165194,0.447346,1.72396,0.0643313,0.555571,0,0.027297,1.18392,0.295644,2.68113
0.172429,0,0,0.198048,1.97394,0.0215555,0.167549,0.210256,0.116365,0.122472,0.667258,0.0225432,0.0922723,0,0.0776428,0.366429,1.99876,0.0270617,0.504681,0.046282,0.0623063,1.0224,0.428357,2.26072
0,0.00779083,0.158158,0.101646,2.13231,0.201233,0,0.0796828,0.224145,0.32006,0.242181,0.0225712,0.00108396,0.00735847,0.292954,0.0377428,1.99877,0.0734739,0.445858,0.0175399,0.0923888,0.767889,0.414394,2.1457
0,0.0609557,0.63521,0.0501724,1.48615,0.0436643,0,0.0371505,0.151795,0.681413,0.652371,0.380945,0.0360746,0.0978849,0.654256,0.0390968,1.90276,0.019235,0.352407,0.143372,0.242712,1.16167,0.431247,2.41676
0,0.0191596,1.25359,0,1.35982,0.0923759,0,0.0521659,0.304975,0.733454,0.595039,0.25633,0.0396127,0.229445,0.849865,0,1.34355,0.0388133,0.360458,0.533406,0.237342,1.57908,0.381284,2.30329
0.153823,0.258974,1.86068,0.00566703,0.97253,0.06898,0.0474374,0,0.703887,0.540371,0.15162,0.146232,0.0414302,0.377034,1.15948,0.00182711,0.630372,0.0144365,0.348347,0.258626,0.346977,1.76208,0.0937162,2.10999
0.440254,0.358483,1.89584,0.0168,0.364983,0.10265,0.0961463,0.0535937,0.977392,0.300461,0,0.191888,0.118577,0.432671,1.1501,0.00541651,0.348378,0.0673547,0.248874,0.249044,0.481799,2.04813,0,1.97618
0.57322,0.308078,1.65614,0.000751138,0.303032,0.237805,0.102589,0,0.706519,0.397068,0.0209868,0.28575,0.154389,0.424016,0.500146,0.000242176,1.27801,0.178066,0.0798948,1.51022,0.382597,1.57165,0.0135419,1.9155
0.85564,0.0493596,0.927544,0.205805,1.04897,0.655457,0.0941033,0,0.237514,0.0588659,0.13186,0.34596,0.230455,0.290909,0.280115,0.278559,1.58503,0.236981,0.229888,1.84195,0.157078,1.19921,0.0820641,1.70285
0.52416,0,0,0.216556,2.21084,0.380708,0.120809,0.0930469,0,0,0.00474014,0.472845,0.141175,0.0570608,0.0284069,0.267371,1.93333,0.163396,0.394321,2.06679,0.0398568,0.603373,0.0765925,1.83806
0,0,0,0.167865,2.47252,0.228551,0.0613407,0.342573,0.0966599,0.0998351,0.212119,0.362083,0,0.0249663,0.0671672,0.138201,2.03178,0.128454,0.413278,2.11729,0.0497679,0.0691494,0.330501,2.05861
0,0.00466524,0.0163377,0,1.66241,0.108983,0,0.365859,0,0.262337,0.688785,0.237364,0,0.00659686,0.261514,0,0.824039,0.0910139,0.364885,2.24982,0.00981052,0.299536,0.565744,2.21827
0.118263,0.0129033,0.175013,0,0.389007,0.548622,0,0,0.0474856,0.560688,0.512242,0.0472499,0.0318526,0.198279,0.96294,0,0.114584,0.251001,0.20356,2.25989,0.0107867,0.513989,0.338088,2.33607
0.238543,0.00774919,0.314583,0.0531339,0.50208,0.737961,0,0,0.534032,0.445617,0.101467,0.0449641,0.0791017,0.307672,1.46427,0.0116291,0.155531,0.285842,0.0274261,2.38205,0.263247,0.480999,0.0767466,2.21006
0.220426,0.68696,0.703146,0.0968378,0.997524,0.490934,0,0,0.620255,0.0126377,0,0.0380019,0.074812,0.487546,1.29052,0.0312216,0.326196,0.21242,0,2.56954,0.30575,0.351844,0.0112513,2.06682
0.24258,0.759634,0.880178,0,1.10838,0.207781,0.00723295,0,0.531193,0.0105483,0.00542805,0.124261,0.0653358,0.266879,0.840454,0.0217548,0.509063,0.140692,0.00154927,2.83705,0.262029,0.244397,0.0920202,2.1604
0.306597,0.359294,0.407221,0,2.10603,0.0936119,0.0426124,0,0.236606,0,0,0.335944,0.108385,0.101296,0.286645,0.0424594,1.93187,0.0392762,0.142103,2.63868,0.11678,0,0.130125,2.10663
0.456255,0.495487,0.167005,0,2.33113,0.0600328,0.0250211,0,0.265914,0,0,0.339961,0.163529,0.141315,0.0504347,0.0259393,2.58037,0.132205,0.337483,2.19181,0.135814,0,0.258907,1.89835
0.468922,0.102302,0,0.00540408,2.51225,0.0212078,0,0,0,0.0413948,0.171499,0.544592,0.140833,0.0331056,0,0.0932947,2.69403,0.167456,0.18165,1.76566,0.0165389,0.0498579,0.328753,1.87694
0.211852,0,0,0.0401798,2.29566,0.00810065,0.0295338,0.329271,0,0.535196,0.320534,0.118139,0.180018,0.017435,0,0.112398,2.4838,0.185531,0.129019,1.13373,0.0262615,0.596584,0.322674,1.85768
0.142366,0.0633792,0.00774385,0.181484,1.81408,0.276913,0.00979481,0.220453,0.0337216,1.04472,0.00644136,0.174682,0.155503,0.0598619,0.216953,0.166316,1.56268,0.151232,0.293013,1.55801,0.825442,0.601891,0.152086,2.15411
0.159727,0.00785685,0.688902,0.684965,0.688688,0.396628,0,0.0375912,0.233452,1.18586,0.0273348,0.061009,0.206777,0.270744,1.07882,0.257432,0.450907,0.378221,0,1.86181,0.97386,0.651433,0.452515,1.96967
0.426842,0,0.714638,0.700596,0.592807,0.54855,0,0,0.457991,1.3078,0.0211332,0,0.228685,0.214945,1.28983,0.249161,0.339465,0.427046,0.0161096,2.02915,0.873212,0.718422,0.349851,1.98583
0.530474,0.383686,1.08043,1.20746,0.586711,0.45494,0,0,0.187316,1.18454,0.0127269,0,0.199565,0.13269,1.34974,0.415967,0.304202,0.408775,0.05259,2.01225,0.331803,0.650711,0.500039,1.49546
0.440348,0.469403,1.19723,1.00835,0.27189,0.76372,0,0,0,1.09387,0.00653823,0.00539794,0.118602,0.151696,2.32806,0.333957,0.139698,0.303519,0.0373858,1.68058,0.00396358,0.602081,0.590219,1.20891
0.343741,0.804098,1,0.50926,0.061272,0.90509,0,0,0,0.6193,0,0.205117,0.0925821,0.309837,3.26638,0.200684,0.0604412,0.313926,0.000670531,0.733897,0.0314331,0.884511,0.494972,0.680268
0.492295,0.813386,0.509217,0.026204,0.0781903,0.081436,0,1.22882,0.351319,0,0.137048,0.416388,0.236714,0.290873,2.64461,0.126578,0.119801,0.039666,0,0.548309,0.209728,1.57208,0.381291,0.271747
0.147982,0.594901,0.2404,0,0.0872695,0.02337,0,1.84121,0.382142,0.00700321,0.576286,0.367649,0.039857,0.169219,2.25196,0.139184,0.205818,0.0462727,0.0429326,0.827044,0.226706,2.05075,0.223089,0.0958289
0,0.0844015,0.461031,0.0644833,0.0206134,0,0,1.78353,0.466071,0.157593,0.503541,0.00846734,0,0.024008,2.32519,0.0669721,0.00423188,0.00579197,0.160122,0.990158,0.256306,1.69272,0.606339,0.393507
0.45083,0.28171,0.0549004,0.113648,0.153342,0.00367404,0.183167,1.14236,0.375936,0.0182836,0.489147,0,0.147846,0.214298,2.23147,0.0229778,0.118487,0.000768921,0.406591,1.25642,0.120033,0.321518,1.05546,0.705177
0.279093,0.0653309,0.641955,0.123493,0.644033,0.342147,0.130531,0.13333,0.784649,0.0221289,0.292812,0,0.13586,0.118717,1.99214,0.0249682,0.284829,0.10851,0.505587,1.40555,0.332419,0.425274,0.901726,0.763318
0.00366459,0.374671,1.35156,0.47028,0.300801,0.369433,0.131455,0.171561,0.641834,0.314173,0.285399,0,0.30606,0.149439,1.46633,0.14988,0.115826,0.114741,0.764043,1.44135,0.316423,0.758951,0.443265,1.11237
0.186645,0.442339,1.6043,0.850811,0.10957,0.147297,0.155056,0.313451,0.343429,0.450719,0.0799902,0.000124133,0.295488,0.152397,0.876199,0.408795,0.0224945,0.030827,0.678081,1.69082,0.169291,0.534461,0.0501922,1.55717
0.343026,0.536749,1.55839,0.660934,0.0210456,0.0825972,0.109852,0.503402,0.103709,0.0891114,0,0.00168415,0.238226,0.265668,0.470626,0.384301,0.00650753,0.0172863,0.453373,2.03849,0.0511226,0.135294,0,2.50056
0.700063,0.511667,1.21073,0.48253,0,0.0288791,0.285587,0.446328,0,0,0.0719144,0.0551118,0.565821,0.283611,0.380201,0.277115,0.0186253,0.00604394,0.441915,1.71439,0,0.0354629,0.0530115,2.61927
1.54421,0.645122,0.65066,0.433203,0.0213591,0,0,0.871215,0,0,0.339761,0.26157,1.24963,0.203678,0.226949,0.197093,0.0470968,0,0.272051,1.6172,0.000479312,0.862364,0.362536,2.18221
1.40855,0.697794,0,0.598415,0.102136,0,0,0.741063,0,0,0.607957,0.273949,1.06701,0.199404,0.144251,0.218514,0.345892,0.0129864,0.039935,1.87745,0.0237604,1.85501,0.408831,1.21485
1.90896,0.211041,0,0.0662961,0.135212,0,0,0.566622,0,0.179828,0.105882,0.410777,1.06432,0.0600304,0.997664,0.110963,0.476926,0.0213714,0,1.24972,0.035095,2.04853,0.0955188,0.65595
2.32979,0.302003,0.0106404,0.213519,0.109913,0.352681,0,0.161277,0,0.783059,0,0.20676,1.15089,0.0859045,1.11235,0.32862,0.0566084,0.20482,0.363926,1.21633,0.032948,1.95314,0,0.163701
2.11414,0,0.00901209,0.177859,0.155393,0.858208,0.0426271,0.100735,0.168837,0.932009,0.000287677,0.0621527,0.990699,0,1.27861,0.326852,0.0741004,0.390068,0.405354,1.45298,0.0880459,2.00765,0.00476235,0.0788858
1.9963,0,0.441901,0.202684,0.197776,0.811034,0.196884,0.0616262,0.238614,0.919966,0.00251658,0.00101518,0.920404,0,1.18129,0.178362,0.410855,0.301314,0.509689,1.23995,0.117623,2.38685,0.0445435,0.0407252
1.76559,0.0048719,0.759692,0.618669,0.198399,0.400329,0.27432,0.0486735,0.136744,0.433285,0,0.00163296,0.753125,0.000966511,1.08658,0.27065,0.727143,0.13884,0.569896,0.93363,0.0674069,2.51264,0.0353976,0.0652646
0.9573,0.437844,0.979647,0.852979,0.140936,0.237675,0.245171,0.00876323,0,0.111656,0,0.0984337,0.36284,0.123733,0.592692,0.27501,0.960752,0.234563,0.431247,0.8671,0.0106817,2.763,0.0948918,0.0783886
0.848349,0.874306,0.471369,0.633946,0.045257,0.149935,0.0677288,0.206197,0,0,0.00910666,0.504746,1.62352,0.248696,0.435223,0.360435,0.790321,0.0570194,0.024494,1.81454,0.036705,1.36425,0.069055,0.354032
1.38483,0.736789,0.113533,0.349356,0.0133873,0.146093,0.0673451,0.377372,0,0,0.130419,0.536242,2.2554,0.209579,0.362625,0.12574,0.220747,0.0305751,0.0327746,2.19157,0.126064,0.391235,0.0352747,0.569928
1.73945,0.56749,0,0.00496495,0.019579,0.0980345,0.0665506,1.05416,0,0,0.0361485,0.781711,2.39559,0.161422,0.339456,0.0130653,0.0542423,0.0205171,0.0142549,2.35262,0.130163,0,0.0113177,1.03558
2.02589,0.0692271,0,0,0.0240056,0.107482,0.101401,0.589752,0,0,0,0.506309,2.04953,0.268989,0.361418,0.020852,0.00536902,0.0233739,0.0217198,2.53807,0.083087,0,0.000204631,0.884233
1.37445,0,0.337361,0.101245,0.124428,0.567192,0,0.153538,0.399045,0.43672,0,0.432606,0.882826,0.204182,0.936133,0.140615,0.0255448,0.220606,0,2.86327,0.234333,0.240974,0,1.38218
0.772621,0.0153083,0.557196,0.421428,0.585818,0.628587,0,0.0634032,0.291593,0.381749,0,0.17622,0.3605,0.276778,1.42888,0.135873,0.368692,0.259221,0.0768625,2.83827,0.245245,0.214218,0,1.23191
0.457619,0.0394805,1.07015,0.483674,0.302976,0.70042,0.0933826,0,0.152342,0.756522,0,0.19852,0.237836,0.105643,1.85928,0.148733,0.207659,0.357847,0.0686285,2.88248,0.286551,0.420136,0,0.999709
0.513336,0.658377,1.26769,0.108975,0.129716,0.352001,0.953219,0,0,0.436284,0,0.346383,0.138214,0.187275,1.89535,0.0300001,0.0266303,0.505583,0.401553,3.24799,0.0422109,0.239666,0,0.969562
0.704211,0.588415,1.13971,0.0238703,0.0944618,0.414851,0.853598,0,0,0.111271,0,0.300847,0.189639,0.167374,1.52687,0.0402086,0.0193928,0.561824,0.34752,3.38156,0.0231737,0.0611252,0.00254126,0.739918
1.6539,0.387887,0.311496,0.0234195,0.0186226,0.163404,0.75917,0.322246,0,0,0,0.0137199,1.69362,0.110334,1.00596,0.00717289,0.00382317,0.0623596,0.309077,3.14694,0.0209459,0,0.0030754,0.386227
2.34794,0.221585,0.000311497,0.0179693,0,0,0.618417,0.371476,0,0,0,0.0109635,1.92981,0.286325,0.694514,0.00363309,0.0177236,0.00792751,0.251772,3.08536,0.0128662,0,0.00642763,0.329041
2.3893,0.092201,0.0141798,0.0162766,0,0,0,0.512602,0,0,0,0.0987984,1.77266,0.68763,0.694649,0.00329087,0.0265502,0.00783924,0,3.20422,0.0102161,0,0.0582398,0.254545
1.91029,0.0132002,0.0189173,0,0,0.104044,0,0.355773,0.0104941,0,0.00109462,0.265368,0.925611,1.1093,0.921572,0,0.0110675,0.0458496,0,3.56333,0.0131371,0,0.0774344,0.22926
0.750785,0.0550645,0.342922,0.379608,0.135466,0.434521,0,0.153278,0.114062,0.292113,0.0976123,0.589213,0.485933,1.0398,1.1455,0.132304,0.118383,0.158256,0.128799,3.33817,0.0365619,0.160468,0.0795452,0.615015
0.000914346,0.00435547,0.862356,0.115254,0.449624,0.18656,0,0.191847,0.363883,0.80353,0,0.440251,0.191609,0.638801,1.25251,0.0766748,0.376231,0.0607222,0.330024,2.68259,0.195025,0.621024,0,0.632806
0.127992,0.198095,0.917756,0.644655,0.314353,0.149184,0,0.328712,0.470466,0.753104,0,0.016306,0.0660812,0.564939,1.31862,0.232896,0.433208,0.0464356,0.641902,2.31451,0.266163,0.615235,0,0.711182
0.508947,0.599269,1.17119,0.961582,0.304537,0.121413,0,0.341275,0.404284,0.345706,0,0.0134772,0.140844,0.774165,1.28952,0.321743,0.291761,0.0254099,1.02302,2.1539,0.208913,0.434476,0,0.537705
0.310135,0.711709,1.16381,0.373528,0.220604,0.103736,0.085776,0.354601,0.327528,0.241418,0,0.525155,0.0835308,1.0734,1.00268,0.127393,0.738792,0.0308689,1.38603,2.41983,0.161453,0.196573,0.0950096,0.138299
0.0840459,0.746975,0.849698,0.134624,0.863162,0.0504428,0.0643351,0.301255,0.011694,0.776761,0.175961,0.523192,0.438802,0.665216,0.653655,0.0529761,1.66499,0.0105569,1.44246,2.03015,0.00265637,0.640907,0.3352,0.215152
0.0012473,0.602127,0.252725,0,0.842131,0,0,0.192935,0.137805,1.92128,0.609208,0.146327,0.465801,0.171274,0.184921,0.00461202,1.96641,0.00196415,0.881001,1.02455,0.0402548,1.78774,0.473229,0.674119
0.00143078,0.236761,0.122284,0,0.986054,0,0,0.0377034,0.335488,2.16045,0.587912,0,0.279302,0.362539,0.185827,0.00275567,2.72022,0.0350464,0.165427,0.383373,0.465681,1.94989,0.410455,0.806665
0.000993737,0,0,0.202389,0.494494,0,0,0.00553813,0.325463,2.26167,0.208533,0,0.193986,0.34973,0.207083,0.0652525,2.90504,0.0129329,0,0.336607,0.629609,1.88366,0.0889158,0.96707
0,0,0.138843,0.788498,0.678946,0.651178,0,0,0.264583,2.22249,0.0126425,0,0,0.00611241,0.374392,0.254221,2.95647,0.276132,0,0.387568,0.721156,1.74946,0.209291,0.948455
0.000514643,0.00921374,0.852877,0.956679,1.23518,0.277027,0,0,0.294211,1.7672,0.0214818,0,0.000101823,0.00182787,0.980626,0.308444,2.77082,0.131065,0,0.49474,0.735833,1.43953,0.355621,0.92817
0.00184376,0.156112,1.4561,0.617787,0.621386,0.0194082,0,0.0452017,0.105479,1.36654,0.0182128,0,0.0151044,0.293332,1.59216,0.193491,1.70023,0.0202532,0.0192455,0.646987,0.667295,1.36652,0.301505,1.11108
0.0019902,0.272643,2.13453,0.612176,0.0928923,0,0.00102854,0,0,1.2366,0.00670194,0.0703103,0.0331852,0.37756,1.77587,0.197373,1.30157,0.0100869,0.106964,0.853643,0.539195,1.32114,0.11289,1.14373
0.000818952,0.259105,2.39914,0.207231,0,0.0566662,0.045483,0,0,0.485055,0,0.0123392,0.000162031,0.411746,1.28579,0.0971811,1.16399,0.148987,0.00974228,1.26528,0.235684,1.58239,0.182048,1.06262
0.000549583,0.135396,2.6103,0.0998997,0,0.068299,0.0581257,0,0.123354,0.168386,0,0.0210402,0.00289369,0.110735,1.59894,0.0642105,1.21088,0.129542,0.0124503,1.07005,0.244465,1.51288,0.257709,0.829219
0,0.203028,2.51317,0.113919,0,0.0202339,0.105923,0,0.176689,0.310928,0,0.44608,0.00208656,0.127535,1.7,0.0643131,0.914381,0.0689528,0.0226883,0.766005,0.407096,1.49871,0.254415,0.933139
0,0.519665,1.70986,0.55869,0,0.0191429,0.0892175,0.140912,0,0.601516,0,0.369819,0.000378839,0.350041,1.7671,0.192631,0.51809,0.0209426,0.26928,0.467312,0.357644,1.67868,0.221613,0.91286
0.260793,0.685413,0.791094,0.941348,0.161297,0.0608525,0.0611598,0.134576,0,0.325185,0,0.133983,0.211042,0.28445,1.4577,0.431817,0.220067,0.0231999,0.88482,0.613289,0.31528,1.51814,0.204252,0.729067
0.624723,0.0624633,1.06625,0.418883,0.531748,0.0265253,0.062883,0.159395,0.288771,0.131942,0.231683,0.0125955,0.599295,0.205682,1.1214,0.511448,0.184114,0.0400636,0.36744,0.904448,0.817449,1.46904,0.217423,0.997425
0.680231,0.00418864,1.1276,0.373663,0.465303,0.245583,0.124879,0,0.317495,0.456326,0.0121803,0.0156633,0.484873,0.0972323,1.50159,0.434229,0.213968,0.122496,0.38221,0.81114,0.918528,1.54396,0.207177,1.03724
0.629049,0.0023319,1.60551,0.0461019,0.346091,0.553336,0.105241,0,0.672301,0.500088,0.0252887,0.0162588,0.374337,0.187147,1.62944,0.0130816,0.260455,0.211502,0.498883,0.866204,0.830497,1.48165,0.418747,1.13141
0.511715,0.257294,1.90771,0.245224,0.0467312,0.916135,0.0896125,0,0.555418,0.631857,0.0183969,0.0154148,0.284662,0.232468,1.56819,0.0790629,0.400251,0.327506,0.58281,0.835678,0.590268,1.52197,0.329157,1.28395
0.0312865,0.757775,1.513,0.73547,0.0277506,0.467181,0.0837821,0,0.208461,0.329214,0,0.0450179,0.485275,0.309059,1.04779,0.257971,0.844008,0.330693,0.406906,0.560342,0.381387,1.27916,0.324367,1.21954
0,0.687138,1.74961,0.978072,0.0151587,0.12475,0.074512,0,0,0.158297,0.0623388,0.369462,0.409435,0.195456,1.6688,0.808434,0.00311204,0.0419647,0.675839,0,0.232217,1.42185,0.22983,1.00609
0,0.513224,1.8409,0.674311,0.0586152,0.115643,0.0235621,0.111177,0.0500503,0.165308,0.358136,0.285288,0.285648,0.145986,1.71154,0.688662,0.0120335,0.0397528,0.815536,0.0496082,0.302808,1.4846,0.292418,0.935616
0,0.273029,2.5642,0.083892,0.10626,0.122512,0.0247837,0.312205,0.245739,0.144333,0.313099,0,0.0798795,0.077663,1.73944,0.43678,0.105851,0.0809105,0.890298,0.139309,0.284739,1.2014,0.478163,0.885566
0.000833323,0.352395,2.55795,0.0594336,0.0983594,0.123755,0,0.163209,0,0.959946,0.131511,0.00356221,0.162672,0.363127,2.21891,0.129321,0.0201929,0.0888867,0.145807,0.723772,0.0801682,1.28594,0.59612,0.933046
0.00272478,0.472613,1.43772,0.0968258,0.0743009,0.281895,0,0,0,1.25138,0.171757,0.00475953,0.531901,0.662404,1.87875,0.0195766,0.0152538,0.109198,0.229569,0.899989,0.25732,1.54598,0.203915,0.325911
0.00324035,0.360688,0.435077,0.0855405,0.277019,0.320464,0.0223595,0,0.0589918,1.26824,0.191224,0.00513349,0.734446,0.762969,1.5962,0.0172949,0.168459,0.109545,0.23315,1.32317,0.226792,1.65772,0.180882,0.332523
0.00299932,0.616126,0.703937,0.239034,0.288753,0.207318,0.138747,0,0,1.1673,0.0872606,0.00532536,0.722282,0.723114,1.53328,0.0671982,0.299588,0.190403,0.39726,1.33636,0.192974,1.6187,0.107937,0.370076
0.00154997,0.584411,1.15653,0.531566,0.196422,0.185454,0.308504,0,0,0.97621,0.224609,0.00437106,0.465473,0.648727,1.55994,0.191176,0.17543,0.145887,0.528515,1.06069,0.179979,1.68062,0.202847,0.485761
0.000172319,0.427921,1.64693,0.293303,0.0635808,0.120214,0.342279,0.133382,0,0.470883,0.112602,0,0.123776,0.131056,2.01089,0.170159,0.277792,0.0979163,0.270121,0.997259,0.0903924,1.88469,0.365696,0.166856
0,0.263007,2.54772,0.131218,0,0.0532541,0.36771,0.102011,0,0.34979,0.00121667,0,0.199258,0.127716,2.40508,0.110301,0.0786709,0.251358,0.614176,0.305556,0.150142,1.60282,0.430431,0.399213
0,0.137854,2.74901,0.114792,0,0.0153377,0.320149,0.0838403,0,0.16638,0.0207131,0.127904,0.203813,0.324431,2.34942,0.119051,0.0100536,0.322069,0.417467,0.232346,0.0247716,1.49385,0.453477,0.378103
0,0.182738,2.47121,0.0509996,0,0,0.00799328,0.241739,0.0981367,0.524954,0.0591084,0,0.0817728,0.498688,2.25471,0.164054,0.0088498,0.394037,0.0437989,0.148014,0.0539609,1.31731,0.427535,0.399514
0.00140466,0.545414,1.89463,0,0,0.111691,0.150766,0,0.034116,1.57558,0.556,0.00229821,0.274203,0.717632,1.94838,0.118921,0,0.154196,0.38504,0.743053,0.266828,1.4099,0.483548,0.588467
0.00328895,0.0131815,1.30979,0.343505,0.778545,0.0747447,0.310075,0,0.0319153,1.26734,1.27671,0.00358778,0.440943,0.521037,1.81836,0.375404,0.317307,0.076071,0.403687,1.04257,0.311324,1.20052,0.794402,0.644923
0.00179492,0.0531351,1.75322,0.548697,0.92209,0.153968,0.154937,0.0172298,0.0361782,0.823257,1.17404,0,0.299521,0.447115,1.96854,0.335891,0.390208,0.111516,0.541259,1.07079,0.239921,1.22846,0.775167,0.65571
0.00174164,0.482725,1.66895,0.668481,0.268433,0.0788864,0.16315,0,0,0.722331,0.902591,0.00269344,0.286769,0.518265,1.94587,0.348769,0.197192,0.0556196,0.677065,1.06312,0.118929,1.2862,0.571414,0.784774
0.245168,0.529349,1.75496,0.609424,0.091111,0.0516955,0.133862,0,0.00193422,0.138276,0.434833,0.00394096,0.224562,0.646403,1.81649,0.375863,0.523898,0.0108191,0.768242,0.893117,0.0442157,1.09332,0.42848,0.745136
0.389387,0.482572,1.56712,0.477607,0.176302,0.111762,0.109898,0,0.0979071,0.154879,0,0.0528168,0.133432,0.449344,0.599361,0.153986,1.24749,0.207248,0.367452,0.872924,0.317738,0.866884,0.322206,2.31036
0.552589,0.392718,0.680533,0.553782,1.40048,0.0498176,0.0280658,0,0.14056,0,0,0.199036,0.14879,0.123018,0.323705,0.178546,2.27348,0.0646878,0.305046,0.144259,0.87673,0.0253333,0.599971,2.26586
0.462753,0.0700015,0,0.419695,2.16768,0.560564,0,0,0,0,0,0.507494,0.124636,0.0263643,0.16809,0.146101,2.3019,0.242109,0.272945,0.125113,1.04819,0,0.586145,2.31315
0,0,0,0,2.50774,0.329128,0,0.181785,0.401522,0.12416,0,0.0889805,0,0,0.204781,0.0455712,2.18181,0.17929,0.283175,0.166974,1.13081,0.0292304,0.632535,2.14132
0,0,0,0,2.13792,0.118874,0,0.293523,0.0970631,0.606942,0.322213,0.0323803,0,0.610438,0.402583,0.021521,1.67609,0.10013,0.376063,0.689538,0.733072,0.323274,0.423275,1.55487
0.0390869,0,0.0481826,0.113725,1.36655,0.266054,0,0.0966547,0.127056,1.11686,0.639592,0.039484,0.0105275,0.704311,0.624592,0.0366661,1.12101,0.0902696,0.290107,0.990538,0.751855,0.613534,0.610561,1.87953
0.054821,0.0139476,0.337085,0.506394,0.549241,1.11249,0,0,0.0368054,1.53859,0,0.0474324,0.0147653,0.675222,1.35573,0.149833,1.02499,0.410658,0.209977,0.925302,0.715252,0.845203,0.172227,1.98106
0.170946,0.420031,0.965357,0.588295,0.42861,1.12553,0,0,0,1.78445,0,0.0429761,0.0460421,0.711714,1.62075,0.181333,0.93918,0.470421,0.273455,0.891381,0.567238,0.980261,0.166558,1.82878
0.343633,0.563972,1.41712,0.59314,0.119998,0.71004,0.0511833,0,0,1.99167,0,0.0317342,0.0925529,0.73292,1.71326,0.191235,0.860889,0.663645,0.332048,0.797677,0.539395,1.10754,0.300165,1.49533
0.419738,0.593663,1.27469,0.341965,0.526181,0.282091,0.157713,0,0,1.92649,0,0,0.272988,0.237207,1.66891,0.110253,1.51133,0.487086,0.14763,0.548941,0.436642,1.34374,0.391617,0.571683
0.511257,0.518931,0.772047,0.238156,0.893428,0.0940505,0.0618203,0,0,1.53514,0.0620907,0.252332,0.980858,0.147286,1.75306,0.153941,1.67241,0.100522,0.752154,0.0278191,0.12588,0.843309,0.550787,0.695264
0.212791,0.243129,0.348634,0.396957,0.824636,0.0169154,0,0,0.189464,1.23604,0.729657,0.640692,1.06085,0.0691578,1.20663,0.170888,1.69037,0.12174,0.553518,0,0.322628,1.03047,0.667776,0.878823
0.0860791,0,0.233066,0.264288,0.752943,0,0,0,0.368014,1.8706,0.905134,0.412413,0.971551,0.133284,0.885932,0.295928,1.54435,0.0844498,0.249671,0,0.540981,1.38383,0.564833,0.794342
0.00199559,0,0.428746,0,0.837896,0,0,0.00295779,0.485352,1.825,0.865476,0.361531,0.912872,0.197064,1.02876,0.135916,1.21069,0.078956,0.373694,0.791653,0.576185,1.34297,0.34866,0.382612
0.000557857,0,0.874449,0,1.11158,0.326238,0,0,0.574817,1.03306,0.840893,0.0729645,0.480389,0.283297,1.0979,0.198318,1.51085,0.20958,0.355679,1.0334,0.592501,1.44162,0.220378,0.40857
0,0.193336,1.36476,0,1.17412,0.533597,0,0,0.441128,0.802976,0.593845,0.165242,0.0409159,0.309071,1.25692,0.178226,1.61202,0.284783,0.438341,1.10425,0.495363,1.32296,0.369285,0.613482
0.00602036,0.606673,1.70796,0.415925,0.662495,0.156021,0,0,0.22713,0.679223,0.524746,0.0952343,0.137142,0.417107,1.41586,0.228386,1.43698,0.0679275,0.614044,1.00725,0.461982,1.19499,0.355079,0.523459
0.00225457,0.631016,1.70496,0.595106,0.0803814,0.0747655,0,0,0,0.268737,0.231032,0.00464317,0.175124,0.420492,1.44177,0.191869,1.36023,0.020371,0.66929,0.942137,0.44691,1.0362,0.291203,0.494343
0.697285,0.617684,1.06765,0.743543,0.729551,0.0155735,0.485324,0,0,0.664391,0,0,0.517317,0.60501,0.646714,0.301493,1.98995,0.344669,0.795915,0.21371,0.0115426,1.03105,0.383249,0.637899
0.836803,0.353481,0.798506,0.558453,0.618272,0.123262,0.339288,0,0,0.859006,0.000407458,0,0.396497,0.612666,0.333755,0.311451,2.12872,0.843674,0.558231,0,0.0189431,1.02113,0.341833,0.626541
0.649933,0,0.419859,0.288127,0.555986,0.106535,0,0,0.488818,1.51506,0.00362109,0,0.286117,0.505908,0.212606,0.301442,2.00883,0.722169,0.24731,0,0.176637,1.1821,0.420146,0.65351
0,0,0,0,1.01425,0.0403511,0,0,0.410069,2.25389,0.0210812,0,0.13091,0.489419,0.141116,0.0620601,1.51207,0.528307,0.467531,0.00169494,0.121942,0.926794,1.0156,0.546613
0.0017289,0,0,0.0164645,0.996791,0.192034,0,0,0.305274,2.39231,0.111565,0.000267882,0.337498,0.789914,1.03733,0.00332886,1.23372,0.542395,0.0699354,0.806987,0.0991892,1.03335,0.54135,0.0955825
0.00200521,0,0.208874,0.329667,1.73345,0.669711,0,0,0.259455,2.30565,0.0270305,0.000498878,0.391435,0.457025,1.65266,0.097543,1.16386,0.473301,0.267028,0.887913,0.276868,1.02294,0.346828,0.128832
0.00238712,0.122647,0.920746,0.90648,1.18787,0.479381,0,0,0.190805,1.90681,0,0.00367043,0.465987,0.613613,1.89394,0.29226,0.82897,0.244576,0.421759,0.915905,0.247829,0.913977,0.127925,0.351505
0.132392,0.620811,1.32671,0.783531,0.816178,0.146773,0.0446769,0,0.0564688,1.52931,0,0.00417802,0.411415,0.66288,1.91843,0.255809,1.17994,0.0540852,0.555972,0.94479,0.189435,1.01535,0.109347,0.271607
0.364094,0.66272,1.48875,0.675568,0.313305,0.146368,0.00760307,0,0.0647471,1.35764,0,0.00194179,0.211249,0.552238,1.64006,0.316921,1.27845,0.136346,0.37921,1.12183,0.167165,0.895449,0.380348,0.139727
0.38428,0.68182,1.21188,0.578865,0.785324,0.0411999,0.0333462,0,0,1.30326,0,0,0.582808,0.357607,0.902104,0.884679,1.7833,0.104869,0.61941,0.296915,0.0240965,1.04297,0.467365,0.427434
0.12566,0.550289,0.779291,0.385245,0.744339,0,0,0,0,1.87485,0.655949,0,0.873921,0.173846,0.784066,0.777538,1.94151,0.0220885,0.810212,0.061048,0.0243234,0.894305,0.536557,0.43518
0,0.0186334,0.403416,0.270204,0.683049,0,0,0,0,2.19561,0.563031,0,0.715965,0.365618,0.64427,0.337965,1.55334,0.0114648,0.849868,0.00207939,0.0252174,0.937169,0.386791,0.520776
0.00201604,0,0,0.123014,0.90736,0,0,0,0.0526269,1.87957,0.46465,0.00272132,0.54775,0.54018,0.626884,0.245184,1.52736,0.194999,0.114972,0.357524,0.430206,0.741137,0.483928,0.689884
0.00116912,0,0.0236554,0.286724,0.895454,1.23061,0,0,0.388592,1.19172,0.555748,0.303808,0.126446,0.778106,0.906345,0.213539,1.55103,0.548314,0.201388,0.822071,0.613769,0.874183,0.287502,0.70914
0,0.104474,0.444799,0.693432,0.675007,1.55062,0,0.0215239,0.642104,1.20077,0.424302,0.0721538,0.0767721,0.472273,1.31417,0.302313,1.44952,0.594144,0.247746,0.879339,0.806614,1.18345,0.104135,0.958018
0,0.489077,1.18706,0.685806,0.362163,1.3885,0,0,0.186872,1.42428,0.240987,0.0113824,0.0849191,0.139118,1.72833,0.311328,1.47324,0.52779,0.421522,0.854851,0.855555,0.973115,0.0592481,1.04365
2.40656e-05,0.648122,1.32262,0.845868,0.075147,1.07995,0.128004,0,0,1.61975,0.161358,0.00985961,0.0507706,0.184358,1.79144,0.395925,1.41813,0.411956,0.605345,0.808626,0.772731,1.09294,0.0997862,0.971318
0.000326042,0.700067,1.26326,0.726807,0.0307363,0.441273,0.328623,0,0,1.59209,0.0901528,0.00142105,0.0636463,0.200888,1.63481,0.310122,1.32391,0.491434,0.771374,0.746367,0.729525,1.15908,0.127585,0.764439
0.16742,0.719014,1.01058,0.45807,0,0.249975,0.23779,0.0398899,0,1.09307,0.427423,0.0800817,0.0715509,0.565208,1.67085,0.191747,0.501636,0.39987,0.548338,0.56959,0.115363,0.600462,0.533597,0.582419
0.270915,0.860855,1.06592,0.249713,0,0.0606082,0.296003,0.347606,0.0430273,0.328764,0.461857,0,0.112297,0.737413,1.93817,0.184384,0.00461847,0.186067,0.699081,1.11466,0.0234744,0.530058,0.680456,0.696844
0.131887,0.632451,0.767217,0,0,0.00701311,0.203834,0.828078,0.431132,0.0667984,0.351078,0.000485786,0.117498,1.1984,1.94728,0.133407,0,0.00769806,0.914955,0.992388,0.141896,0.603813,0.499442,0.314193
0,0.0351564,0.899963,0,0.323917,0.0121373,0.149987,1.12543,0.917092,0.038468,0,0,0.241792,1.21694,1.70792,0.0309685,0.112154,0.261219,0.565259,1.26448,0.744137,0.0398247,0.273733,0.0246135
0,0.0737639,0.257279,0.721246,0.161314,0.0196799,0.11982,0.411897,1.02952,0.901478,0.321805,0,0.265165,0.926296,1.54399,0.232538,0.0558539,0.235645,0.244523,1.41363,0.726435,1.02809,0.360616,0.849664
0.0743983,0.0776638,0.00405458,0.88816,0.994035,0.110609,0.113439,0.341861,0.677927,0.831644,0.29207,0,0.0434524,0.793772,1.28003,0.286353,0.37281,0.0693362,0.11542,1.58721,0.22396,1.24835,0.567429,1.37247
0.313656,0.278396,0.445668,1.40071,0.088299,0.238633,0.17245,0.294217,0.465606,0.955771,0.0226182,0,0.0845983,0.372032,0.794151,0.451605,0.0823233,0.205098,0.0997289,1.08113,0.174679,1.40838,0.288252,2.10314
0.342378,0.484769,0.881157,0.694456,0.06794,0.558834,0.237442,0,0.693941,0.904724,0,0.00626701,0.0922149,0.418484,0.343517,0.218428,0.132881,0.347336,0.307959,0.46578,0.342074,1.47219,0.128342,2.63262
0.309934,0.492733,1.09442,0.35489,0.16931,0.342741,0.218813,0,0.472327,0.460771,0,0.0499798,0.0834767,0.189015,0.335474,0.147049,0.502635,0.261185,0.486486,0.000252578,0.232831,0.909818,0.0410922,3.51361
0.312786,0.537945,0.684242,0.448152,0.883711,0.099886,0.0931922,0,0,0,0,0.136367,0.0842448,0.153018,0.206638,0.164429,1.63926,0.0271674,0.518428,0,0,1.09873,0.0703652,2.98673
0.29162,0.597164,0.216495,0.777478,1.03429,0.373507,0,0,0,0.0805984,0,0.523788,0.0785439,0.169566,0.0682015,0.250668,2.28421,0.15764,0.406789,0,0,1.61742,0.127108,2.33448
0,0.156596,0,0.923782,1.01019,1.08167,0,0.177973,0,0.55925,0,0.859847,0,0.0613117,0.0139821,0.297838,2.60942,0.399623,0.165458,0.0391756,0.0196902,1.67775,0.150897,1.88025
0,0.000213806,0,0.612538,1.81265,1.46863,0.0477349,0.393359,0,0.205582,0,0.358964,0,0.0357098,0.0221049,0.306209,2.74643,0.549538,0.195219,0.0868059,0.034875,1.18525,0.155184,1.5811
0.000323701,0.00990385,0.279693,0.699276,1.02665,0.80984,0.169051,0.345471,0.15481,0.213925,0,0.0623357,0.0652563,0.0148826,0.510243,0.225455,2.01617,0.301212,0.281761,0.194585,0.133706,1.3175,0.180058,2.04831
0.208803,0.00594756,0.539412,0.623823,0.295165,0.389353,0.261014,0,0.165089,0.689447,0,0.0369907,0.201207,0.00736968,1.07002,0.201128,1.54591,0.132525,0.255708,0.338364,0.199902,1.79467,0.0976567,2.41827
0.289806,0.14636,0.599837,0.813525,0.27054,0.229246,0.166551,0,0.190456,1.15222,0,0.0354688,0.226418,0.0481578,1.24669,0.26229,0.837372,0.0652794,0.208858,0.33084,0.355654,2.10253,0.0285734,2.34879
0.285806,0.441782,0.885251,0.989819,0.200698,0.162059,0.460989,0,0.0468333,1.26742,0,0.0326046,0.151392,0.132303,1.52377,0.319129,0.204362,0.0821517,0.173041,0.620449,0.731297,1.45924,0.0544138,2.06173
0.187649,0.603829,1.08678,0.927209,0.0175255,0.16507,0.836197,0,0,0.535641,0,0.0938588,0.0505407,0.191122,1.52829,0.298943,0.0576882,0.153742,0.330957,0.982697,0.540303,0.770757,0.0715345,1.74283
0.124067,0.904456,0.274708,0.782785,1.09355,0.227477,0.258982,0,0,0.356208,0.0778997,0.0401175,0.0334159,0.325816,0.941056,0.252379,1.67141,0.285198,0.105438,1.16097,0.101534,0.195678,0.0969432,1.77166
0.0907829,0.697561,0,0.417102,1.57096,0.0199857,0,0,0,0.171606,0.304648,0.0442719,0.0244511,0.260809,0.824213,0.128795,1.75675,0.0141843,0,1.27132,0.0335598,0.0621688,0.160298,1.76347
0,0.155567,0,0.0590443,2.20442,0.143252,0,0,0,0.422433,0.2752,0.407125,0,0.0680135,0.697759,0.0119378,1.73376,0.0810983,0,1.81076,0.0298437,0.0994514,0.243639,1.77986
0,0,0,0.0969849,2.64967,0.0377378,0,0,0.126517,0.452868,0.11598,0.668529,0,0.0109886,0.747385,0.0196088,1.7498,0.0472532,0.0187928,2.09235,0.0758746,0.106617,0.243891,2.11295
0.0393404,0,0.140509,0.131454,2.06385,0.102127,0.137254,0,0.377637,0.289,0.145567,0.193129,0.0105958,0.00483212,1.08706,0.0265778,0.728355,0.101607,0.185405,1.76502,0.400389,0.158758,0.116282,2.34784
0.103513,0,0.416202,0.164341,0.733924,0.386326,0.013609,0,0.3706,0.616607,0.0799787,0.0561453,0.0278797,0,1.60514,0.033227,0.267903,0.247211,0.0931505,1.55972,0.658143,0.338725,0.0583314,2.50018
0.00709842,0.149903,1.15191,0.121389,0.16955,0.63739,0.0658433,0,0.0334061,0.356901,0.250341,0.0472133,0.00191186,0.0531165,1.79159,0.0245428,0.0712994,0.318855,0.0917564,1.55191,0.714949,0.196058,0.15727,2.54924
0.0990158,0.29275,1.6485,0.527578,0.137278,0.322073,0.515969,0.0193549,0,0.120289,0.492283,0.0425027,0.0266686,0.0895425,1.38468,0.170097,0.0754226,0.479864,0.217781,1.81506,0.333606,0.066079,0.319454,2.69947
0.287284,0.344397,1.40683,0.566525,0.264586,0.333446,0.420459,0,0,0,0.409682,0.0451067,0.0777296,0.0979635,0.933648,0.182654,0.384687,0.542652,0.171295,2.08296,0.152471,0,0.373674,2.51977
0.575409,0.410491,0.664301,0.723293,0.887719,0.0462247,0.277802,0,0,0,0.439086,0.0749905,0.207059,0.121406,0.366007,0.245004,1.91897,0.218855,0.106313,2.11196,0.00185696,0,0.530902,1.96212
0.760446,0.390657,0,0.906548,1.18247,0,0,0,0,0,0.508338,0.382969,0.213964,0.111122,0,0.307284,2.68945,0.133186,0.0603582,1.70471,0.0126329,0.000117292,0.643938,2.00853
0.215703,0.0100414,0,0.337471,2.09293,0,0,0,0,0.184943,0.727104,0.455595,0.0795477,0.00285627,0.0105078,0.114061,2.95997,0.0771184,0.0572941,1.05564,0.11651,0.0435402,0.500364,1.94134
0.0324933,0.0222539,0,0.64237,2.05685,0,0.0650251,0.415769,0,0.906424,0.555492,0.132049,0.0535093,0.0313375,0.156794,0.207107,2.38291,0.039376,0.229638,0.669812,0.0314521,0.474389,0.362294,2.17464
0.250556,0.208051,0.293311,1.08239,0.438099,0.388807,0.0134672,0.340903,0.160156,1.66617,0.221001,0.236539,0.0674838,0.436635,0.871733,0.346461,0.944679,0.352735,0.293405,0.86781,0.060663,0.915287,0.246571,2.25106
0.383577,0.028677,0.630807,0.254762,0.716716,0.443096,0,0,0.354275,1.53581,0.0327117,0,0.103311,0.283499,1.29237,0.068275,0.689681,0.412411,0.450186,1.52341,0.164623,0.969555,0.541526,1.85064
0.362562,0.540743,0.896262,0.525663,0.696489,0.445956,0,0,0.31285,1.41574,0.0211627,0,0.0976512,0.381925,1.43576,0.158642,0.284983,0.409185,0.447112,1.56517,0.154217,1.38977,0.350339,1.46946
0.387156,0.727233,1.21717,0.898395,0.240038,0.320716,0,0,0.111397,0.979237,0.00953156,0.00206548,0.104275,0.508346,1.49412,0.286915,0.20743,0.422475,0.240618,1.21061,0.0561642,1.51299,0.164596,1.47026
0.408012,0.782156,1.19236,0.931281,0.0899901,0.320244,0.265945,0,0,0.365867,0,0.00898396,0.109893,0.553166,2.55631,0.300256,0.753677,0.463785,0.108273,0.970935,0,0.99148,0.0289248,1.18077
0.428719,0.782394,0.708077,0.602036,0.0732307,0.085301,0.51821,0.948563,0.124716,0,0,0.0597089,0.11547,0.558854,2.11416,0.194103,0.831526,0.0178522,0.208583,1.74716,0.0681319,1.02052,0.00553017,0.514592
0.336964,1.09638,0.134773,0.194678,0.0787274,0.0493427,0.128263,2.11222,0,0,0.360279,0.081952,0.0907566,0.643534,1.69256,0.0627664,0.814558,0.0103267,0.0450216,1.97019,0.0274116,1.3109,0.0956227,0.0213534
0,0.473349,0,0,0.091668,0.0481037,0.152037,2.44097,0,0.338464,0.601105,0,0,0.391856,1.57646,0,0.653418,0.0100674,0.0618979,2.11907,0.0258074,1.93424,0.246608,0.0249508
0.103918,0.474382,0.17502,0,0.112257,0.0623711,0,2.37083,0.324239,0.242157,0.432947,0,0.0840938,0.385539,1.73574,0.00766677,0.285609,0.023004,0.0549538,1.89332,0.189132,1.87204,0.340058,0.0919719
0.00535192,0.463732,0.479881,0.302174,0.0840733,0.0825623,0.0334915,1.70604,0.182977,0.00582852,0.229051,0.208316,0.00144147,0.469548,2.24501,0.104956,0.01726,0.0290747,0.44227,1.37721,0.307227,1.47083,0.192486,0.369339
0.00162218,0.00922231,0.975851,0.530369,0.537442,0.100662,0.229274,0.73125,0,0.0353583,0.178109,0.0132417,0.000320952,0.0806965,2.16032,0.236687,0.179319,0.0210671,0.75588,1.5515,0.240195,0.908981,0.113019,1.48911
0.00269362,0.140585,1.34794,0.767941,0.46794,0.148968,0.0609224,0.308301,0,0,0,0.0211438,0.000532939,0.24798,1.23928,0.380715,0.152885,0.259778,0.500835,1.93881,0.164702,0.371688,0.00428852,2.6043
0.00270602,0.386161,1.34556,0.617852,0.165029,0.174346,0.0139437,0.366005,0.134334,0,0,0.0386229,0.000535391,0.635277,0.411884,0.432163,0.050084,0.460727,0.508626,2.27721,0.115383,0.0139229,0,2.93643
0.322508,0.616151,1.01189,0.37937,0.00465341,0.0658646,0,0.425836,0.264989,0,0,0.123801,0.259591,0.714901,0.305587,0.277804,0.0232607,0.425293,0.444083,2.07874,0.130625,0.012022,0.153679,2.9549
1.73308,0.803807,0.505125,0.159492,0.0101442,0.0449075,0.284856,0.40446,0.0800106,0,0,0,1.06068,0.244206,0.176349,0.17079,0.00411683,0.16322,0.521422,1.55883,0.0413375,0.246478,0.327702,2.45821
1.66678,0.734496,0.415011,0,0,0.0576864,0.610486,0.347116,0.122369,0,0.0745383,0,0.672444,0.472562,0.153409,0.0896923,0.0853528,0.0398917,0.539593,1.48838,0.0525052,0.919369,0.404448,1.65795
1.59538,0.507706,0.338402,0.0234312,0,0.108888,0.0805671,0.288685,0.242463,0,0.0745763,0.0388042,0.50634,0.866695,0.124174,0.0472374,0.445223,0.0565064,0.0475832,1.57323,0.0774887,1.40765,0.38248,0.816219
1.71635,0.760063,0.183743,0.00838242,0.188375,0.0600063,0.0328035,0.737026,0,0.162202,0,0.588047,0.870567,0.613993,0.250792,0.0241753,0.571497,0.0271743,0.36654,1.70589,0.0251824,1.75304,0.209361,0.193134
1.62399,0.845729,0.0219458,0.125462,0.463013,0.0409499,0.0125587,0.67457,0,0.566747,0.0423061,0.544007,1.00836,0.419222,0.171413,0.270622,0.327239,0.0463747,0.440403,1.92196,0.0280902,1.57737,0.132086,0.536127
1.3954,0.748846,0.00565861,0.131118,0.871747,0.0228871,0,0.473832,0.180067,0.535222,0.00436079,0.56902,1.04272,0.389788,0.488942,0.203982,0.560558,0.0389253,0.415133,1.86005,0.194036,1.4026,0.095853,0.720671
1.17154,0.689023,0.156472,0.0975222,1.14187,0,0,0.461161,0.482192,0.376653,0,0.479379,0.948051,0.35498,0.66614,0.123235,0.52758,0.0205684,0.526159,1.59743,0.241367,1.66936,0.211277,0.479965
0.661264,0.385117,1.13328,0.0548755,0.77198,0,0,0.347949,0.442848,0.0733885,0,0.285547,0.534496,0.231054,0.810217,0.0530273,0.552953,0.0292535,0.61757,1.36103,0.228326,2.27016,0.176226,0.317306
0.995777,0.337765,1.54605,0,0.241253,0.0302026,0.277213,0.232235,0.448354,0.0562491,0,0.122977,0.268199,0.248865,1.29191,0,0.192961,0.0768702,0.282662,2.12617,0.234703,1.61311,0.168892,0.376811
1.24951,0.111025,0.867981,0.0308079,0,0.186915,0.175347,0.348229,0.328567,0.0586795,0,0.108196,1.32633,0.0731056,1.20638,0.00622885,0,0.0999241,0.0909132,2.78991,0.284787,0.0239161,0.0443583,0.503523
1.61449,0.608276,0.502784,0.0531976,0,0.0931678,0,0.301854,0.0386975,0.0764276,0,0.010665,1.80912,0.449843,1.16131,0.0107557,0,0.0489762,0.00868267,2.79935,0.0849785,0.017993,0.0138299,0.565514
1.97269,0.59229,0.000846175,0.0228398,0,0.185645,0,0.309697,0.096103,0,0,0.0413295,1.84645,0.540167,0.903858,0.00461783,0,0.100423,0,2.88255,0.0408663,0,0.0120356,0.548797
2.2257,0.434327,0,0,0.0152676,0,0,0.354514,0.476376,0.134864,0,0.0432622,1.08808,0.565994,0.970012,0,0.00313441,0.135594,0,3.29063,0.251601,0.0740857,0.0103036,0.727905
0.444608,0.0108736,0.366417,0.0498982,0.303109,0.322125,0.070435,0.291755,0.49881,0.401869,0,0.143945,0.581218,0.438775,1.41335,0.0100886,0.104949,0.194665,0.060043,3.51271,0.257055,0.220761,0.0070457,1.04807
0.0542759,0.191525,0.545631,0.0892351,0.840433,0.474778,0,0.130261,0.445914,0.388244,0,0.290594,0.413917,0.823845,1.5511,0.0826724,0.290994,0.227216,0.37836,3.05665,0.22129,0.452071,0,0.983151
0.00351641,0.246714,1.09973,0.716086,0.47308,0.241821,0,0.0575836,0.366085,0.309588,0,0.239199,0.36725,0.846789,1.73612,0.282011,0.152328,0.282057,0.37681,2.69872,0.180534,0.563903,0,1.01711
0.00169887,0.0349745,1.63821,0.551918,0.0759677,0.335877,0.0411302,0.0614367,0.383858,0.198311,0,0.426015,0.212823,0.476109,1.72111,0.184487,0.015596,0.448915,0.0307041,3.09138,0.191585,0.226596,0.000486844,0.968393
0.00710097,0.105686,1.36269,0.310191,0.0380715,0.161858,0.076875,0.405033,0.44918,0,0.150098,0.517696,1.38617,0.060622,1.13294,0.134123,0.0311712,0.11297,0.0164663,3.39458,0.262627,0,0.0409102,0.780853
1.14151,0.529593,0.833307,0.127085,0.0176789,0.103655,0.0608373,0.495126,0.502037,0,0.208865,0.0666011,1.98246,0.151015,0.682272,0.116816,0.0847827,0.0260613,0.0130311,3.17948,0.296971,0,0.0677194,0.453867
1.6148,0.903825,0.320132,0.0177269,0.0339378,0.102849,0.0038839,0.461514,0,0,0.270065,0,1.89954,0.379246,0.468155,0.169363,0.103316,0.0220323,0.000831918,3.11908,0.0507959,0,0.128548,0.3662
2.19262,0.488821,0,0,0.0782771,0.0218655,0.0131547,0.329642,0,0,0,0.142777,1.3147,0.742371,0.247772,0.19319,0.109197,0.00457612,0.0779093,2.95814,0.0231004,0,0.185205,0.297714
1.90932,0.109821,0,0.159426,0.119688,0.593515,0,0.304429,0.180936,0.153272,0.129499,0.0839363,0.678191,0.973383,0.228112,0.215784,0.0865887,0.212108,1.05865,1.9132,0.119098,0.0841977,0.453591,0.481069
0.942687,0.0721487,0.547338,0.756532,0.195385,0.742936,0,0.00201783,0.266069,0.633419,0.620315,0.0124653,0.2539,0.487264,0.955728,0.243914,0.125559,0.279331,1.07976,1.39015,0.095545,0.422009,0.764082,0.808185
0.535728,0.268209,0.875717,0.47802,0.38143,0.647565,0,0.0669037,0.294312,0.815877,0.223437,0.00648006,0.144291,0.329467,1.20551,0.145543,0.215442,0.258872,1.14303,1.59352,0.164728,0.594972,0.582104,0.865631
0.371726,0.463748,1.21528,0.874996,0.366129,0.399165,0,0.26307,0.209143,0.519229,0.00218089,0.0050497,0.138579,0.359752,1.05918,0.284603,0.210456,0.141005,1.23301,1.90578,0.127454,0.418199,0.362087,0.83258
0.580454,0.316612,1.34519,0.551359,0.283937,0.0217368,0.0370975,0.314179,0.225856,0.0225248,0,0.325403,0.156338,0.380626,0.674173,0.179293,0.600873,0.0170892,1.26049,2.15156,0.123989,0.238784,0.310352,0.960961
0.832368,0.0136863,1.10135,0.153714,0.366113,0,0,0.21436,0.0279681,0.0709463,0,0.463489,0.234719,0.00271515,0.437992,0.0656209,2.48683,0.0490506,0.525268,1.62623,0.166092,0.0513289,0.23535,0.691866
0.430801,0.00707094,0.759319,0.141403,0.657156,0,0,0,0.233035,0.547148,0.343591,0.392263,0.11603,0.00201132,0.365332,0.0840961,3.09982,0.0387303,0.358955,0.465741,0.369437,0.170482,0.578237,0.645866
0.0393338,0,0.597225,0,0.563757,0,0,0,0.380988,1.61007,0.286599,0.608617,0.0676237,0,0.350024,0.0585233,3.04723,0.0259449,0.221354,0.0577464,0.426774,0.642808,0.685482,0.743896
0.000101439,0,0.128363,0.0869564,0.548824,0,0,0,0.262693,1.66825,0.582163,0.0378626,0.15609,0.119834,0.243651,0.0407077,3.0586,0.0319117,0.11368,0.127187,0.347402,0.604891,0.722974,0.566496
0.000519848,0,0.00178826,0.177283,1.03055,0,0,0,0.0962078,1.79724,0.620098,0,0.101479,0.187736,0.189614,0.0712789,2.58458,0.0362865,0.188294,0.307515,0.0904315,1.16625,1.04307,0.48567
0.000402019,0.00262767,0.34771,0.8385,1.21934,0.430883,0,0,0,1.62636,0.469707,0,7.95402e-05,0.11647,0.915151,0.280994,2.34926,0.218262,0.253123,0.761921,0.0455977,1.05327,0.790864,0.321927
0.0025257,0.0055251,0.695074,1.01719,1.09258,0.526729,0,0,0,1.40111,0.0232473,0.0260755,0.000499714,0.393537,1.38443,0.327952,2.00525,0.24376,0.278623,1.09986,0.128981,0.950997,0.637041,0.137176
0.00310891,0.0125014,1.44298,1.0096,0.714708,0.412946,0.114771,0,0,1.04784,0.0114558,0,0.00267652,0.550614,1.66453,0.351921,1.05072,0.201014,0.316978,1.23498,0.18454,0.883095,0.452398,0.228303
0.00292276,0.215644,1.83064,0.81915,0.171667,0.286598,0.058824,0,0.0384979,0.807802,0,0.0476788,0.000578273,0.598811,1.47703,0.338304,0.678614,0.253976,0.334824,1.08492,0.101589,1.30726,0.323486,0.779554
0.148053,0.424197,1.99515,0.550327,0,0.182187,0.101681,0,0.0144365,0.391006,0,0.0533789,0.0598456,0.399396,1.5983,0.203516,0.757023,0.20185,0.351925,0.157172,0.0089333,1.79432,0.297814,0.646861
0.335724,0.567052,2.0539,0.487979,0,0.0265146,0.0404992,0,0.0670558,0.196294,0,0.464009,0.113485,0.161298,1.84809,0.399143,0.568635,0.100394,0.505735,0.00626984,0.0378862,1.76243,0.291998,0.56881
0,0.716578,1.36468,0.594432,0.0326324,0.0354384,0.0657591,0.531482,0,0.937243,0,0.744901,0.01594,0.333483,1.90379,0.341472,0.542366,0.0891094,0.580488,0.244794,0.0160219,1.79887,0.358878,0.38915
0,0.786263,1.68374,0.729875,0.244808,0.04222,0.1581,0.108332,0,0.513468,0,0,0.00787763,0.394781,1.8574,0.229217,0.576529,0.0668443,0.69103,0.0539028,0.415971,1.61776,0.393017,0.000466751
0.361733,0.468528,1.482,0.364324,0.322978,0,0,0,0.323103,0.496596,0,0.0080911,0.621196,0.350404,1.38624,0.106863,0.111829,0.0748335,0.513337,0.327226,0.740299,1.70158,0.25806,0.434648
0.45754,0.00388262,1.41958,0.10602,0.78456,0,0,0,0.444951,0.670834,0,0.00515783,0.789678,0.447068,1.6549,0.0540491,0.271649,0.0617474,0.385818,0.821175,0.60369,1.9216,0.0567845,0.329193
0.489811,0.00413276,1.48776,0.090506,0.762554,0.466902,0,0,0.565743,0.87793,0,0.00484304,0.530312,0.512311,1.91307,0.0480801,0.273602,0.191054,0.38316,0.918458,0.569589,1.92394,0.0330636,0.336697
0.414091,0.00542512,1.73523,0.0246007,0.722564,0.605237,0.0149924,0,0.594023,0.765596,0.00236746,0.0034577,0.416416,0.533808,1.89512,0.0367799,0.370015,0.21528,0.481677,0.920922,0.537174,1.86832,0.0710798,0.39469
0.198416,0.470498,1.72516,0.0514753,0.290319,0.992393,0.0535879,0,0.611379,0.465706,0.00549411,0.0029987,0.229988,0.523784,1.92332,0.0264332,0.732317,0.345835,0.525218,0.80854,0.618432,1.57489,0.167989,0.431886
0.000214739,0.653653,1.65624,0.574491,0.176752,0.396639,0.0692332,0,0.356848,0.130168,0,0.389667,0.0769267,0.269325,2.91984,0.476374,0.292873,0.127069,0.67505,0.0559476,0.627714,1.16872,0.599697,0.145307
0,0.485418,1.88964,0.516354,0.0140488,0.127562,0.0801416,0,0.293251,0.154821,0.0986373,0.45122,0.0619255,0.379607,3.00322,0.574856,0.00288418,0.0266968,1.00794,0.0519992,0.39924,1.39007,0.894941,0.166723
0,0.342336,2.17299,0.110054,0.0681766,0.111697,0.0795111,0.558696,0.200775,0.155991,0.307007,0.20051,0.0250612,0.239309,2.74213,0.537543,0.0139965,0.0233765,1.09073,0.260417,0.229762,1.40057,1.15369,0.0963778
0,0.416702,2.63795,0.0434653,0.0853861,0.141649,0.0916849,0.235841,0,0.305195,0.019503,0,0,0.227592,2.78878,0.476715,0.027601,0.029645,0.863632,0.110987,0.0416101,1.251,1.24098,0.0414472
0.00252077,0.534309,2.25166,0.0629694,0.0908832,0.170612,0.0467097,0,0,1.23163,0.156416,0.00296183,0.492076,0.607573,2.49965,0.104489,0.0186581,0.0692418,0.318351,0.605445,0.235578,1.10801,0.600407,0.214181
0.00300587,0.36044,0.767863,0.04194,0.124125,0.596576,0.00211401,0,0.105322,1.31667,0.238094,0.00516641,0.586773,0.722743,1.55914,0.0138228,0.0254825,0.203292,0.292514,1.07483,0.331362,1.56587,0.257755,0.345918
0.123975,0.356339,0.43185,0.0617775,0.363334,1.21436,0.00942939,0,0.124714,1.36862,0,0.00373737,0.490534,0.76902,1.62388,0.0124904,0.152246,0.446431,0.401661,1.32498,0.291423,1.47004,0.091264,0.269195
0.427583,0.812781,0.526808,0.0280916,0.637909,1.47442,0,0,0,1.28949,0,0.00040312,0.431729,0.868173,1.78754,0.0275867,0.245973,0.555821,0.433801,0.958888,0.24213,1.49013,0.0925166,0.177019
0.308646,0.771339,0.691485,0.027493,0.461474,1.20874,0,0,0,1.11101,0,0,0.29648,1.01329,1.60071,0.0473305,0.40042,0.482744,0.350238,1.07058,0.155057,1.56224,0.256471,0.152189
0.23033,0.721975,0.916669,0.0174382,0.281309,0.65667,0,0,0,0.923891,0,0,0.255968,0.204815,2.25782,0.0238467,0.481343,0.343337,0.696505,0.336949,0.206134,1.92874,0.407859,0.301928
0.141015,0.847697,1.70663,0,0,0.0241296,0.038885,0,0,0.848624,0,0,0.33619,0.290096,2.40258,0.0199101,0.0968033,0.29015,0.498822,0.291704,0.0341812,1.82854,0.52037,0.042593
0,0.496011,2.4203,0.0716939,0,0,0.0623519,0,0,0.170975,0.0760115,0,0.229242,0.501389,2.17121,0.0798244,0.00877508,0.344982,0.132707,0.216697,0.032408,1.53511,0.505023,0.0376708
0.0004025,0.184448,2.28009,0.0453259,0,0.0275025,0.119273,0,0.0454412,0.887346,0.0208524,0,0.0785716,0.697928,1.79427,0.112661,0,0.297931,0.149154,0.70716,0.474506,1.42972,0.341273,0.41984
0.00336983,0.328216,2.09153,0.157018,0,0.0351201,0.193887,0,0.0525096,1.5542,0.699938,0.0110273,0.472827,0.830117,1.68481,0.219532,0,0.07675,0.354261,0.603957,0.459731,1.35382,0.666297,0.777532
0.00324254,0.00847948,1.37799,0.304614,0.844092,0.0107402,0.113165,0.101415,0.116513,1.30347,0.904144,0.0784518,0.377825,0.52147,1.67723,0.242291,0.311614,0.103525,0.347586,1.05122,0.403867,1.31691,0.852942,0.545867
0.00270176,0.00968692,1.28878,0.319434,0.984274,0.176246,0.0727566,0,0.129237,0.949284,0.664585,0.000526476,0.239157,0.448426,1.78512,0.174959,0.399085,0.169815,0.350373,1.09233,0.382572,1.28531,0.754167,0.430206
0.00258886,0.0785613,1.38446,0.906859,0.514219,0.214053,0.0897438,0,0.00528808,0.778631,0.315187,0.00110934,0.203866,0.47502,1.67063,0.38019,0.260119,0.140467,0.508914,0.981973,0.354197,1.33805,0.404851,0.494521
0.339257,0.55702,1.3801,0.797243,0.223178,0.528675,0.165447,0,0,0.2751,0.0687063,0.0942787,0.12588,0.534823,1.16934,0.388236,0.449689,0.189185,0.626121,0.816201,0.400466,1.16338,0.376267,1.17237
0.108061,0.793562,0.909176,0.286772,0.687246,0.607045,0.0565633,0,0,0.179307,0.210835,0.495462,0.0663338,0.255399,0.838884,0.109047,1.84083,0.34426,0.422527,0,0.782854,0.378284,0.373173,2.08985
0.234377,0.647386,0.0950375,0,1.56236,0.231167,0,0,0,0.0623324,0.599459,0.509935,0.195724,0.189197,0.481094,0.0325901,2.10917,0.0772218,0.352598,0.00188583,0.776783,0.0342414,0.414619,2.16357
0,0.0253467,0,0.0251139,2.12986,0.159697,0.00374835,0,0,0.055957,0.745663,0.30237,0,0.00720985,0.401549,0.0733572,2.09137,0.0460082,0.274673,0.00336642,0.799539,0.030596,0.449187,2.24593
0,0,0,0.0894746,2.33016,0.122761,0.0695495,0,0,0.126299,0.785023,0.120229,0,0,0.34307,0.0616803,2.05772,0.058391,0.265636,0.0630873,0.765676,0.0509979,0.453266,2.24203
0.250285,0,0.00627382,0.132666,1.95943,0.28464,0.139602,0,0.109317,0.677481,0.647979,0.0412465,0.291576,0.414432,0.397512,0.0476943,1.63939,0.138583,0.358869,0.84752,0.716874,0.372165,0.370786,1.70829
0.273063,0.0779997,0.238953,0.171586,1.12566,0.835363,0.00460161,0,0.315495,0.997552,0,0.0448052,0.370616,0.388934,0.924506,0.0346919,1.54087,0.31258,0.294114,0.994737,0.753406,0.524625,0.153624,1.97266
0.105972,0.543905,0.79748,0.126978,0.916767,0.904931,0,0,0.116443,1.05269,0,0.0420427,0.28105,0.506664,1.32844,0.0292932,1.4864,0.484868,0.223863,1.11006,0.686845,0.520627,0.135331,1.95691
0.107412,0.678561,1.15347,0.370285,0.130362,0.850572,0.0070824,0,0,1.25971,0,0.0443142,0.217177,0.514499,1.58533,0.131391,1.33841,0.709713,0.22234,1.04544,0.594961,0.609635,0.141839,1.89678
0.185511,0.659142,1.40496,0.423703,0.0379555,0.588932,0.129377,0,0.107549,1.39314,0,0.033086,0.061073,0.430485,1.56519,0.136607,1.47618,0.803804,0.131519,0.857482,0.456926,0.665724,0.470063,1.32064
0.319476,0.633497,0.987239,0.222305,0.869798,0.0320335,0.0771083,0,0.309722,1.09823,0.00428252,0.0158339,0.317011,0.198382,1.70885,0.0716735,2.13985,0.0896109,0.517481,0.291834,0.145273,0.439683,0.434857,1.21849
0.694233,0.444374,0.890624,0,0.766383,0.00684236,0.0929988,0,0.36068,1.49029,0.166772,0.0385606,0.484318,0.126402,1.63048,0.0181381,1.74822,0.0911035,0.786004,0.0635403,0.10062,0.553975,0.650105,0.927594
0.691055,0,0.305907,0,0.673633,0.0244608,0.0692058,0,0.302293,2.22199,0.409022,0.129477,0.197058,0.53494,0.941406,0.140872,1.28995,0.0946347,0.327132,0.0795814,0.086883,1.34944,0.58742,1.2788
0.0231161,0,0.0686596,0,0.627819,0.0607303,0.0536915,0,0.212433,2.49371,0.366538,0.235577,0.0124268,0.542479,0.940746,0.117473,1.19792,0.107742,0.270447,0.485681,0.277536,1.14694,0.549572,1.34532
0.000322037,0,0.720986,0,0.654978,0.0283112,0.185973,0,0.245634,2.22327,0.512425,0.415034,0.10354,0.418404,1.22829,0.132625,1.01602,0.0844088,0.326649,0.914094,0.544553,1.16787,0.305431,1.25735
0,0,0.990745,0.425672,0.700591,0.356662,0.0426304,0.00281683,0.169135,1.87881,0.00479423,0.576284,0.0797582,0.20973,1.48023,0.27615,1.30429,0.308284,0.340948,0.983431,0.616678,1.1918,0.0793663,0.839027
0.0269009,0,1.55064,0.820727,0.547123,0.585891,0.146303,0,0.364725,1.44688,0,0.144612,0.0554159,0.00821179,1.74988,0.335997,1.40311,0.276035,0.621314,0.999464,0.718008,1.00122,0,0.550106
0.534513,0.313789,1.69567,0.662472,0.145219,0.252946,0.181363,0,0.458647,1.06637,0,0.0124869,0.155473,0.158214,1.83159,0.213588,1.19095,0.108543,0.729819,0.965212,0.691244,0.993434,0.0366236,0.557633
0.68163,0.515023,1.70811,0.44429,0.0866895,0.060965,0.504121,0,0.126218,0.746269,0,0.00411758,0.712708,0.164125,1.6559,0.143244,1.07045,0.104609,0.908616,0.814417,0.34827,1.00211,0.268968,0.298753
0.978615,0.276494,1.26734,0.175175,0.818427,0.0424631,0.422095,0,0.0620347,0.588657,0.13296,0,1.26632,0.0786485,0.72727,0.0973251,1.65489,0.305953,0.777128,0.636903,0.0495513,0.68083,0.691139,0.0270522
0.763312,0,1.02009,0.00465289,0.623149,0.0466757,0.233411,0,0.178285,1.72567,0.348802,0,1.06705,0,0.508468,0.0670745,1.38206,0.290848,0.791232,0.748181,0.0612068,0.855293,0.829212,0.0293867
0.181599,0,0.41804,0.0139353,0.551161,0.0199373,0,0,0.243015,2.22812,0.327522,0.17572,0.653436,0.0219382,0.219625,0.0967047,1.36081,0.299181,0.771029,0.669926,0.0774944,1.0273,1.03884,0.067269
0.000489241,0,0.131726,0.000671748,0.856569,0,0,0,0.243372,2.33626,0.33345,0,0.0955042,0.582598,0.608215,0.0308897,1.26796,0.41829,0.473866,0.530408,0.0771723,1.05515,1.06334,0.475775
0.00127522,0,0.0740717,0.0567443,1.68259,0.368672,0,0,0.251638,1.89005,0.25988,0,0.248935,0.604406,1.29926,0.022988,1.26003,0.452252,0.133028,0.994493,0.248746,1.15329,0.674219,0.0184054
0.00121553,0,0.415919,0.205807,1.65965,0.742432,0,0,0.189254,1.68197,0.0161629,0,0.254713,0.316012,1.7276,0.0543677,1.33395,0.351907,0.291819,1.21002,0.325135,1.11068,0.425035,0.153919
0.00109743,0.254232,1.06824,0.482295,1.32977,0.728622,0.0100262,0,0.183398,1.31396,0.00363883,0.0717392,0.277109,0.589081,1.77548,0.146301,0.979356,0.30905,0.428288,1.29411,0.239924,1.00254,0.175839,0.302463
0.123407,0.641658,1.24986,0.244093,0.610579,0.689417,0.0977116,0,0.0176358,1.44028,0,0.145784,0.133226,0.517838,1.75559,0.0678717,1.4163,0.275471,0.521456,1.28413,0.2256,0.853059,0.12347,0.330215
0.292214,0.644315,1.18192,0.079371,0.192573,0.417034,0.178594,0,0.220265,1.34527,0,0.021032,0.208308,0.386838,1.13089,0.113164,1.73261,0.259483,0.315281,1.1515,0.0702253,0.739007,0.451624,1.02346
0.374591,0.610923,0.926011,0.0474097,0.882818,0.0288385,0.173469,0,0.298203,1.59816,0,0,0.709835,0.173777,0.799855,0.408946,2.07743,0.115297,0.627571,0.147683,0.0926309,1.2154,0.348588,0.505699
0.44976,0.592187,0.629623,0.023739,0.721933,0,0,0,0.398984,2.10622,0,0,0.898706,0.168447,0.719992,0.509563,1.47136,0.0444408,1.14632,0.0769858,0.116824,1.06859,0.26147,0.482867
0,0,0.22272,0.0082338,0.747652,0,0,0,0.422747,2.19747,0.102517,0,0.643297,0.427399,0.732375,0.268286,1.48543,0.0303742,0.908236,0.00142277,0.158642,0.929246,0.266766,0.478223
0.002711,0,0.219775,0.0214762,0.697931,0.337654,0,0,0.370516,1.54448,0.327208,0.00975958,0.334401,0.68493,0.821352,0.113678,1.5395,0.259783,0.210938,0.649706,0.568936,0.627044,0.49727,0.773053
0.00103878,0.0019873,0.292121,0.599908,1.31727,1.10014,0.0303511,0,0.636462,1.26353,0.565003,0.036105,0.000205525,0.747692,1.07294,0.408627,1.32883,0.438624,0.35074,0.877272,0.615224,1.20822,0.146639,0.584948
0.000433839,0.011789,0.569791,0.7474,1.05783,1.01566,0,0.00992968,0.561673,1.33316,0,0.00515873,0.0175258,0.450946,1.55675,0.412763,1.41825,0.41566,0.308341,0.886512,0.749856,1.33553,0,0.654221
0.00027351,0.369436,1.11302,0.553623,0.740322,0.817864,0,0,0.241481,1.60285,0,0.00535182,5.41145e-05,0.19233,1.7855,0.290617,1.43522,0.34468,0.425843,0.857245,0.750633,1.19203,1.98343e-05,0.663174
0.104252,0.438673,1.27615,0.813294,0.088015,0.61771,0,0,0,1.55858,0.0332694,0.00740278,0.028079,0.139797,1.75779,0.352206,1.41751,0.35552,0.575541,0.722784,0.75779,1.17395,0.0236731,0.630393
0.0293985,0.721777,1.56337,0.178572,0,0.622204,0.0191991,0,0,1.10039,0,0,0.0079181,0.205309,2.22658,0.0747575,1.21947,0.511637,0.452616,0.660337,0.692913,0.695163,0.218091,0.51822
0.0594495,0.690887,1.03175,0.148127,0,0.515226,0.137872,0.0362792,0,0.172745,0.523152,0.214119,0.0160119,0.811998,2.6509,0.0541116,0.0749525,1.16866,0.502723,0.132466,0.0142586,0.773515,0.417929,0.308208
0,0.673353,1.06516,0,0,0,0.0947689,1.32692,0.0273547,0.00810793,0.502938,0.148228,0,1.18488,2.19376,0.00807544,0,0.609585,0.55635,0.951681,0.0246642,0.757746,0.407203,0.109359
0,0.270186,1.09639,0,0.398712,0,0.107781,1.18738,0.581722,0,0.368756,0,0.0773764,1.67419,1.87536,0.0137588,0.138051,0.327186,0.565115,0.931405,0.25125,0.554709,0.388868,0.033975
0,0,0.989063,0.0420597,0.048603,0.0176099,0.13474,0.592072,0.978671,0.0816362,0.00933517,0,0,1.49572,2.27732,0.0254269,0.0168285,0.235154,0.399714,1.20525,0.387253,0.732974,0.687679,0.000278255
0.00706876,0,0.00829301,0.226165,0.482963,0.555996,0.178634,0.39299,1.2508,0.626961,0.0273627,0,0.00190388,0.503752,2.08669,0.0729181,0.167223,0.338698,0.112778,0.855685,0.48931,1.42253,0.727664,0.622194
0.0276641,0.407558,0,0.622665,0.889259,0.708156,0.234543,0.309948,0.911835,0.667875,0.0176642,0,0.00745094,0.380783,1.60091,0.200754,0.3079,0.257118,0.464874,0.606849,0.364019,1.65287,0.446207,1.28423
0.000943642,0.694279,0.790742,1.14748,0.34862,0.731468,0.280758,0,0.664407,0.828023,0.00139731,0,0.000186701,0.400552,0.902811,0.429105,0.34745,0.257829,0.434525,0.243558,0.327515,1.59941,0.0688611,2.28767
0.229072,0.637131,1.00344,0.803837,0.145801,0.271331,0.185519,0,0.528038,0.771976,0.0027409,0.00196919,0.0616974,0.447936,0.548466,0.412796,0.747448,0.109694,0.387702,0.0342214,0.260293,1.33631,0.0453743,2.67501
0.301945,0.564063,1.0205,0.497014,0.491851,0.112604,0.105446,0,0.198254,0.00210017,0,0.266672,0.0813247,0.160447,0.395012,0.375489,1.48261,0.0235663,0.512441,0,0.0992199,0.240806,0,3.40582
0.535808,0.518405,0.700725,0.487167,0.96429,0.0389322,0.147442,0,0,0,0,0.252505,0.144313,0.14746,0.211616,0.381893,1.61519,0.00814791,0.550007,0,0.0184871,0.769357,0.00132377,3.06746
0.804667,0.133698,0.665014,0,1.89146,0,0.193539,0,0.0631786,0.243652,0.397965,0.103644,0.216726,0.0380304,0.203877,0.20518,1.7596,0.00144594,0.471552,0,0.0431209,1.35534,0.122661,2.81297
0.344375,0,0.0767772,0,2.02857,0.0654789,0.0150839,0,0.357136,0.39753,0.528534,0.0177291,0.0927528,0,0.149086,0.155398,1.93646,0.0189378,0.25624,0,0.113851,1.54683,0.238344,2.55107
0,0,0.0628308,0.234514,1.47775,0.123194,0,0.0340323,0.265231,0.0182177,0.554385,0.0896196,0,0,0.199304,0.07561,1.75338,0.0366198,0.247373,0.00991557,0.0947741,1.05572,0.328465,2.53018
0,0,0.338442,0.259773,0.728927,0.134986,0.00202659,0.369545,0.127211,0.241837,0.483412,0.509153,0.092144,0.0424872,0.325382,0.302077,1.15959,0.178675,0.27725,0.391016,0.421763,0.813874,0.291999,2.7751
0,0,1.09158,0.248323,0.577814,0.319389,0.000216524,0.228967,0.313428,0.239458,0.042892,0.441418,0.0987865,0.318494,0.735776,0.252277,0.680735,0.293767,0.321341,0.470344,0.247199,1.32812,0.0540439,2.65012
0.0281329,0.11052,1.68944,0.212431,0.387615,0.358856,0.00378612,0.0951433,0.678926,0.255016,0,0.0761646,0.05248,0.351855,1.07576,0.236566,0.280895,0.247007,0.384083,0.179954,0.334672,1.71203,0.000271309,2.38672
0.40584,0.116593,1.56971,0.345541,0.164072,0.18795,0.0219319,0,0.559588,0.0559465,0,0.222138,0.109308,0.368751,1.15562,0.111406,0.402849,0.158133,0.295716,0.126257,0.275845,2.00486,0,2.08739
0.00196885,0.41446,1.28736,0.64821,0.242212,0.0726403,0.408954,0,0.0228183,0.164513,0,0.201232,0.000389541,0.458744,0.593178,0.20899,1.01568,0.0981679,0.166495,1.54468,0.0437951,1.63601,0.000421212,1.97842
0.394009,0.801693,0.164488,1.31492,0.986636,0,0,0.0341,0,0.0377373,0,0.342175,0.106097,0.536106,0.205596,0.423947,1.73512,0,0.00280852,1.82543,0.0345599,1.22077,0.000903786,1.69689
0.237396,0.31588,0,0.609161,1.95529,0.147642,0,0,0,0.304721,0.0897341,0.664247,0.0639396,0.278743,0.0871701,0.2003,1.85704,0.0552455,0.253914,2.00449,0.0353841,0.820849,0.0388436,1.5693
0,0,0,0.0866336,2.44376,0.0744939,0,0.021499,0.212184,0.366554,0.0104776,0.629567,0,0.0631956,0.0996822,0.0950809,1.9163,0.0278745,0.39976,2.08375,0.0800944,0.380268,0.101462,1.6857
0,0,0.00603649,0.0985584,1.87918,0.150518,0.0381667,0.335107,0.106877,0.366607,0,0.175869,0,0,0.537257,0.110009,0.742023,0.0707394,0.347089,2.235,0.0819792,0.342994,0.103503,1.94035
0.0782188,0,0.275142,0.143695,1.1475,0.386706,0.0538687,0,0.33347,0.43696,0,0.182705,0.0210672,0.0818705,1.04138,0.104762,0.394602,0.237018,0.162211,2.39431,0.167615,0.474035,0,2.25156
0.225002,0.13577,0.326607,0.358301,0.0555707,1.16499,0,0,0.353592,0.650821,0,0.0520141,0.0606012,0.188123,1.40474,0.184415,0.0302336,0.419784,0,2.57046,0.192327,0.446445,0.00534688,2.42904
0.188014,0.445703,0.761832,0.0996314,0.14009,1.22115,0,0,0.0751343,0.519668,0,0.0494401,0.050639,0.335333,1.2868,0.107183,0.170515,0.445115,0,2.73345,0.0534545,0.400962,0.0317608,2.25351
0.138069,0.646796,1.05516,0.0898219,0.386965,1.17753,0,0,0.14123,0.369305,0,0.130037,0.0371871,0.367843,0.669767,0.031996,0.421039,0.440614,0,2.91083,0.0789178,0.37318,0,2.23933
0.177987,0.531988,0.570103,0.0721953,1.21691,0.613257,0,0,0.135707,0,0,0.306571,0.0715823,0.151324,0.175295,0.0561138,1.6691,0.224094,0.120708,2.88233,0.0694606,0.061383,0.0483002,2.15792
0.409121,0.577868,0.428733,0.06716,1.56191,0.355265,0,0,0.105687,0,0,0.296804,0.126206,0.164374,0.128186,0.0638896,2.41896,0.177625,0.11261,2.61914,0.0543602,0.0359771,0.154464,1.87491
0.384469,0.0222436,0,0.0935224,2.62031,0,0,0,0,0.0183819,0.209507,0.479253,0.112836,0.00632717,0,0.155092,2.83098,0.0231269,0.0715087,2.09512,0.0175219,0.186989,0.243421,1.75017
0,0,0,0.0117469,2.31282,0,0,0.159186,0,0.511877,0.523688,0.0818647,0,0.00215096,0,0.10228,2.42467,0.0094767,0.0612445,1.35229,0.0279214,0.683416,0.325186,1.79679
0.116227,0.0903411,0.010008,0.441752,1.3879,0.0264929,0.000464603,0.286322,0,0.803463,0.347644,0.066304,0.0940549,0.14385,0.0380973,0.194998,1.32903,0.0853677,0.201556,1.36275,0.784482,0.769517,0.143987,2.19715
0.152245,0.00540881,0.620847,0.734126,0.121276,0.281642,0,0.0318265,0.149902,1.29315,0.304387,0.170059,0.0480254,0.438167,0.944131,0.23356,0.25757,0.325549,0.0129324,1.97356,1.04702,0.786366,0.438154,1.91527
0.387998,0,0.67971,0.572954,0.359835,0.413617,0,0,0.357702,1.28031,0.0201721,0,0.104502,0.374066,1.07427,0.193122,0.108709,0.505008,0,2.23638,0.864039,0.749538,0.333939,1.88766
0.35423,0.439145,1.05813,0.978686,0.407172,0.32692,0,0,0.181134,1.09122,0.010241,0,0.095378,0.304569,1.04033,0.359578,0.121614,0.495861,0,2.27441,0.385426,0.724064,0.241821,1.58523
0.162003,0.398938,1.34003,0.987049,0.182374,0.253859,0,0,0,0.617322,0.000453157,0.00197817,0.0888695,0.157294,1.82909,0.371994,0.0494577,0.375711,0,1.956,0.00550163,0.563882,0.343745,1.36377
0.235098,0.61881,1.14149,0.664584,0.0396918,0.212095,0.282865,0.115457,0.474805,0,0,0.0200722,0.0632219,0.22684,2.7483,0.269473,0.100568,0.324045,0.115161,1.55832,0.259996,0.683266,0.298205,0.810965
0.623935,0.775088,0.684438,0.268875,0.0448104,0.0135245,0.0437503,1.55809,0.490346,0,0,0.182715,0.168049,0.259399,2.14671,0.194453,0.37046,0.00283048,0.0128595,1.73617,0.277021,1.36034,0.166088,0.132204
0.788442,0.596114,0.126134,0,0.0849031,0.00975388,0,2.1594,0.040212,0,0.254865,0.279393,0.212356,0.169564,1.97523,0.140601,0.519154,0.00204134,0,1.71632,0.0574809,1.70854,0.154932,0.0719909
0,0.0133576,0,0.0302741,0.10271,0.0226544,0.0285165,2.2985,0.00475654,0.272933,0.627063,0,0,0.00379957,1.8152,0.0897112,0.364049,0.00474121,0.260271,2.0339,0.0386678,1.6652,0.853829,0.139258
0.258366,0.505204,0.0097109,0.113568,0.124118,0.0345276,0,2.20189,0,0,0.243331,0.166288,0.105542,0.514911,1.86374,0.103464,0.147881,0.00722609,0.287373,1.71958,0.0327493,0.565553,1.51191,0.292622
0.547254,0.0810823,0.571772,0.224377,0.434351,0.086677,0.118507,1.49882,0.111993,0,0.333325,0.0238261,0.190533,0.159192,1.98807,0.0814234,0.317656,0.0181402,0.396802,1.31536,0.0556161,0.332553,1.17049,0.42722
0.794009,0.501267,0.714672,0.442304,0.335703,0.2635,0.172395,0.830583,0,0.041517,0.3015,0,0.357039,0.218798,1.61859,0.187436,0.235455,0.0976883,0.831553,1.13268,0,0.988832,0.474767,1.09133
0.909694,0.711547,1.07645,0.616714,0.21678,0.341211,0.120287,0.420668,0.0817018,0.0502331,0,0.00256145,0.340655,0.218878,0.905735,0.276515,0.13894,0.192383,0.75155,1.29421,0.0402744,0.966209,0.00515784,2.06928
0.930291,0.751906,1.01926,0.402115,0.0279898,0.14101,0.0111478,0.411696,0.481242,0.00889958,0,0.0419813,0.255656,0.246067,0.32431,0.277372,0.0518777,0.240025,0.409949,1.82654,0.237225,0.312326,0,2.54822
1.15791,0.644566,0.740031,0.293839,0,0.0517718,0.133099,0.401895,0.0802804,0,0,0.0725382,0.422166,0.189063,0.310526,0.207085,0.0146381,0.373039,0.403279,1.66275,0.0395737,0.0300853,0.00250376,2.71043
2.0593,0.802558,0.272594,0.314863,0.0306937,0.00339488,0,0.766188,0,0,0,0.0411956,1.04965,0.228287,0.195605,0.128194,0.00630134,0.00584318,0.298361,1.26301,0,0.85044,0.243583,2.26324
1.6968,0.616394,0,0.429219,0.0822722,0.00929216,0,0.835717,0,0,0.10546,0.230904,1.15435,0.175333,0.0504984,0.138385,0.0405776,0.050337,0.163917,1.39421,0.013334,1.9359,0.296524,1.30075
0.887853,0.931741,0,0.0506463,0.104258,0,0,1.14436,0,0.317093,0.00853276,0.550676,0.797739,0.360187,0.227782,0.14988,0.489963,0.0601645,0.1855,1.63754,0.0382776,2.22855,0.0680778,0.25643
0.851378,0.98559,0,0.210557,0.104844,0.126889,0.0195613,0.480621,0,1.0513,0.0455184,0.35574,0.229307,0.447589,0.258604,0.4225,0.55619,0.047324,0.495605,1.92899,0.0340174,2.06589,0.0281348,0.0914821
0.967274,0.482962,0,0.125471,0.114636,0.607915,0.0756226,0.304805,0.260551,1.03706,0.00326243,0.263005,0.308301,0.418349,0.291118,0.38966,0.686439,0.207177,0.550323,1.95622,0.129997,2.0327,0.133786,0.112388
0.814834,0.207196,0.387689,0.0105568,0.170574,0.829853,0.0254798,0.316263,0.412571,0.90628,0.0103836,0.00264262,0.280953,0.205546,0.324893,0.275116,0.754491,0.284072,0.55026,1.83861,0.203374,2.24331,0.317445,0.105526
1.01037,0.111903,1.08678,0.263605,0.151861,0.649006,0.105711,0.283309,0.356892,0.548947,0.00276771,0.00390145,0.289435,0.14935,0.336755,0.339012,0.943994,0.227668,0.579194,1.53128,0.175927,2.28555,0.126634,0.155738
0.87735,0.654757,1.12978,0.77089,0.115191,0.163005,0.40641,0.235951,0,0.0830752,0,0.0514896,0.236302,0.19476,0.358225,0.456813,1.22596,0.151134,0.612747,1.2291,0,2.61434,0.0139927,0.0570754
0.524304,0.93543,0.555664,0.711265,0.00457194,0.180152,0.611403,0.189072,0,0.147253,0.168964,0.31123,0.506023,0.300893,0.396483,0.539759,0.536309,0.204536,0.351145,1.67417,0,2.21443,0.18749,0.285396
0.607722,1.02417,0.077419,0.477409,0.0055118,0.0837648,0.460432,0.174196,0,0.216698,0.199967,0.38564,1.1301,0.291323,0.34808,0.421219,0.0396067,0.0805255,0.168129,2.28206,0.27737,0.727203,0.116982,0.439164
1.39453,0.875301,0,0.0732249,0.0347459,0.101401,0.0686882,0.889416,0,0.177608,0.0488438,0.368413,1.42987,0.495843,0.421735,0.186102,0.0329424,0.0212216,0.0147127,2.58156,0.29395,0.0975665,0.075152,0.477681
2.03097,0.489545,0,0,0.0604789,0.0966386,0.0569179,0.849892,0,0,0,0.145197,1.50764,0.664544,0.458078,0.0510555,0.0124162,0.0234596,0.0121916,2.71065,0.149962,0,0.0111946,0.491635
1.8371,0.00938544,0.00597346,0,0.112923,0.155204,0,0.146991,0.268086,0.0229029,0.00108515,0.150513,0.764341,0.482668,0.683864,0.00184157,0.0231829,0.0958866,0,2.84954,0.155911,0.0125814,0.0237114,1.19007
1.09987,0.0123866,0.323765,0.195455,0.645523,0.484935,0,0,0.446684,0.157178,0,0.0189915,0.488626,0.285562,1.32469,0.0630169,0.463658,0.176492,0,2.85355,0.311041,0.0863437,0.0133971,1.06422
0.682277,0.0113313,0.758906,0.881555,1.05599,0.539646,0,0,0.575582,0.321016,0.0734941,0.439455,0.282757,0.214583,1.64642,0.284223,0.645284,0.35084,0.011095,2.84785,0.47442,0.176346,0.018012,0.917932
0.731129,0.0111232,1.16595,0.91445,0.69784,0.40777,0,0,0.654298,0.0931394,0.0933821,0.767423,0.19692,0.164904,1.57113,0.294829,0.366715,0.535118,0,3.1351,0.34869,0.0720011,0.0228862,1.11354
0.335114,0.00523971,1.37347,0.568653,0.207666,0.326627,0,0.0294093,0.621654,0,0,0.967579,1.17898,0.0564458,1.19543,0.178272,0.0719028,0.659626,0,3.03679,0.32665,0,0.00185256,0.808948
0.503193,0,1.0207,0.208426,0,0.0741387,0,0.350611,0.597461,0,0,0.752548,1.85529,0,0.999164,0.0620054,0,0.102213,0.00282101,3.28006,0.311402,0,0.00222058,0.591909
1.72464,0.0926298,0.497875,0.235137,0.0338649,0.0607192,0,0.397274,0.350586,0,0,0.515227,1.87126,0.288376,0.884835,0.0727031,0.0129372,0.017385,0.00140359,3.19109,0.183826,0,0.00123876,0.517774
2.20837,0.165274,0,0.0102086,0.0801975,0.0557121,0,0.595208,0,0,0,0.298254,1.6232,0.777339,0.832734,0.00206401,0.0210956,0.0311679,0,3.29645,0.00738188,0,0.0219474,0.388815
2.14221,0.373823,0,0,0.100256,0.146103,0.0264775,0.362742,0.0544329,0,0.000627338,0,1.58021,0.862902,0.867899,0,0.0205823,0.0829722,0.0739548,3.26257,0.0185275,0,0.0382914,0.23017
1.19027,0.01277,0.33791,0.146395,0.136982,0.403254,0,0.0706469,0.119513,0.373336,0.277292,0.128997,0.713283,0.811624,1.25717,0.20294,0.0591909,0.178861,0,3.19783,0.0658337,0.205087,0.183025,0.457314
0.69235,0.00278284,0.802141,0.208217,0.200581,0.245625,0,0,0.497803,0.81015,0.0681442,0.00905244,0.621492,0.394153,1.47831,0.0891386,0.20765,0.108968,0.138761,2.61302,0.269841,0.639293,0.134807,0.458897
0.860065,0.181757,0.767256,0.450869,0.226621,0.184345,0,0.119992,0.587996,0.728701,0,0.0107896,0.434128,0.502093,1.07834,0.176488,0.309002,0.0790601,0.365175,2.39312,0.321976,0.770287,0.00043675,0.473003
0.738139,0.627678,1.0877,0.831209,0.340607,0.0966644,0,0.272653,0.505252,0.407027,0,0.1139,0.198808,0.799456,0.786133,0.269904,0.437826,0.0294226,0.898621,2.32225,0.249061,0.553937,0.000360925,0.502017
0.712094,0.634317,1.0891,0.278501,0.212904,0.00367377,0.0823233,0.326083,0.429866,0.133867,0,0.633056,0.191793,0.898732,0.701158,0.0854471,0.842737,0.000768863,1.3042,2.31558,0.211899,0.248284,0.052424,0.654097
0.291767,0.650748,1.10333,0.121672,0.517238,0.0894095,0.020741,0.299686,0.0555257,0.774995,0,0.848996,0.0785836,1.12121,0.495495,0.421001,1.34279,0.175178,1.20985,2.1352,0.012613,0.588192,0.154265,0.263123
0,0.414974,0.662897,0,0.832361,0.0424035,0,0.0793323,0.297319,1.53882,0.0507616,0.729535,0,0.518723,0.261887,0.613285,1.4028,0.0258744,0.683005,1.5173,0.0767536,1.37225,0.269587,0.951397
0,0.0803377,0.391712,0,1.01204,0,0,0,0.421284,2.30045,0.590481,0.199288,0,0.651548,0.193881,0.00571884,1.8759,0.460097,0.0104827,1.02126,0.4582,1.59639,0.331152,1.21113
0.000503967,0,0,0,0.500472,0,0,0,0.202175,1.99083,0.541462,0,0.161063,0.554628,0.17661,0,2.68833,0.285842,0,0.140117,0.541649,1.48653,0.155812,1.05119
0.000579423,0,0.11414,0.624619,0.467183,0.519782,0,0,0.098205,1.95045,0.457159,0,0.113109,0.17751,0.334437,0.201384,2.93485,0.223698,0,0.261749,0.578568,1.38981,0.293933,0.930907
0.0011236,0.00820043,0.538003,0.895891,1.0168,0.671263,0,0,0.00182843,1.59431,0.0189128,0,0.128574,0.00162684,0.775102,0.288845,2.8056,0.262195,0,0.690392,0.560631,1.20193,0.313096,0.84436
0.00323086,0.00960089,1.1551,1.06982,0.934899,0.493808,0.0343702,0.0351196,0,1.43011,0.00980786,0,0.0414461,0.00190467,1.09756,0.344922,1.86317,0.188317,0.00736197,0.872485,0.557628,1.38794,0.166541,0.971096
0.00316296,0.200491,1.84921,0.909584,0.291314,0.277271,0.142548,0,0,1.30859,0.0145874,0,0.00793237,0.0728896,1.35787,0.29326,1.44585,0.108574,0.0817344,0.960239,0.415055,1.3696,0.0740397,0.939173
0.00216715,0.339606,2.12159,0.572743,0,0.155153,0.0668566,0,0,0.751886,0,0,0.000428775,0.283648,1.29124,0.209564,1.23209,0.23409,0.0143204,1.08117,0.189754,1.83118,0.147571,0.921174
0.223483,0.285655,2.44332,0.331692,0,0.0572803,0.11689,0,0.091724,0.354064,0,0.0789863,0.0601147,0.0812419,1.54838,0.141713,0.737721,0.102739,0.0666439,1.20046,0.136852,1.86834,0.221602,0.839732
0.672226,0.029455,2.31325,0,7.89979e-05,0.0141168,0.429751,0,0.452652,0.354943,0.193624,0,0.181055,0.380124,1.19858,0.063811,0.291699,0.0673572,0.223971,1.71477,0.281411,1.91811,0.279429,0.885429
0.507866,0.195962,2.01481,0.461451,0.0419467,0.0312983,0.0643836,0,0.382957,0.365564,0.415623,0,0.136787,1.02542,1.28229,0.169648,0.282787,0.017098,0.0963678,1.45117,0.165762,1.9655,0.333188,0.847505
0,0.430593,1.69683,0.881331,0.041836,0.0943424,0,0,0.284708,0.574382,0.275344,0,0,0.898811,1.03914,0.286919,0.185269,0.0197444,0.253765,0.984136,0.0924845,2.51815,0.382714,0.677785
0.0519827,0.435089,1.35964,0.239372,0.110955,0.0335916,0,0,0.0807452,1.20152,0.240804,0.00701475,0.526609,0.75411,0.909701,0.0670688,0.085056,0.0230095,0.413581,0.866117,0.0810548,2.63518,0.213953,0.585328
0.0206951,0.377219,0.781247,0.271288,0.0852251,0.194454,0.0827663,0.20993,0.00616341,1.58945,0,0.00916655,0.61839,0.318013,1.44959,0.0740657,0.063522,0.0857758,0.447446,0.814573,0.377816,2.33196,0.00050773,0.490982
0.00619814,0.461123,0.942651,0.448703,0.0998047,0.463437,0.106712,0.0690624,0.0779978,1.53081,0,0.0114654,0.44628,0.235962,1.86662,0.132489,0.177042,0.176514,0.549432,0.788416,0.400474,2.22512,0.000478066,0.599362
0.320865,0.584665,1.47543,0.676047,0.0763494,0.417876,0.256595,0,0.317687,0.869142,0,0.0125426,0.356833,0.239771,1.93815,0.212138,0.354294,0.150838,0.647323,0.795447,0.46163,2.0672,0.00106145,0.820981
0.575659,0.501773,1.74107,0.196968,0,0.372836,0.28012,0,0.318316,0.195691,0,0.00941118,0.222552,0.26885,1.84482,0.0635048,1.00999,0.319517,0.294301,0.603293,0.222114,1.9812,0.285424,0.923966
0.484899,0.214108,2.06803,0.0752082,0.0382729,0.00900209,0.0933234,0,0.164136,0.193876,0,0,0.166668,0.150688,2.275,0.142372,0.63731,0.0298102,0.0294373,0,0.168363,2.04245,0.344564,0.649097
0.352406,0.338801,2.1332,0.112038,0,0,0.0139014,0,0.0606734,0.381006,0.00284008,0,0.107523,0.15686,2.4254,0.312715,0.441097,0.0978115,0.0907901,0,0.0764671,2.03824,0.307406,0.447248
0,0.354244,2.50108,0.167362,0,0,0,0,0.107034,0.408216,0,0,0,0.150275,2.30161,0.225329,0.433999,0.078453,0.404176,0.00609339,0.0617536,2.07986,0.271083,0.394651
5.63015e-05,0.221831,2.45028,0.140232,0,0,0.000464855,0.172342,0.10538,0.871033,0.0222844,0,1.11394e-05,0.34697,2.31926,0.10172,0.12157,0.11691,0.163288,0.631726,0.0579151,2.03815,0.25621,0.458128
0.00495023,0.0384847,1.28693,0.0685033,0.0639696,0.0513956,0.189035,0,0.0405955,1.39748,0.344827,0.00425464,0.477599,0.396758,1.72869,0.0173656,0.106997,0.0718303,0.283465,0.558906,0.232627,1.95921,0.3129,0.552196
0.00447294,0.395382,0.419636,0.154553,0.49872,0.0652622,0.101538,0,0.0459149,1.09099,0.0719285,0.00175103,0.691027,0.450451,1.73477,0.0312481,0.412946,0.0765311,0.337235,0.95886,0.324614,1.78199,0.0933836,0.235461
0.00336822,0.985572,0.339095,0.469541,0.41695,0.191458,0.0147758,0.29267,0.0937492,0.533816,0.172855,0.000163976,0.735613,0.562044,1.64897,0.138052,0.521259,0.144184,0.519442,1.07503,0.372806,1.62666,0.14035,0.200048
0.00233091,0.719381,1.07866,0.618928,0.244295,0.208603,0.0355213,0.563293,0.039742,0.148915,0.279259,0.00037628,0.578924,0.478616,1.7271,0.192648,0.311902,0.181764,0.562321,0.890555,0.335958,1.51904,0.20081,0.31961
0,0.254853,1.40674,0.677112,0.0472253,0.158413,0.0503373,0.605644,0,0.132668,0.275925,0,0.251539,0.107634,1.66546,0.239534,0.379878,0.168627,0.575165,0.766155,0.0509996,2.30468,0.422534,0.460329
0,0.0594086,2.26736,0.632722,0,0.0446495,0.0789135,0.458459,0,0.128327,0.00892752,0.0068989,0.179108,0.152466,1.77013,0.231176,0.384381,0.142449,0.635424,0.635577,0.0154662,2.00003,0.355315,0.479229
0.00015159,0.00219685,2.46423,0.617212,0,0.0168439,0.0148207,0.0729795,0.0991729,0.131273,0.0574884,0.287021,0.159875,0.348467,1.89697,0.227201,0.343136,0.193116,0.525545,0.281401,0.0677627,1.79688,0.386532,0.826433
0.000202583,0,2.20651,0.824984,0,0.0049116,0,0,0.0296591,0.481564,0.269621,0.0928685,0.0669101,0.479145,1.80265,0.3621,0.319537,0.180632,0.400012,0,0.0339625,1.79298,0.419709,1.11544
0,0,1.95341,0.806299,0,0.124866,0.158881,0,0.0242167,1.29947,0.283804,0.0215886,0,0.464377,1.8403,0.274029,0,0.129388,0.800088,0,0.0568215,1.69776,0.414076,1.09262
0.00228184,0.000573629,1.60353,0.159262,0.906339,0.0477256,0.28357,0,0.0292717,1.21514,0.896397,0.0174091,0.171152,0.370223,1.9516,0.292196,0.355321,0.0616975,0.834651,0.423125,0.196815,1.28579,0.574091,0.79287
0.0022668,0.0037891,1.85413,0.503209,0.984629,0.254516,0.0712762,0.0229266,0.0268946,0.874219,0.886712,0.0124706,0.285394,0.0805019,2.18766,0.250112,0.403601,0.161801,0.706001,0.789752,0.209184,1.09029,0.548075,0.634057
0.00228616,0.328979,1.89764,0.728909,0.407098,0.118281,0.0809035,0,0,0.7509,0.666378,0.0207769,0.305024,0.0979156,2.26904,0.316069,0.230123,0.0625009,0.521613,1.05887,0.201254,1.15281,0.411887,0.719239
0.00201678,0.529366,1.93349,0.632859,0.0844764,0.0690171,0.0918805,0,0,0.424367,0.370545,0.0157491,0.249132,0.2698,2.21403,0.312574,0.188653,0.0282607,0.715978,1.12258,0.12064,1.12418,0.345076,0.670188
0.0569733,0.522907,1.91406,0.221977,0.172911,0.407134,0.129378,0,0,0.0450198,0.196265,0.0535155,0.0455238,0.276299,0.892805,0.363311,1.50784,0.155704,0.503132,1.01107,0.0179478,1.08084,0.401993,1.56747
0.427404,0.242791,1.15626,0,1.32507,0.243039,0.111621,0,0,0,0.147574,0.528966,0.210139,0.0912999,0.349187,0.706379,2.54354,0.0999831,0.354553,0.871951,0.0317291,0.248266,0.363481,2.21146
0.142142,0,0.632404,0,2.27091,0.219582,0.118791,0,0,0,0.281237,0.699425,0.3209,0.0156876,0.190983,0.799669,2.52623,0.117208,0.313193,0.821361,0.0629117,0.126418,0.42124,2.13583
0.00293305,0,0,0.325565,2.59809,0.0964059,0.128077,0.153819,0,0,0.431413,0.473029,0.572559,0.0149578,0,0.531925,2.48185,0.0964508,0.275653,0.814192,0.0858054,0.0595479,0.328788,2.11546
0.00293836,0,0.00332356,0.192841,2.23373,0.170956,0.149097,0,0.0293092,0.386801,0.827086,0.0273565,0.573593,0.0583423,0.0129859,0.133023,1.96202,0.132194,0.238193,1.05473,0.0372138,0.212484,0.459899,2.31299
0.189165,0.00414653,0.149958,0,0.7949,0.808356,0,0,0.27848,0.835368,0.565455,0.0355462,0.430698,0.337549,0.388704,0,1.20897,0.342042,0.138861,1.48965,0.437115,0.458898,0.469949,2.50654
0.342779,0.128241,0.394452,0.0555323,1.11257,1.04077,0,0,0.0835504,0.956267,0.107065,0.0337467,0.542103,0.377936,0.768922,0.0112277,1.40173,0.395125,0.112282,1.43175,0.757589,0.49156,0.129159,2.18037
0.257205,0.625779,0.817499,0.133788,0.558663,0.891394,0,0,0,1.19051,0,0.0381259,0.524455,0.398297,1.09848,0.0665671,1.38579,0.619955,0.050271,1.23585,0.830442,0.605069,0.0839473,2.05757
0.255973,0.714892,1.15685,0.424948,0.0799824,0.636674,0,0,0,1.47911,0,0.0386871,0.311096,0.358809,1.26993,0.165832,1.43879,0.702939,0.050537,1.14509,0.750105,0.746758,0.123107,1.79891
0.214053,0.679294,1.07516,0.397425,0.132507,0.414189,0.0517793,0,0,1.34932,0,0.0215931,0.126405,0.24085,0.605137,0.130262,2.4441,0.589827,0.0678298,0.699122,0.00119124,1.00612,0.36526,1.23535
0.354938,0.728611,0.867311,0.209272,0.800205,0,0,0,0,1.4587,0.129677,0,0.827395,0.267803,0.61695,0.0674716,2.89987,0.0348494,0.0382924,0.0630422,0.000395299,0.86561,0.819333,0.865588
0.712195,0.250581,0.421834,0.0145317,0.537021,0,0,0,0.102235,1.53855,0.603922,0.0131963,0.19182,0.412938,0.389813,0.0204139,2.75148,0.060157,0.0640797,0.0819669,0.0334472,1.15822,0.938066,0.464615
0.308847,0.0916128,0.116431,0.0122061,0.413087,0,0,0,0.490725,1.84951,0.853999,0,0.0831838,0.728315,0.0747734,0.0275883,2.6973,0.0676614,0,0.0605914,0.139283,1.64261,0.986953,0.262573
0,0,0.408507,0,0.589497,0,0,0,0.49782,1.44883,0.632735,0.118815,0,1.01262,0.333806,0.0340856,2.43913,0.060573,0.41488,0.540219,0.234633,1.03674,0.424007,0.0468586
0,0.0509386,0.631503,0,0.974156,0,0,0.00786379,0.421178,1.19667,0.469527,0.23273,0.00624574,1.1888,0.955264,0.0759541,2.06396,0.0633558,0.427075,1.16616,0.213882,0.782348,0.22139,0.274122
0,0,1.13049,0.553651,0.895079,0.13995,0.050103,0.0461039,0.168508,0.935782,0.363858,0.150107,0,0.519773,1.29498,0.290266,2.04346,0.10817,0.498396,1.14731,0.264349,0.760709,0.236176,0.43148
0.230065,0.248165,1.63104,0.900952,0.570076,0.0763802,0.181235,0,0.0164038,0.817562,0.34969,0,0.0841746,0.381641,1.51174,0.388044,1.68926,0.0412128,0.697891,1.09294,0.197993,0.883538,0.228736,0.461863
0.416492,0.599951,1.72532,0.783185,0.173563,0.0587615,0.190294,0,0,0.694144,0.1972,0.00190286,0.169464,0.36448,1.69064,0.2921,1.40238,0.015529,0.818179,1.15721,0.0142236,1.04012,0.221231,0.499351
0.0322365,0.755408,1.34531,0.415693,0.31112,0.138577,0.21405,0,0,0.648798,0.056641,0.304253,0.0159334,0.301688,1.14253,0.191724,1.69642,0.238954,0.737945,1.04132,0.00641877,1.40547,0.461598,0.441129
0.0333446,0.879821,0.498848,0.0914335,0.893744,0.0690282,0.0860979,0,0.00810582,0.871592,0.559188,0.128361,0.00898093,1.10658,0.31323,0.238263,1.76417,0.263215,0.516429,0.76687,0.0110928,1.77792,0.727398,0.39618
0,0.765329,0.0726577,0,0.974892,0,0,0,0.0637413,2.1793,0.720041,0,0,1.28312,0.11024,0.245668,1.35812,0.237537,0.424276,0.712964,0.0260789,2.28379,0.804091,0.251491
8.49478e-05,0.121578,0.131113,0,0.873313,0,0,0,0.260928,2.28129,0.351289,0,0.0165826,1.09328,0.309994,0.0951197,1.24075,0.413586,0.347687,0.556482,0.0796934,2.35243,0.57264,0.0223681
0.000349326,0,0,0.89488,0.649744,0.0966461,0,0,0.250513,2.44416,0.140645,0,0.0681915,0.489451,1.05539,0.289688,1.05837,0.497351,0.155869,0.555765,0.0804742,2.42549,0.405821,0.0227447
0,0.00304603,0.214279,0.38204,1.74131,0.557098,0,0,0.314476,2.05988,0.0174155,0,0.00218553,0.129059,1.2428,0.123174,1.22165,0.389916,0.321297,1.09663,0.0868594,1.90122,0.508583,0.0583992
0,0.145764,0.395136,0.557795,2.03875,0.504572,0,0.00115761,0.450882,1.7814,0.110559,0,0.0979082,0.32096,1.4018,0.181859,1.19548,0.245862,0.426777,1.38775,0.109781,1.89933,0.304116,0.290934
3.55359e-05,0.501826,0.965429,0.310427,1.50088,0.530275,0.146285,0,0.273607,1.42752,0.00807657,0.00335369,0.129957,0.307934,1.47046,0.100974,1.24153,0.211594,0.563492,1.44679,0.0679406,1.69239,0.243419,0.420763
0.00582709,0.526677,1.12533,0.0758955,0.737595,0.306279,0.262388,0,0.35321,1.13037,0.00612812,0.0102135,0.00156945,0.151925,1.48805,0.0234109,1.65497,0.14442,0.495489,1.09783,0.0940242,1.92997,0.281497,0.808209
0.153337,0.440109,0.950638,0.0513597,0.805983,0,0.333519,0,0.222747,0.725344,0,0,0.04988,0.162161,0.766702,0.0186612,2.7375,0.0396134,0.362736,0.300748,0.0649041,1.6233,0.44088,0.0754437
0.378862,0.514385,0.823212,0.0337314,0.711838,0.0508491,0.326931,0,0.209697,1.18552,0,0,0.328891,0.183093,0.758071,0.0108527,2.5932,0.131266,0.414349,0.247917,0.0620111,1.52183,0.41786,0.000278122
0.131578,0.484928,0.715959,0.0141996,0.690664,0.0472357,0,0,0.207488,2.04363,0.000187615,0,0.321382,0.236359,0.686243,0.0109891,2.39565,0.113209,0.341486,0.208287,0.0629911,1.62851,0.372801,0.000234897
0,0,0.0877194,0,0.778334,0.00663868,0,0,0.210985,2.15981,0.302846,0,0.2717,0.380723,0.439879,0.0339954,1.95332,0.184235,0.318262,0.00352037,0.0693727,1.83962,0.363368,0.000184842
0.182482,0.000538922,0.0346556,0.673712,0.881404,0.513744,0,0.0765537,0.185213,0.874385,0.487005,0.364116,0.293301,0.51329,0.674681,0.37931,2.0576,0.30262,0.318222,0.0365722,0.0716224,1.82744,0.215109,0.267481
0.000793398,0.00508959,0.318911,1.18454,0.509167,1.22989,0,0,0.263682,0.779593,0.334293,0.202551,0.208508,0.52692,0.896567,0.622973,1.8316,0.514826,0.328048,0.492301,0.46273,1.47951,0.081929,0.316911
0.000811584,0.139495,0.909329,0.500339,0.532628,1.06266,0,0,0.128617,0.987468,0,0,0.210893,0.259811,1.12527,0.322943,1.78005,0.586863,0.306874,0.744566,0.736206,1.20584,0,0.603264
0.149317,0.613577,1.28335,0.597042,0.10761,0.808778,0,0,0.0218962,0.979968,0.0837539,0.00194613,0.205717,0.230934,1.37635,0.319513,1.71061,0.548491,0.494174,0.717785,0.733211,1.01751,0.0517681,0.61656
0.329561,0.564905,1.19374,0.839691,0.0921267,0.426207,0.339742,0,0,0.606631,0.347292,0,0.0887629,0.160174,1.31645,0.385821,1.76161,0.524208,0.8429,0.593276,0.388059,1.39929,0.255069,0.298639
0.403641,0.735748,0.927859,0.705196,0.0895856,0.385558,0.516618,0,0.117681,0.278408,0.186947,0,0.108715,0.711502,1.83315,0.23849,1.58414,0.600687,0.673178,0.615258,0.0308365,0.701631,0.455899,0.0752127
0.407441,0.871719,1.08003,0.421082,0.0774406,0.110701,0.489334,0.94451,0.268325,0.116306,0.189351,0,0.232131,1.15911,1.60262,0.135762,0.509884,0.0304315,0.70886,1.68861,0.0671315,0.417447,0.444779,0.222986
0.453987,0.481339,0.916933,0.0589417,0.0118887,0.0409151,0.435413,1.7758,0.411763,0.134369,0,0,0.255351,1.01454,1.35472,0.0231989,0.045428,0.0159708,0.708014,2.18293,0.109658,0.379777,0.337314,0.152153
0.0336269,0.0930529,0.939238,0,0,0.00772008,0.341868,1.78268,0.367297,0,0,0,0.12152,0.891304,1.28355,0.0168233,0.0194458,0.298358,0.575641,2.56227,0.106943,0.129677,0.264054,0.153237
0,0,0.989817,0.460492,0,0.0152287,0.196848,1.62904,0.227502,0.0183378,0.00660604,0,0.105236,0.916242,1.19561,0.151696,0.00232302,0.32421,0.294951,2.61559,0.0745178,0.164647,0.230751,0.774993
0,0.0925371,0.0135469,1.16407,0.632552,0.0877029,0.210101,0.502242,0.431971,0.350226,0,0,0,0.656282,1.22865,0.37531,0.219017,0.266917,0.107574,2.53234,0.13499,0.923232,0.015328,1.68199
0.187056,0.502187,0.723332,1.19716,0.161057,0.136536,0.147699,0.316499,0.287572,0.330775,0,0,0.050381,0.509699,0.694494,0.385978,0.0557649,0.257776,0.154354,2.19488,0.0737473,1.29138,0.028388,2.20997
0.23742,0.911239,1.07547,0.43736,0.0970881,0.804648,0.155026,0.16126,0.611234,0.381964,0.00780134,0,0.0639458,0.661393,0.448045,0.14101,0.150377,0.298456,0.25353,1.51347,0.252752,1.2783,0.177114,2.47065
0.246293,0.669469,1.1836,0.0359768,0.0994305,0.783907,0.157494,0,0.537445,0.172979,0,0.0273247,0.0663177,0.70984,0.473909,0.0165635,0.541728,0.277457,0.426046,0.546061,0.26493,0.890577,0.0504877,3.23257
0.00165194,0.431024,0.811202,0.0722957,0.504371,0.386428,0,0,0,0,0,0.191815,0.00032684,0.122093,0.297377,0.0661941,1.22983,0.128894,0.38611,0.387917,0,0.63905,0.17429,3.26935
0.787043,0.482302,0.609236,0.0858191,1.27886,0.228026,0,0,0,0,0.226185,0.158466,0.211979,0.137191,0.183987,0.0276691,1.83927,0.0905098,0.196624,0.0914607,0,1.33187,0.364374,2.55507
0.908063,0,0,0.39203,2.12066,0,0.170907,0,0,0.147784,0.743041,0.0955334,0.244575,0,0.0328367,0.436397,2.1355,0.0171419,0.0870587,0,0.154393,1.74977,0.41801,1.8377
0.080442,0,0,0.247271,2.16083,0.0178922,0,0.0352209,0.396015,0.141182,0.617525,0.0313959,0.021666,0,0,0.34775,2.56951,0.231356,0,0.00775288,0.444575,1.51598,0.372541,1.52258
0,0,0.0226081,0,2.00059,0.0795685,0,0.0831898,0.321476,0.505184,0.555665,0.0286681,0.0239016,0,0.162335,0,2.23381,0.152653,0.216734,0.061079,0.284383,1.2822,0.519053,1.84133
0,0.0713468,0.638579,0.0508638,1.29017,0.0881435,0,0,0.0417698,0.720367,0.382195,0.0627088,0.231306,0.091733,0.565489,0.0102838,1.75352,0.0302888,0.297354,0.605218,0.3646,1.31,0.303941,2.08494
0,0.387635,1.46911,0.0373355,0.860474,0.103758,0,0,0.200681,0.643209,0.247673,0.0357081,0.239213,0.193884,0.886341,0.0505338,1.04094,0.0312822,0.318316,0.660751,0.297267,1.76413,0.16738,2.15452
0.000244985,0.263236,1.56049,0.0169663,0.899315,0.110619,0.0631768,0,0.446726,0.0914052,0,0.111554,0.0542347,0.202352,0.932012,0.0229639,0.492042,0.0256319,0.0575517,1.06307,0.537254,1.68506,0.0556683,1.99952
0.00089328,0.487903,1.18492,0.549244,0.0857438,0.103125,0.0306253,0,0.0197342,0.149311,0,0.0787851,0.000176737,0.424287,0.988766,0.177082,0.0720031,0.0219344,0.0604474,1.14409,0.214409,1.37798,0.0764171,1.80523
0.0564155,0.927056,0.524541,0.866674,0.0761603,0.159323,0.444536,0,0,0.165152,0.0871581,0.16607,0.0151948,0.295012,0.781647,0.279426,0.0186817,0.201587,0.192788,1.7443,0.0528726,0.519765,0.103201,2.32627
0.650361,0.793403,0,0.636249,0.541824,0.159085,0,0,0,0.190378,0.659399,0.0464762,0.450412,0.27892,0.395287,0.21151,0.479672,0.187598,0,1.89494,0.0366237,0.327003,0.241267,2.30129
0.162515,0.0990222,0,0.0968017,1.68845,0.0178628,0,0,0,0.26503,0.638482,0.0362971,0.131513,0.0723461,0.416289,0.0896449,0.97221,0.00373841,0,2.07109,0.0343035,0.406985,0.248651,2.13661
0,0,0,0.121013,2.21343,0,0,0,0.173054,0.30714,0.469114,0.635403,0,0.0169074,0.49433,0.0439982,0.988165,0,0,2.47374,0.0569012,0.427829,0.228678,2.20278
0,0,0.160024,0.139872,1.75769,0.0203271,0.115655,0,0.358344,0.0547992,0.338061,0.043221,0,0.105441,0.580839,0.0282798,0.608588,0.014833,0.116224,2.51146,0.134813,0.388808,0.173455,2.28098
0.0102866,0,0.303825,0.171467,0.612189,0.378451,0.00812338,0,0.6509,0.603575,0.00119978,0.0624313,0.00277057,0.0646799,1.26586,0.0346678,0.211966,0.169369,0.0427787,2.35243,0.437618,0.566241,0.00074158,2.51102
0,0.0495073,0.846315,0.142095,0.175513,0.621918,0,0,0.145644,0.626558,0.0600135,0.0492465,0,0.076801,1.49115,0.0287293,0.13932,0.268202,0.0534677,2.15762,0.531191,0.436322,0.0370942,2.43245
0.00940032,0.238111,1.36024,0.123429,0.236937,0.293094,0.398638,0,0.0042636,0.447549,0.0988142,0.0436807,0.00253185,0.0677304,1.23646,0.0270071,0.273692,0.430042,0.214677,2.18093,0.272234,0.268054,0.0610768,2.50442
0.153964,0.330915,1.373,0.250522,0.393375,0.3103,0.428254,0,0,0.353148,0.120009,0.0372005,0.0414682,0.0941284,0.781875,0.0711671,1.17075,0.524385,0.254522,2.30152,0.00672958,0.193997,0.136738,2.37891
0.473232,0.384028,0.776233,0.730921,0.89521,0.136917,0.315867,0,0,0,0.284242,0.146864,0.211631,0.109236,0.272637,0.240846,2.36882,0.294627,0.13475,2.15943,0.00316533,0,0.366423,2.11734
0.754234,0.297892,0.0032109,0.913223,1.24826,0,0.0579787,0,0,0,0.376353,0.339281,0.317265,0.0845318,0.000641842,0.30768,2.87048,0.0407935,0.0271828,1.85969,0.0211507,0,0.496837,1.8126
0.293796,0.000262614,0.00383631,0.431968,2.11588,0,0,0,0,0.0563721,0.543619,0.541503,0.187329,5.20986e-05,0.0351518,0.143428,3.12725,0.0201964,0.0210495,1.20768,0.0260214,0.273923,0.415099,1.70756
0.0283089,0.000708405,0.00905805,0.746743,1.9984,0,0.0594963,0.46511,0,0.625488,0.348052,0.0309883,0.11065,0.000140537,0.20863,0.240758,2.68553,0,0.0149422,0.890947,0.0229452,0.489199,0.313802,1.88311
0.0453621,0.166688,0.419848,1.63068,0.183309,0.379517,0.00818771,0.290928,0.0268245,1.19885,0.139771,0.432397,0.115666,0.219602,0.730737,0.525751,1.38415,0.339671,0.525366,0.983373,0.0731416,0.658571,0.0812008,2.48468
0.342983,0.00712769,0.895844,0.619665,0.296558,0.507421,0,0,0.308823,1.2522,0.0307242,0,0.196398,0.208563,1.43714,0.189469,0.726293,0.464824,0.785396,1.4433,0.139386,0.714343,0.508625,2.20025
0.298149,0.370402,1.04807,0.827675,0.394124,0.465375,0,0,0.387533,1.27126,0.0235413,0,0.134844,0.172155,1.56065,0.261671,0.253943,0.476679,0.733488,1.69489,0.191707,0.944949,0.389715,1.94927
0.00174567,0.374139,1.28216,0.812372,0.336462,0.421946,0,0,0.120757,1.02563,0.0237182,0,0.0160228,0.350675,1.48572,0.261918,0.420758,0.334233,0.370475,1.43505,0.0605563,1.23772,0.392735,1.35863
0.00238398,0.358079,1.31546,0.194798,0.0457257,0.286656,0.0531615,0,0.266307,0.727662,0.0947971,0.00553578,0.000471675,0.431724,2.25158,0.0628052,0.618683,0.291016,0.011387,0.907121,0.132062,1.25927,0.375662,1.10222
0.294354,0.562459,1.0774,0,0.00826601,0.141873,0.0740029,1.04674,0.522624,0,0.0334099,0.270678,0.0791784,0.484494,2.05176,0,0.630847,0.11672,0.0158511,1.76198,0.269429,1.20252,0.058969,0.442874
0.724331,0.267986,0.758616,0,0.00921003,0.093968,0.065544,2.14024,0.551963,0,0,0.491645,0.195089,0.396503,1.9048,0,0.597351,0.0203668,0.0140393,1.74029,0.296173,1.31241,0.00837874,0.126505
0.249996,0,0.389854,0,0.0481768,0.130752,0.142908,2.22306,0.221749,0,0.221273,0.547125,0.0673331,0.288679,1.78708,0.00135188,0.439186,0.0273645,0.0306104,2.12248,0.136158,1.23039,0.391045,0.148593
0,0.00535389,0.0730304,0.167832,0.0978664,0.132212,0.25313,2.11166,0,0,0.536643,0,0,0.222341,1.83115,0.248699,0.281498,0.0375991,0.0542195,2.063,0.020196,1.04888,0.539221,0.0358613
0.309963,0.233359,0.109725,0.510915,0.14302,0.125086,0.204454,1.06668,0,0.0238656,0.467626,0.262696,0.0834843,0.309629,2.28627,0.41442,0.0325791,0.0318078,0.418261,1.3498,0.0164913,0.851488,0.364288,0.234572
0.68403,0.00409413,0.945694,0.8551,0.394094,0.0830232,0.468234,0.11879,0.322549,0.0465983,0.511211,0,0.184234,0.0604883,1.90512,0.329073,0.109402,0.020088,0.688751,1.52909,0.131577,0.83091,0.432631,0.773096
0.758215,0.385121,0.961223,1.014,0.374826,0.192964,0.219566,0.175423,0.559932,0.0533113,0.266613,7.91621e-05,0.204215,0.192508,0.964789,0.370962,0.106247,0.0636043,0.490715,1.7525,0.276607,0.941801,0.314096,2.01908
0.914784,0.570697,1.11791,1.01479,0.124727,0.165989,0.0641035,0.287798,0.580408,0,0.0367402,0.00379846,0.246385,0.628616,0.343404,0.46725,0.419494,0.0686783,0.407045,1.92761,0.286108,0.121012,0.105725,2.57577
1.08964,0.670896,1.07291,0.722392,0.013818,0.0450942,0.0876417,0.334163,0.305434,0,0,0.18004,0.293479,0.651262,0.324013,0.382161,0.629286,0.0538473,0.357978,1.65966,0.150562,0.0255057,0.200855,2.7827
1.32449,0.569977,0.896109,0.414255,0,0.0341263,0.265086,0.368998,0.0652502,0,0,0.529576,0.521145,0.253026,0.282588,0.260795,0.43713,0.0754504,0.378036,1.63255,0.0321646,0.0670507,0.403298,2.70915
2.13313,0,0.860039,0.114078,0.00179561,0.0445453,0.382337,0.346396,0.146022,0,0.413673,0.237116,0.975952,0.00529919,0.284864,0.147146,0.270613,0.0544153,0.32137,1.33055,0.0332943,0.703309,0.553057,2.09712
2.127,0.124097,0.0320568,0,0.0841494,0.112807,0.00399569,0.408429,0.300305,0,0.531804,0.351835,1.01206,0.0689936,0.0634905,0.0960129,0.452956,0.0860431,0.000855862,1.60177,0.0821406,1.0535,0.592466,0.909937
1.93468,0.353193,0.00612486,0,0.116249,0.104746,0,0.418813,0,0,0.419571,0.144059,0.866649,0.180258,0.0598326,0.0423868,0.599201,0.0629319,0.162041,1.78434,0.0262405,1.20606,0.47583,0.718747
1.5248,0.338103,0.0211416,0.0177359,0.140823,0.113346,0.00211124,0.458263,0.210707,0.400464,0.149123,0.536644,1.00016,0.213392,0.023681,0.0230121,0.19223,0.101943,0.333212,1.93141,0.182939,1.16668,0.262558,1.07386
1.15805,0.0314046,0.00726088,0.0472179,0.21999,0.156094,0.0062886,0.449951,0.394272,0.586738,0.00810378,0.526177,0.719731,0.0821418,0.346371,0.0450799,0.382002,0.100342,0.261108,1.89632,0.327008,1.21851,0.20425,1.53319
1.22786,0.0169718,0.497316,0.0419876,0.186869,0.255748,0,0.384008,0.490413,0.532009,0.00463299,0.208359,0.67201,0.107313,0.533116,0.0712265,0.343923,0.0986876,0.542515,1.61697,0.245029,1.4799,0.222645,1.05822
1.28799,0.114823,1.34416,0.151058,0.173694,0.260446,0.199338,0.27071,0.416265,0.270523,0,0.0145511,0.49755,0.134244,0.697301,0.116632,0.239071,0.107481,0.706188,1.3469,0.212157,2.11784,0.141402,0.581152
0.58492,0.823437,1.10402,0.591739,0.0909304,0.162054,0.500258,0.109453,0,0.192016,0,0.004095,0.361883,0.234226,1.15064,0.190783,0.0249462,0.16165,0.545906,1.85124,0.00179715,2.04387,0.0778956,0.518258
0.970182,0.736858,0.329874,0.523853,0.0333472,0.0860198,0.350569,0.344714,0,0,0.363851,0.442636,2.08946,0.224703,0.983073,0.367073,0.00684609,0.0554919,0.127602,2.61176,0.0276246,0.269821,0.0913162,0.738596
0.971266,0.563135,0.0465547,0.357647,0.0534915,0.0714576,0.0607941,0.429688,0,0,0.398847,0.554252,2.23709,0.164633,0.868673,0.192085,0.0130987,0.0199876,0.0130219,2.77493,0.0523062,0,0.0989593,0.755916
1.51915,0.312582,0,0,0.0641589,0.0666191,0.116881,0.744402,0,0,0.011909,0.522017,2.23067,0.158713,0.785202,0,0.0131717,0.0231811,0.0340479,2.85201,0.0390066,0,0.0265255,0.73828
1.5482,0.0922556,0,0.0127626,0.0963624,0.0975452,0,0.662215,0,0.0194084,0,0.378367,1.99876,0.533998,0.744628,0.00258038,0.019783,0.0605627,0,2.97344,0.0265641,0.0106617,0.0316101,0.724512
0.646756,0.0041824,0.287983,0.0100684,0.122105,0.723774,0,0.253444,0.473344,0.169259,0.00351423,0.231871,0.801414,0.574675,1.39204,0.0021973,0.0250679,0.297296,0,3.28801,0.25358,0.101686,0.073544,1.05344
0.618957,0.0135627,0.448279,0.475084,0.73042,0.803057,0,0.0369685,0.4146,0.170555,0,0.390276,0.20935,1.02264,1.67374,0.153172,0.379888,0.320564,0.21997,2.87569,0.209965,0.0936918,0.0219064,1.25543
0.218949,0.0189215,0.579543,0.858404,0.869642,0.657705,0,0.0459166,0.257108,0.252313,0.0397656,0.736544,0.106228,0.982432,1.62696,0.276759,0.318841,0.305421,0.272546,2.78447,0.12674,0.138605,0.00974581,1.27143
0.0811443,0.0150125,1.0172,0.970132,0.55827,0.426076,0,0.0870686,0.208462,0.0396561,0.224435,0.761178,0.0218551,0.594945,1.6674,0.312782,0.193297,0.395531,0.0204226,3.07949,0.103536,0.0217845,0.055075,1.04343
0.0119128,0.00837811,1.08713,0.684537,0.05577,0.0520149,0,0.419338,0.220851,0,0.187933,1.02943,0.467781,0.365668,1.04996,0.241859,0.0436836,0.124562,0.00280252,3.57172,0.1548,0,0.0484035,0.698584
0.0835034,0,1.19701,0.330268,0.0121934,0.0158523,0,0.449464,0.375785,0,0.129376,1.08465,0.923371,0.0896227,0.78503,0.156147,0.0613943,0.0141491,0.111244,3.56205,0.258578,0,0.0445687,0.686418
1.31838,0.111194,0.702779,0.12602,0.0261883,0.0419638,0,0.430783,0.177706,0,0.108485,0.837801,1.26626,0.465137,1.00831,0.126292,0.0795813,0.0136119,0.1159,3.23241,0.11771,0,0.0534616,0.609331
1.92978,0.275334,0,0,0.0849529,0.0255566,0,0.33695,0.0521943,0,0,0.363441,0.893655,0.863831,0.728755,0.0913583,0.105388,0.00534861,0.169157,3.05219,0.0552851,0,0.0377325,0.583394
1.53653,0.353586,0.101465,0.18737,0.114163,0.267265,0,0.54256,0.114084,0.171535,0.16537,0.0118321,0.709139,1.15559,0.440646,0.253607,0.118925,0.0972006,0.68058,2.21158,0.0908007,0.0942306,0.282997,0.942537
0.939778,0.101265,0.804069,0.876656,0.184387,0.250973,0,0.0312718,0.501372,0.637924,0.191869,0.00879333,0.405691,0.999439,1.28764,0.276573,0.121881,0.073182,0.870913,1.48211,0.28575,0.350435,0.4491,0.841384
0.639276,0,0.88394,0.628617,0.183755,0.14961,0.00995804,0.059458,0.667365,0.754628,0.00231971,0.00535616,0.246728,0.42995,1.39437,0.192624,0.144374,0.031311,1.00735,1.57941,0.386559,0.43182,0.385188,0.957546
0.72253,0,1.2747,0.930786,0.187255,0.118901,0.0110763,0.257159,0.697963,0.524119,0,0.00586078,0.194604,0.436215,1.28904,0.297023,0.157,0.0248841,1.05714,1.82621,0.39617,0.299089,0.335047,0.830857
0.635537,0.559796,1.44812,1.01446,0.141935,0.0927787,0,0.325726,0.370622,0.211893,0,0.0308457,0.171173,0.492152,1.095,0.327074,0.202799,0.0194172,1.10277,2.12897,0.208806,0.162072,0.349222,0.617592
0.707348,0.616789,1.07621,0.926808,0.122048,0.0453068,0.142295,0.230251,0,0.322932,0,0.127268,0.19049,0.518808,0.364832,0.320003,2.30308,0.0508221,0.650192,1.88386,0.016272,0.322434,0.404753,0.127259
0.80809,0.384747,0.488723,0.699717,0.527108,0.0428956,0.300264,0,0,0.909593,0,0,0.286554,0.425841,0.209162,0.243265,2.73292,0.114942,0.547036,0.491087,0.134448,1.35603,0.347187,0.4013
0.684316,0.0372348,0.0906678,0.506242,0.459098,0.0234484,0,0,0.353583,1.88232,0,0,0.184311,0.245739,0.166786,0.171966,2.71575,0.0687715,0.286488,0.142762,0.36422,1.98598,0.304395,0.567658
0.000808882,0,0,0.125048,0.82887,0,0,0,0.222019,2.07629,0.0917201,0,0.157901,0.168881,0.206494,0.0452496,2.69786,0.0125574,0.0600322,0.148391,0.192089,2.10365,0.301211,0.646883
0.000812447,0,0.115417,0,0.668593,0.0145049,0,0,0.165064,2.07678,0.261258,0,0.158597,0.0631376,0.238146,0.00468934,2.35554,0.21716,0.0831805,0.334641,0.0720775,1.80149,0.352634,0.57916
0.000730482,0,0.346268,0.630968,1.28171,0.0846004,0,0,0.0737409,1.61928,0.276707,0,0.142597,0.0112936,0.511384,0.201764,2.20842,0.278259,0.264499,0.829661,0.0509692,1.40308,0.405089,0.579716
0.000426956,0,0.989782,0.551996,0.95747,0.114673,0,0,0.163648,1.22001,0.0229423,0.0150723,0.0833456,0.303776,1.09117,0.172668,2.14272,0.270772,0.306095,1.11223,0.0669206,1.01444,0.511906,0.557764
0.00185064,0.155788,1.85493,0.480568,0.385277,0,0,0,0.0110645,0.857159,0.02068,0.172052,0.143565,0.650314,1.72945,0.159019,1.30441,0.193368,0.447578,1.13197,0.0216598,0.816031,0.565496,0.562635
0.000899748,0.488586,2.25331,0.213366,0.206558,0.0777403,0,0,0.175314,0.546338,0.0163374,0.0759141,0.000178017,0.63469,1.724,0.080032,0.964156,0.381746,0.414856,1.13094,0.0864198,1.04609,0.598697,0.415093
0.0488312,0.5527,2.42772,0.0348565,0.0728249,0.266197,0.089562,0,0.164218,0.262175,0,0,0.055948,0.448528,2.02311,0.0270386,0.879232,0.281315,0.163808,0.499338,0.0809502,1.59113,0.285262,0.380912
0,0.536152,2.56215,0,0,0.029865,0.0390601,0,0,0.351846,0.0140784,0,0.0132158,0.174477,1.91756,0.0114356,0.461376,0.128354,0.0590685,1.60183,0.0282905,1.5682,0.291286,0.406087
0.107502,0.329327,2.2306,0,0.0747095,0.0273605,0,0,0.17043,0.160757,0.611111,0,0.0329838,0.11448,2.07418,0.00703881,0.195124,0.112539,0.00909203,1.91024,0.075874,1.44336,0.424767,0.552532
0.180712,0.407651,1.7857,0.182239,0.0988393,0.0136618,0,0,0.353088,0.168594,0.283717,0,0.0486723,0.272157,2.48603,0.0659177,0.0202915,0.0805684,0,1.27264,0.110546,1.51373,0.317893,0.689521
0,0.319092,2.36246,0.485012,0.0942429,0.0502491,0,0.0887255,0.224149,1.0376,0.330182,0.00124377,0.0190226,0.0988602,2.80811,0.202562,0.0193478,0.0640174,0.353603,0.988311,0.0895163,1.27865,0.379139,0.441466
0.00367193,0.526374,1.38117,0.994153,0.0819315,0.0532501,0.0874172,0,0,1.40706,0.318898,0.0086547,0.66285,0.176185,2.43814,0.390115,0.0168203,0.0494071,0.443928,0.960067,0.0739798,1.73037,0.19711,0.496924
0.00444362,0.436323,1.17283,0.773118,0.0919362,0.0645194,0.138461,0,0,1.63095,0.149451,0.0124002,0.606488,0.172757,2.14575,0.257624,0.137709,0.0356693,0.516247,0.900025,0.205087,1.96752,0.0926238,0.628218
0.00380488,0.460739,1.08236,0.82106,0.100002,0.138501,0.0832334,0,0.0704158,1.29306,0,0.0125015,0.439062,0.18662,1.89073,0.264719,0.388532,0.087786,0.667968,0.837243,0.188057,2.14648,0.00648098,0.737632
0.00299852,0.431258,1.07752,0.762997,0.330351,0.162535,0.308369,0,0,0.287928,0,0.0313327,0.222331,0.18718,1.33447,0.25517,1.20486,0.176898,0.670888,0.575115,0.00894179,2.99499,0.0296294,0.272609
0.530839,0.2677,1.41938,0.0894958,0.0300277,0.194797,0.426518,0,0,0.15379,0,0,0.152199,0.111114,1.59744,0.0352934,1.25367,0.385889,0.180864,0.156356,0.0923579,2.75676,0.19387,0.000358399
0.469333,0.615852,1.80082,0.0305668,0,0,0.196978,0,0.0115289,0.285965,0.00183403,0.00768046,0.160158,0.203988,2.10858,0.08721,0.934687,0.238826,0.0801945,0.114879,0.313974,2.34559,0.297549,0.00573219
0.074984,0.591948,2.15448,0.0636981,0,0,0,0,0,0.510558,0,0,0.0263833,0.168379,2.15683,0.119508,0.788361,0.149383,0,0.125865,0.259441,2.24017,0.300619,0.000221711
0,0.311707,2.4258,0.098695,0,0,0,0.00154023,0.224278,0.331616,0,0,0,0.432574,2.08976,0.119168,0.388775,0.0803948,0,0.157919,0.15403,2.20884,0.283321,0.0334403
0.00159339,0.563835,1.68287,0.0699158,0.121556,0.0467709,0,0,0.206396,1.07967,0.318194,0,0.311045,0.836423,1.39411,0.0436937,0.0465622,0.0896529,0.0883815,0.39585,0.126185,2.54474,0.343415,0.107096
0.00385404,0.426731,0.833779,0.165069,0.200873,0.047341,0,0,0,1.14424,0.00256816,0.00356862,0.551539,0.577642,1.5604,0.0333742,0.276149,0.109139,0.107802,0.9743,0.161238,2.3029,0.0183327,0.252808
0.00337289,0.855449,0.329245,0.194649,0.467532,0.132215,0,0.0961794,0,0.868946,0,0.00309862,0.680908,0.623043,1.67397,0.0393548,0.451032,0.234769,0.189449,1.27531,0.300552,1.80462,0.00887497,0.240125
0.00205871,0.820931,0.398319,0.531295,0.322449,0.224413,0.000822031,0.313966,0,0.203044,0.00819824,0.004874,0.418621,0.604977,1.43976,0.155874,0.342894,0.266248,0.239619,1.22585,0.191747,2.13658,0.0181234,0.334613
0,0.440583,1.0452,0.68342,0.144356,0.213233,0.0278017,0.487682,0,0.137548,0.0618165,0.000331381,0,0.295159,1.31322,0.231927,0.356747,0.246797,0.181524,0.74469,0.0378081,2.59609,0.141635,0.350183
0,0.0445787,1.34424,0.723222,0.0517536,0.149738,0.0502109,0.543729,0,0.155307,0,0,0.0259885,0.0259004,1.72455,0.25199,0.311554,0.184815,0.290152,0.478821,0.0107584,2.60111,0.29588,0.45975
0,0,2.37203,0.59035,0,0.0245682,0.0298884,0.345305,0,0.157104,0,0.152535,0.0809157,0,1.83234,0.32234,0.200164,0.0344699,0.376987,0.374823,0.0175746,2.16165,0.269814,0.873282
0,0,2.44936,0.61937,0,0.00842054,0,0,0.334182,0.156749,0.20366,0.225582,0.00954825,0,1.75225,0.462053,0.19217,0.00720408,0.264252,0.136281,0.192105,1.89385,0.275566,1.57175
0.00046306,0,2.16583,0.677791,0,0.0195385,0.0566302,0.00143691,0.34285,0.494687,0.0383993,0.0250789,9.16173e-05,0,1.38416,0.580119,0.18437,0.00408911,0.268342,0.000316296,0.113731,1.73156,0.16427,2.11188
0.00117479,0,2.22448,0.0265727,0.321903,0.0475993,0.160205,0,0.405453,1.30773,0.541126,0.0521562,0.000232435,0,1.09611,0.44884,0.18985,0.0140993,0.313187,0.70848,0.176151,1.1591,0.324561,2.72108
0.00197977,0.00869507,1.60458,0.379336,0.986594,0,0.165904,0.179023,0.176937,0.937423,0.765477,0.0772949,0.109623,0.178809,1.10763,0.517223,0.404202,0.0625053,0.273507,1.16401,0.401155,1.09899,0.618959,2.33277
0.0012451,0.00436709,1.80919,0.887914,0.599106,0.151342,0.113831,0.0487484,0.29124,0.87462,0.552682,0.0251956,0.102865,0.300032,1.34683,0.583199,0.274988,0.118067,0.389283,1.08224,0.458045,1.25864,0.529448,1.89729
0.000614508,0.183124,1.89467,0.855273,0.177218,0.0781574,0.14647,0,0.427486,0.690382,0.251303,0.0173177,0.119339,0.387636,1.4311,0.555239,0.136278,0.0826334,0.567968,1.06782,0.505996,1.34115,0.445928,1.46203
0.245728,0.287297,1.96885,0.405744,0.131099,0.0855037,0.154012,0,0.663018,0.0557539,0.0231678,0.00836319,0.133655,0.454776,1.14807,0.397759,0.448702,0.0509887,0.673792,1.05339,0.330648,1.3073,0.565671,1.37768
0.518803,0.226369,1.54528,0.00831753,0.753142,0.139316,0.156384,0,0.505474,0,0,0.149132,0.339527,0.0643904,0.48335,0.0357008,2.07392,0.213825,0.538715,0.607459,0.271402,1.32497,0.486587,2.02088
0.670943,0,0.875261,0.010397,1.69456,0.726292,0.145925,0,0.171392,0,0,0.36874,0.590163,0.010888,0.27048,0.0410868,2.57948,0.283451,0.5101,0.510603,0.113246,0.403887,0.491704,1.70679
0.340301,0,0,0.220397,2.43643,0.373097,0.15405,0.1377,0,0,0,0.46951,0.806786,0,0.0245739,0.13282,2.54631,0.166161,0.360964,0.616871,0.032449,0.259486,0.456436,1.51096
0.00288249,0,0,0.0753783,2.58839,0.15867,0.0977379,0.3553,0,0.18723,0,0.287005,0.993764,0,0.0484839,0.0780008,2.33225,0.0938914,0.164954,0.946087,0.0328611,0.291332,0.374372,1.50652
0,0.000491227,0,0,2.20804,0.182209,0,0.336962,0,0.778604,0.653327,0.219959,0.703887,0.0480432,0.061517,0.0301021,1.68209,0.127161,0.0847988,1.5775,0.0315954,0.546953,0.716626,1.50326
0.188173,0,0.00761129,0,0.704409,0.45165,0.0161646,0.210562,0.119699,1.22584,0.590099,0.0445009,0.877107,0.122694,0.323855,0.00629677,1.33765,0.193897,0.0793212,1.81496,0.0862346,0.713362,0.618995,1.77547
0.167816,0.360305,0.252173,0.429784,0.378604,0.791405,0.012826,0.200054,0.0143826,1.5308,0,0.0439711,0.559807,0.44795,0.942908,0.129039,1.30951,0.520272,0.0323199,1.77358,0.147122,0.891031,0.156219,1.83271
0.249717,0.577963,1.00369,0.756159,0.121268,0.666444,0.139459,0.0527782,0,1.7528,0,0.0416131,0.327264,0.451378,1.26026,0.239672,1.20973,0.825731,0.106521,1.63241,0.233691,0.994074,0.128667,1.85794
0.341932,0.574146,1.279,0.599837,0.0929116,0.590386,0.146634,0,0.0254206,1.73894,0,0.0268599,0.600314,0.179214,0.99459,0.193394,1.5946,1.05813,0.0880567,0.958009,0.383744,1.18728,0.276234,1.24483
0.358164,0.605678,0.982986,0.31356,0.815509,0.110398,0.0615908,0,0.253625,1.26815,0,0,1.15949,0.204471,0.625127,0.101095,2.84487,0.345463,0.0250751,0,0.466467,1.30714,0.265793,0.246366
0.323445,0.669485,0.649366,0.33028,0.7249,0.103511,0,0,0.0977182,1.11037,0,0.456671,1.03931,0.212984,0.50363,0.106486,2.98486,0.332114,0,0,0.414328,1.37396,0.247023,0.325486
0.000744428,0.060345,0.0995956,0.482208,0.335656,0.0994371,0.042018,0.0903762,0.385539,0.941206,0.414263,0.591323,0.671598,0.0295934,0.196964,0.155469,2.8997,0.294885,0.00900009,0.0198938,0.577427,1.40663,0.487425,0.65154
0.000145532,0,0,0.342413,0.500432,0,0,0.0841858,0.729951,1.16383,0.321616,0.560672,0.0284091,0.353142,0.155818,0.137875,3.15007,0.0796802,0,0.0203334,0.765606,1.19643,0.342541,0.809169
0,0,0.276757,0,0.841798,0.38422,0,0.0198394,1.3075,0.665781,0.6718,0.0569452,0.0310965,0.424314,0.38494,0.107573,3.01864,0.204315,0.240436,0.541167,0.685461,0.729588,0.455524,0.829582
0,0,0.737633,0,1.4443,0.779043,0,0.0092784,1.28258,0.474321,0.64317,0.0634669,0.255046,0.158008,0.510898,0.228534,2.35381,0.377359,0.372638,0.944735,0.639751,0.870359,0.631832,0.469851
0,0.151344,1.25765,0.0675386,1.33025,0.761144,0,0,1.27147,0.462214,0.598897,0.190159,0.225612,0.167803,0.940659,0.238715,2.03293,0.340504,0.576131,1.07188,0.745054,0.839521,0.688112,0.302808
0.028617,0.483619,1.62064,0.641438,0.449783,0.363671,0,0,1.11304,0.295077,0.255773,0.0822932,0.111726,0.180171,1.11654,0.337737,1.7259,0.129446,0.6004,1.81263,0.771808,0.357697,0.314311,0.379157
0.322962,0.653341,1.51363,0.513997,0.126343,0.0952844,0,0,0.562571,0.725141,0,0.00529611,0.126408,0.191222,1.4967,0.169673,0.72137,0.0378622,0.380015,2.61207,0.279217,0.33407,0.0256123,0.931988
0.578063,0.660242,0.900833,0.26732,0.520015,0.116488,0.0195235,0,0.38681,1.2343,0.280826,0,0.457331,0.197769,1.36522,0.238753,1.25747,0.127412,0.103323,2.46105,0.197957,0.559834,0.295031,0.481165
0.574805,0.550157,0.502143,0.0981475,0.43579,0.0299069,0,0,0.138218,1.82935,0.536324,0,0.726204,0.166832,1.0751,0.236862,1.24965,0.285112,0.0598735,2.15746,0.0620386,0.969926,0.50389,0.333439
0.243976,0.0994241,0,0,0.824735,0,0,0,0.253736,2.105,0.433372,0,0.333705,0.425087,0.640761,0.255793,1.26453,0.620776,0,1.66542,0.0751658,1.41331,0.500762,0.397358
0.000256452,0,0,0,0.902704,0.0094468,0,0,0.346361,2.36954,0.324899,0,0.0500617,0.543848,0.61594,0.135333,1.19771,0.499104,0,1.20908,0.102079,1.74958,0.401962,0.327168
0,0,0,0.171336,1.06117,0.75439,0,0,0.267534,2.81956,0.00483904,0,0.205978,0.212727,0.76586,0.0544513,0.960076,0.672054,0,1.69111,0.085844,1.93007,0.255192,0.251973
0,0,0.278634,0.329152,1.77124,0.482857,0,0,0.32099,2.42052,0.0355991,0,0.515072,0.0524344,0.975396,0.098271,1.22686,0.28508,0.194589,1.59252,0.091815,1.8624,0.200341,0.230084
0,0.170989,1.14354,0.712049,1.68735,0.28565,0,0,0.533132,1.31578,0.00354258,5.36959e-05,0.202159,0.30522,1.08242,0.269693,0.989213,0.132644,0.312207,1.40975,0.276672,1.63637,0.0867418,0.942376
0.204613,0.528074,1.39595,0.591222,1.21285,0.0808558,0.0262611,0,0.685734,0.764282,0.165517,0.00357944,0.0551096,0.193683,0.717435,0.36015,1.56961,0.0239951,0.477231,1.00795,0.265021,1.56887,0.126526,1.17671
0.434834,0.571583,1.35806,0.538457,0.580751,0.00300015,0,0,0.500035,0.476384,0.316793,0.00233804,0.117117,0.162587,0.499506,0.386486,2.06875,0.0160321,0.473694,0.143091,0.226611,1.68375,0.406236,1.16771
0.44784,0.493262,1.04863,0.47079,1.06187,0,0,0,0.0345368,0.527219,0.235074,0,0.12062,0.13969,0.416075,0.316165,3.06209,0.0103761,0.209778,0.0266543,0.449067,1.5033,0.458455,0.648737
0.426517,0.693585,0.842468,0.283888,0.823577,0,0,0,0.00768955,1.86023,0.214116,0,0.114877,0.19729,0.382564,0.194133,2.99782,0.00905836,0.00569305,0.00356511,0.56187,1.60879,0.316226,0.827542
0,0.0455031,0.0698438,0,0.718716,0,0,0,0.0908328,1.98614,0.455049,0,0,0.0129433,0.201417,0.00198688,2.97636,0.00673188,0.00413605,0.00349462,0.625166,1.76235,0.313547,0.882533
0.025429,0,0.302739,0.000475823,0.701518,0.177998,0,0,0.30372,1.60993,0.297768,0.0150094,0.020578,0.204546,0.302333,9.62035e-05,2.99395,0.0733852,0,0.00320369,0.649798,1.20387,0.437111,1.11725
0.00921001,0.00558951,0.14768,0.810387,0.936282,1.24097,0.00265195,0.0321313,0.516906,0.712746,0.248621,0.0837365,0.00745305,0.350794,0.404141,0.404616,2.20559,0.513171,0.101821,0.32931,0.61227,1.42514,0.31274,1.16166
0.205446,0.00426069,0.431849,1.08653,0.996904,1.18401,0,0.0279602,0.419847,0.665875,0.213168,0,0.055334,0.325986,0.716894,0.489147,2.03056,0.502242,0.194292,0.517146,0.788552,1.32472,0.22268,0.827893
0.227313,0.574466,0.89195,0.648737,0.4623,1.00166,0,0,0.0934144,1.37778,0.0138926,0,0.0612237,0.171159,0.736904,0.305908,1.8769,0.444007,0.267538,0.659843,0.828428,1.24597,0.229985,0.708225
0.195401,0.681237,1.21666,0.876978,0.120234,0.768258,0,0,0,1.552,0.21224,0,0.0526287,0.200602,0.774007,0.389947,1.83523,0.488887,0.345923,0.641802,0.73271,1.14823,0.131185,0.686719
0.000293627,0.712712,1.13724,0.694248,0.0534268,0.473374,0.0162385,0,0,1.22969,0.0220401,0,5.80947e-05,0.206559,1.0617,0.308501,1.94794,0.723535,0.200845,0.854459,0.0137294,0.695654,0.0925967,1.45279
0.197216,0.748524,0.994767,0.118952,0,0.123474,0.149784,0.326851,0,0.479193,0.590067,0,0.253154,0.212917,1.52949,0.0489259,1.27037,0.208669,0.0956149,2.51021,0.00684553,0.263238,0.406229,1.40501
0.157416,0.564693,1.21307,0,0,0,0.15976,0.748537,0.914908,0.0497727,0.573648,0,0.157709,0.160627,1.46282,0.01289,1.16283,0.0182273,0.091312,3.09972,0.463361,0.0117178,0.386781,0.978472
0,0.311785,0.934926,0,0.0912286,0,0.144399,1.39208,0.792024,0.263351,0.238422,0,0.0521599,0.173787,1.36901,0.0257251,0.951012,0.0423321,0.0784455,3.13062,0.36918,0.0619994,0.29619,0.521776
0,0,1.02009,0,0,0,0.114555,1.38445,0.828708,0,0.00065425,0,0.0317429,0.834329,1.69006,0.0263023,0.415611,0.13103,0.0531817,3.15996,0.283723,0,0.222984,0.197495
0,0.0898174,0.195095,0.541654,0.0964586,0,0.113735,0.422673,1.03107,0.85091,0.0266034,0,0,0.783443,1.60366,0.176668,0.0419458,0.0874383,0.0248616,2.66551,0.341251,0.642889,0.351281,0.226439
0,0.245701,0.533709,0.936789,0.555297,0.0803937,0.146958,0.33414,0.536699,0.629635,0.0108628,0,0,0.341864,1.24904,0.302031,0.403243,0.0516117,0.396006,2.18305,0.152357,0.855002,0.312473,1.25787
0.00678062,0.743492,0.916809,0.692106,0.105297,0.59962,0.275955,0.13843,0.758831,0.894471,0.00675581,0,0.00179933,0.438131,0.531823,0.363492,0.659176,0.214486,0.449094,1.78828,0.374061,1.12203,0.126236,2.15718
0.165311,0.606594,1.03999,0.401416,0.154096,0.470888,0.225353,0,0.666138,0.853887,0.00856163,0.00239263,0.0445244,0.534469,0.314072,0.282411,1.01529,0.148595,0.427939,1.29207,0.328368,1.0503,0.141734,2.54116
0.272295,0.577546,0.972477,0.16631,0.525368,0.249546,0.0989209,0,0.217551,0.0840919,0,0.227978,0.073339,0.164283,0.293684,0.272649,1.61631,0.0665815,0.537803,1.17152,0.10724,0.257998,0.00138441,3.25785
0.377426,0.526198,0.622763,0.310115,0.782499,0.359381,0.0378488,0,0,0,0,0.302607,0.101655,0.149677,0.188072,0.325362,1.30882,0.121668,0.537598,0.936541,0.00632192,0.405198,0.00848076,3.16466
0.541813,0.436594,0.00691561,0.778801,1.25709,0.190333,0.0282627,0,0,0.0701479,0,0.487528,0.14593,0.123629,0.00138239,0.466707,1.34417,0.0643193,0.521417,0.705736,0.0199979,1.16749,0.0447953,2.88669
0.0850316,0,0.00714552,0.566159,1.35972,0.445171,0.1006,0.107021,0.203309,0.280648,0.273557,0.284685,0.0229021,0,0.00142835,0.351669,1.50651,0.234544,0.47559,0.40419,0.0772514,1.47271,0.249982,2.5881
0,0,0.27686,0.36814,1.66962,0.622677,0.157595,0,0.367123,0.0185633,0.161016,0.212499,0,0.0582104,0.333546,0.118693,1.58833,0.214087,0.482464,0.189932,0.119135,0.903988,0.25058,2.49804
0,0,0.390236,0.17063,1.77861,0.0395774,0.195641,0.223077,0.163565,0.21218,0.613681,0.0255172,0.0501086,0.0591309,0.420848,0.230948,1.11284,0.0262951,0.311375,0.795305,0.162485,0.585409,0.347005,2.69122
1.06492e-07,0.087025,0.537367,0.113335,1.41968,0.019038,0.20438,0.237777,0.0228083,0.476547,0.507673,0.0280853,0.0346673,0.227463,0.62611,0.111974,0.781554,0.0317721,0.354893,0.748383,0.132905,1.27799,0.344117,2.63013
0.0579206,0.314864,0.609367,0.182384,1.13883,0.0291939,0.287959,0.065106,0,0.808375,0.385061,0.0316385,0.0156001,0.396033,1.04759,0.0588026,0.44699,0.0272272,0.496757,0.399169,0,1.90909,0.238668,2.28012
0.161291,0.302485,1.10504,0.711581,0.655045,0.0399962,0.589452,0,0,0.442818,0,0.227525,0.043372,0.426184,1.30412,0.229422,0.335803,0.0149422,0.536688,0.0732341,0,2.19768,7.35597e-06,1.98778
0.293296,0.339343,1.0293,0.774821,0.255522,0.081964,0.535254,0,0,0.131292,0,0.137688,0.0789238,0.441631,0.655054,0.249811,0.905746,0.13819,0.217915,1.20554,0.0225712,1.93414,0.00140784,1.79608
0.513117,0.727479,0.192709,0.542449,1.04978,0.305599,0.0509336,0,0,0,0,0.332919,0.138201,0.521921,0.470855,0.17088,1.69932,0.348396,0.0207363,1.84312,0.0313738,1.16089,0.00320213,1.70257
0.340242,0.501697,0,0.175643,1.9017,0.462287,0,0,0,0.297958,0,0.576118,0.0916397,0.341678,0.330093,0.0484449,1.56326,0.180307,0.238783,2.00583,0.034584,0.841373,0.0607109,1.62521
0,0,0,0.0479019,2.28625,0.34593,0,0.0357127,0.17932,0.467516,0,0.603253,0,0.0938133,0.268391,0.0625672,1.49904,0.140118,0.368415,2.05399,0.0746151,0.335116,0.228011,2.15078
0,0,0,0.0652948,1.95222,0.1306,0.0117996,0.344654,0.0354792,0.630951,0,0.0295386,0,0.0451436,0.496895,0.0641966,0.895529,0.0727538,0.371076,2.2374,0.0381771,0.404278,0.0601406,2.21813
0,0,0.0961767,0.120511,1.32572,0.193158,0,0.147997,0.402185,0.426399,0,0.26693,0,0.168599,0.844744,0.0467755,0.45083,0.073932,0.303545,2.35517,0.201825,0.501711,0.0110407,2.39939
0.20227,0.00670229,0.35481,0.133194,0.120109,0.847159,0,0,0.506689,0.671121,0,0.0493358,0.0544788,0.248443,1.423,0.0455849,0.0762044,0.301209,0.14658,2.48004,0.249769,0.5192,0.00497139,2.50957
0.178304,0.385955,0.932002,0.085249,0.127169,1.06666,0,0,0.285277,0.536098,0,0.0465331,0.0480237,0.374259,1.4589,0.0234523,0.0655703,0.378398,0.0756933,2.62604,0.140625,0.495456,0,2.35399
0.120275,0.516864,1.19873,0.0552035,0.181811,0.907154,0,0,0.195919,0.425507,0,0.0380308,0.0323946,0.395244,0.972018,0.0111612,0.244008,0.316431,0.0138924,2.83703,0.096577,0.475232,0,2.28751
0.218748,0.502225,0.808417,0.052744,0.82639,0.567134,0,0,0.124794,0.107953,0,0.266596,0.0589169,0.173612,0.353469,0.027365,1.23903,0.359973,0,2.93565,0.062718,0.0593023,0.0647033,2.0786
0.460123,0.372123,0.295484,0.239976,1.4353,0.251166,0,0,0,0,0,0.331474,0.185976,0.120502,0.0865859,0.0888022,2.3941,0.155969,0.0586687,2.54847,0.00102329,0.000499916,0.200436,1.73264
0.429183,0.0537304,0,0.399333,2.4819,0,0,0,0,0.0447601,0.213586,0.546738,0.123476,0.0246305,0,0.165945,2.96189,0.0428452,0.0732797,2.00365,0.0106678,0.133026,0.281109,1.59041
0,0,0,0.21066,2.31979,0,0,0,0.099893,0.440131,0.544131,0.106229,0.0149637,0,0,0.073216,3.03237,0.0194752,0.06376,1.41727,0.0453338,0.548503,0.346117,1.66273
0.101335,0.00408893,0,0.535859,1.4349,0.0397503,0,0.26151,0,0.67508,0.320337,0.0358956,0.0826856,0.0852217,0.0133297,0.185614,1.63369,0.0312804,0.261533,1.15459,0.888699,0.587305,0.172835,2.19887
0.0170488,0.00912221,0.537842,1.22502,0.150904,0.215264,0,0.173299,0.12536,1.23094,0.218148,0.207649,0.153113,0.439821,0.861287,0.460379,0.245676,0.219992,0.0311986,1.63193,1.13213,0.741547,0.325601,1.89436
0.306227,0,0.732486,0.825645,0.212275,0.344247,0,0,0.473713,1.27037,0.0208413,0,0.122868,0.393329,1.08325,0.333371,0.129345,0.365979,0,1.97626,1.04833,0.722063,0.345018,1.87114
0.425085,0.390558,1.07976,1.01544,0.286012,0.554725,0,0,0.237314,1.11617,0.0169321,0,0.121561,0.327785,1.02489,0.404102,0.182775,0.357562,0.0176594,2.10487,0.531107,0.680034,0.30032,1.60958
0.404284,0.699603,1.42503,0.597877,0.296951,0.866795,0.0172406,0,0.198971,0.914759,0.020203,0.000467981,0.108888,0.233803,1.56417,0.205767,0.172134,0.301712,0.0230902,1.88991,0.104059,0.726765,0.597402,1.36636
0.52959,0.617258,1.49451,0.0560575,0,0.337138,0.0799604,0.191772,0.323068,0.561773,0.106573,0.277869,0.142638,0.248486,2.87602,0.0180736,0.114775,0.333809,0.0230119,1.37947,0.181316,0.77791,0.404903,0.835297
0.938244,0.456798,1.02229,0,0,0.0458095,0.0747517,1.70772,0.497173,0,0,0.401252,0.252703,0.209212,2.18123,0.0321479,0.156447,0.00958723,0.0160115,1.5633,0.280642,1.4449,0.250238,0.103403
0.841677,0.0583535,0.656744,0,0,0.0227494,0.129452,2.17452,0.22653,0,0.00784472,0.560463,0.226694,0.0500391,1.9475,0.115822,0.427654,0.00476109,0.0277282,1.67058,0.150711,1.81203,0.137655,0.147487
0.137445,0.000331535,0.000326202,0,0.00453055,0.0135581,0.0600801,2.0057,0.119794,0,0.216592,0.578918,0.0370189,6.57714e-05,1.9377,0.048186,0.424619,0.013885,0.0828085,1.85718,0.0965985,1.78071,0.514519,0.321841
0.0947009,0.256927,0.00286444,0.17158,0.0980937,0.0216694,0.0398187,1.71849,0,0.00379476,0.206168,0.440919,0.0765349,0.236663,2.07553,0.23915,0.380368,0.00911718,0.201458,1.45834,0.0311206,0.689526,1.40879,0.55588
0.54648,0.0644933,0.43125,0.211788,0.454605,0.0597355,0.429378,0.333046,0.265538,0.0366507,0.6694,0,0.147187,0.139543,2.26405,0.0682827,0.446326,0.0125017,0.35758,1.16742,0.0841903,0.604405,1.32313,0.554624
0.413777,0.398568,0.772501,0.587528,0.520389,0.248436,0.284102,0.182902,0.283572,0.15041,0.44885,0.0017029,0.335961,0.20191,1.62865,0.186215,0.427058,0.0704683,0.724156,1.17639,0.140294,1.22749,0.603508,0.889665
0.520977,0.441927,1.06115,0.777895,0.222826,0.194449,0.16289,0.409446,0.231597,0.155852,0.095182,0.00692558,0.399364,0.165725,0.730237,0.286951,0.166317,0.0979847,0.503574,1.67705,0.114164,1.10774,0.0914322,1.93212
0.723805,0.437955,1.15264,0.671095,0.0589052,0.0939534,0.0968256,0.430233,0.0430421,0,0,0.00783026,0.194947,0.340271,0.346922,0.362369,0.105063,0.134653,0.470156,1.92451,0.0212173,0.378095,0,2.48027
0.866931,0.451065,1.04593,0.565591,0,0.0374534,0.239154,0.412114,0,0,0,0.246152,0.251396,0.388343,0.329853,0.304001,0,0.262019,0.467756,1.72209,0,0.124566,0,2.698
2.04844,0.57283,0.7295,0.579162,0,0.00244674,0,0.327041,0,0,0,0.699024,1.16739,0.162941,0.259128,0.227297,0,0.030315,0.317125,1.2562,0.00145233,0.703962,0.11726,2.50047
1.8791,0.640591,0,0.817529,0.0562372,0.0172041,0,0.862153,0,0,0,0.78898,1.35226,0.182216,0.0439962,0.263581,0.312395,0.0889508,0.166739,1.32092,0.0199313,1.72366,0.228149,1.46686
2.00074,0.549532,0,0,0.0894268,0,0,0.536762,0,0.0780834,0,1.11594,1.22924,0.395452,0.179452,0.216402,0.295359,0.089322,0.0328583,1.46469,0.0320889,2.06144,0.140533,0.642192
2.00953,0.429163,0.0589212,0.0948641,0.125487,0.185508,0,0.389099,0.00261507,0.570631,0,0.536139,0.972864,0.575607,0.277238,0.464016,0.200602,0.0961472,0.447911,1.49457,0.0335905,1.96117,0,0.189264
1.5028,0.0163911,0,0.0761615,0.124106,0.284893,0.0314292,0.363433,0.336025,0.687737,0.0817262,0.114383,0.475326,0.174992,0.122893,0.470704,0.41547,0.103612,0.521095,1.87435,0.17834,1.93983,0.134091,0.172489
1.36804,0,0.176145,0.212035,0.14949,0.219304,0.147204,0.31458,0.280405,0.681909,0.255612,0.00376698,0.406783,0.0206648,0.123978,0.425675,0.668068,0.0463035,0.567303,1.76724,0.138224,2.43507,0.352072,0.150293
1.28989,0.012603,0.505376,0.619227,0.105659,0.162255,0.40881,0.268799,0.184377,0.663427,0.349189,0.00364022,0.364915,0.0424585,0.158035,0.459966,1.03759,0.0339576,0.648626,1.37957,0.0908873,2.73457,0.218195,0.145236
1.09346,0.225696,1.05503,0.671089,0.145853,0.106714,0.296019,0.176734,0.110711,0.0831164,0,0.0344762,0.294509,0.20203,0.328486,0.345572,1.29197,0.121011,0.51557,1.16234,0.0545745,2.82975,0,0.0366089
0.99418,0.0109555,0.948285,0.140991,0,0.527269,0.136818,0,0.173908,0.0570468,0,0.310071,0.543386,0.471691,0.354335,0.0454571,0.838353,0.245438,0.431668,1.35001,0.0857267,2.20709,0.165152,0.223252
1.82904,0.0645913,0.497569,0,0,0.447855,0,0.344634,0.374744,0,0,0.481897,1.14932,0.689414,0.477171,0.138247,0.0505517,0.167581,0,2.22306,0.307775,0.649012,0.0594444,0.601891
2.2469,0.117869,0.159391,0,0,0.272034,0,0.325157,0.180202,0,0,0.577019,1.40856,0.535607,0.482785,0.0544857,0.04503,0.101791,0.00174965,2.35068,0.371041,0,0.0226144,0.635143
2.31508,0.217964,0,0,0,0.445545,0,0.38221,0.0732574,0,0,0.480179,1.48099,0.663855,0.4711,0.0311791,0,0.193627,0,2.52227,0.2593,0,0.0070301,0.676296
1.82618,0.155551,0,0,0.104118,0.523784,0,0.280207,0.282757,0.143917,0,0.384421,1.47616,0.680042,0.600424,0.0363649,0.0213752,0.253753,0,2.65055,0.188671,0.0790591,0,0.891872
1.07764,0,0.264083,0.295451,0.363613,0.712247,0,0.0608464,0.548042,0.237844,0,0.338335,0.959468,0.244442,1.17074,0.0952568,0.364577,0.314174,0.00421868,2.72654,0.367863,0.130656,0,1.10813
0.598528,0.0396923,1.09024,0.244667,0.563925,0.63288,0,0,0.678694,0.290879,0,0.014502,0.526387,0.244671,1.44167,0.069644,0.50684,0.258092,0.0339214,2.75625,0.56985,0.15979,0,0.806113
0.436136,0.630665,1.45046,0.276246,0.208667,0.228869,0,0,0.605355,0.359401,0,0.307494,0.204622,0.218765,1.56845,0.0845734,0.193351,0.290618,0.0269294,3.14249,0.395413,0.197432,0,0.901865
0.54567,0.8125,1.27579,0.130394,0.159214,0.241675,0,0.0280248,0.404239,0.0241415,0,0.382193,0.419583,0.241712,1.39666,0.0401927,0.0545454,0.317937,0,3.36552,0.232312,0.0132618,0.00145213,0.687958
1.20309,0.774555,0.447122,0.0369893,0.0868954,0.0658444,0.222384,0.372785,0,0,0,0,1.68294,0.220322,0.843596,0.0153832,0.0178394,0.0261536,0.0912662,3.36181,0.0287166,0,0.00263541,0.400393
2.24731,0.609115,0,0,0,0.00721432,0.263082,0.340588,0,0,0,0.0271267,2.02524,0.173262,0.740845,0.000942873,0,0.0246854,0.107107,3.13176,0.0139754,0,0.00196186,0.396916
2.40951,0.269106,0.00113555,0,0,0,0,0.481925,0,0,0,0.0675254,1.93537,0.550112,0.848689,0,0,0.0345275,0,3.17409,0.00766786,0,0.0262944,0.329892
2.29511,0.00897194,0.0203888,0,0,0.354977,0,0.436063,0.0429056,0,0,0.274587,1.57717,0.752049,0.934639,0,0,0.177605,0,3.26358,0.015329,0,0.0408866,0.267842
1.32886,0.00940554,0.0981273,0.631862,0.0860526,0.623534,0,0.269643,0,0.11074,0,0.526125,0.80623,0.905275,0.999236,0.210237,0.0280999,0.271951,0,3.34374,0.00803477,0.0608335,0.0371243,0.445886
0.00322978,0.236237,0.686404,0.304756,0.428272,0.36607,0,0.025578,0.191354,0.815932,0,0.214463,0.630483,0.423348,1.36692,0.0939966,0.243127,0.193679,0.126599,2.59585,0.138299,0.668946,0,0.653089
0.00190444,0.622508,1.09362,0.612656,0.240196,0.191493,0,0.164559,0.315319,0.993485,0,0.0150205,0.427964,0.419972,1.09517,0.190871,0.243491,0.0871533,0.356016,2.40854,0.273896,0.747745,0,0.685255
0.00557331,0.681984,1.45231,0.890555,0.151754,0.187209,0,0.303289,0.304473,0.621941,0,0.0148283,0.129412,0.725046,0.654016,0.287125,0.192214,0.074774,0.877596,2.4028,0.192968,0.619174,0.0166545,0.620739
0.00042409,0.622864,1.29596,0.873334,0.0991008,0.195631,0.0100361,0.385941,0.0582733,0.326824,0,0.0451692,8.39071e-05,1.09637,0.746052,0.281573,0.601096,0.0409425,1.2363,2.44446,0.031016,0.307049,0.0686021,0.476851
0.26499,0.757458,0.794649,0.76326,0.203097,0.195207,0.0765854,0.418735,0.16231,0.128944,0.327685,0.10745,0.214852,0.785777,0.779267,0.246084,1.41523,0.0627373,1.3363,2.22346,0.0800098,0.0708336,0.368489,0.233393
0.769311,0.683994,0.199611,0.644679,0.616546,0.115661,0,0.0318487,0.909204,1.36179,0.337737,0,0.465905,0.194561,1.08276,0.207852,1.61702,0.0609221,0.907014,1.2546,0.453934,0.737182,0.413693,0.555963
0.138607,0.353187,0,0.303131,0.641254,0,0,0,0.954401,1.39779,0.320852,0,0.293057,0.682669,0.502657,0.099878,2.24478,0.489519,0.17768,0.71718,0.705592,1.20069,0.375975,0.753842
0.000798287,0,0,0.0452952,0.944429,0,0,0,0.716233,1.11521,0.290723,0,0.155833,0.600693,0.192528,0.0146037,2.85521,0.232822,0,0.240668,0.738589,1.41881,0.681506,0.985736
0.000455132,0,0.133929,0.881181,0.658161,0.492566,0,0,0.118076,1.02175,0.23597,0,0.0888459,0.34148,0.289271,0.284103,3.09438,0.211421,0,0.4819,0.537128,1.34833,0.526092,0.895146
0.00114641,0.00308255,0.780183,1.15777,0.919327,0,0,0,0.098331,1.18781,0.342002,0,0.22379,0.045128,0.668196,0.373278,2.76247,0.0169925,0,0.761426,0.549211,1.33934,0.344228,0.8295
0.000776325,0.105965,1.55166,0.906144,0.734972,0,0,0,0.297841,1.21029,0.0678984,0,0.151546,0.210084,1.18428,0.292151,2.09092,0.0082284,0,0.991065,0.590255,1.4393,0.305865,0.937917
0.000746754,0.486729,2.08343,0.589977,0.286919,0,0,0,0.0939473,0.92337,0.0160063,0,0.151344,0.371576,1.38056,0.190215,1.49223,0.0109584,0.0346896,1.21847,0.46585,1.2984,0.267364,0.959105
0,0.485817,2.32774,0.10151,0.0641353,0.221465,0.0283664,0,0.222659,0.436488,0,0,0,0.476343,1.3724,0.0483671,1.18564,0.258573,0.00607598,1.80851,0.109758,1.36715,0.0585121,1.16928
0,0.454047,2.38405,0.00396826,0,0.0703197,0.0743374,0,0.0385834,0.319979,0,0,0.0677105,0.557722,1.33961,0.0234154,0.445424,0.132889,0.0159228,2.49184,0.0190194,1.49017,0.0815846,1.21658
0,0.528803,2.48841,0.021665,0,0.0658528,0,0.010771,0,0.683133,0,0.247176,0.0749512,0.325345,1.40753,0.0226727,0.0186782,0.133645,0,2.84196,0,1.11053,0.114816,1.34103
0,0.646729,2.35326,0.00264198,0,0,0.0166058,0.285788,0,0.514737,0,0.379691,0,0.198182,2.40622,0.00578157,0,0.115922,0.00355689,2.69453,0,1.02333,0.127062,1.34736
0,0.502193,2.16173,0.0449872,0.162374,0,0.0414507,0.300775,0,0.284404,0,0,0,0.192879,2.63209,0.00909567,0.0562208,0.11524,0.00887858,2.28084,0.0245313,1.16202,0.117778,1.17482
0.127613,0.146628,0.769915,0.165121,0.0828888,0,0.017007,0.121026,0.348396,0.491009,0.0382688,0.000545239,0.19844,0.116117,2.07387,0.0532369,0.0286997,0.0939811,0.193935,1.5393,0.179315,1.77664,0.104735,0.811678
0.169799,0.0812686,0.626882,0,0.593363,0.0614986,0.0653672,0.0858722,0.464291,0.670083,0.00892163,0.00176994,0.512775,0.123214,1.9074,0,0.223356,0.0543799,0.398149,1.2004,0.246627,2.02278,0.0920102,0.275286
0.26336,0.0113407,0.761,0.0737968,0.735149,0.14014,0.0278954,0,0.552076,0.748958,0,0.0037486,0.461597,0.367855,1.55328,0.0998844,0.438607,0.0424243,0.449881,0.875307,0.50003,2.22715,0.0796879,0.181931
0.326999,0.00808088,1.30958,0.0967884,0.457267,0.242229,0.00628625,0,0.590602,0.696058,0,0.00689832,0.288426,0.514667,1.51476,0.131004,0.594835,0.0665225,0.375895,0.776412,0.526458,2.30542,0.00831976,0.346909
0.493627,0.313349,1.72168,0.0649596,0.0623548,0.163689,0.0549058,0,0.311362,0.309028,0,0.00598661,0.132952,0.501104,1.2698,0.0209437,0.708496,0.155692,0.0183958,0.590449,0.167027,2.3955,0.00881208,0.635163
0.430779,0.196559,2.06729,0.0622307,0.0705449,0.0217002,0.23602,0,0.257668,0.171213,0,0,0.116025,0.163579,2.20965,0.0254334,0.596174,0.0429345,0.469727,0.0140213,0.155956,2.24309,0.0237665,0.541534
0.286883,0.165683,2.13601,0.0346019,0.0340818,0,0.09325,0,0.317886,0.401318,0.0503341,0,0.0772681,0.0841658,2.49108,0.0975492,0.329223,0.0789643,0.503949,0.00540958,0.1898,2.24415,0.14206,0.633763
0,0.235272,2.43386,0.0797788,0.00719587,0,0,0,0.0518246,0.445964,0,0,0,0.10965,2.45073,0.153778,0.270092,0.0752619,0.416753,2.84608e-05,0.0487364,2.23016,0.211466,0.690682
0,0.0400517,2.37193,0.0648172,0.00618699,0,0,0.0135441,0.302011,0.635136,0,0,0,0.271502,2.24504,0.057291,0.301928,0.0924966,0.16568,0.397245,0.107069,2.21729,0.139038,0.653963
0.00310174,0.0460718,1.92454,0.0391205,0.14086,0.103868,0.14238,0,0.258493,1.2449,0.340961,0.00587095,0.605487,0.568277,1.85268,0.0287151,0.303761,0.0845742,0.188984,0.626518,0.254631,1.96481,0.243652,0.700797
0.00560613,0.209424,0.497066,0.88481,0.0623261,0.42561,0.185688,0,0,1.49806,0,0.00692386,0.630932,0.596822,2.00812,0.276062,0.104248,0.200339,0.216514,0.809602,0.499378,1.95172,0,0.38746
0.00543988,0.182002,0.438123,1.037,0.510451,0.405283,0.0798817,0,0.050039,1.35961,0.0524252,0.000220243,0.57648,0.711483,2.03664,0.334342,0.223672,0.196635,0.309593,0.810242,0.455671,2.06711,0.0324039,0.0463044
0.00366624,0.017843,0.504234,0.905176,0.610084,0.226442,0.071204,0,0.161636,0.937877,0,0,0.353033,0.658594,2.05504,0.291839,0.526503,0.312554,0.148478,0.620266,0.241761,2.71723,4.57711e-05,0
0.436963,0.0140257,0.805351,0.924015,0.473251,0.255275,0.0682005,0,0.223275,0.450986,0,0.0267762,0.117656,0.0980651,1.92818,0.361854,0.552339,0.369894,0.812647,0.255678,0.123012,2.73765,0.0164873,0.419376
0.541671,0.113653,1.09382,1.00515,0.129132,0.192953,0.062582,0,0.35104,0.403688,0,0.213689,0.149361,0.0399881,1.47876,0.903924,0.183434,0.248154,0.877527,0.193758,0.18462,2.37145,0.0443079,1.05636
0.550054,0.0843142,1.45222,1.10913,0.0170091,0.066789,0.0367529,0,0.173007,0.389532,0,0.312796,0.14815,0.0239831,1.29461,1.03877,0.0126369,0.0139779,0.746653,0.0866269,0.0984004,1.8584,0.0734824,1.88956
0,0.0668035,2.08442,0.431509,0.065094,0.112087,0.0253937,0,0,0.278842,0.0422915,0.0328791,0,0.0290176,0.784227,0.828582,0.0133636,0.0259302,0.717922,0,0.0216944,1.60034,0.064452,2.37385
0,0.0171783,2.06039,0.336922,0.0400823,0.158066,0.184065,0,0.107397,0.582369,0.173966,0.035494,0,0.00488637,0.751329,0.801323,0.0082288,0.0759849,0.841755,0,0.0587018,1.36926,0.107528,2.51148
0.00168729,0.00198032,1.82308,0.243271,0.108227,0.114133,0.156086,0,0.0256385,0.996916,0.819509,0.0351848,0.022299,0.000392865,0.809949,0.902377,0.0222187,0.113068,0.75965,0.0187923,0.172982,1.0482,0.451838,2.48303
0.00113634,0.00136355,1.69726,0.302125,0.777953,0,0.0766947,0.0586421,0.0829748,1.03738,0.830337,0.0258661,0.206969,0.000270507,1.03543,0.698266,0.263802,0.0994105,0.917462,0.248576,0.250815,1.36473,0.51323,2.01669
0.00146267,0.075906,1.77603,0.742171,0.353893,0.0380459,0.0524423,0,0.0158821,0.931825,0.571743,0.0257442,0.349014,0.0212566,1.21482,0.717505,0.127219,0.0949546,0.975217,0.540477,0.394889,1.55287,0.353393,1.51531
0.00185408,0.18294,1.86697,0.77893,0.135601,0.0459046,0.0714921,0,0.025792,0.350708,0.217588,0.0187953,0.37111,0.263077,1.41292,0.667897,0.29243,0.0290255,0.809554,0.829477,0.420889,1.42814,0.134491,0.940023
0.249557,0.170132,1.5819,0.650528,0.144266,0.0225346,0.0624285,0,0.00222083,0,0.0393883,0.016732,0.856378,0.371695,0.969067,0.280509,0.642668,0.0152295,0.694904,0.557281,0.0249292,1.32244,0.311345,1.6793
0.609454,0.121365,0.75693,0.672153,1.11375,0,0,0,0,0,0,0.222969,1.02222,0.0332014,0.770119,0.265328,1.96292,0.00736321,0.234734,0.423486,0.029064,0.118653,0.366548,1.98235
0.594625,0.279897,0.0163157,0.585843,1.86675,0.450817,0,0,0,0.0309639,0,0.471758,1.13165,0.084931,0.213037,0.237318,2.19345,0.199754,0.0710857,0.632436,0.0316416,0.00838445,0.345131,1.88981
0.20601,0,0,0.0076303,2.43957,0.377635,0,0.033258,0.34278,0.366932,0,0.487169,1.25917,0,0.0531476,0.0487037,1.98743,0.141305,0.00984776,0.722874,0.110644,0.086385,0.311528,1.81762
0.00364001,0,0,0.0123083,2.21281,0.110248,0.00878053,0.388767,0.0380659,0.157709,0.0557357,0.171412,1.36184,0,0.0507941,0.0139559,1.95024,0.0378701,0.00188076,0.841435,0.0400731,0.0371288,0.347881,1.65012
0,0,0.00548023,0.0193699,1.89005,0.0847797,0,0.396417,0.143757,0.787707,0.633272,0.0328742,0.740712,0.020424,0.0949717,0.00391628,1.75954,0.0261259,0.089362,0.976843,0.27465,0.432716,0.687387,1.51009
0,0,0.306299,0.281271,0.507859,1.13874,0,0,0.0397896,1.27056,0.108097,0.0729581,0.588184,0.263179,0.828428,0.0724697,1.43105,0.416281,0.084371,0.763917,0.718643,0.731587,0.255679,1.79434
0,0.271627,0.882765,0.520305,0.332933,1.33456,0,0,0,1.57017,0,0.0396952,0.378113,0.563469,1.4129,0.156545,1.14069,0.572153,0.115008,0.52649,0.824698,0.955771,0.0991094,1.72101
0.212706,0.528881,1.39079,0.617159,0.0828294,1.01778,0.0419205,0,0,1.81001,0,0.0349078,0.239063,0.595328,1.6562,0.196489,0.985726,0.708541,0.175602,0.507258,0.842568,1.07592,0.111521,1.62249
0.379215,0.604822,1.30386,0.440774,0.218428,0.408304,0.216541,0,0,1.68214,0,0.0146007,0.361382,0.206383,0.514128,0.14211,2.09286,0.738603,0.0881589,0.708902,0.0219524,1.16957,0.314089,1.25098
0.43347,0.722822,0.706853,0.315618,1.0013,0.0360059,0.0351551,0,0,1.36308,0,0.20629,0.426936,0.238943,0.348395,0.101759,2.85793,0.138781,0.0075301,0.23259,0.0192769,0.768928,0.326201,0.552835
0.0428877,0.696544,0.256948,0.3617,0.89614,0.0803784,0,0,0.0815959,1.67448,0,0.640202,0.0962866,0.218673,0.181417,0.116616,2.67413,0.230431,0,0.147346,0.0626033,0.931653,0.346398,0.863592
0,0.0633525,0.183871,0.277815,0.585605,0.0297946,0.0185825,0,0.329111,1.23009,0.414438,0.733447,0,0.0180206,0.223545,0.0895708,2.86439,0.130973,0.00756537,0.0434915,0.163047,1.12128,0.532831,1.11173
0,0,0,0,0.836929,0,0,0.0116163,0.493469,1.27156,0.719105,0.568024,0,0,0.269288,0,3.04556,0.0715932,0.00142023,0.130532,0.1709,1.25072,0.312769,1.03329
0,0,0.552118,0,1.42294,0.153287,0,0.0137482,0.537134,0.689185,0.913267,0.036882,0,0,0.63947,0.0273176,2.45549,0.120708,0.328634,0.742786,0.256308,1.56704,0.233888,0.708502
0.00048914,0.110396,1.11623,0,1.71745,0.308165,0,0,0.466344,0.626521,0.759392,0.0874432,0.0954846,0.0314022,0.931291,0.0830182,2.26913,0.184758,0.399648,1.01054,0.266743,1.4505,0.315399,0.48152
0.00142351,0.564396,1.61171,0.182129,1.30729,0.177345,0,0,0.264044,0.553557,0.561077,0.202093,0.277882,0.160542,1.30886,0.119548,2.05089,0.135095,0.456852,1.27633,0.0773742,1.15214,0.3468,0.571057
0.075017,0.696045,1.73866,0.358668,0.237229,0.0511311,0,0,0.201992,0.432558,0.249111,0.116449,0.293801,0.197989,1.29507,0.123902,1.51491,0.101352,0.302153,2.25278,0.099842,0.478879,0.182345,0.801285
0.111202,0.630557,1.53211,0.26011,0.366066,0.08874,0.077192,0,0.520108,0.00702893,0,0.492288,0.0299507,0.851707,1.06577,0.0838624,1.49783,0.180067,0.182706,2.70961,0.256384,0.0631096,0.122942,0.624675
0.0254038,0.390231,0.829099,0,0.932032,0.0474376,0.0172725,0,0.233447,1.39177,0.0918952,0.558491,0.0923204,0.990306,0.697578,0,1.45473,0.301188,0.0442166,2.57292,0.0621308,0.764551,0.254333,0.646169
0,0.371894,0.506316,0,0.981656,0,0,0,0.268469,1.97375,0.92576,0.340034,0.0422688,0.958983,0.636584,0,1.36934,0.339243,0.131744,2.31165,0.0796656,1.1559,0.525491,0.439295
0,0,0.471665,0,0.908429,0,0,0,0.310851,1.93332,0.946024,0,0,0.738841,0.782795,0,1.27465,0.431401,0.213053,1.84687,0.0943978,1.42376,0.454558,0.175168
0.00152278,0,0,0.604947,0.800582,0,0,0,0.186203,2.42029,0.369369,0,0.297259,0.416935,0.95459,0.198771,1.08569,0.41497,0.262223,1.44554,0.0646565,1.90355,0.284917,0.00348341
0.00279175,0.00925004,0.186252,0.662694,1.24036,0.195158,0,0,0.191532,2.40897,0.0378601,0,0.445784,0.0438344,1.26226,0.21366,1.08971,0.188386,0.449062,1.31092,0.0567355,1.70034,0.19659,0.224254
0.0898712,0.00932593,0.445961,0.487058,1.69534,0.147855,0,0,0.406494,2.13551,0.00576076,0,0.345011,0.0361161,1.40354,0.157926,1.04863,0.0753211,0.59637,1.29251,0.0961355,1.72082,0.238502,0.76885
0.386336,0.356385,1.13069,0.1446,1.19769,0.0765302,0.278767,0,0.259651,1.6419,0.00333148,0,0.296175,0.100849,1.18264,0.156314,0.996851,0.0286364,0.644612,1.18306,0.0600129,1.45005,0.168168,1.32633
0.225323,0.601243,1.64201,0.122128,0.328603,0.0987517,0.618268,0,0.095665,0.779046,0.105998,0,0.137537,0.171023,0.797147,0.230555,1.44421,0.0824361,0.731815,0.844355,0.0262093,1.13616,0.12335,1.67469
0.259825,0.52039,1.50161,0.0454074,0.318837,0,0.519703,0,0.0460776,0.7288,0.424114,0,0.132003,0.148025,0.616914,0.0817475,2.28219,0.00636174,0.413637,0.0339241,0.138174,1.44715,0.476891,1.24339
0.266986,0.480296,1.04793,0.0321587,0.763089,0,0.336514,0,0.0979244,0.988877,0.207382,0,0.148096,0.13662,0.52554,0.0110735,2.82375,0.00767098,0.240197,0.00329749,0.466252,1.58294,0.361389,0.773298
0.0119965,0.368342,0.838593,0.00264297,0.756194,0,0,0,0.147425,1.81574,0.066538,0,0.0256867,0.104775,0.479393,0.000534364,2.84767,0.00326337,0,0.00137767,0.593102,1.74312,0.255187,0.637115
0,0,0.266024,0,0.752556,0,0,0,0.213705,1.80522,0.103146,0,0.00633733,0,0.313758,0,2.88082,0,0,0.00126516,0.648594,1.86472,0.166234,0.650528
0,3.16345e-05,0.0147043,0.0528629,0.882861,0.685751,0,0,0.278437,1.07405,0.226204,0.1614,0,0.172063,0.275803,0.0170436,2.87373,0.257825,0.0415429,0.000815492,0.522109,1.55155,0.260649,1.25203
0,0.00414992,0.230044,0.622059,0.755473,1.67308,0,0,0.336764,0.812212,0.146232,0.187876,0,0.031235,0.791104,0.299408,2.09744,0.647282,0.164122,0.267923,0.526578,1.5042,0.0358388,1.53683
0,0.412766,0.95084,0.627226,0.405706,1.63478,0,0,0.0882501,0.821087,0,0.0113192,0,0.117411,1.4496,0.245591,2.07282,0.630091,0.244748,0.54658,0.674106,1.03936,0,1.22212
0.0109071,0.636002,1.2497,0.961627,0.166281,1.30447,0,0,0,1.51231,0.0878993,0.00945636,0.00293769,0.18091,1.68315,0.310039,1.87415,0.569299,0.316317,0.613856,0.680006,1.13245,0.0543304,0.998154
0.0369622,0.505255,1.07982,0.812631,0.0420043,0.683561,0.143398,0,0,1.57047,0.229436,0.00445161,0.00995526,0.143086,1.58563,0.28269,1.87626,0.492258,0.474107,0.669171,0.582341,1.32171,0.0777268,0.831357
0.372573,0.592452,0.775985,0.659467,0.0921415,0.215192,0.225605,0.0221837,0,1.21367,0.573194,0,0.100347,0.169804,2.27449,0.233285,1.5341,0.347366,0.401901,1.51175,0.0508343,0.666712,0.275349,0.320486
0.925627,0.737264,0.41802,0.468586,0.0875404,0,0.0322425,0.474143,0.108713,0.479609,0.445246,0,0.33028,0.211251,2.36219,0.313082,0.696191,0,0.123553,2.70005,0.0663183,0.118604,0.311669,0.520717
0.673342,0.327963,0.589165,0.396534,0,0,0.0687689,0.743178,0.878576,0.361277,0.00184508,0,0.24269,0.0954397,2.3691,0.148677,0.462796,0,0.01473,3.01318,0.346195,0.0850537,0.125052,0.514417
0.241831,0.036947,0.689612,0,0.267682,0,0.151665,0.937926,0.521208,0,0,0,0.358991,0.280184,2.03347,0.0039293,0.12508,0.015087,0.0324862,3.12625,0.141049,0,0.0668678,0.399435
0,0,0.910017,0.17431,0,0.0248105,0.201926,0.58953,0.287284,0.306249,0.0058145,0,0.315179,0.216829,1.88435,0.0611425,0,0.0442479,0.0432517,2.80355,0.0893359,0.391194,0.12261,0.487083
0,0.1954,0,0.828424,0.706054,0.0619862,0.267768,0.404183,0.602875,0.286218,0,0,0.0379839,0.327184,1.62937,0.267093,0.244466,0.0805973,0.0573549,2.84346,0.24655,0.820987,0.00554661,1.28721
0.253031,0.539869,0.276679,1.0605,0.572084,0.262208,0.262274,0.28864,0.640878,0.284339,0,0,0.0681506,0.508029,1.13275,0.341918,0.291331,0.243044,0.113109,2.69435,0.254036,1.09943,0.021191,1.96924
0.323842,1.10378,0.977613,0.334425,0.0876267,0.799185,0.0803488,0.0406686,0.540508,0.342224,0.00767401,0,0.0872224,0.756949,0.670103,0.107822,0.272354,0.277324,0.148656,2.11129,0.209709,1.16522,0.17494,2.43312
0.402617,0.707301,1.09674,0.010804,0.113906,0.921355,0.0893788,0,0.464906,0.250397,0,0.0283715,0.108439,0.713312,0.419131,0.0172445,0.541743,0.330321,0.393246,1.15921,0.229172,0.976937,0.0170535,3.19632
0.450379,0.608862,0.825623,0.0405699,0.730867,0.612339,0,0,0,0,0,0.135068,0.121304,0.17319,0.249335,0.0719906,1.48095,0.224706,0.360415,0.870516,0,0.521294,0.130758,3.16522
0.472902,0.530646,0.52417,0.0731822,1.13726,0.625002,0,0,0,0,0,0.336343,0.12737,0.176569,0.158297,0.0235948,1.6637,0.248775,0.150202,0.634229,0,1.1319,0.238394,2.73743
0.128436,0.126404,0.175258,0.0445188,1.65997,0.467544,0,0.177194,0,0,0.28593,0.326953,0.0345924,0.0562408,0.0577815,0.0143534,1.96358,0.195511,0.0363164,0.385958,0.00398882,1.59324,0.321292,2.08715
0,0,0,0.133344,1.7213,0.724661,0.0251259,0.32348,0,0.270939,0.115561,0.118999,0,0,0.187307,0.222423,2.13983,0.265137,0.0210292,0.0960942,0.0281516,1.45138,0.30737,1.799
0,0,0,0.472999,1.26409,0.834022,0.169226,0.237919,0.155033,0.263793,0,0.191114,0.0264304,0,0.470667,0.187161,1.09463,0.309393,0.26046,0.0554722,0.110961,1.14539,0.276866,2.32217
0.000221721,0,0.365461,0.952228,0.173234,1.10931,0.218703,0.0152523,0.450214,0.804067,0,0.0428351,0.242985,0.00919181,0.98922,0.307009,0.555405,0.426887,0.26381,0.36012,0.583019,1.37545,0.150994,2.70372
0.0610681,0,0.69621,0.876606,0.0592389,1.15658,0.15828,0,0.527863,0.982356,0,0.0430223,0.264021,0.0413342,0.993999,0.282628,0.28857,0.444715,0.286175,0.427212,0.51659,1.8281,0.101805,2.52415
0.203199,0.257731,1.20491,0.752714,0.0563887,1.20836,0.0868598,0,0.503996,0.835475,0,0.0397003,0.14227,0.27173,0.934425,0.242683,0.133039,0.429282,0.018605,0.761159,0.632668,1.64997,0.0507318,2.2952
0.362844,0.433922,1.63242,0.284521,0,0.609401,0.177055,0,0.647315,0.671269,0,0.173177,0.0977271,0.446603,0.970195,0.0917327,0.0468033,0.308957,0.0627235,1.18256,0.505785,1.2653,0.0658083,1.86633
0.458162,0.401041,1.45586,0.0796712,0.282828,0.308109,0.113422,0,0.504601,0.623846,0,0.286962,0.123337,0.178033,0.830362,0.0256869,0.646764,0.309882,0.0242945,1.62499,0.310949,0.529572,0.0789145,2.11704
0.787023,0.311118,0.230105,0.358591,1.56611,0.512697,0.016272,0,0.217085,0.0597247,0,0.330937,0.211974,0.146548,0.431901,0.115614,1.81953,0.191843,0.00348539,1.82396,0.140826,0.230074,0.101563,1.77327
0.378343,0.0636141,0,0.143924,2.54509,0.566367,0,0,0,0,0,0.493797,0.101902,0.0627287,0.366782,0.0704798,1.77144,0.209918,0,1.98448,0.0317697,0.357337,0.12924,1.70721
0,0,0,0,2.73819,0.38418,0.0239933,0.424245,0.00602271,0,0,0.145783,0,0.0203193,0.429769,0.0362302,1.73311,0.154334,0.00513927,2.40676,0.0310726,0.401523,0.162043,1.60126
0,0,0,0,2.03016,0.18075,0,0.350647,0.0310499,0.624308,0.477108,0.306978,0,0.0736416,0.409713,0,1.13707,0.0786299,0.0902782,2.5187,0.154327,0.625086,0.410462,1.92615
0.02702,0.0108824,0.223146,0.220554,0.750339,0.75466,0,0,0.385735,0.672799,0.143534,0.0429687,0.00727747,0.113769,0.927797,0.0628482,0.303226,0.263254,0.017562,2.44004,0.262769,0.498686,0.117019,2.44963
0.157048,0.112435,0.379558,0.50126,0.228393,1.04743,0,0,0.649837,0.585297,0,0.0483381,0.0422987,0.184768,1.33259,0.150207,0.200961,0.367046,0.015334,2.14149,0.556752,0.321525,0.00463172,2.47755
0.185732,0.651873,1.11037,0.0415917,0.348004,1.02893,0,0,0.607138,0.189374,0.00334576,0.0689939,0.0500244,0.293363,1.1988,0.00840916,0.381206,0.366845,0.00869789,2.15467,0.314725,0.10403,0.0591219,2.33188
0.182745,0.632555,1.03327,0.00490164,0.739017,0.51634,0,0,0.481311,0.154025,0.00542065,0.261717,0.0492199,0.17993,0.764565,0.000991032,1.04722,0.206953,0,2.30542,0.238922,0.0846118,0.132212,2.18689
0.242115,0.603142,0.574652,0,1.83297,0.241906,0,0,0.454217,0,0,0.681002,0.166157,0.219245,0.173542,0,2.27744,0.149123,0.0180955,2.25969,0.226365,0,0.171087,1.98147
0.488274,0.318875,0.0952083,0,2.214,0.0212052,0,0,0.0398571,0.014623,0,0.491512,0.240883,0.130596,0.0279507,0,2.69827,0.146452,0,1.95244,0.0328429,0.00803296,0.293936,1.7696
0.107959,0.0015162,0,0.0323576,2.62327,0,0,0,0,0.0810446,0.363942,0.506598,0.100247,0.000409685,0,0.0104324,2.99527,0.0888725,0.0122803,1.28917,0.0282755,0.261235,0.407095,1.67185
0.042447,0,0,0.127334,2.39642,0,0.0037771,0.431794,0,0.308514,0.426583,0.0949036,0.118009,0,0.144194,0.0409742,2.77529,0.0263835,0.00080904,0.971382,0.0281758,0.295404,0.371762,1.78047
4.52825e-06,0.0847135,0.245409,0.855206,1.25786,0.32404,0.032642,0.336264,0.0561396,1.16941,0.16887,0.230341,0.0330592,0.15057,0.439377,0.340284,1.69136,0.258513,0.361512,1.08989,0.109223,0.642398,0.240387,2.46377
0.286716,0,0.858932,0.577342,0.353209,0.508464,0,0,0.386653,1.38276,0.0333659,0,0.092868,0.211191,1.2798,0.207525,0.827125,0.438747,0.605495,1.49757,0.191968,0.759602,0.552356,2.22456
0.401596,0.198998,0.809912,0.679386,0.35099,0.689196,0,0,0.379857,1.3356,0.0276624,0,0.108165,0.139405,1.49031,0.211394,0.40918,0.487249,0.669354,1.75236,0.200462,0.733695,0.461204,2.09414
0.410202,0.67858,1.16187,0.987533,0.412169,0.725195,0,0,0.108026,1.05638,0.022355,0,0.110482,0.42924,1.48131,0.318392,0.359822,0.411377,0.403102,1.46419,0.056267,1.18955,0.377153,1.38116
0.509198,0.782577,1.28949,0.606022,0.247716,0.445547,0.0314165,0,0.0282803,0.729088,0.0177546,0.0161392,0.137146,0.555462,2.09878,0.195388,0.699714,0.43709,0.0083104,0.777798,0.0157873,1.14937,0.309852,1.17482
0.632336,0.564952,0.975773,0.308241,0.0945934,0.243937,0.481866,0.364024,0.750406,0,0,0.0975172,0.170311,0.489758,2.39752,0.0993803,0.721885,0.423705,0.185378,1.12005,0.381973,1.00028,0.022441,0.864339
0.80469,0.801242,0.312705,0.243499,0,0,0.188747,2.12329,0.124654,0,0,0.0741886,0.216732,0.546381,1.84528,0.0785067,0.611094,0,0.0696033,1.70359,0.0927849,1.39048,0.00891897,0.12308
0.924343,0.234712,0.0545538,0.0254444,0,0,0.22428,2.27665,0.0443249,0.0412908,0,0.142245,0.248959,0.372267,1.87181,0.0709165,0.497225,0,0.0913098,1.67188,0.0454012,1.3553,0.230962,0.0381059
0.00247142,0.476687,0,0.177585,0,0,0.0816214,1.26717,0.181109,0.0776218,0,0,0.000488975,0.382939,2.21859,0.289619,0.344894,0,0.017483,1.49327,0.0687789,1.14877,0.402739,0.0306183
0.00298897,0.382176,0,0.542136,0.108869,0,0.0994058,0.845148,0,0.0158623,0.205488,0.504774,0.148471,0.495465,2.44281,0.455091,0.0527189,0,0.211454,1.15112,0.0192142,0.926088,0.245051,0.202432
0.706071,0.172956,0.892528,0.868071,0.42554,0.117373,0.080426,0.758534,0.094919,0.0417517,0.384094,0,0.324922,0.2954,1.97657,0.411653,0.121826,0.0381901,0.718054,1.51883,0.02566,0.973888,0.335339,0.459886
0.795679,0.357008,0.934469,0.920306,0.361957,0.262066,0.217297,0.135745,0.187755,0.0479757,0.268779,0.00361143,0.214306,0.240725,1.21739,0.419304,0.231939,0.0881179,0.526457,1.74974,0.0925524,1.06028,0.27272,1.82193
0.736485,0.674014,1.06686,0.80842,0.223805,0.262318,0.0124372,0.370291,0.450519,0.0062345,0,0.00619923,0.198362,0.602256,0.435966,0.404438,0.650255,0.0780081,0.400862,2.1136,0.22208,0.263735,0.0756492,2.4386
0.792042,0.782779,0.885904,0.418117,0.0273465,0.0807771,0.0231157,0.352429,0.572008,0,0,0.00672182,0.213326,0.644516,0.267539,0.287835,0.773238,0.0169054,0.350191,1.93301,0.281968,0.0144219,0.201946,2.7241
1.31714,0.823187,0.512319,0.201772,0.01223,0.0714292,0.253728,0.370692,0.0437421,0,0,0.0166053,0.506145,0.244523,0.161441,0.189695,0.296617,0.05397,0.411596,1.70188,0.0215624,0.131972,0.412572,2.66023
2.21016,0.749481,0.294204,0.00902413,0,0.0682777,0.382378,0.332336,0,0,0,0.01033,1.09939,0.215198,0.107573,0.11424,0.244952,0.0498414,0.431305,1.27654,0,0.768109,0.501209,2.06799
1.67064,0.530533,0.196621,0,0.0918918,0.0641051,0.037755,0.324187,0.292308,0,0.351132,0.318943,0.974411,0.27037,0.0734439,0.0893543,0.362798,0.0542165,0.0567438,1.21832,0.0710064,1.24012,0.586707,1.29268
2.02723,0.796892,0.0728981,0,0,0.082116,0.013748,0.778852,0,0,0.0546686,0.521596,1.12839,0.644678,0.0220149,0.0793228,0.42649,0.0324863,0.217891,1.28447,0.019886,1.44922,0.390395,0.581762
2.07026,0.741423,0,0.00363994,0.0865491,0.0471084,0,0.414616,0,0.485623,0.0648698,0.568458,1.34586,0.467564,0,0.0561662,0.0872788,0.0370545,0.509386,1.50642,0.0260351,1.48435,0.0438159,0.988286
1.73834,0.452056,0.000328057,0.081299,0.415552,0.0766011,0,0.469529,0.273297,0.602954,0,0.718994,1.47978,0.190482,0.0491651,0.0747229,0.381775,0.0743379,0.481615,1.63702,0.236322,1.34484,0.0443313,1.20728
1.53786,0.32237,0.0607616,0.0997221,0.714128,0.198887,0,0.418413,0.43683,0.501013,0,0.475879,1.2946,0.194849,0.451524,0.093524,0.409186,0.0811232,0.643834,1.4627,0.220908,1.5624,0.132933,0.698958
1.22344,0.408592,0.908867,0.24626,0.474185,0.267093,0,0.351621,0.509529,0.358881,0,0.253396,0.894762,0.275205,0.571597,0.11377,0.342905,0.113867,0.724986,1.36953,0.269585,2.15875,0.12579,0.186508
0.623205,0.379867,1.26042,0.0751587,0.134831,0.226736,0.0425204,0.183521,0.546021,0.129393,0,0.424854,0.245164,0.156813,1.07813,0.024232,0.120441,0.0795706,0.551824,1.75504,0.270425,2.12541,0.186088,0.409234
0.669995,0.233175,0.828304,0,0,0.328199,0.142209,0.362965,0.462903,0,0,0.63902,1.16533,0.53476,0.938143,0,0,0.128133,0.0304606,2.9938,0.254507,0.364627,0.0565143,0.705102
0.419829,1.17223,0.209818,0,0,0.339571,0.175602,0.439066,0.306792,0,0,0.654017,1.49517,0.823522,0.820716,0,0,0.131816,0.0376133,3.0866,0.160666,0,0.017015,0.685931
0.952558,1.38778,0,0,0,0,0.0803819,0.443343,0.0413321,0,0,0.505203,1.71507,0.718117,0.778431,0,0,0,0.0172175,3.01236,0.0419858,0,0.00848539,0.624867
2.11129,0.60398,0.00363118,0,0.0375605,0.178127,0.0125366,0.429809,0,0.352398,0,0.156042,1.36049,0.783923,0.798815,0,0.00771107,0.057932,0.0026853,3.03471,0.029152,0.248738,0.00687524,0.705979
1.37592,0.0181658,0.15276,0.081626,0.099463,0.648894,0,0.364658,0.0661495,0.403117,0.00428931,0.0908993,0.672427,0.477978,1.18532,0.110481,0.0204195,0.236669,0.0154111,3.27495,0.0544429,0.409718,0.0776052,1.02364
1.02066,0.0180098,0.342565,0.208054,0.540981,0.784767,0,0.0381455,0.0731016,0.441579,0.00380361,0.017721,0.401426,0.725606,1.56162,0.0670788,0.291109,0.297097,0.358155,2.85901,0.0448047,0.284783,0.0778543,1.09787
0.680355,0.725519,0.56739,0.0801867,0.46372,1.15509,0,0,0,0.630215,0,0.0138312,0.25194,0.784124,1.4527,0.0162124,0.212497,0.434517,0.30944,2.70995,0,0.3462,0,1.14253
0.842981,0.627404,0.749611,0.0860892,0.122051,1.39587,0.584655,0,0,0.552972,0,0.0084218,0.345139,0.190239,1.55475,0.0174058,0.0250567,0.520449,0.283079,2.90509,0.00174903,0.303768,0,0.92401
1.25163,0.269552,0.490748,0.0868039,0.0391278,0.52723,0.918595,0.165462,0,0.0224163,0,0.123208,1.56877,0.076674,1.08661,0.0351133,0.0641167,0.361642,0.373982,2.91111,0.0586969,0.0123141,0.0018404,0.475665
1.75441,0,0.110342,0.071108,0,0.101007,0.708231,0.266044,0,0,0,0.254024,2.29835,0,0.371486,0.0532539,0.114024,0.0413816,0.394862,2.80684,0.0772711,0,0.00171949,0.45832
2.09871,0,0.0101932,0.0336796,0,0.0522866,0.414325,0.342679,0,0,0,0.277057,2.28375,0.10144,0.297476,0.0664977,0.135177,0.0195649,0.319745,2.77318,0.0756467,0,0.0165022,0.427115
2.15961,0.00665195,0.0142076,0,0,0,0,0.383162,0,0,0,0.234743,1.80145,0.654531,0.383193,0.0482864,0.143867,0,0.139625,2.79548,0.026107,0,0.0322848,0.534209
1.51483,0.00913734,0.0055742,0.103175,0.0517989,0.0699768,0,0.45578,0.0511897,0.124802,0.00230573,0.248672,0.477873,0.938026,0.294361,0.139648,0.144302,0.0146451,0.580974,2.50434,0.0418776,0.0685582,0.233468,1.05042
0.114135,0.142106,0.586797,0.29881,0.136778,0.445778,0,0.236512,0.232007,0.716923,0.196158,0.538447,0.0735969,0.871553,0.9021,0.103109,0.143669,0.155127,0.812743,1.9649,0.150811,0.393832,0.56912,1.0484
0.0408896,0.311116,0.77276,0.118549,0.519152,0.328727,0,0.262871,0.402624,0.866106,0.0142725,0.153659,0.015365,0.323562,1.06929,0.0239687,0.286369,0.146502,0.982068,1.97638,0.241573,0.475784,0.607049,0.996988
0.431422,0.491994,0.930995,0.710122,0.404366,0.171,0,0.338623,0.345677,0.624645,0.00057964,0.00652173,0.116198,0.480033,1.06089,0.227409,0.243116,0.0884947,1.00078,2.07331,0.20977,0.34314,0.334737,0.880053
0.561571,0.442734,1.12978,0.790976,0.101928,0.0884105,0,0.360354,0.196224,0.205684,0,0.0100302,0.151251,0.61837,0.865174,0.25502,0.177147,0.0388951,1.1257,2.21447,0.113965,0.11299,0.295626,0.865421
0.660081,0.848371,0.90984,0.762347,0.080743,0.0798343,0.0714591,0.304809,0,0.111975,0,0.0982433,0.177784,0.476131,0.35556,0.247986,2.08906,0.0509904,0.62802,1.97641,0.0126276,0.0615119,0.357652,0.647621
0.899466,0.608232,0.309697,0.706736,0.331028,0.0543036,0.280298,0.332415,0,0.326864,0.293442,0.0569608,0.242259,0.465613,0.237901,0.22786,2.79009,0.0549361,0.417229,1.1439,0.197006,0.240975,0.371483,0.711643
0.716424,0.275806,0.148532,0.667171,0.429654,0,0.0873068,0,0.284464,0.661443,0.593493,0,0.192959,0.29042,0.235462,0.215103,2.89225,0.0404292,0.205473,0.127433,0.380492,1.11356,0.44571,0.896404
0.0122458,0,0,0.0924611,0.869782,0,0,0,0.560108,0.99974,0.630625,0,0.00329825,0.252093,0.216189,0.0298105,3.07383,0.0425918,0.0830911,0.10773,0.437919,1.2125,0.479411,0.539384
0,0,0,0,1.09092,0,0,0,0.113939,1.615,0.53857,0,0,0.279192,0.21981,0.00177215,2.48625,0.124291,0.103068,0.170751,0.0595963,2.11889,0.459123,0.502387
0,0,0.434086,0.398151,0.557708,0,0,0,0.0822954,1.74281,0.460578,0,0,0.102238,0.28578,0.132055,2.22043,0.0547775,0.256069,0.41579,0.0519841,2.05408,0.408865,0.498929
0,0.00519991,0.642962,0.459429,0.543463,0,0,0,0.0825671,1.54001,0.428393,0,0,0.0888455,0.24336,0.148125,2.22096,0.00639588,0.131026,0.722555,0.0479272,2.06582,0.405719,0.605782
0,0,1.49006,0.0617622,0.471096,0,0,0,0.493461,1.26353,0.329897,0,0,0.0443625,0.615591,0.0361342,2.32259,0,0.122833,0.716053,0.220326,2.02777,0.420254,0.627804
0,0,2.37457,0.0260907,0.0321735,0.00325006,0,0.0245826,0.659385,0.47453,0.134063,0,0,0,1.4834,0.0920235,2.20779,0.00339078,0.177357,0.424291,0.247189,2.01509,0.35447,0.429999
0,0.00177878,2.12537,0.0429128,0,0,0,0.267876,0.129196,0.56575,0,0,0,0.000352882,1.97246,0.141333,1.09892,0.0895323,0,0.899689,0.125525,1.99024,0.123064,0.722782
0.00146909,0.00451295,2.31652,0.332423,0,0,0.0086127,0.304116,0,0.926555,0,0,0.000290662,0.0008953,1.63649,0.225352,0.85762,0.0948894,0.00184481,1.78815,0.0802713,1.69152,0.135776,0.697848
0.000615261,0.246431,2.38465,0.916725,0.0878429,0.0550704,0.123822,0,0,0.467646,0,0,0.00012173,0.261526,2.00975,0.388254,0.625518,0.113152,0.0504111,2.19084,0.0192852,1.37383,0.17809,0.678213
0,0.733586,1.90697,1.34456,0.0508976,0.0121766,0.153151,0,0,0.435595,0,0,0,0.236118,2.65679,0.469049,0.293427,0.109884,0.0623515,1.70045,0.0216799,1.5544,0.199142,0.699845
0,0.708037,1.97929,1.12184,0.0669305,0.067783,0.0821892,0,0.055548,0.196865,0,0,0,0.220006,2.8503,0.479198,0.0642246,0.104728,0.257084,1.13946,0.0587085,1.59328,0.105441,0.631952
0,0.572133,2.18415,0.805967,0.0682839,0.109929,0.0388737,0,0.159449,0.292944,0,0,0.12087,0.243849,2.86872,0.609486,0.16827,0.043182,0.496065,0.544409,0.100755,1.856,0,0.445816
0,0.536687,2.16762,0.683614,0.0741514,0.126697,0.048856,0,0.134082,0.377649,0,0,0.165307,0.256731,2.60976,0.531643,0.41812,0.0383991,0.550505,0.241818,0.0686219,2.07885,0,0.389446
0,0.642309,2.04363,0.717856,0.0878562,0.132599,0.102152,0,0,0.410866,0,0,0.168364,0.282634,1.85526,0.395481,0.727978,0.0303015,0.603996,0.0391878,0,2.47758,0,0.369924
0.57141,0.336345,1.5233,0.852502,0.181057,0.0707181,0.00164236,0,0,0.230265,0,0,0.237015,0.181881,1.56205,0.281447,1.2034,0.0148002,0.468344,0.00742452,0,2.94519,0.0223153,0.222641
0.707665,0.115279,1.55211,1.01089,0.101027,0,0,0.176577,0,0.194217,0,0,0.1906,0.116876,1.64362,0.33371,1.1466,0,0.0499377,0.0398244,0.0250027,2.73217,0.0880979,0.000149822
0,0.457533,2.26455,0.8517,0.0763198,0.0143182,0,0,0,0.155671,0,0,0,0.174531,2.09463,0.339724,0.738098,0.00299657,0,0,0.033156,2.35,0.249452,0.000199397
0,0.259533,2.45103,0.586396,0.0728564,0.0123852,0,0,0,0.152887,0,0,0,0.120344,2.14096,0.275682,0.412291,0.00259204,0,0.0133086,0.0372202,2.22499,0.291243,0.0444132
0,0.108048,2.52726,0.473289,0.0981647,0.0928622,0,0,0,0.139032,0,0,0,0.367473,1.97649,0.224679,0.404399,0.0318979,0,0.123613,0.0385929,2.18917,0.264048,0.0328614
0,0.00278143,2.53229,0.374976,0.106544,0.132397,0.0225227,0.0141338,0.0546014,0.288804,0,0,0,0.542261,1.90957,0.123472,0.310039,0.0886494,0.00482428,0.294319,0.0483513,2.13338,0.225903,0.0750022
0,0,2.41528,0.313227,0.110069,0.125328,0,0,0.143127,0.273981,0,0,0,0.57789,2.01295,0.0944826,0.076577,0.0616607,0.00150581,0.670285,0.0644176,2.20429,0.248731,0.0523236
0,0.0406839,1.94114,0.118185,0.0490059,0,0,0.226076,0.150518,0.20915,0,0.122835,0.0308168,0.45185,1.96897,0.102434,0.0596242,0,0.00243583,0.760912,0.0613377,2.25643,0.266845,0.0830446
0,0.247743,2.21191,0.0589832,0.579985,0,0.00325846,0.125199,0.147785,0.121749,0,0,0,0.207371,1.84672,0.230982,0.48318,0,0.0844043,0.558499,0.0855478,2.21559,0.327221,0.0171745
0,0.372735,2.22149,0.503261,0,0,0,0.190416,0.0753111,0.269867,0,0,0,0.234797,1.53989,0.160379,0.70188,0.0344084,0.171805,0.296526,0.0843789,2.3521,0.22167,0.136528
0,0.204976,2.37397,0.487003,0,0,0,0.233266,0.0279041,0.495166,0,0,0,0.116538,1.66179,0.175698,0.634575,0.0589191,0.0943975,0.129366,0.0457802,2.29205,0.315715,0.627404
0,0.0674211,2.40086,0.327892,0,0.0144889,0.0647063,0.265329,0.0407574,0.742459,0,0.00421406,0.0424771,0.0253473,1.77163,0.308378,0.587741,0.04021,0.272139,0.211153,0.0176507,2.32486,0.294165,1.03688
0,0,2.4002,0.148774,0,0.022953,0.161278,0.248356,0.0835963,0.592336,0,0.014319,0.0189504,0.0280551,1.57546,0.336265,0.35422,0.0397553,0.273143,0.193425,0.0428991,2.29526,0.249769,1.48306
0.00212006,0.00593877,2.44389,0.0247725,0,0.0636693,0.258731,0,0.383041,0.118924,0,0.0253936,0.000419458,0.1721,1.47562,0.282468,0.0721811,0.0408374,0.389869,0,0.215626,2.22924,0.178712,1.79961
0,0,2.32143,0.0360432,0,0.0561414,0.236444,0,0.522605,0.357554,0.0678754,0.0327397,0,0.153085,1.44602,0.413917,0,0.0174928,0.936578,0,0.28533,2.18237,0.0695483,1.8012
0,0,2.03608,0.0249346,0,0.11063,0.258381,0.0452891,0.725654,0.298931,0.228972,0.0306494,0,0.00750404,1.69115,0.396288,0,0.0387274,0.929232,0.0474234,0.384971,2.05401,0.141527,1.91351
0,0,1.74583,0.0968359,0.0729128,0.152344,0.191932,0.0500276,0.944625,0.327132,0.167859,0.0149482,0,0,1.88128,0.639277,0.0149688,0.046428,1.08411,0.0528816,0.483655,2.01418,0.103753,1.47566
0,0.029665,2.13673,0.0560725,0.11956,0.127457,0.0531031,0.08101,0.981873,0.308246,0,0,0,0.0084382,2.05696,0.652621,0.0281752,0.0394572,1.07269,0.0486967,0.509296,1.87858,0,1.01919
0,0.0851373,2.411,0.086051,0.0742182,0.0486987,0.133262,0.08465,0.18701,0.266631,0,0,0,0.0242172,2.06573,0.390613,0.131408,0.0147781,1.02432,0.298563,0.0857916,1.86679,0.0112545,0.996899
0.00157611,0,2.28211,0.086864,1.16305,0.319637,0.0837088,0,0.242927,0.143415,0,0,0.307671,0,1.15039,0.0233667,1.21014,0.115146,0.558268,0.736723,0.0709396,1.56754,0.419893,1.34946
0.0222648,0,0.461035,0.0624471,2.12245,0.734275,0,0.00928884,0.191539,0.0527026,0,0.0191393,0.690913,0.159402,0.138795,0.0126258,1.84354,0.274755,0.326268,0.770087,0.067878,0.50762,0.472727,2.00672
0.00315913,0,0,0.0481093,2.08425,0.50374,0,0.11549,0.162496,0,0,0.0252239,0.616691,0.0485913,0,0.0163677,1.81073,0.188492,0.323725,0.892282,0.0700353,0.115053,0.442111,2.18961
0.00260148,0,3.16193e-05,0.0425549,2.37872,0.224571,0.018474,0.0261265,0.397896,0,0,0.0253149,0.507833,0,0.0340407,0.0555019,1.70241,0.0970383,0.344312,0.799891,0.128064,0.248441,0.314359,2.22455
0.00182929,0,0.00256383,0,1.98802,0.0442943,0,0.0394607,0.330214,0.173755,0.526625,0.120161,0.357094,0.0772801,0.0976725,0.049623,1.82204,0.0897024,0.349154,0.800594,0.112793,0.511839,0.431475,2.08673
0.00100136,0.00119331,0.00866588,0,2.17002,0,0,0.0425297,0.339777,0.326158,0.896727,0.510018,0.195474,0.49919,0.10589,0.0747124,2.00387,0.0187116,0.166365,0.93644,0.105375,0.798245,0.437477,1.98952
0.000988183,0,0,0,1.97087,0.249251,0,0,0.191013,0.936497,0.652749,0.245129,0.192902,0.582879,0.0861501,0.391893,2.08471,0.0932659,0.056064,0.921062,0.0593332,0.977376,0.304312,2.01874
0.000706217,0,0,0,1.75362,0.602674,0,0,0.147288,1.54676,0.42029,0.0626929,0.13786,0.495325,0.241453,0.568834,2.05504,0.225511,0.0638028,0.807986,0.0367237,1.17945,0.221561,1.9639
0.000395748,0,0.00324971,0,1.42581,0.256938,0,0,0.122459,1.82871,0.371368,0.0110186,0.0772536,0.0838508,0.109759,0.121557,2.17542,0.0961425,0.0619659,0.60814,0.0280616,1.68507,0.454079,1.44996
0.00128234,0,0.00406817,0.00244154,1.00563,0,0,0,0.103024,1.81029,0.383035,0,0.616798,0.0153097,0.399252,0.000493639,2.34893,0.122053,0.0512343,0.00128672,0.236289,1.64964,0.35819,0.81053
0.00114869,0,0.129527,0,0.543085,0,0,0,0.163743,1.5054,0.431334,0,0.794192,0.0122734,0.453693,0,2.48104,0.125101,0.0472218,0,0.296751,1.60567,0.410814,0.190447
0.000516705,0,0.351614,0,0.669616,0.030145,0,0,0.532644,0.909113,0.368371,0.441566,0.664872,0.00782553,0.417941,6.38055e-05,2.58584,0.17613,0.0270533,0,0.430536,1.76994,0.438779,0.435541
0,0,0.230233,0,0.571043,0.0292497,0,0,0.737974,1.01653,0.275031,0.600367,0.493702,0.00374722,0.194181,0.00790726,2.54336,0.130411,0.0571635,0,0.376651,2.10603,0.361805,0.599469
0,0,0.173399,0,0.609878,0,0,0,0.550966,1.82829,0.392687,0.169392,0.402929,0.0900521,0.0818112,0.346854,2.09153,0.0358571,0.448664,0.00296418,0.157492,2.60181,0.0962402,0.616232
0,0,0.192981,0,0.630068,0,0,0,0.387899,2.12072,0.400836,0.0151112,0.247187,0.20897,0.258923,0.411509,2.09195,0.00468982,0.609942,0.0217719,0.0979182,2.7071,0.0982373,0.554212
0,0,0.249994,0.00322498,0.672725,0,0,0,0.328673,2.18289,0.369794,0,0.14329,0.430955,0.367855,0.383517,1.94444,0,0.719644,0.0160641,0.0769636,2.68313,0.0906296,0.519666
0.000771921,0,0.277571,0.0204593,0.705709,0,0,0,0.277819,2.14401,0.383926,0,0.152274,0.385734,0.404285,0.399625,1.39363,0,0.705018,0.362103,0.0649282,2.15948,0.0940931,0.70808
0.00101229,0,0.142854,0.067679,0.719437,0.180424,0.0554672,0.0453917,0.152024,1.65301,0.232531,0.042221,0.197608,0.366906,0.491009,0.120138,2.0113,0.0528868,0.706887,1.32454,0.0359749,1.47027,0.190943,0.514184
0,0,0,0.318548,0.233974,0.284404,0.020521,0.137195,1.02722,1.00386,0,0.70481,0,0.606709,0.525101,0.164152,2.16048,0.0940111,0.551672,1.46665,0.434268,1.11706,0.332473,0.601909
0.043361,0,0,0,0.309072,0,0,0.0600616,0.841521,0.901484,0.461069,0.459539,0.0350892,0.653315,0.50656,0.00839528,2.32701,0.0496046,0.302999,1.11709,0.281608,1.44178,0.507307,0.490418
0.0138828,0,0,0,0.434088,0,0,0,0.725433,0.98484,0.328186,0.216634,0.0112344,0.650408,0.551992,0,2.38421,0.152112,0.140186,0.729611,0.233643,2.01287,0.460207,0.204905
0,0,0,0,0.626438,0,0,0,0.445446,1.95276,0.220857,0,0.0612127,0.58664,0.651259,0,1.92442,0.462665,0,0.246607,0.133135,2.34553,0.406173,0.0937455
0,0,0,0,0.809368,0,0,0,0.401211,2.34007,0.153117,0,0.220005,0.662012,0.590951,0,1.27686,0.402085,0.055824,0.32027,0.121003,2.21065,0.373027,0.19801
0,0,0.0671737,0.00483352,0.579206,0,0,0,0.405061,2.29933,0.157893,0,0.47691,0.603138,0.380761,0.0434381,1.37714,0.0654883,0.034835,0.607555,0.118281,1.95486,0.325543,0.28024
0,0,0.220535,0.00857357,0.589628,0.047121,0,0.0311822,0.570301,1.80808,0.0228258,0,0.158,0.104855,0.620793,0.242466,1.93161,0.128022,0.163388,0.37884,0.268289,1.93484,0.256057,0.474893
0,0,0,0.00136059,0.523769,0.377157,0.0187316,0.202334,0.726229,1.32324,0,0.68468,0,0.12134,0.224528,0.19911,2.04459,0.347673,0.23974,0.271037,0.364064,2.4239,0.192022,0.84338
0,0,0.0295648,0,0.474248,0.275147,0.0964117,0.0549383,0.557724,1.05932,0.234521,1.05273,0,0.0781492,0.175664,0.109802,2.2392,0.269735,0.261771,0.129075,0.236311,2.5226,0.452353,1.05133
0,0,0,0,0.683896,0,0.142099,0,0.695754,0.928699,0.326886,0.821475,0.0403495,0,0.132892,0.0953786,2.4942,0.0612197,0.239704,0.275146,0.236539,2.63213,0.533078,0.693206
0,0,0,0,0.822039,0.000165399,0,0,0.745285,1.1001,0.17502,0.396188,0.164563,0,0.216724,0.104442,2.54644,0.053713,0.139286,0.266927,0.25636,2.53633,0.44962,0.479461
0.00597304,0,0,0,0.971214,0.0184622,0,0,0.475353,1.70076,0.0579964,0,0.240833,0.206604,0.131336,0.103583,2.61185,0.0818579,0.101763,0.173856,0.131249,2.25726,0.362929,0.156079
0,0.00202238,0.0090203,0,0.547545,0,0,0,0.431731,1.30173,0.146826,0.114435,0.196331,0.567292,0.0622415,0,2.71262,0.30906,0,0.0027966,0.122083,1.4377,0.663254,0.3158
0,0.00391124,0.00975513,0.847302,0.960364,1.08005,0,0,0.437161,0.909481,0.309926,0.443839,0,0.413933,0.283239,0.270549,2.24164,0.846615,0,0.419566,0.130773,1.67551,0.326591,0.525932
0.000829299,0.00987574,0.482,0.97117,1.19344,1.24938,0,0,0.355867,0.818215,0.0531049,0.293157,0.161887,0.237569,1.13845,0.345072,1.63089,0.979418,0.0339464,0.640764,0.19041,1.19323,0.0532757,0.874313
0.000924524,0.118307,1.14314,0.526469,0.584512,0.959547,0,0.013783,0.307703,1.22314,0.00327186,0.00882043,0.213336,0.386296,1.23542,0.158386,0.786216,0.951501,0.0378484,0.821025,0.266103,1.08415,0.082181,1.27229
0.11456,0.618554,1.52419,0.821481,0.0829421,0.407453,0,0,0.331873,1.36931,0,0.0114174,0.402774,0.395408,1.31146,0.264855,0.460681,0.950758,0.0900593,0.832986,0.341526,1.01297,0.0693426,1.16135
0.232872,0.454254,1.41553,0.320122,0.078509,0.204372,0.103185,0,0.332912,1.13036,0.455856,0.18106,0.650158,0.340584,1.3915,0.103211,0.354092,0.371084,0.170693,0.787315,0.558374,0.975829,0.297796,0.723782
0.175718,0.370448,1.46986,0.149636,0.184854,0.319663,0.00629464,0,0.277217,0.870227,0.670345,0.581615,1.01614,0.426627,1.32486,0.222569,0.113011,0.42014,0.0998597,1.11643,0.405203,0.740207,0.414711,0.536537
0.26542,0.00715585,1.47702,0.0625475,0.451155,0.951193,0,0.0144899,0.422844,1.19177,0.556725,0.383618,0.854351,0.376313,1.35102,0.180616,0.206209,0.676596,0.0958586,1.17168,0.433598,0.856848,0.344473,0.418689
0.192366,0.248021,1.25447,0.444682,0.554061,0.532893,0,0.0106375,0.407463,1.11372,0,0.00806747,0.822577,0.353016,1.40781,0.293452,0.234666,0.849938,0.0896449,1.09939,0.419736,1.05485,0.0167083,0.322251
0.31603,0.531835,1.5495,0.548101,0.246671,0.265646,0.0330167,0,0.751268,1.27769,0.246296,0.0895581,0.489276,0.477774,1.63896,0.192311,0.0854082,0.721668,0.071872,1.04415,0.610959,1.19621,0.225293,0.481996
0.291338,0.292823,1.51927,0.290369,0.104239,0.159315,0.0323287,0,0.555925,0.671656,0.755559,0.417885,0.442952,0.634096,1.26761,0.103242,0.112858,0.306454,0.0570175,1.24353,0.673649,0.643401,0.608215,1.25498
0.153773,0.0105488,1.49177,0.068166,0.329239,0.808119,0,0,0.542023,0.867453,0.714931,0.510187,0.151385,0.55367,1.20681,0.0287144,0.168849,0.577444,0.0435488,1.32974,0.666783,0.775813,0.789971,1.60258
0.273452,0.0129782,1.50326,0.0944363,0.730023,1.10913,0,0,0.596775,0.761174,0.0373023,0,0.0735857,0.519089,1.09727,0.0396124,0.252765,0.698741,0.0300706,1.27415,0.651361,0.717667,0.652903,1.63862
0.200043,0.336929,1.51913,0.096779,0.337793,1.06879,0,0,0.300958,0.782517,0.174922,0.0310186,0.0538543,0.444677,0.96374,0.0644617,0.408462,0.705667,0.00866674,1.31736,0.526979,0.707171,0.677916,1.68316
0.246827,0.685772,1.3297,0,0.615745,0.826626,0.0175476,0,0.0637779,0.0493119,0,0.26475,0.0664794,0.195067,0.95489,0.0842294,0.91842,0.369759,0.0189209,2.08419,0.0898006,0.0270888,0.038501,2.30381
0.355337,0.619147,0.641701,0.0262182,1.38652,0.543537,0.00316495,0,0,0,0,0.343092,0.0957053,0.176116,0.917571,0.0798812,1.75547,0.284867,0.0121613,1.48841,0.0194096,0,0.0550906,1.95234
0.234329,0.879511,0,0.46269,1.30242,0.934604,0,0,0,0.250321,0,0.602067,0.0631135,0.250176,0.767059,0.193532,1.65285,0.441037,0.0023219,1.48951,0.016602,0.137511,0.054883,1.89192
0,0.114282,0,0.542911,1.34851,1.12594,0.00985558,0.158367,0,0.59224,0,0.797966,0,0.0325074,0.718644,0.17098,1.46954,0.523417,0.00211103,1.56967,0.0194055,0.139428,0.05062,1.92449
0,0,0.0871617,0.534967,1.23108,1.10876,0.153039,0.322407,0.0205388,0.140045,0,0.149387,0,0,0.768842,0.170172,1.4473,0.501824,0.0327804,1.80861,0.13997,0.0329702,0.0489023,1.84484
0.00758102,0.00359292,0.327288,0.527007,1.11634,0.679738,0.241004,0.187712,0.0873149,0.506282,0.133215,0.00870911,0.119599,0.000712781,0.913944,0.169913,1.37012,0.384878,0.214935,1.50322,0.157544,0.383531,0.0905537,2.20782
0.0972545,0.00532023,0.467644,0.494332,0.453544,0.297238,0.20274,0,0.0361704,0.861616,0.26748,0.0269152,0.33564,0.0111228,0.926856,0.159378,1.16513,0.283378,0.239692,1.33184,0.300432,0.795121,0.0758178,2.3416
0.00116357,0.205254,0.831398,0.640181,0.241334,0.265899,0.392666,0,0.00654148,1.2949,0.120839,0.0368242,0.281581,0.0748241,1.07922,0.206402,0.747226,0.272973,0.393532,0.925183,0.322794,1.67953,0.0747636,2.29226
0.00218518,0.511872,0.946358,0.886118,0.243328,0.172524,0.820476,0,0,1.32297,0,0.0337235,0.111072,0.227838,1.28179,0.285695,0.536044,0.157199,0.592879,0.3913,0,2.21403,0,1.97812
0.000870918,0.724775,1.15581,0.841326,0,0.115509,0.995881,0,0,0.56609,0,0.348233,0.000172313,0.420692,0.653462,0.271253,0.936861,0.116656,0.39793,0.0715758,0.0230741,1.86613,0.000176129,2.03503
0.305171,0.850913,0.228059,0.693046,0.435143,0.0394928,0.411893,0,0,0.157711,0.151385,0.410646,0.161613,0.466488,0.0688727,0.720644,1.55698,0.0908352,0.162416,0.0138583,0.0349575,1.61765,0.0434734,1.93663
0.480749,0.556643,0,0.416926,1.80518,0.061436,0,0,0,0.185442,0.648387,0.309632,0.394671,0.353714,0,0.870751,1.93294,0.16693,0.0684046,0.00680753,0.0387262,1.49385,0.216433,1.62464
0,0,0,0.197659,1.95718,0.0526444,0,0,0,0.153926,0.695057,0.0430166,0,0.144322,0.00709022,0.65552,2.08919,0.127861,0.23298,0.0173674,0.0408912,1.07036,0.409149,1.71658
0,0,0,0.125137,2.39222,0.0258079,0.0292314,0,0,0.184986,0.557766,0.41059,0,0.0704904,0.355185,0.321251,1.92612,0.097927,0.348395,0.302878,0.0410802,0.81987,0.590198,1.76241
0.0091304,0,0.195319,0.163386,1.7407,0.0596666,0.118469,0,0.445514,0.583724,0.122051,0.0436173,0.00245915,0.188087,0.85716,0.0497753,1.22664,0.11284,0.265431,1.23588,0.212149,0.731607,0.235017,1.74279
0.00770967,0,0.329711,0.120613,0.647033,0.183895,0.00286637,0,0.352266,0.91512,0.198345,0.0502523,0.00957028,0.25672,1.33284,0.0243859,0.716335,0.173054,0.126008,1.51785,0.224494,0.662227,0.278107,2.00494
0.0764211,0.111645,1.13872,0.389004,0.417629,0.244058,0.452196,0,0.0101913,0.793558,0.261614,0.0488901,0.020583,0.333499,1.45235,0.117617,0.621673,0.317834,0.312021,1.47612,0.0929138,0.743385,0.324021,1.95726
0.186594,0.304191,1.40591,0.631083,0.484945,0.313172,0.552006,0,0,0.705058,0.316042,0.0447965,0.0502565,0.437572,1.05881,0.203468,0.899974,0.434445,0.422275,1.0259,0.00320368,1.06921,0.347102,1.92067
0.323315,0.437881,1.22166,0.659965,0.487664,0.385586,0.497926,0,0,0.393288,0.211139,0.0469257,0.115378,0.411182,0.671679,0.593678,1.43462,0.601973,0.548318,0.049361,0,1.05147,0.471229,2.04567
0.563202,0.547761,0.590369,0.600246,1.11096,0.0830644,0.410103,0,0,0,0.354744,0.060407,0.179025,0.337756,0.18615,0.718273,2.01775,0.0900186,0.807631,0.00320453,0.013855,0.530491,0.586416,2.41039
0.630443,0.614367,0,0.463129,1.92576,0,0,0,0,0,0.504203,0.408346,0.17041,0.294803,0,0.689544,1.75104,0.0715813,0.807306,0,0.0250207,0.41018,0.643885,2.45197
0.0465683,0.00932132,0,0,2.12921,0.497621,0,0.0170813,0,0.306684,0.596478,0.558588,0.0125426,0.0992439,0,0.586905,1.47125,0.264593,0.737541,0.00458392,0.0287282,0.452246,0.425931,2.54713
0,0.0451286,0,0.905559,0.511078,0.434788,0.0195735,0.360414,0,0.66983,0.375002,0.0580347,0.0131944,0.142876,0.0201047,0.855569,0.69221,0.242179,0.638737,0.136193,0.0279163,0.391133,0.244691,2.97783
0.229331,0.301694,0.430362,1.14804,0.163094,0.297356,0,0.189675,0.298217,1.01599,0.00499017,0.054915,0.088289,0.418856,0.725665,0.761204,0.216427,0.604116,0.491814,0.732006,0.397765,0.630358,0.0826099,2.67763
0.334331,0,0.902504,0.747705,0.368038,0.356313,0.0319863,0.0368509,0.667324,1.10446,0.0178186,0.00217115,0.20853,0.357443,0.916825,0.507772,0.315145,0.624399,0.553302,0.798845,0.580641,0.81586,0.295087,2.18173
0.202206,0.610151,1.42207,0.848212,0.0956014,0.33699,0,0.0958557,0.66792,1.00799,0.0149595,0.0069313,0.206403,0.387989,0.876949,0.366062,0.263426,0.540683,0.606771,0.828676,0.590011,0.752823,0.284073,2.1698
0.0019944,0.302969,1.37309,0.307065,0.0680332,0.322406,0.75543,0,0.361401,0.742929,0.0127499,0.00434882,0.146544,0.0897251,1.33323,0.142304,0.174546,0.442609,0.87698,0.889771,0.470071,0.422547,0.30936,2.23166
0.00256219,0.284377,1.26689,0.192964,0.0416222,0.340109,0.558294,0,0.0975838,0.310552,0,0.00593035,0.531337,0.0801448,2.0727,0.0805954,0.575034,0.482262,0.614845,1.38492,0.0543695,0.170598,0.410038,1.78378
0.34268,0.598696,0.8674,0.013445,0.0231138,0.0782386,0.482171,1.5681,0.57183,0,0,0.0391551,0.692581,0.174708,1.67425,0.0814363,0.757987,0.0660174,0.329525,2.8523,0.301437,0,0.355145,0.616298
0.765752,0.619365,0.42757,0.0528412,0.0295407,0.0218082,0.148099,2.28333,0.00137055,0,0,0.258902,0.824926,0.176178,1.54688,0.0600411,0.775362,0.00456412,0.0701712,3.07562,0.0246879,0,0.309177,0.078986
0.713897,0,0.153068,0,0.0640196,0.0421494,0.016339,2.4547,0.157333,0.351867,0.0273267,0.321098,0.983154,0,1.51764,0.0114467,0.743525,0.00882121,0.0109389,3.02287,0.059907,0.0828384,0.283159,0.092224
0.00380845,0.417428,0.206421,0.161001,0.126824,0.128596,0.0767822,2.2846,0,0.316766,0.0502024,0.37643,1.29343,0.394262,1.5558,0.229865,0.561783,0.0269131,0.0215559,2.71665,0.0227531,0.0745748,0.358351,0.0964818
0.373213,0.331073,0.624352,0.230752,0.13197,0.0276326,0.0174049,1.373,0,0.00681214,0.32388,0.432494,1.67723,0.309859,1.75203,0.258486,0.303389,0.00578308,0.178481,2.01641,0.0298552,0.0611631,0.580015,0.110851
0.740956,0.170269,0.778251,0.0856734,0.163962,0.404163,0.209615,0.157869,0.129842,0.0404792,0.114204,0,1.63202,0.188601,1.80364,0.193365,0.162742,0.1469,0.516789,1.93121,0.112721,0.363444,0.437283,0
0.700857,0.593045,1.03292,0.442045,0.156752,0.369748,0.169096,0.0812427,0.288744,0.0629417,0,0,1.61236,0.473587,1.48238,0.154554,0.122763,0.125689,0.552974,2.01756,0.19497,0.565125,0.357381,0.00349214
0.743216,0.691635,1.15672,0.400448,0.0571316,0.398843,0.0052882,0.404516,0.501208,0.0308483,0,0.031524,1.32313,0.859341,0.735455,0.131814,0.468027,0.12988,0.369348,2.67586,0.268201,0.276973,0.415678,0.0110345
0.886943,0.813694,0.927906,0.321073,0,0.0438041,0.111012,0.400729,0.303113,0,0,0.0860676,0.508839,0.582399,0.50305,0.103517,1.84795,0.0359191,0.114371,2.21906,0.58534,0,0.28248,0.512689
2.10384,0.707634,0.328196,0.22346,0,0.0335877,0.27163,0.35472,0.0313462,0,0,0.0607771,1.28943,0.212448,0.30604,0.0720462,2.35082,0.0590207,0.172502,1.36252,0.450462,0.000144947,0.259293,0.468848
2.37666,0.281079,0.247186,0,0,0.0117914,0.186458,0.287353,0.0529739,0,0,0.129377,1.55517,0.115561,0.286061,0.00480045,2.41885,0.0684066,0.096683,1.10375,0.492708,0,0.25237,0.481185
1.83938,0.106762,0.123354,0.0185815,0,0.652242,0.103952,0.346606,0,0.00938087,0.127807,0.233908,1.35911,0.0843314,0.274199,0.031021,2.20618,0.311434,0.0403848,1.33135,0.696111,0.00220849,0.290099,0.457918
1.77964,0.418173,0.00791285,0.152112,0.228914,0.028321,0.0319854,0.473823,0,0.265565,0.197554,0.50862,1.23953,0.150123,0.492252,0.191061,1.41357,0.0679575,0.275169,1.83084,1.10585,0.145884,0.218472,0.388517
1.04832,0.52849,0.00310157,0.263225,0.864269,0.0161939,0.0168566,0.496282,0.0998058,0.498626,0.308943,0.566845,1.01988,0.163216,0.32247,0.380745,0.960946,0.0859208,0.438506,2.40575,0.756938,0.407421,0.198792,0.486116
0.712657,0.579185,0.00655814,0.143405,1.28821,0.0107313,0,0.473236,0.405155,0.500575,0.00392108,0.495006,0.657831,0.233392,0.41937,0.189978,0.781249,0.083886,0.585212,2.58116,0.717168,0.546366,0.134042,0.684712
0.467045,0.729444,0.41674,0.092631,1.22584,0.0296589,0,0.431312,0.513159,0.263005,0.00463803,0.490278,0.352326,0.35671,0.705347,0.0350684,0.501469,0.0418862,0.698933,2.85922,0.456502,0.498389,0.122484,0.978707
0.14983,0.452816,1.16494,0.362204,0.565426,0.145562,0.00776052,0.354557,0.391049,0.0513301,0,0.450342,0.143267,0.36748,0.853095,0.116779,0.369983,0.0304639,0.469491,3.21257,0.192765,0.290753,0.0361563,1.09434
0.032728,0.627107,0.991599,0.256959,0.107429,0.185485,0.0842594,0.441473,0.319643,0.000748916,0,0.629308,0.925413,0.282609,0.92869,0.0828465,0.179688,0.054123,0.113168,3.33278,0.157566,0.00672418,0.0789453,0.459077
0.690303,0.812213,0.107,0.17652,0,0.175714,0.131885,0.495744,0.0904653,0,0,0.742312,1.74889,0.255132,0.732078,0.0569119,0.117327,0.0699452,0.212718,3.05931,0.0575001,0,0.217628,0.442202
1.42835,0.888657,0,9.30958e-05,0,0.135997,0.080278,0.69829,0,0,0,0.739267,1.77633,0.306898,0.71668,0.0403679,0.187918,0.0744101,0.20448,2.9109,0.0228572,0,0.437802,0.351904
2.02222,0.637187,0,0,0.0326034,0.107106,0.0767548,0.41282,0,0,0,0.379048,1.71849,0.524544,0.584767,0.0543693,0.186528,0.260864,0.223437,2.68994,0.0269029,0,0.659958,0.130561
1.55164,0.325518,0.133938,0.0935733,0.132943,0.163817,0,0.379075,0.174636,0.241852,0,0.103877,1.50982,0.940987,0.790454,0.112401,0.0272928,0.294313,0.210718,2.59589,0.111753,0.132858,0.407475,0.0269844
1.26708,0.0096986,0.36306,0.28641,0.393997,0.712197,0,0.190122,0.407652,0.295871,0.000420435,0.0115396,1.16478,0.745967,1.14203,0.0923418,0.293502,0.272514,0.304314,2.57846,0.219393,0.162533,0.164978,0.478143
0.880276,0.00726274,0.696566,0.115766,0.712399,0.7896,0,0.0071924,0.601435,0.501804,1.87876e-05,0.0122637,0.848505,0.649796,1.60317,0.0267249,0.509535,0.295456,0.48631,2.20942,0.35734,0.300722,0.0654049,0.588851
0.847591,0.311191,1.1959,0.149677,0.373031,0.677435,0,0,0.785691,0.514678,0,0.17908,0.342524,0.450983,1.46698,0.113181,0.418688,0.432467,0.500167,2.29755,0.474823,0.370613,0.0241847,1.28948
0.990445,0.246185,1.27581,0.147904,0.0659137,0.259582,0,0,0.732726,0.144377,0,0.454918,0.379676,0.13943,0.923732,0.21661,0.343263,0.535451,0.46386,2.233,0.459873,0.358366,0.0115115,1.82
1.35753,0,0.793158,0.11245,0.00662502,0,0.168457,0.214537,0.222584,0,0,0.538501,1.25453,0.00495826,0.664916,0.0577912,1.30077,0,0.587257,2.27528,0.131198,0,0.290603,1.60494
1.95691,0.0375222,0.0119217,0.074775,0,0,0.127375,0.238676,0.0158797,0,0,0.415673,1.19607,0.0756792,0.191415,0.0151183,1.93763,0.000207183,0.518255,1.79808,0.157415,0,0.304589,1.30963
2.38305,0.0616842,0.0162262,0.0482186,0,0,0,0.760662,0,0,0,0.424361,1.15228,0.445291,0.195553,0.009749,2.25313,0,0.401444,1.36995,0.200235,0.0238433,0.252508,1.20765
2.19144,0.0772595,0.0126173,0.00621157,0,0.325647,0,0.333406,0.0162306,0,0,0.370986,0.920661,0.785353,0.214746,0.00125588,2.35458,0.121852,0.270115,1.43917,0.283767,0,0.165126,1.01817
1.26584,0.0136476,0.126112,0.154575,0.0877254,0.266024,0,0.261991,0,0.424031,0.279646,0.385906,0.458911,0.889873,0.346184,0.209219,1.65058,0.0758336,0.265057,2.21035,0.303054,0.303082,0.190768,0.929091
0.265197,0.00992516,0.713355,0.75275,0.155365,0.435932,0,0.136563,0.172915,0.991302,0.45052,0.483881,0.377562,0.558965,0.911785,0.295307,0.997108,0.148171,0.298837,2.18428,0.286265,0.75012,0.278504,1.06614
0.740834,0.00407245,0.886243,0.660439,0.246271,0.443189,0,0.0890099,0.42068,0.838608,0.0107702,0,0.329297,0.266262,1.24223,0.276877,0.925106,0.160052,0.34854,2.38399,0.417486,0.851799,0.178506,0.906255
0.853747,0.310755,1.20079,0.990143,0.373262,0.181494,0,0.198164,0.30595,0.552069,0.0013463,0,0.423312,0.219183,1.23577,0.384729,0.799596,0.0520617,0.452009,2.5965,0.329974,0.595726,0.0222983,0.673765
0.783855,0.688084,1.28898,0.737009,0.150305,0.0953117,0.0323784,0.327576,0.400847,0.250509,0,0.231895,0.218031,0.195725,1.73075,0.251436,0.419939,0.0204907,0.495552,2.7436,0.326841,0.279957,0.0191593,0.550012
0.591984,0.758576,1.0416,0.382114,0.448974,0.0630417,0.112834,0.397023,0,0.730451,0,0.532379,0.254337,0.312699,1.1549,0.127863,1.39481,0.0131937,0.591259,1.75714,0.0252309,1.10948,0.283938,0.136881
0.37343,0.807214,0.284097,0.146759,0.765314,0.0313751,0.0253342,0.0769843,0.0751912,2.02896,0.408156,0.252379,0.185994,0.391464,2.15016,0.0478471,1.36375,0.00784102,0.525715,0.228573,0.0388536,1.66875,0.411468,0.20808
0,0.527932,0,0,0.904645,0,0,0.154334,0.247404,2.3288,0.676334,0,0,0.2457,2.18979,0.000828576,1.33963,0.00137489,0.525429,0.0349581,0.0804394,2.16669,0.477427,0.0554662
0,0,0,0,0.98633,0,0,0,0.243478,2.49113,0.3862,0,0,0.186465,2.14193,0.00408006,1.05424,0.00584786,0.586006,0.0259553,0.0813096,2.12707,0.380603,0.00480987
0,0,0.196333,0.657193,0.727771,0,0,0,0.20374,2.2639,0.315688,0,0,0.275188,1.74266,0.218256,1.14823,0.0537735,0.524255,1.13187,0.0943493,1.20376,0.756228,0.00748282
0.000476921,0.00410667,0.43358,1.05858,1.28429,0.226594,0,0,0.17526,1.68234,0.151343,0,0.0930993,0.176124,1.85118,0.341297,1.23095,0.0932095,0.429321,1.2416,0.148237,0.999821,0.580491,0.16493
0.00132538,0.0129136,0.784544,0.965785,1.02898,0.0412598,0,0,0.255458,1.32884,0.02988,0.077501,0.0576458,0.189759,2.06598,0.328506,0.992815,0.0154388,0.404706,1.43616,0.128289,1.07637,0.502725,0.26761
0.00132401,0.312716,1.38361,0.676146,0.34944,0,0.0238246,0.0293258,0,0.996037,0.0255242,0.236338,0.14542,0.341094,2.20145,0.299228,0.487411,0,0.463301,1.46831,0.0632388,1.049,0.431882,0.402132
0.000100839,0.429439,2.06692,0.437008,0.0269306,0.122473,0.092081,0,0,0.879179,0.00587202,0.163626,0.0196847,0.424372,2.07266,0.244281,0.0450446,0.315334,0.245781,1.60998,0.0304954,1.16744,0.284131,0.422522
0.0251541,0.301357,2.6091,0.116086,0,0.136827,0.0654367,0,0.032884,0.368378,0,0,0.0330205,0.246196,2.13002,0.143395,0,0.243015,0.0140163,2.46027,0.0182909,1.10781,0.249388,0.145027
0,0.157889,2.70213,0,0,0.0547607,0.117652,0,0.204969,0.0827965,0,0.26248,0.0769928,0.286937,1.9884,0.0714596,0,0.120236,0.026549,2.86833,0.103138,0.743393,0.257307,0.191071
0,0.350119,1.81907,0.616172,0,0.0419807,0.114253,0.435394,0,0.71612,0,0.486518,8.68113e-05,0.277567,1.83407,0.221638,0,0.101249,0.0326885,2.77166,0.0091181,1.07503,0.246077,0.20761
0,0.705658,1.36272,1.25581,0.168242,0.0488893,0.15747,0.0778802,0,0.416185,0,0,0,0.271877,2.16699,0.422309,0.0582525,0.0794647,0.0337295,2.29846,0.0214968,1.39903,0.180125,0.275552
0.370725,0.564065,0.908252,0.615884,0.644822,0,0,0.306918,0,0.381375,0,0.00122521,0.368755,0.163681,2.00671,0.58416,0.222509,0.0459591,0.21866,1.78657,0.219146,1.49066,0.136888,0.612133
0.344458,0.28753,0.966676,0.502328,0.819747,0.153577,0,0.152895,0.233509,0.65893,0,0.00588497,0.506801,0.215019,2.13796,0.564193,0.281342,0.0836928,0.327495,1.07557,0.517143,1.78787,0.0472004,0.503803
0.407415,0.202978,1.06724,0.415555,0.833786,0.360201,0,0,0.457927,0.849921,0,0.00679296,0.36844,0.233426,2.04245,0.44245,0.318101,0.148584,0.431637,0.955713,0.603876,2.10247,0.000198771,0.600084
0.485715,0.0830049,1.45938,0.129645,0.623711,0.549491,0.0399852,0,0.621455,0.768625,0,0.00485918,0.260025,0.289931,1.81494,0.153563,0.86502,0.18305,0.407345,0.840175,0.575568,2.37239,0,0.476441
0.636073,0.358013,1.48851,0.0661843,0.150582,0.298615,0.0734561,0,0.569988,0.223919,0,0.00359566,0.171318,0.384934,1.4435,0.0213386,0.784269,0.353171,0.0308656,0.462018,0.29604,2.62221,0,0.143457
0.631608,0.290597,1.59155,0.0642698,0.00025604,0.256283,0.034472,0,0.496431,0.124265,0,0.0507533,0.170115,0.312996,1.58405,0.171528,0.46483,0.273675,0.00738377,0.00358436,0.28277,2.74432,0.00119443,0.0356979
0.443049,0.0687777,1.47302,0.623925,0.0325946,0.0392738,0,0.00418876,0.235736,0.263062,0,0.0275025,0.119329,0.162745,1.69236,0.693829,0.307551,0.0146957,0,0.00186906,0.258921,2.80602,0.089615,0.0193978
0,0.0145055,2.06063,0.435047,0,0,0,0,0.123908,0.425372,0,0,0,0.0759175,1.8075,0.361596,0.246873,0.00755607,0,0,0.220117,2.58341,0.161105,0.0194123
0,0.0382305,2.21646,0.239884,0,0,0,0.159213,0.245042,0.567943,0,0,0,0.354313,1.94709,0.363458,0.215743,0.0366079,0.263456,0.0350463,0.0961184,2.35747,0.374173,0.0127187
0.00185338,0.359126,1.32813,0.0853203,0.0521617,0.0887496,0.0417393,0,0.221365,1.5287,0.115669,0.00143866,0.361796,0.976949,1.57901,0.0914026,0.0277099,0.0834428,0.245955,0.731329,0.370314,1.81695,0.105746,0.13458
0.00354749,0.692056,0.36771,0.269233,0.132981,0.195916,0.0887546,0,0,1.36523,0,0.00616529,0.804861,1.04044,1.35242,0.117449,0.195215,0.137892,0.0914773,1.0623,0.424074,1.75636,0.0114861,0.346123
0.00266012,1.06236,0.336234,0.441461,0.243214,0.18405,0.444666,0,0,1.21095,0,0.00608165,0.667278,0.900763,1.36638,0.151803,0.300658,0.260937,0.197504,1.13959,0.362002,1.66673,0.00712299,0.34577
0.000753478,0.9352,1.07248,0.432546,0.192028,0.266774,0.58022,0.032593,0,0.807467,0.19557,0.00693931,0.245705,0.87741,1.43294,0.136641,0.289739,0.329833,0.235405,0.816122,0.0410174,2.12803,0.120887,0.34181
0,0.544227,1.49244,0.157243,0.054058,0.236868,0.494489,0.165659,0,0.428328,0.392114,0.00738759,0,0.53701,1.36537,0.050697,0.327368,0.292462,0.797225,0.15321,0,2.67521,0.245673,0.553275
0,0.298164,1.81132,0.0674198,0,0.210011,0.318084,0.197591,0,0.321701,0.280609,0.00573662,0,0.0988343,1.10291,0.35433,0.0738535,0.205336,1.51864,0.0881667,0.00657266,2.47926,0.219784,1.24761
0.000127648,0.159882,2.17887,0.0837344,0,0.0691158,0.236681,0,0,0.117266,0.180647,0.0219376,0.024918,0.0761972,0.875482,0.643596,0,0.0484284,1.34604,0,0.0130053,1.73768,0.183416,1.94045
0,0,2.12126,0.259676,0,0,0,0,0.40173,0.379537,0.0953428,0.077378,0,0.0418915,0.835234,0.670808,0,0.0331508,1.06371,0,0.219141,1.67683,0.0934943,2.27781
0,0.169586,2.0532,0.0135221,0,0.0475997,0.214022,0.0792207,0.0870185,0.783446,0.0179197,0.0408923,0,0.115525,0.830682,0.588292,0,0.0615235,0.910033,0.0174382,0.0477558,1.63272,0.0110761,2.54247
0.000558797,0.157806,1.17773,0.131599,0.909744,0.0437229,0.255924,0,0.354399,1.14273,0.358862,0.0465069,0.000110559,0.172015,1.23521,0.506211,0.314993,0.114614,0.508684,0.0616654,0.213132,1.17857,0.126372,2.61268
0.00051039,0,1.06724,0.869347,0.99671,0.0515764,0.0945701,0.174634,0.423439,1.04683,0.382134,0.0983867,0.00416148,0.0716758,1.28396,0.466395,0.345104,0.149666,0.479982,0.464062,0.328851,1.31287,0.288347,2.3053
0.00122242,0,1.5691,0.990106,0.666282,0.13995,0.118849,0,0.442184,0.903669,0.242257,0.0306607,0.0300138,0.171369,1.35824,0.441145,0.230695,0.166674,0.402348,0.60009,0.371669,1.52803,0.290467,2.00168
0.00190595,0.0216046,1.79609,0.870003,0.230208,0.00558299,0.127935,0,0.342754,0.5403,0.0894101,0.0174544,0.0990101,0.336413,1.34338,0.441969,0.116686,0.0751,0.476165,0.698638,0.321998,1.58103,0.265099,1.51619
0.00499855,0.0124525,1.83031,0.448621,0.0855797,0.0559858,0.132982,0,0.246791,0.0913782,0.00653927,0.00599998,1.01626,0.459625,0.811144,0.244234,0.668819,0.121272,0.427102,0.852537,0.159902,1.11749,0.329439,1.12857
0.628545,0.0155665,1.48815,0.0931419,0.893403,0,0.0933269,0,0.0867687,0,0,0.107827,2.13369,0.0733484,0.53028,0.0406754,1.56086,0.265906,0.319674,0.931682,0.108518,0.0859844,0.235426,1.23497
0.860625,0.0788306,0.0566201,0.253096,1.83467,0.922359,0.0435197,0,0,0,0,0.182427,1.90422,0.0360996,0.017099,0.119763,1.76467,0.391645,0.240537,1.12098,0.0394322,0,0.234026,1.21123
0.346175,0,0,0.0244341,2.48004,0.546784,0.00855036,0.239405,0.192341,0,0,0.261812,1.82842,0,0,0.0727076,1.72851,0.312566,0.24638,1.08104,0.0711598,0,0.273722,1.16016
0.00614873,0.00314323,0.00644248,0,2.26321,0.22541,0.00314446,0.422608,0,0.120793,0.295714,0.0704162,1.71505,0.000623568,0.0672138,0.00660087,1.60108,0.0791764,0.35395,1.02261,0.0272395,0.0663562,0.523844,1.19723
0.00203874,0.00533758,0.0139086,0,1.5654,0.499733,0,0.449526,0.0191831,0.594673,0.70074,0.0371037,1.32113,0.00105889,0.0860208,0.000668958,1.02231,0.192267,0.336621,1.53563,0.133302,0.30823,0.805153,1.41982
0.0807656,0.0843153,0.236246,0.531607,0.400365,1.34067,0,0,0.043904,0.955521,0.260091,0.0394058,1.23477,0.0239834,0.489386,0.171782,1.02446,0.500777,0.148564,1.78842,0.267567,0.524903,0.525126,1.57219
0.118297,0.413502,0.385879,0.638227,0.329963,1.25987,0,0,0.0324499,1.20621,0,0.0377998,1.1367,0.300504,0.994313,0.209354,1.12091,0.562292,0.0620526,1.8498,0.200261,0.662613,0.377957,1.50811
0.320352,0.682165,1.00489,0.640072,0.124703,0.928708,0.243035,0.0425768,0.0228437,1.3395,0,0.0338191,0.832241,0.549259,1.25136,0.209069,1.11619,0.692728,0.172126,1.82015,0.148458,0.735834,0.437177,1.43471
0.386474,0.649302,1.13164,0.442521,0.0985781,0.479804,0.348133,0.0286446,0.0133098,1.13581,0,0.0156991,1.17889,0.214987,0.651432,0.150997,2.06837,0.80423,0.204618,0.928397,0.374781,0.62394,0.418593,0.626813
0.473366,0.671167,0.733564,0.266789,0.877208,0.0683707,0.119103,0,0,1.21302,0,0.0371843,1.41565,0.223503,0.59072,0.217724,2.80926,0.124887,0.0959235,0.0321215,0.508873,0.666358,0.345401,0.27288
0.141778,0.742859,0.454732,0.15825,0.680632,0.0579393,0,0.0561482,0,1.74865,0,0.415104,1.25265,0.233538,0.465156,0.169852,2.72135,0.118005,0.0339827,0.0265398,0.533162,0.85022,0.309517,0.483637
0.00115857,0.181968,0,0,0.235719,0.0665963,0,0.123661,0.270778,1.81099,0.193388,0.548437,0.831417,0.0517605,0.169482,0.14778,2.4806,0.158301,0.0180724,0.0272205,0.668946,1.48876,0.369549,0.569431
0.00105068,0,0.225227,0.196771,0.227697,0.064903,0,0.027137,0.503195,1.57761,0.181214,0.456415,0.561066,0,0.529341,0.266377,2.52225,0.167741,0.170224,0.00597343,0.967429,1.37232,0.169499,0.523503
0.129793,0,0.531127,0.645297,0.136382,0.212804,0,0,0.284513,1.35281,0.425115,0.0785962,0.34719,0,1.00757,0.280648,1.93868,0.109432,0.36395,0.337888,0.648168,1.39354,0.106013,0.651933
0.172153,0.0393323,0.682889,0.861106,0.747645,0.238921,0,0.0248803,0.22608,1.33443,0.499134,0,0.272375,0.0410264,1.40792,0.405137,1.56862,0.128354,0.500657,0.814177,0.528085,1.43005,0.122328,0.54374
0.0700017,0.532713,1.06881,0.772193,0.826957,0.210491,0,0.0539814,0.238383,1.3334,0.382727,0,0.195028,0.15153,1.48704,0.357356,1.30996,0.135077,0.593375,1.43552,0.2866,1.22317,0.114539,0.604152
0.122024,0.796135,1.48424,0.302262,0.198895,0.0586901,0,0.0767365,0.0268768,0.985328,0.0917784,0,0.131646,0.22646,1.56781,0.0919722,1.11814,0.163056,0.526787,2.28134,0.00763517,0.597909,0.111653,0.616824
0.583414,0.554085,1.36885,0.109861,0.133701,0,0.546366,0,0,0.530099,0.081681,0.142327,0.161907,0.815732,0.903553,0.0326071,0.750631,0.0717845,0.42457,2.67175,0,0.291203,0.0544177,0.52166
0.603947,0.204114,1.12929,0,0.759678,0,0.0922768,0,0.219995,1.58368,0.53099,0.295619,0.162665,1.05646,0.761457,0,1.31032,0.160224,0.12267,2.5621,0.0557729,0.817784,0.462237,0.577851
0.15679,0,0.916824,0,0.736482,0,0,0,0.412015,2.07182,0.292752,0.577645,0.0538403,1.00122,0.683004,0,1.26666,0.248681,0.156337,2.3682,0.108257,1.0107,0.425942,0.699751
0,0,0.610524,0,0.599507,0,0,0,0.419094,2.29133,0.23394,0.295345,0.0206462,0.821697,0.575826,0.105169,1.27538,0.367807,0.0966073,2.09841,0.123096,0.984163,0.367017,0.623486
0.00053842,0,0,0,0.763937,0,0,0,0.264823,2.4555,0.290849,0,0.127355,0.582257,0.621105,0.0620615,1.20602,0.442455,0,2.02019,0.0912241,1.0366,0.403501,0.302564
0.000350665,0,0.00283808,0.0707566,1.51233,0.444193,0,0,0.23639,2.38178,0.0731807,0,0.0684529,0.515881,1.09157,0.0337714,1.12981,0.395372,0.0385283,1.98407,0.0710528,1.03056,0.180836,0.686716
0,0,0.583504,0.214851,1.60005,0.638302,0,0,0.204969,2.14395,0,0.000155698,0,0.440646,1.31586,0.123164,0.989393,0.287228,0.377458,1.75849,0.385176,0.952782,0.0373824,1.18643
0.107316,0.469197,1.24839,0.764836,0.881217,0.192985,0.027488,0,0.12176,1.52461,0,0.0065545,0.0519175,0.407985,1.11237,0.392353,1.02324,0.0468795,0.49155,1.63372,0.314786,0.853003,0.0106596,1.56118
0.252654,0.528671,1.40311,0.655644,0.589242,0.109431,0.0690131,0,0.0640775,1.04238,0,0.00649833,0.0680491,0.15212,0.66419,0.423856,1.43133,0.0242832,0.522652,1.07318,0.230202,0.572618,0.00134933,1.85256
0.160178,0.556275,1.2916,0.517724,0.792658,0,0.184828,0,0.033306,0.648697,0,0.0002044,0.0431419,0.158232,0.548928,0.314669,2.95465,0.0277234,0.351566,0.29133,0.140247,0.492894,0.0626023,1.41732
0.0944516,0.466531,1.07815,0.202425,0.572765,0,0.0854413,0,0.204379,1.18378,0.0327074,0,0.0336537,0.132704,0.726811,0.0668214,3.24612,0.0261719,0.151101,0.0277962,0.431033,0.674093,0.149064,1.3677
0.0378388,0.359473,0.947643,0.0362461,0.621338,0,0,0,0.252366,1.92682,0,0,0.0123188,0.102252,0.662062,0.0116862,3.27298,0.0214392,0.00330619,0.00314162,0.546043,0.711829,0.12099,1.31349
0,0,0.494785,0,0.736226,0,0,0,0.312101,1.97751,0.00551605,0,0,0,0.427503,0,3.25136,0.0123332,0,0.00252455,0.637884,0.742591,0.0638336,1.2625
0,0,0.157718,0.0535461,0.878317,0.58441,0,0,0.35195,0.974635,0.0774406,0.218867,0,0.122919,0.295597,0.0108262,3.15429,0.218677,0.114758,0.00131561,0.842798,0.553333,0.349356,1.36406
0,0.00141312,0.228055,0.614896,0.80228,1.53142,0,0,0.477515,0.823732,0.0808826,0.290929,0,0.0996622,0.665697,0.214293,2.07089,0.573033,0.254377,0.172265,1.18237,0.990146,0.0231387,1.51108
0.00811389,0.341632,0.808714,0.72608,0.557051,1.37567,0,0,0.0602661,0.924034,0.0117031,0.00190573,0.0904565,0.09686,1.11483,0.25244,1.98512,0.509723,0.325482,0.327419,1.17913,1.02799,0.00861813,1.0917
0.00481723,0.628365,1.30921,0.500944,0.191623,1.10754,0,0,0,1.17886,0.21179,0.00324623,0.147364,0.178738,1.31218,0.237118,1.936,0.410969,0.388414,0.451174,1.09452,1.01635,0.131788,0.984509
0.153231,0.668727,1.31188,0.772624,0.0200254,0.63601,0.42136,0,0,1.04006,0.512076,0.0018559,0.0444982,0.190219,1.40198,0.268823,1.79941,0.391093,0.615516,0.732413,0.68468,1.20736,0.337627,0.991392
0.436515,0.417115,1.23619,0.662782,0.0892168,0.168536,0.478184,0.0173061,0,0.646817,0.560727,0,0.11757,0.118039,1.14435,0.213688,1.50062,0.28841,0.353478,2.05319,0.000753022,0.628853,0.359218,1.27925
0.839817,0.780659,1.11564,0.449322,0.0912339,0,0.293694,0.523091,0,0.348407,0.386503,0,0.226193,0.267842,1.81277,0.144867,0.355633,0.0264097,0.11772,3.14237,0,0.0820239,0.485631,1.08084
0.801428,0.273428,0.95629,0.353088,0,0,0.00138759,0.773841,0.930348,0.3214,0,0,0.215854,0.302672,1.97893,0.11384,0.189682,0.0370868,0.000297217,3.22612,0.348613,0.0756657,0.233088,0.734801
0.437662,0.0182832,0.895449,0,0.179327,0,0.0551651,0.975426,0.651706,0.00711617,0,0,0.2195,0.703282,1.87866,0,0.0722246,0.0427683,0.0118161,3.24044,0.157672,0.00167533,0.177116,0.375555
0,0,1.14486,0,0,0.0026422,0.103225,0.80837,0.689483,0.0115634,0.0169237,0,0.303159,0.757719,1.81092,0,0,0.0626568,0.0221103,3.04309,0.207744,0.00272231,0.354899,0.203441
0,0.117285,0,0.84466,0.823798,0.0644652,0.157887,0.408648,0.915872,0.225612,0.0151434,0,0.00845173,0.240614,1.53978,0.272328,0.285234,0.147557,0.0338187,2.55343,0.320671,0.564624,0.264857,1.0523
0.0679816,0.22949,0.392984,1.19584,0.916303,0.195901,0.113959,0.340584,0.656553,0.373517,0.00784427,0,0.0469068,0.296098,1.26384,0.385551,0.317264,0.300876,0.0244096,2.29609,0.247826,0.451327,0.140097,1.40571
0.171297,0.931834,1.00831,0.31541,0.478664,1.01028,0.0413772,0.131211,0.739319,0.428265,0.0272611,0.000880348,0.0912811,0.56141,1.1581,0.101692,0.164761,0.431649,0.0159639,1.78309,0.36826,0.235261,0.483816,1.65295
0.272458,0.744616,1.0817,0.00959889,0.283869,1.15214,0,0,0.581456,0.329537,0.0170512,0.120895,0.0833848,0.586426,1.06623,0.00194074,0.255935,0.520737,0.00700782,1.87232,0.349111,0.181027,0.378638,2.22037
0.00153249,0.472338,0.883581,0,0.763633,0.599792,0,0,0,0,0,0.318024,0.000303207,0.134188,0.718403,0.00170668,0.731164,0.334992,0,2.84232,0.0113805,0,0.240845,1.91129
0.179582,0.643863,0.574901,0,1.16437,0.586966,0,0,0,0,0,0.418187,0.0483267,0.183146,0.641761,0,1.15537,0.340616,0,2.87635,0.0175984,0,0.281037,1.69158
0.18929,0.352475,0.285483,0,1.37092,0.864815,0,0.0726784,0,0,0,0.420547,0.0509828,0.100261,0.49216,0,1.32607,0.443664,0,2.85925,0.024766,0,0.282668,1.45509
0,0,0,0.0420538,1.36071,1.0348,0.0424718,0.328918,0,0.304485,0,0.239682,0,0,0.409955,0.0130872,1.37746,0.55512,0.0090973,2.80458,0.0300777,0.0716834,0.262018,1.6424
0,0.106675,0.0953887,0.495191,0.814591,1.09641,0.0512899,0.424519,0.0267292,0.0568576,0,0.102434,0.0122293,0.100755,0.541796,0.159655,1.35358,0.575556,0.0871873,2.63736,0.0454956,0.0312339,0.161597,2.29887
0.000187636,0,0.425741,1.0063,0.0812188,1.10394,0.153121,0,0.296837,0.45484,0,0.0609617,0.343662,0.00308228,0.803662,0.324444,0.581351,0.444712,0.249887,2.03449,0.198021,0.482717,0.016106,2.64843
0.211262,0,0.5208,1.10193,0.0853735,0.990553,0.0642331,0,0.355184,0.859301,0,0.0512028,0.386897,0.0357961,0.913045,0.355274,0.259929,0.346636,0.243502,1.70411,0.292754,0.84507,0.012805,2.68625
0.290404,0.219035,1.07347,0.934316,0.0794282,0.811508,0.180309,0,0.308726,0.950578,0,0.0483489,0.306416,0.141972,1.29137,0.301234,0.282342,0.26952,0.440555,1.16847,0.152184,1.68126,0,2.42105
0.282057,0.50672,1.5981,0.540317,0.0114691,0.53417,0.293217,0,0.4192,0.92424,0,0.169796,0.103032,0.296503,1.43569,0.174204,0.673243,0.175087,0.205312,0.292235,0.206642,2.41943,0.00258389,1.70496
0.360495,0.434889,1.319,0,0.366907,0.691526,0.124074,0,0.350818,0.673134,0.13259,0.443758,0.132679,0.309194,0.819087,0,1.12219,0.242804,0.0673364,0.134763,0.189058,2.32016,0.082511,1.71932
0.369847,0.253776,0.637413,0,1.45676,0.629289,0.0746817,0,0.0868258,0.161611,0.235162,0.647167,0.175991,0.448259,0.620712,0,1.89643,0.207212,0.207284,0.0189326,0.0681436,1.80539,0.224964,1.43441
0.0408748,0,0.114521,0,2.21568,0.358791,0.0903118,0,0,0,0.281763,0.723193,0.0607301,0.308776,0.383919,0.0482273,1.75383,0.098508,0.29266,0.00740943,0.0318544,1.33688,0.363121,1.49324
0,0,0,0,2.07165,0.198741,0.126672,0.0730201,0,0.0925848,0.508579,0.364074,0,0.00449278,0.346336,0.0700654,1.67026,0.0705738,0.411967,0.0387299,0.0389787,0.921702,0.530203,1.66817
0,0.0143146,0.0767157,0.0112352,1.40552,0.234804,0.000547652,0.0810634,0,0.54365,0.753805,0.0432446,0,0.237694,0.702246,0.0444381,0.924594,0.113988,0.351682,0.936957,0.0325527,0.848633,0.523699,1.92591
0.210599,0.00528544,0.435959,0.0504342,0.272502,0.677401,0,0,0.241307,0.87721,0.325046,0.050125,0.0567219,0.365888,1.19631,0.068263,0.243033,0.245615,0.207047,1.44584,0.179944,0.753524,0.372236,2.28382
0.170673,0.488015,0.549332,0.0502565,0.330094,0.890235,0,0,0.362975,0.985436,0,0.0460497,0.114711,0.544425,1.60069,0.010161,0.173911,0.310303,0.12607,1.56169,0.303581,1.04012,0.142951,2.09976
0.086625,0.809671,0.828402,0.0593198,0.185512,0.922004,0,0,0.368543,0.600641,0,0.0442647,0.0789907,0.627512,1.29868,0.0588138,0.238457,0.320464,0.125156,1.37104,0.187928,1.57739,0.0571552,2.05843
0.1107,0.753352,0.947913,0.0810419,0.372952,0.560188,0,0,0.400552,0.195844,0,0.195374,0.0298156,0.475612,0.906696,0.155896,0.915367,0.219935,0.266921,0.423319,0.19745,1.86492,0.0065454,2.00402
0.195975,0.66897,0.690474,0,1.29318,0.39562,0,0,0.467389,0,0,0.490774,0.0527831,0.190288,0.478737,0.12798,1.66595,0.301986,0.64117,0,0.238361,1.04053,0.0851745,2.7231
0.384921,0.476152,0.313654,0,1.8241,0.0624566,0,0,0.179602,0,0,0.414733,0.103673,0.134696,0.222143,0.35156,1.40231,0.257511,0.606027,0,0.104926,0.632651,0.10553,2.92296
0.132846,0.000889524,0.000133562,0.0926903,2.35921,0,0,0,0,0,0.231021,0.587257,0.0357803,0.000176468,0.0202901,0.479839,1.19701,0.22297,0.620557,0,0.0232973,0.58708,0.151224,2.88423
0,0,0,0.117358,2.00646,0,0.00514642,0.332816,0,0.652757,0.266134,0.0631809,0,0,0.0167471,0.515091,0.694722,0.16901,0.671953,0.07326,0.0318826,0.698097,0.129646,2.81437
0,0.0438531,0.101423,0.653242,1.10006,0.294123,0.0165341,0.259752,0,0.994408,0.0458238,0.102609,0,0.0414194,0.236464,0.436141,0.357784,0.40203,0.917269,0.165684,0.0333951,0.789649,0.0184696,2.87676
0.301178,0.00309697,0.634262,0.603981,0.256666,0.47439,0,0,0.299002,1.26238,0.0106365,0.0105302,0.0811182,0.000614391,0.735238,0.292383,0.0861051,0.537092,1.02684,0.51537,0.300642,1.0345,0.176082,2.6318
0.498429,0.0073567,0.632886,0.860611,0.333909,0.610679,0,0,0.343221,1.25592,0.00903143,0.00242026,0.138021,0.0147505,0.834619,0.341456,0.297023,0.51312,1.07032,0.650248,0.495407,0.982069,0.149511,2.64228
0.418838,0.0210862,0.970134,1.18695,0.275799,0.324174,0,0,0,0.950604,0,0.00330186,0.212642,0.059122,0.744172,0.411046,0.35532,0.448615,0.927615,0.714566,0.388773,0.713036,0,2.71174
0.529843,0.0236105,1.10693,0.890075,0.202196,0.258106,0.0742541,0,0.0346897,0.509221,0,0.00946577,0.250574,0.0711818,1.6322,0.28697,0.357961,0.399592,0.454993,1.02716,0.0285052,0.311686,0.0858038,2.53202
0.697771,0.443207,1.12335,0.426318,0.11298,0.267158,0.141187,0.433368,0.667474,0,0,0.212669,1.64588,0.12607,1.45013,0.13745,0.762942,0.449423,0.277113,1.433,0.343096,0.0288953,0.190926,1.93769
0.728668,0.389521,0.704143,0.0666987,0,0.032973,0.083162,1.68598,0.440558,0,0,0.375973,2.45069,0.110799,0.87496,0.0385877,0.6486,0.00690074,0.162716,2.45044,0.242783,0.0215422,0.200134,0.374402
0.601805,0,0.207182,0.00738574,0.0120524,0.0919465,0.120048,2.09569,0.180509,0,0,0.617498,2.47632,0,0.78624,0.00356808,0.7368,0.019243,0.0257139,2.73667,0.121419,0,0.214505,0.331537
0.161129,0,0,0.103898,0.0193787,0.103547,0.237394,2.06424,0,0,0.00779148,0.577328,2.48153,0,0.950173,0.15064,0.658058,0.0216709,0.0508489,2.63327,0.0301141,0,0.274107,0.147973
0.00995101,0.391191,0.0180771,0.222342,0.117739,0.064981,0.0405072,1.61637,0,0,0.419268,0.238648,2.49375,0.364459,1.43874,0.315798,0.395718,0.0142093,0.147326,2.0603,0.0247931,0,0.453215,0.0611671
0.302995,0.161108,0.707752,0.420411,0.247019,0.103307,0.103868,1.06871,0,0.0194018,0.569779,0,1.48563,0.245951,1.47426,0.252832,0.225119,0.0216205,0.592414,2.52821,0.0180488,0.1742,0.727389,0
0.544034,0.34927,0.680668,0.555426,0.235171,0.116758,0.213939,0.482848,0,0.0759879,0.569242,0.00253083,1.12323,0.357302,1.33803,0.287084,0.0807919,0.0244356,0.721837,2.59275,0.00920736,0.584887,0.736566,0.100974
0.543738,0.760477,1.13034,0.778827,0.317576,0.172977,0.00976733,0.617342,0.115394,0.0892547,0.15574,0.00453851,0.861265,0.767424,0.832245,0.264186,0.324184,0.039965,0.513927,3.13095,0.058055,0.380177,0.56073,0.181075
0.605422,0.806786,1.12589,0.458733,0.00885586,0.163589,0.0134975,0.712438,0.513983,0.000277215,0,0.188493,0.783669,0.949342,0.724755,0.147901,1.10728,0.0820874,0.145643,3.13836,0.305223,0.00602271,0.560362,0.132591
1.19469,0.895121,0.514846,0.25589,0,0.0422173,0.231741,0.441164,0.132337,0,0,0.0464075,1.24585,0.329329,0.32966,0.0825017,2.51489,0.10168,0.102995,1.81355,0.382688,0.00430339,0.487353,0.154395
1.94857,0.967376,0.0348448,0.355612,0.0101785,0,0.153589,0.408878,0,0,0,0.000854519,1.66227,0.332841,0.177451,0.114653,2.75933,0.0980021,0.0625298,1.37401,0.409576,0.00282775,0.45513,0.169802
2.10654,1.05608,0,0.379034,0.035497,0.0489444,0,0.522293,0,0.324233,0,0.401369,1.94747,0.313536,0.167437,0.11767,2.7367,0.110298,0,1.11178,0.531665,0.0770945,0.393497,0.243065
2.0683,0.965023,0,0.0806007,0.0620983,0.0608,0.0104145,0.498214,0,0,0,0.125049,1.70232,0.347304,0.188417,0.0220652,2.61368,0.0967497,0.00223075,1.1855,0.752366,0,0.252226,0.184881
1.20657,0.570024,0.0388032,0.200796,0.282378,0.100767,0.0153318,0.322719,0.196372,0.556136,0,0.0509587,0.984377,0.240903,0.202103,0.246873,1.70784,0.175382,0.396281,2.29485,0.874536,0.305506,0.0368908,0.51691
1.17822,0,0.153303,0.14277,0.193297,0.194623,0.156413,0.290277,0.378747,0.656403,0.03955,0.00578569,0.879642,0.25064,0.0462968,0.269479,0.918804,0.200235,0.521535,2.61349,0.610276,0.452762,0.141672,0.753921
0.985021,0,0.236221,0.201394,0.205765,0.185179,0.211579,0.327019,0.399465,0.783409,0.146849,0.00547325,0.582592,0.2814,0.322399,0.128464,0.811206,0.111603,0.689957,2.75177,0.544062,0.516842,0.144063,0.81081
1.15498,0.162876,0.665021,0.700723,0.160653,0.181104,0.42077,0.216685,0.197959,0.569188,0.0269629,0.00506912,0.36526,0.361704,0.963176,0.225921,0.797034,0.114686,0.783558,2.60964,0.359219,0.438769,0.0399399,0.895672
0.557894,0.766905,0.802706,0.868022,0.110289,0.208347,0.541115,0.135491,0,0.27181,0,0.0279732,0.312674,0.417069,1.14452,0.27986,0.514059,0.263495,0.484321,2.98873,0,0.497296,0.107498,0.706038
0.977705,0.790766,0.34729,0.627593,0.0351873,0.0748343,0.421896,0.366642,0,0.114244,0.279857,0.347714,1.64913,0.535541,0.671766,0.202343,0.637651,0.0965117,0.189683,2.82211,0.00664221,0.0627583,0.405979,0.451591
1.35844,0.605281,0,0.462787,0.0421769,0.0582097,0.20598,0.418955,0,0.0667779,0.380524,0.493071,2.00551,0.530055,0.567038,0.149208,0.806986,0.153498,0.142182,2.75791,0.0189249,0.0366835,0.660011,0.401325
1.52987,0.462673,0,0.0792544,0.0378696,0.058936,0.0636645,0.88795,0,0,0.144724,0.4657,1.99334,0.583541,0.515941,0.0255525,0.67248,0.229623,0.0853303,2.75072,0.0264524,0,0.877712,0.269496
1.64016,0.245847,0,0.0142789,0,0.0536557,0.0474893,0.993554,0,0.022956,0,0.468848,2.01713,0.722602,0.587286,0.00288696,0.0032119,0.402081,0.134204,2.5185,0.0286185,0.0126106,0.813111,0.129518
0.561675,0.00737635,0.242479,0.102369,0.0742598,0.36322,0,0.28331,0.343435,0.319072,0.00516561,0.362912,1.02346,0.734169,0.992621,0.138557,0.0764365,0.395015,0.282834,2.76821,0.272561,0.175278,0.256141,0.630762
0.563468,0.0148367,0.400983,0.599681,0.438358,0.505951,0,0.0937205,0.352675,0.471427,0.00271663,0.0149797,0.488161,0.70532,1.30814,0.193344,0.402614,0.270328,0.416437,2.47078,0.386491,0.258972,0.188409,0.79916
0.00433645,0.0160668,0.785451,1.02624,0.555424,0.366685,0,0.0299018,0.422236,0.593299,0,0.49583,0.361867,0.4955,1.50524,0.330872,0.478138,0.162553,0.473176,2.09595,0.420825,0.325921,0.12541,1.37742
0.0020579,0.018128,1.35033,0.950778,0.199844,0.160288,0,0.0803438,0.447515,0.233218,0.0228994,0.513243,0.226242,0.340276,1.04059,0.401687,0.318136,0.176475,0.47873,2.3156,0.443537,0.131989,0.108919,1.99782
0.00120512,0.0145699,1.23712,0.644531,0.0267265,0.0859486,0.03816,0.418176,0.421753,0,0.060784,0.505254,0.23525,0.189487,0.390668,0.298891,0.959694,0.0261509,0.256246,2.58753,0.232688,0,0.314162,1.93384
1.29227,0.00516119,0.809823,0.379593,0,0.0708837,0.0383645,0.426744,0.463096,0,0.0778902,0.395936,1.04575,0.0135207,0.288357,0.159345,1.77207,0.0257628,0.121897,1.64641,0.253356,0,0.392002,1.44786
1.67702,0.460259,0.682826,0.122869,0.0184198,0.0945129,0,0.399008,0.142708,0,0.0859109,0.409994,1.3571,0.143222,0.295416,0.0461846,2.18805,0.0280886,0,1.53615,0.0989087,0,0.354197,1.33595
2.04392,0.793174,0,0,0.0731414,0.10629,0,0.34098,0,0,0,0.0237776,1.08399,0.320987,0.173949,0,2.3182,0.0248959,0,1.31215,0.0314512,0,0.271003,1.24926
1.71639,0.516395,0,0.0160212,0.116218,0.116516,0,0.404192,0,0.0720968,0,0.00668936,0.603402,0.489187,0.228586,0.0216848,2.1701,0.024385,0,1.71792,0.126202,0.0396054,0.0988691,1.47309
0.917481,0.316482,0.265317,0.703432,0.153196,0.63126,0,0.0813398,0.1917,0.749052,0.316055,0.00530514,0.427566,0.493649,0.478466,0.276053,1.5333,0.220851,0.191227,1.87771,0.364605,0.45742,0.218129,1.67424
0.132241,0,0.738183,0.806953,0.201067,0.369892,0,0.104403,0.362967,1.02975,0.117078,0,0.496976,0.260821,1.07629,0.251808,0.930286,0.124523,0.286833,2.10128,0.457186,0.76407,0.0724766,1.70595
0.0830448,0.00579138,1.4674,0.926088,0.184571,0.237468,0.00397865,0.288601,0.406166,0.807646,0,0,0.506627,0.25038,1.06363,0.302327,0.843778,0.0628607,0.430012,2.5364,0.409613,0.558403,6.75586e-06,1.48292
0.0756704,0.370504,1.59828,0.900568,0.144647,0.173149,0.00375804,0.379545,0.382173,0.4832,0,0,0.463127,0.293637,1.06719,0.29898,0.708414,0.0394144,0.553041,2.76229,0.211483,0.463359,9.15993e-05,1.23613
0.0767209,0.632221,1.3653,0.676968,0.074043,0.156624,0.044868,0.355833,0.395919,0.505305,0.0697132,0.267192,0.078792,0.187235,1.07245,0.224498,1.12398,0.0541079,0.676194,2.62516,0.207739,0.857347,0.203176,0.629229
0.189831,0.678979,0.861429,0.465855,0.73194,0.124849,0.0851028,0.0739914,0.0258004,1.77006,0.5756,0.23156,0.0511283,0.518655,1.41295,0.190138,1.18476,0.0604325,0.658001,1.09686,0.018418,1.42339,0.570338,0.163362
0.194248,0.604496,0.265059,0.15656,0.584967,0.0121667,0,0,0,2.27034,0.413313,0,0.178548,0.472912,1.84285,0.111866,0.987306,0.0609863,0.672954,0.114412,0.0112186,1.45708,0.518104,0.0208175
0.0731533,0.144429,0,0,0.845545,0.0125201,0,0,0.161995,2.4661,0.135329,0,0.178476,0.288224,2.04415,0.0020083,0.930195,0.130179,0.596542,0.0480767,0.0575614,1.57932,0.388348,0.00828902
0,0,0,0.494409,0.578784,0.00674801,0,0,0.255907,2.44258,0.0606617,0,0.142383,0.225027,1.97649,0.166551,0.988199,0.185711,0.428577,0.210938,0.0846135,1.83954,0.344054,0.00035544
7.76423e-05,0,0.312713,0.797876,1.28378,0.234957,0,0,0.210221,2.2712,0.0352469,0,0.128832,0.110852,1.81533,0.260332,0.924179,0.112428,0.315819,0.976564,0.0734825,2.03494,0.566516,0
0.000593673,0,0.818559,0.763229,1.28722,0.0306787,0,0,0.30607,1.84846,0.124468,0,0.155715,0.251622,2.01164,0.242129,0.934755,0.0114795,0.32017,1.21133,0.0921846,1.66322,0.403399,0.0670559
0.000820043,0.159204,1.43128,0.454193,0.653541,0,0,0,0.266354,1.22784,0.0197949,0,0.162749,0.622432,2.05949,0.140393,0.570046,0,0.334289,1.34111,0.0810663,1.35604,0.402299,0.144917
0.00108246,0.589505,2.07282,0.346374,0.122373,0,0,0,0,0.989499,0.0122074,0,0.211307,0.772993,2.23288,0.120501,0.150866,0,0.460436,1.43809,0.0138725,1.15022,0.337557,0.223155
0.0287517,0.634305,2.37935,0.015477,0.0162353,0.168795,0.151501,0,0.125793,0.398129,0,0,0.0971977,0.463962,2.51924,0.00662828,0.111904,0.178126,0.0939726,1.74627,0.0642863,1.51271,0.116751,0.291368
0.0173425,0.575504,2.57668,0,0,0.0811825,0.0971162,0,0,0.337546,0,0,0.372808,0.163702,2.32038,0.0172979,0.193853,0.107498,0.0667074,2.46327,0.00298974,1.30378,0.163258,0.293603
0.0772545,0.37179,2.46697,0,0.0159181,0.0691697,0.0108559,0,0.267709,0.260224,0.545912,0,0.186291,0.105756,2.52052,0.0126758,0.199353,0.0954529,0.0287963,2.72622,0.13596,1.16,0.399227,0.229929
0.220526,0.0819603,1.94877,0.510924,0.0647961,0.0541285,0,0,0.386897,0.148211,0.489491,0,0.164408,0.036583,2.51989,0.174372,0.271605,0.0843674,0.0168671,2.06962,0.100754,1.33117,0.322988,0.193679
0,0.307385,2.13801,1.00163,0.0875118,0.0476466,0,0.0756413,0.324855,0.884843,0.360031,0,0,0.0874355,2.93669,0.322938,0.282165,0.0659956,0,1.64268,0.100865,1.22308,0.346084,0.234321
0.00120335,0.472678,1.71108,1.11029,0.0777469,0.0307121,0.0704455,0,0.151946,1.35852,0.508365,0.00248109,0.123406,0.134453,3.15887,0.362873,0.0159612,0.046604,0.313899,1.57415,0.139945,1.1307,0.314337,0.489991
0.00207396,0.506532,1.27396,1.31455,0.0858219,0.362117,0.16934,0.111089,0,1.74215,0.299765,0.00695423,0.257163,0.180929,2.83282,0.423827,0.0178081,0.157193,0.435075,1.23226,0.342597,1.54213,0.185781,0.515943
0.00242419,0.575726,1.25741,1.22156,0.106467,0.456106,0.171211,0,0,1.74849,0,0.0105094,0.27668,0.268236,2.43006,0.393844,0.466869,0.310311,0.496251,0.795715,0.399045,1.86636,0.000296602,0.646371
0.00177483,0.631521,0.963167,1.102,0.166726,0.277919,0.349733,0,0,0.996929,0,0.0921956,0.152712,0.400029,2.00754,0.355296,0.829864,0.375557,0.364384,0.661796,0.167355,2.74716,0,0.44857
0.195551,0.56798,1.09278,0.646237,0.0128175,0.281782,0.597139,0,0,0.357125,0,0.00273528,0.0526391,0.421697,1.38849,0.208354,0.717035,0.459801,0.232927,0.347778,0.018422,2.78566,0.000850085,0.10929
0.109217,0.769254,1.3989,0.373627,0.0381318,0.0382502,0.485637,0,0,0.387269,0.187308,0,0.118579,0.376178,1.76684,0.222644,0.29585,0.0520813,0.385806,0.258556,0.0323495,2.75307,0.170936,0.0151468
0.036206,0.7217,1.9248,0.335865,0.0407481,0.0019188,0.17903,0,0,0.815595,0.292691,0,0.0893076,0.237067,2.01423,0.274532,0.267803,0.0409994,0.423265,0.362716,0.0360891,2.38266,0.320975,0.0353654
0,0.482204,2.28264,0.0357176,0.044202,0.00916471,0,0,0.0265574,0.743909,0.048482,0,0,0.185058,2.11962,0.164579,0.334246,0.0211858,0.530636,0.402868,0.0437677,1.99331,0.696883,0.0368988
0.0014749,0.258781,2.08037,0.0580933,0.00689914,0,0,0,0.129567,0.574228,0.239091,0.000560063,0.0440492,0.462419,2.10421,0.0578296,0.316991,0.0472301,0.520107,0.722405,0.0635488,1.65784,1.15012,0.0449234
0.0060975,0.254647,1.35173,0.053563,0.0149921,0.0496075,0.223288,0,0,1.28335,0.338974,0.00574505,0.648745,0.496673,1.62827,0.0108296,0.025076,0.0801209,0.361106,1.03482,0.120144,1.82295,0.324024,0.266981
0.00502613,0.793238,0.325459,1.19123,0.107391,0.497141,0.16741,0,0,1.54468,0.129526,0.00672599,0.649287,0.588296,1.58788,0.384065,0.262493,0.187072,0.367299,1.23897,0.145915,1.65998,0.177669,0.339718
0.00179924,1.10547,0.334815,0.811768,0.196776,1.21632,0.43889,0,0,1.52161,0,0.00621201,0.423286,0.549098,1.45382,0.261723,0.366604,0.4516,0.502921,1.33486,0.151356,1.65765,0.0870369,0.342768
0.0533193,1.03561,0.651842,0.034496,0.139362,1.22504,0.392701,0,0,1.3275,0,0.00350877,0.237138,0.554906,1.54435,0.0198568,0.419704,0.451984,0.428722,0.925159,0.0779189,2.07999,0.0100989,0.265257
0.0485563,0.843814,0.878718,0.030889,0.0173291,0.705952,0.217574,0,0,1.09977,0,0,0.168523,0.347823,1.321,0.497057,0.446337,0.327783,0.401959,0.312048,0.0177474,2.2271,0.0293195,1.05217
0,0.616476,1.72917,0.00202118,0,0.284238,0.163658,0,0,0.763528,0,0.00219858,0.209558,0.201437,1.38091,0.772553,0.0081191,0.184673,1.00847,0.102836,0.020766,1.65881,0.133053,1.27804
0,0.381142,2.28479,0,0,0,0.16117,0,0,0.163593,0,0.00960934,0.150827,0.119175,1.45764,0.767371,0.00631185,0.0532802,1.02223,0.0173279,0.0253772,1.47028,0.154894,1.48397
0,0.133925,2.54074,0.0443943,0,0,0,0.00280388,0.00451919,0.405676,0,0.0181547,0,0.22679,1.31927,0.817187,0,0.0254355,0.94231,0.00125111,0.0346333,1.3148,0.0708932,1.69316
0.000176135,0.222796,2.24388,0.0407812,0,0.0912222,0.148987,0,0.0659009,1.4945,0.346081,0.021868,0.0343831,0.360316,1.11271,0.796803,0,0.0907015,0.336671,0.573584,0.300605,1.44493,0.213912,1.79664
0.00269261,0.00378306,1.86202,0.583806,0.808096,0,0.246491,0,0.260596,1.15851,0.806811,0.017265,0.103974,0.128208,1.10497,0.80553,0.279798,0.0970873,0.40651,0.96752,0.463973,1.30432,0.428648,1.47194
0.00236751,0.00714765,1.60943,0.663087,0.813896,0,0.0777923,0.0108101,0.148493,0.873847,0.759718,0.0114507,0.160617,0.157128,1.32412,0.738274,0.281806,0.10113,0.362851,1.01664,0.365978,1.2902,0.46958,1.09566
0.00231304,0.00541759,1.889,0.854744,0.343086,0.00483482,0.102532,0,0.161758,0.90098,0.527607,0.00962214,0.175667,0.256512,1.50842,0.804649,0.118791,0.064982,0.467894,0.992793,0.336421,1.43163,0.34484,0.969827
0.00173926,0.530885,1.8753,0.886795,0.0970969,0.0581309,0.0756934,0,0,0.465389,0.267317,0.00293869,0.219663,0.440764,1.52207,0.854522,0.211282,0.025311,0.676348,0.808226,0.208019,1.32152,0.261606,0.716103
0.00157205,0.755931,1.52176,0.785319,0.411152,0.0984607,0.118818,0,0,0.137066,0.104526,0.0232988,0.827321,0.287918,0.979765,0.383228,1.56758,0.175744,0.52006,0.6674,0.0759242,1.06896,0.262393,1.29527
0.454578,0.878054,0.289032,0.373338,0.873703,0.118068,0.102099,0,0,0.0179479,0.387998,0.155362,1.16953,0.249762,0.281568,0.122819,2.58486,0.116699,0.413655,0.630953,0.0253706,0.169189,0.316775,1.71237
0.170582,0.617186,0,0.000664782,2.03287,0.126712,0,0,0,0.0456481,0.66581,0.17494,1.20932,0.175558,0.11256,0.00458462,2.78753,0.0522156,0.256095,0.723675,0.0273562,0.0396556,0.401306,1.46188
0.0021773,0,0,0.0888577,2.31243,0.0649065,0,0,0,0.340325,0.530793,0.084679,1.15974,0,0.0554157,0.0275499,2.65086,0.086999,0.218214,0.802309,0.0283583,0.0801211,0.375867,1.47625
0.0410445,0,0.00117741,0.123105,2.36849,0,0.112444,0,0.177272,0.220017,0.676966,0.194665,0.903163,0,0.0594901,0.0371465,1.98885,0,0.227945,0.968121,0.0679371,0.120864,0.459933,1.47062
0.29232,0.0424709,0.161842,0.15958,0.853074,0.124847,0,0.0412971,0.416278,0.948626,0.209664,0.229221,0.659039,0.123383,0.233592,0.0322644,1.307,0.089358,0.133888,1.01202,0.481129,0.492912,0.45577,1.78754
0.0455864,0.442956,0.720813,0.136001,0.524479,0.706518,0,0,0.083942,1.17275,0.122625,0.0430844,0.471521,0.314383,0.793481,0.0274972,1.30389,0.354319,0.0678434,0.936378,0.569885,0.511134,0.401584,1.71896
0,0.659522,1.37105,0.181746,0.250135,1.16529,0,0,0,1.38041,0.0952378,0.0403704,0.347898,0.438529,1.16203,0.050326,1.21886,0.555032,0.0884939,0.793993,0.637621,0.63107,0.378457,1.64357
0.0874332,0.686317,1.52658,0.444857,0.0339069,0.72204,0.143888,0,0,1.64802,0.0132097,0.0329877,0.271885,0.382829,1.31495,0.143427,1.39564,0.626585,0.149749,0.626367,0.753166,0.870223,0.366374,1.41317
0.217734,0.658803,1.08213,0.326756,0.668124,0.0727783,0.15432,0,0,1.33347,0,0.00987157,0.070994,0.190078,0.457743,0.10535,2.7572,0.0481096,0.063918,0.0797438,0.381807,1.29902,0.0769051,1.05485
0.660213,0.555127,0.899394,0.128151,0.772103,0.000964789,0.000368641,0,0.0941352,1.22025,0,0,0.330672,0.163221,0.402767,0.0413173,2.88045,0.0138113,0.00543027,0.00201972,0.435624,0.920744,0.0579776,1.10405
0.780151,0.287518,0.545705,0.00333016,0.604559,0,0.0654161,0,0.280198,0.813937,0.108278,0.0833344,0.210123,0.0817842,0.305409,0.0288935,2.78167,0.0117844,0.0140119,0.00283923,0.654376,1.17522,0.187457,0.724215
0.097082,0,0.185768,0,0.327089,0.0406143,0.146848,0,0.491461,0.967312,0.424228,0,0.0261477,0,0.545624,0.102012,2.84474,0.0145729,0.0314544,0.000931445,0.713904,1.13376,0.291833,0.494155
0,0,0.738585,0,0.366873,0.0493137,0.0871641,0.0165965,0.879507,0.83936,1.07533,0.191611,0,0.0310725,1.23781,0.034974,2.45479,0.0103206,0.210247,0.31306,1.0683,0.650326,0.568657,0.572404
0,0,0.739001,0.326506,0.696624,0.450329,0.0250461,0.113865,0.873885,0.755003,0.936275,0.077232,0,0.127946,1.50671,0.196248,2.3484,0.193853,0.295366,0.887907,0.864443,0.542031,0.568413,0.809155
0.255239,0,0.806559,0.777667,0.837348,0.458861,0.0568605,0.198126,0.95379,0.614273,0.766383,0,0.0687452,0.176547,1.42019,0.394468,1.98166,0.257731,0.326673,1.14445,0.611945,0.836461,0.4737,0.818977
0.444013,0.310229,1.42153,0.380399,0.746412,0.254163,0.177243,0.0207608,0.855984,0.0781183,0.390333,0,0.122199,0.136007,1.69741,0.135165,1.70251,0.196872,0.442062,1.60371,0.42455,0.754054,0.241264,0.800427
0.390011,0.441406,1.5526,0.497062,0.230686,0.0601177,0.164303,0,0.512685,0.0797362,0.151202,0.073273,0.129324,0.135746,1.94628,0.160258,1.26793,0.115644,0.157769,1.88935,0.252725,0.715915,0.0934577,0.624664
0.0702207,0.684256,1.34833,0.269368,0.216684,0.0794267,0.178143,0.00082965,0.0996909,0.0208692,0,0.599718,0.945209,0.219487,1.52989,0.0868473,1.58067,0.118566,0.0381575,1.78028,0.0520302,0.187375,0.0750699,0.491869
0,0.701796,0.571134,0,0.920684,0.0615054,0.0110584,0.091923,0.0815485,1.22485,0.289209,0.381929,0.858968,0.463129,1.13131,0,1.84332,0.136385,0.00236867,1.75352,0.0317196,0.694531,0.249387,0.414292
0.000170868,0.462424,0.165405,0,0.981382,0,0,0.0856024,0.301097,2.26267,0.600525,0.0319842,0.625065,0.783835,0.729837,0.0109484,1.65027,0.190067,0,1.66692,0.0889525,1.18475,0.36147,0.281527
0,0,0.263897,0,0.532959,0,0,0,0.338368,2.28641,0.375638,0,0.206875,0.841774,0.647098,0.00742129,1.52037,0.363132,0,1.44412,0.107238,0.949266,0.471886,0.30636
7.23486e-05,0,0,0.718304,0.885938,0.379323,0,0.00977332,0.254366,2.52972,0.118968,0,0.0141231,0.689156,1.14003,0.240131,1.1448,0.490589,0,1.4311,0.0864544,1.09777,0.269848,0.199517
0.000490211,0.00667316,0.192617,0.557668,1.72821,0.405679,0,0,0.267302,2.46196,0.0131315,0,0.0956936,0.319824,1.65327,0.179916,0.976426,0.280103,0.130188,1.33883,0.144482,1.1992,0.254849,0.584668
0.000762652,0.554592,0.714743,0.19509,1.72637,0.253891,0,0,0.396948,2.24118,0.0131172,0,0.134687,0.475488,1.72073,0.0509671,0.932449,0.157471,0.332554,1.29828,0.223163,1.31832,0.231913,0.945148
0.25747,0.759295,1.3978,0.78344,0.731949,0.0376775,0.0047467,0,0.342869,1.64012,0,0.0038526,0.239803,0.297391,1.57002,0.374603,1.07806,0.0125601,0.481429,1.07064,0.186397,1.16636,0,1.31832
0.168951,0.603316,1.55299,0.416861,0.582514,0.0207167,0.15082,0,0.790121,0.650647,0.36187,0.0018234,0.0793851,0.171613,0.909826,0.228035,2.01627,0.0145742,0.492417,0.967063,0.415874,1.03183,0.224805,1.40424
0.187997,0.4277,1.27232,0.175706,0.631087,0,0.17021,0,0.617769,0.820718,0.429074,0,0.0506345,0.121659,0.44464,0.0566496,3.33337,0.0115716,0.114403,0.38473,0.317917,1.20166,0.300328,1.18726
0.273184,0.42515,0.975937,0.0171569,0.694158,0,0.11628,0,0.428594,0.978694,0.113011,0,0.134498,0.124174,0.401884,0.00553159,3.38841,0.00821069,0.0473405,0.132982,0.158546,1.21297,0.169618,1.14443
0,0.181754,0.801202,0.0628413,0.64299,0,0,0,0.255361,1.99192,0.0259713,0,0.00698732,0.0573752,0.376025,0.0202607,3.25305,0.00437621,0,0.00114147,0.0882751,1.16434,0.119544,1.06269
0,0,0.455163,0.00748431,0.755889,0.0227819,0,0,0.36063,1.78966,0.118527,0.00219631,0.113609,0.330216,0.300284,0.00151321,3.19152,0.0141643,0,0,0.113493,0.999309,0.115793,0.7256
0,0,0.0591488,0.127002,0.894413,1.23187,0,0,0.498771,0.881421,0.105981,0.614638,0,0.47783,0.345716,0.0312146,2.9714,0.460948,0.0633671,0.208109,0.552811,1.06343,0.296683,1.16178
4.56443e-05,0.00314365,0.341641,0.769767,0.977961,1.4959,0,0,0.331205,0.741816,0.306146,0.570664,0.00891018,0.259206,0.764139,0.237969,2.37358,0.559744,0.192627,0.420082,0.655863,1.37233,0.0762276,1.3297
0.0127101,0.554601,0.812702,0.807593,0.533345,1.33406,0,0.206148,0.12296,1.1012,0.00122554,0.00928375,0.0528006,0.157756,1.03051,0.24755,2.20143,0.511506,0.37977,0.567273,0.714556,1.33109,0.0212349,1.16012
0.167946,0.66785,1.16455,0.669945,0.12202,0.992672,0,0,0,1.20486,5.07175e-05,0.0104195,0.0452341,0.18997,1.32208,0.206992,1.94165,0.536063,0.589172,0.63811,0.641677,1.27286,0.000947238,1.0452
0.319091,0.634193,1.17581,0.771378,0.100082,0.450466,0.371079,0,0.0349199,0.690029,0,0.00177425,0.085943,0.180396,1.4787,0.248701,1.89831,0.668759,0.773532,0.671256,0.560366,1.11114,0.034966,0.68818
0.611818,0.720936,1.27534,0.446356,0.117327,0.306083,0.502484,0.25694,0.173156,0.138856,0,0,0.164785,0.850081,2.09021,0.15509,1.5575,0.626683,0.619045,1.5936,0.0411147,0.0326901,0.16913,0.268177
0.789875,0.598713,1.52747,0.342473,0.0961577,0,0.245478,0.788996,0.371897,0.142001,0,0,0.238623,1.0291,2.0784,0.114211,0.791961,0.0668838,0.466783,2.58017,0.0882518,0.0334306,0.164298,0.222042
0.675763,0.113997,1.02482,0.0747484,0,0,0.00486794,1.12551,0.808032,0.0701477,0,0,0.189347,1.06566,1.93818,0.0250068,0.524154,0.0948961,0.217783,2.85441,0.226084,0.0165145,0.156903,0.155676
0.119223,0.0142174,0.910147,0,0.264156,0,0.0696661,0.764955,0.713272,0,0,0,0.213669,0.922209,1.95646,2.98151e-05,0.0914621,0.0910989,0.0583414,2.87827,0.209343,0,0.152845,0.187401
0,0,0.935949,0.487507,0.660348,0.0162373,0.13946,0.463015,1.19126,0.218835,0.123515,0,0.0510381,0.484092,2.02446,0.156194,0.228641,0.177446,0.0298719,2.29656,0.47309,0.120214,0.434132,0.724985
0,0.195037,0.000291867,1.06303,1.00374,0.0624815,0.178346,0.368923,1.10006,0.419176,0.0133414,0,0,0.20155,1.8463,0.341279,0.34754,0.313892,0.038201,1.44217,0.525083,0.683864,0.272119,1.31795
0.192445,0.338757,0.270492,1.27539,1.09494,0.488011,0.0820429,0.229323,0.681208,0.581268,0.00729194,0,0.0518323,0.313355,1.43981,0.4112,0.379115,0.565608,0.0191101,0.936243,0.604745,0.816731,0.188566,1.578
0.252883,0.783724,0.973737,0.822263,0.750661,0.809098,0,0,0.529921,0.572535,0.0168693,0,0.0680799,0.464896,1.12245,0.265107,0.27212,0.690404,0,0.855712,0.710414,0.606695,0.351397,1.7961
0.00196933,0.387385,1.13196,0,0.721966,0.777027,0,0,0.16566,0.222104,0,0.0885127,0.000389635,0.302013,1.06144,0,0.581744,0.519552,0.0128756,1.86973,0.205258,0.12201,0.0747711,2.26983
0.00234493,0.555052,0.678259,0,1.34113,0.387982,0,0,0,0,0,0.352057,0.000463948,0.157381,0.682711,0.00695299,1.4949,0.22622,0.0177034,2.78317,0.0218559,0,0.131693,1.74597
0.276422,0.634609,0.529169,0,1.24997,0.629464,0,0,0,0,0,0.38513,0.0743955,0.180514,0.622007,0.000886075,1.4045,0.311288,0.0171065,2.84068,0.0293295,0,0.16798,1.66057
0.0324553,0.0705202,0.12253,0,1.7964,0.557181,0,0.105306,0,0.155294,0.273913,0.37886,0.0087414,0.0200594,0.464184,0,1.48672,0.264541,0.013746,2.81239,0.0369433,0.0365602,0.249933,1.38574
0,0,0,0.151278,1.94008,0.618199,0.0497421,0.360019,0,0.107648,0,0.0322449,0.0463634,0,0.377001,0.0487739,1.76494,0.259852,0.056782,2.672,0.0393756,0.0499218,0.256943,1.45766
0,0.177053,0.131546,0.719145,0.817998,0.776003,0.0428477,0.358087,0.219838,0.605601,0,0.206289,0.157415,0.167227,0.504244,0.231861,1.27592,0.290717,0.252736,2.15826,0.142499,0.450767,0.169882,2.03111
0.0507259,0.0238173,0.43972,0.976233,0.230934,0.745257,0.0658004,0,0.432973,0.85234,0,0.0443116,0.243692,0.0618443,0.852467,0.314748,0.473299,0.251471,0.283485,1.61522,0.190943,0.728764,0.095669,2.53831
0.277729,0.0278222,0.789018,0.954796,0.123177,0.788894,0.00315796,0,0.510258,0.970876,0,0.0440934,0.266378,0.111523,1.03624,0.307837,0.334498,0.259634,0.291673,1.38184,0.276404,0.948861,0.046737,2.55762
0.00113711,0.218785,1.35973,0.790747,0.0732636,0.69973,0.0984936,0,0.311339,0.976593,0,0.0426971,0.0735681,0.267023,1.208,0.254946,0.794136,0.231322,0.272894,0.910604,0.153472,2.04585,0,2.15879
0.00176936,0.277306,1.6212,0.221898,0.0273626,0.519799,0.149426,0,0.426365,0.776575,0,0.11682,0.000350071,0.367626,0.879026,0.0715424,0.933128,0.167733,0.0571233,0.0822292,0.229484,2.58364,0.000214072,1.52971
0.230553,0.426174,0.851812,0,1.36177,0.322751,0.0471538,0,0.310433,0.45067,0.124374,0.616372,0.0712103,0.34791,0.655395,0,2.42107,0.0927742,0.103778,0.00128653,0.185883,2.12478,0.0923076,1.49592
0,0.185574,0.437556,0,1.94065,0.457401,0.0376106,0,0,0.12193,0.279077,0.754742,0.0182758,0.227835,0.603554,0,2.47971,0.138337,0.276459,0.00312873,0.0340162,1.54838,0.257102,1.59057
0,0,0,0,2.1435,0.201809,0.072968,0.011516,0,0.112962,0.458757,0.580333,0.00131928,0.0952956,0.424945,0.0348684,2.2279,0.0422354,0.548271,0.00664591,0.0357167,1.14283,0.354722,1.64528
0,0,0,0.0291425,1.95485,0.200179,0.126324,0.00314586,0,0.485738,0.587122,0.192512,0,0.22012,0.429403,0.131337,1.55724,0.0719661,0.459807,0.192437,0.0348084,0.824433,0.633115,1.85474
0,0.00301443,0.108916,0.0397497,1.12949,0.660364,0,0,3.9023e-05,0.832426,0.617901,0.045127,0,0.377387,0.745185,0.078232,0.778132,0.288881,0.309543,1.30286,0.0351287,0.758696,0.367105,2.02401
0.141604,0.00443736,0.21975,0.0499614,0.305437,0.533057,0.0105558,0,0.297865,0.754606,0.217654,0.0499546,0.0381393,0.432615,1.32513,0.0101014,0.309842,0.210188,0.15127,1.73514,0.218128,0.443221,0.158054,2.36983
0.117142,0.655476,0.692564,0.149816,0.274118,0.895606,0,0,0.31386,0.720653,0,0.048251,0.0315507,0.608103,1.67148,0.0398714,0.332412,0.320546,0.127962,1.69271,0.216911,0.648674,0.00572017,2.26118
0.0684814,0.707902,1.20192,0.0303398,0.288113,0.858744,0,0,0.345852,0.600496,0,0.15288,0.0184445,0.569932,1.30195,0.00946954,0.573878,0.299086,0.170336,1.45655,0.170486,1.2987,0,2.16824
0.177955,0.607159,0.914355,0.0292193,1.07276,0.455919,0,0,0.349296,0.260848,0,0.367479,0.0479297,0.392369,0.545256,0.00590766,2.26,0.179944,0.353608,0.380132,0.172183,1.39732,0.0515832,2.09761
0.318126,0.573488,0.559627,0.0210721,1.42018,0.29962,0,0,0.321818,0,0,0.376686,0.0856828,0.25226,0.168064,0.504548,2.47437,0.330947,0.231346,0.337037,0.159998,0.311042,0.237236,2.61089
0.815744,0.553523,0,0,2.36781,0,0,0,0.00632363,0.19599,0,0.397607,0.21971,0.17758,0,0.550344,1.92926,0.209343,0.214485,0.286716,0.0108925,0.147556,0.229208,2.55851
0,0,0,0.115304,2.37709,0,0,0,0,0.440113,0.422273,0.256015,0,0,0,0.628123,1.73204,0.135272,0.166982,0.176223,0.0183978,0.139861,0.245768,2.54444
0.000143879,0.00103859,0,0.240595,1.6876,0.0397538,0.0116477,0.348602,0,0.448879,0.220447,0.0366741,0.0280864,0.000206041,0.017341,0.659027,0.835223,0.050131,0.342132,0.411128,0.0528115,0.110723,0.168855,2.51231
0.0631571,0.00368459,0.332563,0.881166,0.759636,0.382368,0,0.152837,0.179723,0.994465,0,0.133951,0.0827435,0.00757911,0.389379,0.83428,0.261842,0.518306,0.193406,0.968797,0.471519,0.831051,0,2.27722
0.346859,0,0.690013,0.579362,0.339167,0.533894,0,0,0.509746,1.1813,0.00273474,0.00319495,0.317171,0.00894957,0.768138,0.478838,0.397271,0.554508,0.183766,1.09646,0.689938,1.02504,0.0452723,2.13804
0.42047,0.367051,0.825611,0.75907,0.356702,0.691975,0,0,0.349533,1.23975,0.00325054,0,0.424783,0.110763,0.795196,0.423955,0.428811,0.502861,0.309508,1.00956,0.558745,1.06413,0.0538111,2.10296
0.461584,0.688653,1.25138,0.845559,0.457214,0.535564,0,0,0.0499366,0.803294,0,0,0.412092,0.197727,1.04146,0.329429,0.191792,0.487743,0.39838,0.893101,0.353581,0.711004,0.0393961,2.09119
0.58867,0.69366,1.30883,0.473831,0.268744,0.348383,0.234931,0,0.161638,0.457324,0,0.0230962,0.626542,0.197311,2.0099,0.152769,0.453813,0.524779,0.400627,1.43061,0.0943174,0.251225,0.261649,1.95514
0.804801,0.551079,0.897528,0.13541,0.0049669,0.242443,0.349213,1.16777,0.616874,0,0,0.102269,1.64562,0.180362,1.7285,0.0436577,0.715732,0.403805,0.181063,2.44801,0.331553,0,0.284619,1.01977
0.952434,0.639218,0.289086,0.200532,0.00190283,0.0333297,0.0858813,2.02757,0,0,0,0.245541,1.85847,0.202477,1.32681,0.202425,0.828555,0.0069754,0.0183955,2.92841,0.0315032,0,0.249872,0.233092
0.836403,0,0.105384,0.0759627,0.0859179,0.101707,0.0736616,2.32269,0,0,0,0.244755,1.75353,0.0765429,1.17961,0.115254,0.901332,0.0212856,0.015778,3.08212,0.0321775,0,0.247322,0.0665168
0.0064596,0.549091,0.0549998,0.209817,0.12225,0.118371,0.204514,2.07226,0,0.0833522,0.0207155,0,1.64124,0.306132,1.25994,0.281953,0.766196,0.0251256,0.0438061,2.71508,0.0307802,0.0196232,0.248926,0
0.14104,0.39909,0.537279,0.353117,0.11085,0.0151327,0.0633577,1.57823,0.0765418,0.0064045,0.389791,0.463836,1.24664,0.498963,1.48885,0.213455,0.585211,0.00685993,0.115911,2.60295,0.0462409,0.0575031,0.497246,0.118885
0.556196,0.160719,0.786033,0.423335,0.454026,0.148736,0.232486,0.327317,0,0.0298287,0.449538,0,1.34175,0.55246,1.5556,0.213727,0.527526,0.0544146,0.305218,2.49351,0.023886,0.28623,0.504698,0
0.706498,0.318876,0.970429,0.777525,0.250339,0.196806,0.12097,0.412692,0.150644,0.0527332,0.330303,0,1.40814,0.685672,1.14143,0.285616,0.401503,0.0691398,0.392534,2.66467,0.094992,0.590374,0.425379,0
0.700968,0.484541,1.24373,0.665194,0.0825774,0.252509,0.0379009,0.60677,0.377536,0.0231302,0,0,1.4096,0.850232,0.6218,0.271298,0.530241,0.0804515,0.480246,2.90365,0.200453,0.383563,0.219533,0.0284807
0.753561,0.526872,1.0253,0.359736,0,0.0264242,0.00270098,0.376781,0.35939,0,0,0.0304456,1.16383,0.710313,0.428461,0.124541,1.85894,0.0488699,0.140754,2.49728,0.245156,0,0.378779,0.00815671
1.88458,0.787769,0.329309,0.365297,0,0.0242533,0.149202,0.333386,0,0,0,0.130074,1.41695,0.305186,0.205124,0.12364,2.53905,0.0675624,0.190992,1.36668,0.0916581,0,0.325151,0.153394
1.87029,0.79256,0,0.587903,0,0.0315814,0,0.645885,0,0.131038,0,0.679365,1.47216,0.545228,0.140178,0.19382,2.59253,0.0584012,0.11068,1.18999,0.0893732,0.0308498,0.289453,0.382396
0.832817,0.731492,0,0.507959,0,0.0197379,0,0.512978,0,0.210346,0,1.05703,1.67188,0.574728,0.175136,0.165326,2.56394,0.0595726,0.0815818,1.49345,0.231044,0.0495208,0.233918,0.452024
1.7221,0.506452,0.260857,0.293285,0,0.0914752,0,0.349691,0,0.127501,0,0.453548,1.91558,0.480924,0.442772,0.396963,1.93075,0.0936042,0.357875,1.68436,0.41959,0.0700411,0.126367,0.566068
1.64385,0.0469137,0.242877,0.360359,0.0460135,0.158995,0.0430355,0.318983,0.273023,0.466627,0,0.00512116,1.78705,0.151192,0.337789,0.556724,0.69441,0.14636,0.496078,2.02643,0.502766,0.366434,0,0.801854
1.35249,0.011042,0.0127797,0.459513,0.32738,0.139514,0.097335,0.385693,0.252059,0.538915,0,0,1.58625,0.0598088,0.169057,0.520455,0.66906,0.13289,0.532473,2.2462,0.544566,0.48114,0,0.855472
1.23605,0.0130862,0.154779,0.533351,0.241313,0.132573,0.127616,0.395714,0.113988,0.622661,0,0.00242494,1.32333,0.00276868,0.58039,0.245306,0.673524,0.096212,0.549531,2.30184,0.411794,0.47152,0.0185704,1.02215
0.879316,0.207156,0.709746,0.771079,0.121024,0.122708,0.171182,0.309329,0,0.37015,0,0.00366919,1.0028,0.0577931,1.2317,0.248604,0.638809,0.0256809,0.704185,2.41736,0.0767191,0.235916,0.031245,0.894026
0.351726,0.857793,0.849636,0.576738,0.0139975,0.134073,0.115053,0.311172,0,0.255514,0,0.323907,0.679487,0.448554,0.892353,0.185947,0.0415445,0.0280595,0.294629,2.88449,0.00131686,0.146141,0.22691,0.472008
0.304783,0.864914,0.292713,0.352139,0,0.103076,0.116188,0.42513,0,0,0,0.687201,0.894188,0.894509,0.633228,0.113534,0.214342,0.036637,0.0713118,3.09316,0.0123007,0,0.47246,0.293848
1.37861,0.955794,0,0.126004,0,0.0834914,0.0854753,0.710093,0,0,0,0.674165,1.09286,0.829961,0.501882,0.0432775,0.198745,0.111833,0.0646903,2.9662,0.0165908,0,0.629397,0.231217
1.93093,0.656246,0,0,0.0198911,0.089707,0.0971725,0.450666,0,0,0,0.435435,1.29885,0.729671,0.473315,0.00626126,0.0371755,0.223725,0.0760099,2.67893,0.0224224,0,0.826691,0.111999
1.86965,0.376793,0.00141396,0,0.0967088,0.162167,0,0.474881,0,0.122669,0.000743328,0.159753,1.59542,0.455766,0.723072,0.0943965,0.0198541,0.310002,0.0741336,2.42282,0.0225844,0.0673865,0.589209,0.0413041
1.31003,0.0120664,0.282207,0.0497975,0.156042,0.564142,0,0.228335,0.351551,0.341677,0.0678755,0.00903121,1.12654,0.313222,1.16932,0.144797,0.235598,0.237555,0.264364,2.58305,0.375479,0.187696,0.236688,0.386482
0.962068,0.00904379,0.429577,0.348994,0.503719,0.842639,0,0.0586529,0.335403,0.599495,0.00282455,0.00800562,0.721367,0.268985,1.45031,0.235742,0.528859,0.347742,0.391491,2.24129,0.433525,0.329324,0.0743049,0.539997
0.956235,0.282737,0.742762,0.116901,0.541456,1.11129,0.00273582,0,0.228722,0.883896,0,0.0420838,0.257549,0.157257,1.34634,0.22728,0.621041,0.42402,0.369936,2.07118,0.419966,0.485556,0.00656954,1.26142
0.955281,0.354264,0.733811,0.118403,0.105178,0.874845,0.639115,0,0,0.844202,0,0.0817137,0.257292,0.10077,0.831001,0.273431,0.642429,0.434161,0.644541,2.0845,0.229227,0.463751,0.00208692,1.75306
1.28542,0.132839,0.400827,0.113565,0.00832342,0.324479,0.802143,0.231425,0,0.179526,0,0.286601,0.476119,0.0377861,0.579447,0.0785341,1.56072,0.123282,0.599885,1.73334,0.29505,0.0986204,0.135876,1.68699
2.07316,0.00639969,0.00832224,0.0810947,0,0.204606,0.696994,0.259943,0,0,0,0.244556,0.88817,0.00829779,0.126125,0.016396,2.42339,0.0820536,0.400536,1.42416,0.415075,0,0.216873,1.49206
2.44197,0.0083186,0.0161155,0.051783,0,0,0.323808,0.491494,0,0,0,0.231126,1.09756,0.0225946,0.0675932,0.0104697,2.67723,0.00510472,0.187521,1.19486,0.464947,0,0.234162,1.42662
2.30895,0.0219297,0.0175427,0,0,0.0509143,0,0.302154,0.0333606,0,0,0.172579,0.957752,0.330525,0.117105,0,2.66275,0.0190513,0.0374202,1.1196,0.471753,0,0.204986,1.32067
1.66384,0.00776911,0.0119466,0.117309,0.101879,0.143472,0,0.211811,0.101285,0.269072,0.179729,0.144961,0.533799,0.521698,0.282984,0.158779,1.74366,0.0300266,0.277398,1.47464,0.492634,0.201001,0.177948,1.20746
0.141026,0.00400627,0.531488,0.86575,0.176706,0.327038,0,0.0554019,0.25498,0.864179,0.531876,0.323111,0.226734,0.29376,0.822655,0.275509,1.29735,0.104659,0.285811,1.60166,0.517292,0.972026,0.328751,1.09588
0.0411632,0,1.0109,0.946595,0.202204,0.182249,0.0323409,0.222469,0.435951,0.978243,0.0650095,0,0.215244,0.23935,0.926247,0.298908,1.00711,0.111781,0.30524,2.05413,0.565946,1.10501,0.0411662,1.0206
0.000823941,0.0598395,1.48546,1.05296,0.143607,0.183944,0.0601446,0.304835,0.466994,0.609646,0,0,0.177582,0.248105,0.989027,0.339733,1.1018,0.122353,0.440224,2.53588,0.501324,0.857442,0,0.797187
0.104325,0.110995,1.55885,0.806302,0.0684184,0.114176,0.0500909,0.390987,0.4069,0.289669,0,0.170334,0.136286,0.245881,1.2972,0.259961,1.10736,0.0238953,0.632861,2.72723,0.35167,0.460625,0,0.657879
0.80847,0.141087,1.39699,0.378713,0.0880988,0.0333402,0,0.325734,0.465671,0.509665,0,0.255134,0.217751,0.040132,1.94293,0.140942,1.29931,0.0913093,0.675442,1.96453,0.242742,0.547067,0.314018,0.171502
0.941361,0.011508,1.14201,0.00911986,0.353099,0,0,0.0742324,0.260342,1.69514,0.450161,0.235122,0.253543,0.00327345,2.42423,0.00921579,1.02097,0.0092774,0.652061,0.900448,0.0732026,1.16374,0.551826,0.0896724
0.0480368,0,0.881818,0.0029259,0.478628,0,0,0,0.307306,1.95909,0.377052,0.412259,0.0129381,0,2.56736,0.00473338,1.10862,0.00923581,0.668535,0.581547,0.0888715,1.67277,0.431985,0.147852
0,0,0.349035,0,0.581162,0.133287,0,0,0.212397,2.23095,0.418248,0,0.0324661,0,2.43515,0.0080725,1.00908,0.0637479,0.667712,0.374077,0.0741865,1.97711,0.199103,0.0202841
0,0,0.0824913,0.0855663,1.19242,0,0,0,0.0691928,2.19566,0.516088,0,0.0370294,0.00380544,2.28141,0.0423891,0.8662,0.0489743,0.680602,0.709216,0.0481661,2.02808,0.474124,0.000125785
0,0,0.706056,0.836679,1.32373,0.256966,0,0,0,1.87568,0.501027,0,0.00948648,0.0289854,2.65901,0.276069,0.827666,0.126207,0.588803,0.994736,0.162413,1.53431,0.516108,0
0.00237316,0.00177647,1.2426,0.840644,1.02732,0.458881,0,0,0,1.72826,0.0283556,0.0753538,0.000469534,0.0779076,3.05946,0.268828,0.446651,0.215475,0.547096,1.10169,0.239982,1.04269,0.512194,0.031727
0.0021186,0.00909814,1.69336,1.03829,0.676947,0.522403,0.0114326,0,0,1.11411,0.0196091,0.153994,0.000419168,0.168714,3.12203,0.334757,0.247651,0.285704,0.517021,1.13832,0.223839,0.824128,0.396856,0.0891472
0.0956779,0.0990812,2.28535,0.722799,0.2379,0.46014,0.00379197,0,0,0.906783,0.00444534,0.0141224,0.0256442,0.223192,2.81219,0.238521,0.0823711,0.324135,0.47883,1.24409,0.0710924,0.956318,0.244593,0.246717
0.273285,0.387075,2.39972,0.0645097,0,0.204988,0.198681,0,0.0398015,0.39294,0,0.0438162,0.276421,0.109144,1.90415,0.148207,0.0116552,0.233908,0.188328,2.07999,0.0196199,1.21918,0.171257,0.352355
0.479103,0.557706,2.22231,0,0,0.0402543,0.364679,0,0.150175,0.252243,0,0.0634184,0.489032,0.158639,1.43747,0.167991,0.00880263,0.136658,0.135926,2.49638,0.0740279,1.008,0.167763,0.394934
0.410748,0.168717,1.75363,0,0.363844,0.0666843,0.153737,0,0.185159,0.124242,0.288183,0.0182247,0.244404,0.0479916,1.55667,0.0728054,0.136531,0.138253,0.03293,2.54809,0.0520682,1.11572,0.251296,0.334888
0,0.46664,1.75457,0.740171,0.11255,0.104986,0.0599382,0.130167,0.322573,0.159767,0.153654,0,0,0.132735,1.92132,0.23864,0.100893,0.14446,0.0128385,2.30368,0.0995625,1.43448,0.180962,0.293642
0,0.434536,2.25234,0.102732,0.126852,0.0779602,0,0.267168,0.185707,1.0067,0.0871169,0,0,0.123603,2.44896,0.0301455,0.27843,0.142304,0.253563,1.98616,0.0791257,1.14538,0.154698,0.492938
0.000747504,0.250055,1.55921,0.0909326,0.0696349,0.156617,0,0.229076,0.00988254,1.40576,0.00733435,0.00197621,0.229105,0.0860402,2.35297,0.0183851,0.305227,0.134706,0.332272,1.5608,0.346201,1.30155,0.121484,0.523845
0.000510942,0.225819,1.50218,0.104461,0.0728593,0.447319,0.0886859,0.157266,0.157211,1.42116,0.00656281,0.00662951,0.225645,0.127122,2.16161,0.0211202,0.273023,0.190789,0.457275,1.21396,0.410448,1.5876,0.108817,0.616441
0.223051,0.445787,1.82007,0.372165,0.12613,0.738239,0.0979277,0,0.292384,0.802411,0,0.00897855,0.13065,0.414246,1.9877,0.10968,0.619375,0.265266,0.505858,0.990074,0.378184,1.96941,0,0.527123
0.254456,0.604947,1.51757,0.892278,0.0431041,0.331225,0.323432,0,0,0.287849,0,0.163226,0.0685342,0.508443,1.50048,0.28768,0.681625,0.174842,0.307236,0.592522,0,2.52019,0,0.246739
0.000501776,0.63463,0.934728,0.861402,0.024601,0.246988,0.206046,0,0,0.277329,0,0.222614,9.92774e-05,0.468789,1.91368,0.277726,0.489725,0.236915,0.0688742,0.0382347,0.0226314,2.43018,0.0125435,0.0571723
0.406745,0.693101,0.616342,0.966991,0.0254177,0.144687,0.0883555,0,0,0.487554,0.301757,0.241948,0.258712,0.417273,2.2989,0.355958,0.266137,0.0423208,0.032482,0.0118915,0.0328016,2.584,0.21073,0.0746206
0,0.39942,1.46451,0.823743,0.0639944,0.100017,0,0,0,0.598969,0.247883,0.049279,0,0.275801,2.61147,0.343351,0.202399,0.0317898,0.10435,0,0.0373492,2.37939,0.264567,0.040051
0,0.165137,2.26455,0.243769,0.0525402,0.108247,0.0247924,0,0,0.479618,0.0689123,0,0,0.40211,2.69946,0.114764,0.150318,0.0935312,0.524587,0,0.0368132,1.99473,0.630792,0.0267617
0.00320301,0.339035,1.56374,0.0967469,0.0913797,0.0216314,0,0,0,0.995689,0.284658,0.00220743,0.499721,0.824166,2.36717,0.0215962,0.01876,0.0695901,0.40333,0.669773,0.0473825,1.75378,0.835032,0.0965023
0.0038699,0.322019,0.768368,0.0923003,0.592134,0.294123,0,0.0694627,0.0352377,1.22722,0.410307,0,0.613192,0.933057,1.75679,0.124929,0.200159,0.149083,0.385953,0.724386,0.277774,2.10076,0.270885,0
0.0263131,0.741333,0.940713,0.0729149,0.347032,0.368869,0,0,0,1.25358,0.0804048,0.00115162,0.650044,0.992563,1.89199,0.0147422,0.387934,0.139219,0.340203,0.758607,0.132578,2.02009,0.049698,0.0587746
0.002876,0.998703,1.25863,0.244409,0.311548,0.179413,0.287024,0,0,1.24992,0.172896,0.000232435,0.561422,0.850188,1.791,0.0788001,0.459844,0.0480878,0.339333,0.688289,0,2.29565,0.106867,0.00927355
0,0.86776,1.30325,0.0920211,0.101406,0.165934,0.363605,0.0162819,0,0.914731,0.0185945,0.00589517,0,0.317352,1.66512,0.0507702,0.431626,0.16945,0.800409,0.233456,0.00194532,2.70638,0.0114932,0.509124
0,0.609239,1.93784,0.0642362,0.0266467,0.0779378,0.348857,0.106625,0,0.420885,0,0.00854107,0,0.173298,1.35302,0.739644,0.00547051,0.148222,0.851189,0.047577,0.0145993,2.17593,0,1.40154
0,0.456519,2.48867,0.00329154,0,0.0764272,0.273962,0,0,0.138709,0,0.0243675,0,0.197336,1.50246,0.808976,0,0.139678,0.768411,0,0.0193946,1.51491,0,2.11022
0,0.1605,2.2062,0.000276795,0,0,0.0842096,0,0,0.215251,0.0232967,0.036855,0,0.0848309,1.11896,0.781397,0,0.143785,0.687261,0,0.0247717,1.52111,0.00570958,2.507
0,0.285766,1.95763,0.00218584,0,0.0280609,0.136587,0.194565,0.00607284,0.698416,0.0852965,0.0399054,0,0.0812859,0.781274,0.761257,0,0.0808676,0.853848,0.042828,0.0305898,1.54795,0.0527216,2.61617
0.000738042,0.548113,1.70385,0.221236,0,0.0519668,0.15931,0,0.164602,1.40745,0.753713,0.035865,0.032436,0.15591,0.990644,0.678022,0,0.0881892,0.965742,0,0.205554,1.26602,0.436681,2.49399
0.00176559,0.0081835,1.16229,0.497376,0.969943,0.0338158,0.0613414,0.116946,0.18139,1.17233,0.768648,0,0.124336,0.225036,1.15427,0.577816,0.335836,0.0993841,1.19369,0.314891,0.308178,1.19927,0.730825,1.5864
0.00255619,0.00597332,1.51905,0.776262,0.769663,0.118244,0.0534994,0,0.198024,1.06983,0.615168,0,0.0449117,0.371062,1.36694,0.483026,0.266491,0.132003,1.05079,0.534568,0.410762,1.12276,0.613432,1.18875
0.00325956,0.0122591,1.63628,1.02665,0.378185,0.0024903,0.11029,0,0.0821652,0.935775,0.421447,0,0.142405,0.438699,1.37538,0.555084,0.130944,0.0581992,0.898399,0.674668,0.373294,1.17546,0.365738,1.05298
0.00399774,0.315935,1.57485,0.720379,0.0409743,0.476709,0.133641,0,0,0.659599,0.216758,0.0417434,0.362966,0.432888,0.815901,0.3543,0.195052,0.177905,0.571666,0.862692,0.0946704,1.28621,0.403615,1.29584
0.0079244,0.568488,1.17345,0,0.669812,0.938653,0.0841994,0,0,0.326029,0.256326,0.454673,1.82181,0.161706,0.421243,0,1.48175,0.334372,0.311584,0.681771,0.0102384,0.378347,0.505734,1.581
0.38138,0.308949,0.396352,0,1.94184,0.449072,0.0376445,0,0.0223152,0.0223777,0.464381,0.72973,1.88952,0.0878802,0.126095,0,2.07775,0.12938,0.126684,0.944536,0.204478,0.0132439,0.508564,1.42943
0.00583899,0.0125244,0,0,2.4576,0.210956,0.0669917,0,0.0265369,0,0.583353,0.592149,1.75806,0.0118293,0.0335883,0,2.15123,0.0997239,0.0262703,0.996053,0.184111,0.00080725,0.469421,1.36707
0.00467908,0,0,0.027653,2.53313,0.176229,0.180847,0,0.0141114,0.0927936,0.760212,0.129535,1.56424,0,0.0755091,0.00559098,2.20872,0.037944,0.0452192,1.02464,0.10846,0.0514268,0.507869,1.30623
0.00253199,0.0477783,0.0148014,0.067254,1.46068,0.406133,0,0,0,0.565432,0.708267,0.0356947,1.317,0.0135905,0.112486,0.0135977,1.84625,0.131498,0.0215214,1.22578,0.0282076,0.310612,0.507508,1.42413
0.237282,0.11107,0.23974,0.0634904,0.684329,0.535399,0.0273648,0,0.00532435,0.785307,0.389054,0.0382047,1.40719,0.0313223,0.370595,0.0128367,1.78056,0.176963,0.0363282,1.14288,0.0712023,0.404728,0.481,1.52427
0.148262,0.641632,0.649038,0.136916,0.504851,0.596323,0.230025,0,0,0.94025,0,0.0364374,1.29683,0.182512,0.734885,0.0328536,1.77587,0.575406,0.128782,1.11516,0.0986678,0.560698,0.0423197,1.45376
0.127951,0.757121,1.16856,0.481183,0.0796933,0.415939,0.303953,0,0,1.02418,0,0.034621,1.27449,0.215363,1.05566,0.154352,1.69294,0.800798,0.164413,1.02837,0.180653,0.710962,0.00727263,1.41307
0.13549,0.705978,1.27751,0.541885,0.0311244,0.445842,0.178542,0,0,0.783016,0,0.0253873,0.581051,0.200815,0.597964,0.174838,2.8782,0.753761,0.139742,0.540683,0.482114,0.746745,0.0963351,1.15277
0.243666,0.67803,0.879236,0.32186,0.492515,0.0514101,0.0292823,0,0,0.776397,0,0,0.8674,0.200621,0.456091,0.113124,3.32195,0.112631,0.0689995,0,0.418963,0.278801,0.112046,0.501128
0.689183,0.404173,0.29454,0,0.43969,0.0583382,0.013416,0,0.371286,0.864992,0.0666689,0,0.848376,0.115324,0.263927,0.0115664,3.18416,0.133065,0.0605557,0,0.578884,0.203641,0.153205,0.52372
0.601787,0.116693,0,0,0.325339,0.371306,0.0100143,0,0.567719,1.51989,0.420858,0,0.242174,0.089265,0.143362,0.0146952,2.72491,0.1472,0.0487949,0,0.79554,0.782185,0.232871,0.589075
0,0,0.17118,0,0.522516,0.227374,0.0615871,0.0342651,0.541278,1.60635,0.376048,0.103272,0.00209939,0.265881,0.316147,0.0172706,2.87836,0.0848394,0.0566935,0.0152894,0.955558,0.880863,0.503918,0.592543
4.82896e-05,0,0.572398,0,0.801577,0,0.0794761,0.14547,0.435384,1.82992,0.414856,0.275672,0.00942656,0.0547603,0.688296,0,2.24081,0.00534246,0.369324,0.415299,1.09967,0.746315,0.64012,0.887943
0.000692208,0,0.705675,0.6078,1.01339,0.119239,0.0813422,0.197369,0.217824,1.95257,0.124142,0.13525,0.198375,0,0.923442,0.278641,1.78456,0.0939162,0.397584,0.716048,0.764459,1.14433,0.479073,1.03776
0.247845,0,1.30315,1.01516,0.912243,0.119298,0.209661,0.0843434,0.0507038,1.91753,0.0671833,0,0.25398,0,1.56246,0.380795,1.26088,0.124828,0.522518,0.993572,0.57481,1.02338,0.171516,0.962516
0.49744,0.433292,1.50097,0.854266,0.563566,0.0406084,0.276279,0,0,1.58532,0,0.00317871,0.269199,0.12325,1.4847,0.29047,0.906065,0.129181,0.532757,2.03475,0.00100045,0.875268,0,0.837042
0.439311,0.724902,1.40402,0.663154,0.243922,0.0826351,0.518025,0,0,0.775453,0,0,0.15225,0.296479,1.10969,0.220293,0.964119,0.166713,0.476444,2.53199,0,0.436324,0.00539968,0.410963
0.700966,0.645154,0.834104,0.548977,0.704176,0.0385416,0.244521,0,0,1.28175,0.0104608,0,0.188796,0.764281,0.577863,0.176997,1.35424,0.361329,0.322899,2.25853,0,0.670248,0.15968,0.417224
0.748329,0.368524,0.314339,0.508326,0.466599,0,0,0,0.206825,2.10522,0.241472,0,0.201552,0.916161,0.431176,0.170596,1.10589,0.43788,0.311453,1.6471,0.0520189,1.0671,0.434929,0.361283
0.260486,0,0,0.174987,0.873891,0,0,0,0.422456,1.89509,0.233841,0,0.0701584,0.883195,0.363579,0.123941,1.25522,0.533572,0.211545,1.51393,0.106813,1.29532,0.419132,0.310971
0.000341565,0,0,0.0390968,0.843899,0,0,0,0.46056,1.25229,0.0980063,0,0.0666765,0.616901,0.663451,0.114238,1.54465,0.559485,0.0016857,1.47472,0.111251,1.08753,0.300508,0.319998
0.00106208,0,0,0.0590677,1.59451,0.435248,0,0,0.338056,1.9118,0.0556767,0,0.207328,0.497329,0.880377,0.0748811,1.47061,0.526146,0.120687,1.18924,0.0767915,1.17695,0.378102,0.113297
0.000776911,0,0.556748,0.396061,1.81179,0.420911,0,0,0.352796,1.85845,0.00732321,0,0.15166,0.440137,1.18332,0.146197,1.4646,0.2658,0.267899,0.907292,0.377822,1.07614,0.310888,0.648183
0.000109498,0.0957869,1.32533,0.366438,1.55104,0.53108,0,0.034059,0.538328,1.05382,0.00164401,0.0015669,0.0213751,0.45879,1.08002,0.235973,1.32786,0.198722,0.549652,0.812755,0.507878,0.797728,0.17057,1.31922
0,0.498519,1.73924,0.123301,0.758012,0.531817,0.0552984,0,0.47031,0.707955,0,0.0106583,0,0.157593,0.762717,0.209729,1.87258,0.198998,0.603751,0.733704,0.458062,0.371512,0.0713495,1.59955
0.141951,0.539058,1.60404,0.10489,0.316608,0.190962,0.023831,0,0.201569,0.529899,0.156483,0.01189,0.0382326,0.153335,0.705378,0.142184,2.50745,0.0793265,0.50287,0.396424,0.18995,0.177435,0.229576,1.45747
0.195952,0.552927,1.04154,0.0653719,0.694733,0,0.0402979,0,0.211657,1.16788,0.110987,0,0.089327,0.161818,0.737229,0.0132171,2.68122,0,0.28561,0.140047,0.478311,0.652146,0.343045,0.929306
0.144304,0.536889,0.742385,0.0323853,0.675116,0,0,0,0.193315,1.73718,0.00380324,0,0.0388664,0.155701,0.709357,0.00654778,2.70137,0,0.0969984,0.0955568,0.580232,0.805602,0.319671,0.92053
0,0,0.290213,0.0141812,0.655476,0,0,0,0.215673,1.82473,0.0838969,0,0.0147187,0,0.462138,0.0844792,2.84109,0,0.0516683,0.0029102,0.625975,0.953946,0.230905,0.916008
0,0.0046197,0.0199517,0.0898443,0.799995,0.315663,0,0,0.139296,1.41255,0.349956,0.0133349,0,0.0650593,0.463992,0.0289668,2.55855,0.127504,0.223568,0,0.948227,0.659784,0.425212,1.27878
0,0.00442907,0.0177507,0.710201,0.94977,1.28201,0,0,0.187587,0.913339,0.307082,0.101164,0,0.054142,0.731184,0.262212,2.25484,0.504853,0.345474,0.165704,1.07368,1.04694,0.0812306,1.42479
0,0.391291,0.586611,0.669076,0.549931,1.30821,0,0.0322087,0.307565,0.857564,0,0.00479474,0,0.111302,1.25083,0.203955,2.14605,0.498826,0.414812,0.436972,1.17189,1.10108,0.000346042,1.09215
0,0.664132,1.30859,0.791821,0.271678,1.13826,0,0,0.0496858,1.46578,0,0.00384492,0,0.188912,1.41994,0.24981,2.01438,0.466145,0.503492,0.532329,1.07868,1.08009,0.000173997,0.785987
0.0579771,0.701885,1.45842,0.737921,0.0326373,0.580852,0.0315972,0,0,1.44185,0.104061,0.00376094,0.0156154,0.213429,1.57158,0.237914,2.03173,0.504055,0.618409,0.611827,0.816509,1.15869,0.0706747,0.681162
0.210642,0.531946,1.64453,0.415139,0,0.355721,0.20632,0,0,1.03697,0,0.0782607,0.0567337,0.355467,1.23497,0.130972,1.69941,0.612896,0.595,1.53284,0.0138946,0.846976,0.197357,0.29713
0.270966,0.470456,1.68318,0.285927,0,0.322822,0.331538,0,0.0308065,0,0,0.3905,0.0729811,0.961307,1.53184,0.0921862,0.586951,0.617993,0.186242,2.58629,0.0111099,0.000403631,0.20823,0.109942
0.0220498,0.411231,1.54879,0,0,0.00212741,0.21594,1.18213,0.334987,0,0.0671003,0.406385,0.176612,1.00222,1.30491,0,0.295519,0.0721316,0.049606,3.2038,0.0937697,0,0.183902,0.104624
0,0.0132061,1.1599,0,0,0,0.181114,1.35438,0.384583,0,0,0,0.345874,1.34673,1.35171,0,0.0899324,0.0729131,0.0399363,3.10029,0.20531,0,0.152444,0.0923817
0,0.0187345,1.01855,0,0,0.0203405,0.147315,0.821381,0.413861,0.0260886,0.0129162,0,0.343034,1.05348,1.72911,0,0,0.126781,0.0315544,2.79847,0.125753,0.234237,0.308372,0.228775
0,0.0550928,0,0.598029,0.724907,0.332536,0.132112,0.389108,0.916458,0.911826,0.150215,0,0.0540535,0.154902,1.70094,0.192811,0.250994,0.252249,0.028298,2.55003,0.292284,0.574441,0.3724,0.924238
0.000304497,0.118981,0.122778,0.849037,1.05857,0.301105,0.187924,0.266592,0.597086,0.825947,0.110518,0,0.0799829,0.145566,1.56534,0.271734,0.366524,0.252176,0.0402525,2.29852,0.204034,0.606912,0.261106,1.32903
0.318474,0.573339,0.75721,1.37475,1.10679,0.409689,0.274424,0.00388053,0.549163,0.81891,0.0564205,0,0.169519,0.283377,1.45402,0.443235,0.383217,0.301134,0.0832379,1.52997,0.462559,0.463983,0.066691,1.54338
0.326766,0.679005,1.04574,0.761834,0.464414,0.156427,0.046516,0,0.541209,0.671119,0.0263997,0.00817724,0.169744,0.514618,1.20161,0.245624,0.387706,0.221287,0.0497877,1.41758,0.362755,0.36867,0.184005,1.87891
0.391381,0.674675,1.13803,0.27619,0.490048,0.0605208,0,0,0.331234,0,0,0.105074,0.133475,0.191911,0.983307,0.0905158,0.787933,0.0879151,0.0284809,2.35508,0.179686,0,0.116897,2.33327
0.368257,0.762252,0.713593,0.193957,0.715924,0.0238682,0,0,0,0,0,0.394857,0.120718,0.216822,0.775311,0.0628758,1.24227,0.0788408,0.0330787,2.41766,0.0350695,0,0.149628,2.09743
0.1113,0.849858,0,0.583783,0.761349,0.594001,0,0.478844,0,0.261701,0,0.788578,0.0496104,0.241741,0.62464,0.188218,1.27344,0.286228,0.0354421,2.51767,0.0196481,0.143762,0.154821,1.86733
0,0.0928487,0,0.364079,1.84583,0.814468,0.025483,0.142844,0,0.406585,0,0.597983,0.0651048,0.0264108,0.72332,0.117383,1.07658,0.360936,0.0303808,2.45416,0.0326496,0.0957205,0.133262,1.62662
0.0110584,0.138175,0.25211,0.579971,1.05144,0.874432,0.0416564,0.347887,0,0,0,0.0884088,0.132768,0.125793,0.746303,0.186989,1.05198,0.352815,0.123,2.54561,0.0495586,0,0.108185,2.16626
0.202115,0.133097,0.535817,0.412567,0.601758,1.00501,0,0.0320033,0.248329,0.337565,0,0.0220251,0.375117,0.132391,0.794349,0.128611,0.645977,0.394147,0.251191,2.19122,0.235063,0.346872,0.04804,2.32009
0.163527,0.13002,0.596731,0.320553,0.0809891,0.500498,0.0725708,0,0.229073,0.862831,0,0.0276158,0.377259,0.0668902,0.904954,0.0938262,0.218054,0.358249,0.315539,1.61836,0.472739,0.736779,0.0262813,2.44406
0.172727,0.352735,0.743836,0.932672,0.0599529,0.2172,0.457346,0,0,1.09094,0,0.0287833,0.452825,0.201703,1.08465,0.300704,0.53847,0.213772,0.470023,1.10076,0.277874,1.16941,0,2.40931
0.220043,0.571013,1.12271,0.965003,0.0186031,0.113167,0.789255,0,0,1.13995,0,0.0300463,0.333067,0.383503,1.09936,0.311128,0.760209,0.0968193,0.42482,0.868514,0.107757,1.93212,0,1.96514
0.327561,0.723484,1.40885,0.277147,0.249011,0.358327,0.427942,0,0.105035,1.00929,0.0626968,0.317624,0.209487,0.456634,0.520247,0.0893555,1.27997,0.121197,0.164473,0.351566,0.0716078,2.35223,0.0393855,1.29777
0.507422,0.470332,0.662094,0,1.48174,0.177997,0.0269226,0,0.108955,0.216877,0.243031,0.665482,0.301904,0.274656,0.366105,0.0547152,2.30417,0.043558,0.00576671,0.0250113,0.0831567,1.6891,0.23639,1.18442
0.251701,0.0713013,0.292753,0,2.39886,0.155629,0.0506591,0,0,0,0.568157,0.660493,0.176803,0.0202816,0.322482,0.0852562,2.25263,0.0325706,0.257081,0.039944,0.0313078,1.10623,0.482657,1.4689
0,0,0,0.184915,2.35259,0.0950368,0.117927,0.0141397,0,0.043205,0.67454,0.281904,0,0,0.182022,0.138603,2.20113,0.0198897,0.522305,0.252593,0.0339476,0.405355,0.822479,1.679
0,0,0.18123,0.0819406,1.34738,0.16079,0.0722102,0,0,0.499236,0.740089,0.049276,0,0.0680697,0.922117,0.0546836,1.30755,0.0355996,0.320199,1.05998,0.0334183,0.274249,0.894533,1.96625
0.0665431,0.00444493,0.396042,0.385882,0.484778,0.754431,0,0,0.363548,0.70775,0.33947,0.0485243,0.0349098,0.185922,1.28496,0.119073,0.328925,0.308922,0.190719,1.3947,0.336861,0.388793,0.257756,2.37324
0.15385,0.25076,1.16066,0.0701266,0.24319,1.05499,0.00369493,0,0.31764,0.773364,0.0923633,0.0497389,0.134373,0.271921,1.61599,0.0141784,0.380009,0.380007,0.179421,1.52872,0.386171,0.424837,0.0870404,2.34222
0.0312176,0.573386,1.47696,0.0659404,0.124412,1.23694,0.0512871,0,0.00929159,0.873828,0,0.0481258,0.110097,0.382274,1.55408,0.0133321,0.475117,0.447551,0.26993,1.49113,0.180243,0.480026,0.0216929,2.29529
0.0810724,0.536425,1.389,0.0768351,0.211612,1.15477,0.00963521,0,0,0.730737,0,0.0444178,0.0218358,0.356581,1.08853,0.0155348,0.927524,0.423054,0.121802,1.11331,0,0.841376,0.0308148,2.45766
0.277289,0.427362,1.00285,0.0896792,0.210702,0.933825,0.00572152,0,0,0,0,0.064917,0.085193,0.27913,0.411826,0.582215,1.87498,0.473332,0.352917,0.059173,0,0.560393,0.28026,2.97639
0.627898,0.460847,0.301646,0.559494,1.22444,0.217505,0,0,0,0,0,0.215765,0.17621,0.177698,0.0894278,0.811707,2.05776,0.110858,0.880336,0.0588997,0.00158472,0.201031,0.278975,2.73087
0.27092,0,0.00154053,0.39329,2.31802,0,0,0,0,0.0600226,0.320577,0.547817,0.0735346,0.00371093,0.000307943,0.829316,1.77183,0.0207469,0.968867,0.0167025,0.0157832,0.120334,0.318807,2.57179
0,0,0,0.227123,2.05955,0,0,0.00386415,0,0.456265,0.49969,0.0894936,0,0.0267907,0,0.744804,0.911941,0.0152298,0.672886,0.000850584,0.0258691,0.141252,0.309694,2.80197
0.0192176,0.0223171,0.0196507,0.758391,1.36284,0.0272906,0.00583216,0.187292,0,0.584855,0.295338,0.0413359,0.0538384,0.0611374,0.0362026,0.761199,0.662432,0.0963431,0.324243,0.60274,0.271414,0.262157,0.0926661,2.82247
0.300402,0.00872919,0.382665,0.875008,0.086672,0.449349,0,0.0540752,0.324194,1.35923,0.0473605,0,0.498218,0.171632,0.395852,0.627429,0.223551,0.404206,0.41171,0.717393,0.598954,0.896544,0.195143,2.26696
0.321848,0.0907598,0.596164,0.885583,0.0781184,0.486756,0,0,0.372885,1.44313,0.00738414,0,0.453916,0.151684,0.482473,0.471631,0.373675,0.458724,0.476802,0.81887,0.655522,0.992949,0.122241,2.29821
0.0878891,0.284962,1.18681,0.640252,0.0830126,0.514488,0.542178,0,0.324079,1.3678,0.0206163,0,0.401666,0.0826718,0.373029,0.320625,0.512629,0.420289,0.66371,0.885387,0.579317,0.934287,0.181018,2.30612
0.00303655,0.465405,1.11898,0.302752,0.0522641,0.764946,0.725275,0,0,0.963903,0.096133,0.000708553,0.208166,0.13128,1.15979,0.317801,0.355865,0.354919,0.728651,0.85533,0.28582,0.564312,0.140102,2.2669
0.163337,0.508393,0.782505,0.208084,0.0212719,0.901902,0.486828,0.135959,0,0,0.0291734,0.00778108,0.889561,0.143637,1.85518,0.378455,0.0313013,0.31574,0.49158,1.64072,0.00440775,0,0.402785,1.78998
1.06473,0.937614,0.447521,0.0485573,0,0.43178,0.0400285,1.66945,0,0,0,0.0484778,1.61004,0.266704,1.3897,0.274554,0.050086,0.161566,0.416476,2.41346,0.0135133,0,0.366042,0.431319
0.384098,0.867658,0.215617,0.0331836,0,0,0.010289,2.29659,0.204273,0.206386,0.479923,0.0147447,1.6812,0.246805,1.20643,0.202283,0.0510375,0,0.406403,2.61443,0.123082,0.0485884,0.49946,0.0310315
0.125661,0.477402,0.171572,0.0621579,0,0,0,2.0707,0.344808,0.359388,0.291785,0,1.55473,0.135797,1.39335,0.040222,0.047833,0,0.348151,2.53585,0.109721,0.0846091,0.427379,0.00950286
0.00518705,0.134345,0.181761,0.236231,0.0538207,0,0.0659472,1.40288,0.471123,0.0152462,0.543177,0,1.02819,0.12732,1.88426,0.0754923,0.109033,0.0183534,0.34223,2.08083,0.222824,0.136889,0.499824,7.49363e-05
0,0,0.856709,0.154841,0.700053,0.174111,0.128594,0.596192,0.742877,0.217075,0.556734,0,0.398635,0.135952,2.06897,0.0313063,0.29346,0.0364387,0.176374,2.30461,0.3384,0.308693,0.699449,0.17485
0,0.0322476,1.30119,0.499943,0.277509,0.179388,0.0247411,0.102092,0.512986,0.523848,0.538134,0.00266783,0.310805,0.69101,1.80411,0.149071,0.154801,0.0375432,0.116162,2.3386,0.26628,0.501479,0.67749,0.423245
0.0314133,0.363298,1.54284,0.908297,0.14184,0.165221,0.0128589,0.314007,0.0189665,0.411927,0.142606,0.00414753,0.354822,1.08721,1.19319,0.292845,0.141475,0.0345782,0.147339,2.76848,0.012362,0.535446,0.421397,0.419744
0.399366,0.504843,1.50529,0.645906,0.0512916,0.105025,0.324231,0.469838,0,0.01741,0,0.00255516,0.462564,1.01781,1.15473,0.208247,0.51308,0.0219802,0.280983,2.97694,0.00457259,0.156317,0.462101,0.266701
0.861209,0.557166,1.07367,0.472715,0,0.0496512,0.4276,0.519818,0,0,0.0171051,0,0.69675,0.266223,0.557246,0.152409,2.18307,0.0103912,0.225226,2.23443,0.0448194,0,0.519578,0.493325
1.60226,0.635966,0.705481,0.191232,0.00061094,0,0.225443,0.468974,0,0,0.406006,0.0120683,1.29632,0.1809,0.452729,0.0617863,2.53629,0.00427554,0.184399,1.67659,0.163433,0,0.573821,0.27246
1.72263,0.526615,0.0868839,0.0201336,0.0949793,0.0236753,0,0.583314,0.157521,0,0.583916,0,1.19457,0.748713,0.274,0.0064913,2.61324,0.00974907,0.0701835,1.43545,0.302984,0,0.558332,0.225225
1.0285,0.72124,0,0.00931403,0.11732,0.0406461,0,1.05026,0,0.129299,0.457895,0,1.05171,0.940275,0.306611,0.0126066,2.25559,0.00850661,0.00819628,1.82593,0.519955,0.0710287,0.408848,0.249872
1.18799,0.780893,0,0.253748,0.115456,0.071853,0,0.595577,0,0.865525,0.153701,0.19743,1.21129,0.799874,0.586677,0.343449,1.18959,0.0528531,0.395982,2.07316,0.830198,0.475464,0.134205,0.301184
1.38745,0.353316,0,0.189589,0.109899,0.576003,0,0.472693,0,1.09954,0.00299469,0.501491,1.22779,0.232257,0.331695,0.236979,0.624163,0.301494,0.529951,2.2302,0.604518,0.768542,0.0507859,0.581869
1.28578,0.0115152,0.270575,0.0777158,0.163505,0.896966,0,0.403094,0.353429,0.994408,0.00802812,0.21495,1.17088,0.0108762,0.397811,0.0246935,0.30104,0.433278,0.541688,2.37922,0.679348,0.790374,0.141825,0.658143
1.06159,0.00174138,1.14798,0.0947902,0.142184,0.91284,0,0.263173,0.534625,0.658012,0.00144971,0.00290108,1.00922,0.146573,1.05518,0.0305614,0.02919,0.43686,0.426041,2.6239,0.41882,0.498476,0.0409965,0.799652
0.624289,0.0153674,1.52727,0.0429462,0.0876902,0.499994,0.0505409,0.046826,0.34498,0.165837,0,0.0859245,0.534361,0.115087,1.46118,0.0138463,0.0303621,0.266331,0.254598,2.89777,0.170656,0.349684,0.0152249,0.526839
1.12413,0.00461753,0.907859,0.00579733,0.0468584,0.17054,0.081531,0.299924,0.45769,0,0,0.183623,1.25938,0.0148996,1.05537,0.0512092,0.115605,0.10272,0.103149,3.17205,0.225615,0,0.225201,0.283631
1.23259,0.0423285,0.473994,0.0211597,0.00329011,0.255353,0,0.349654,0.47377,0.0700791,0,0.263003,1.43961,0.0893653,0.87793,0.0386578,0.212463,0.102587,0.0729162,3.19089,0.21625,0.0164984,0.392401,0.192887
2.17577,0.032741,0.201423,0.00292192,0.00879461,0.1406,0,0.309865,0.271831,0.00779676,0,0.297573,1.54403,0.414124,0.921286,0.00548362,0.0725121,0.12145,0.0767923,2.97201,0.107356,0.00183555,0.468453,0.114928
2.37105,0.225353,0,0,0,0.324249,0,0.33869,0.380521,0,0,0.299832,1.4608,0.7084,0.716742,0.000601414,0,0.448007,0.00367773,2.79818,0.212376,0,0.847962,0.0773393
1.27344,0.204752,0.124879,0.28811,0.115934,0.298317,0,0.290058,0.512731,0.355904,0,0.377134,1.4939,0.651233,0.858535,0.0940934,0.023801,0.488251,0,2.72754,0.275045,0.195511,0.270771,0.301251
0.0831918,0.30609,0.378342,0.0725034,0.773535,0.363196,0.00694807,0.146016,0.570881,0.308838,0.00755835,0.665037,1.28246,0.573405,1.30274,0.0314975,0.510821,0.224336,0.00613358,2.76075,0.465277,0.169656,0.344052,0.289959
0.17629,0.167956,0.565015,0.097462,1.05644,0.640008,0,0.0734768,0.421314,0.371953,0.00333254,0.675254,0.996872,0.502162,1.38074,0.0976559,0.694117,0.239481,0.0714566,2.53864,0.458067,0.35484,0.173249,0.526495
0.0111367,0.00769473,0.994377,0.539777,0.890709,0.614737,0,0.0830287,0.505169,0.120436,0,1.12608,0.562038,0.467104,1.05155,0.350628,0.728361,0.474237,0.282686,2.55478,0.413078,0.269741,0.0315584,1.04013
0.291754,0.00619902,1.30261,0.367114,0.429,0.464221,0,0.0617894,0.44314,0,0,1.22045,0.607108,0.201783,0.622145,0.283512,1.37006,0.436896,0.346477,2.32353,0.249795,0,0.0839714,1.56922
0.900154,0,0.88932,0.0997817,0,0,0,0.398507,0.497313,0,0,0.975753,1.4783,0,0.557909,0.0201742,1.98669,0,0.126118,1.70838,0.27194,0,0.322805,1.11731
2.15309,0.0292402,0.44183,0.0639484,0.00846325,0,0,0.362294,0.320243,0,0,0.59191,1.53545,0.0276175,0.386991,0.0129293,1.99835,0,0.0331976,1.39338,0.182674,0,0.317233,1.16562
2.51013,0.155986,0,0.0317374,0.0462993,0.00163282,0,0.721269,0,0,0,0.373486,1.25504,0.326538,0.250362,0.00641678,2.15513,0.000341723,0,1.22519,0.0236461,0,0.277815,1.07583
2.27356,0.264804,0.00437118,0,0.0647258,0.0583783,0,0.405353,0.04956,0.0627164,0,0.0212148,1.03186,0.791171,0.235669,0,2.09325,0.0181185,0,1.43157,0.0668185,0.0344524,0.175563,0.801739
0.889116,0.0490299,0.261214,0.571345,0.118539,0.521614,0,0.133574,0,0.57208,0.491957,0.0889138,0.49905,0.620504,0.389671,0.310327,1.6326,0.171076,0.0800487,1.9223,0.12517,0.525475,0.336854,1.24075
0.00224151,0.295559,0.744914,0.65682,0.186544,0.441203,0,0.129851,0.257476,0.968021,0.32712,0.00187524,0.437562,0.200768,0.918382,0.206311,1.25271,0.129905,0.13364,2.11964,0.418528,0.878231,0.21204,1.34953
0.00224437,0.277777,1.45893,0.976802,0.176603,0.278209,0,0.310608,0.322077,0.863807,0.00684326,0.00116127,0.438121,0.21097,1.00389,0.337761,1.07228,0.06957,0.218752,2.51948,0.424805,0.738436,0.0177197,1.1929
0.00171258,0.486817,1.575,0.83462,0.104272,0.18381,0.0314079,0.38684,0.283509,0.345161,0,0.00246851,0.334311,0.273458,1.04202,0.283179,1.10532,0.0384687,0.344078,2.79296,0.345752,0.425713,0.0264788,1.08173
0.0814245,0.676657,1.40674,0.768354,0.121585,0.0968261,0.0506299,0.433843,0,0.0262504,0,0.0787444,0.196368,0.232768,1.02813,0.248295,1.30098,0.0202642,0.684379,2.61417,0.0208151,0.679133,0.170178,0.486745
0.790051,0.39169,0.846412,0.73287,0.683649,0.0935842,0.224687,0.263544,0,0.580396,0,0,0.687889,0.216207,0.612168,0.357409,1.65696,0.154513,0.7373,1.18175,0.0155786,1.18982,0.31014,0.000501396
0.982078,0.0336912,0.46567,0.56351,0.605211,0.0313261,0.342365,0,0,1.18674,0.23208,0,0.818045,0.116822,0.94039,0.29347,1.39581,0.0671031,0.769716,0.0172179,0.0217294,1.85676,0.344756,0.000508517
0.3135,0,0.0711852,0.284399,0.651348,0,0,0,0.0786391,1.51341,0.42073,0,0.588123,0.113038,1.03913,0.098918,1.34179,0,0.681445,0.00523425,0.0478542,1.95144,0.393088,0.000464352
0,0,0,0,1.26883,0,0,0,0.114639,1.99298,0.491804,0,0.305627,0.241088,1.29224,0.00602005,1.0293,0.00613321,0.744746,0,0.0605476,2.25427,0.328469,0.000329703
0,0,0.190774,0.519354,0.814128,0,0,0,0.0379112,2.08358,0.442995,0,0.228072,0.229286,1.64554,0.167446,1.01807,0.0177741,0.750877,0.00501724,0.0399679,2.61206,0.236388,7.11055e-05
0,0,1.10818,0.623327,0.607618,0,0,0,0.0280532,1.96578,0.425847,0,0.124754,0.244337,2.13403,0.200968,0.986423,0.00563136,0.746113,0.034672,0.0280056,2.59366,0.242457,0
0.00100853,0,1.81182,0.323451,0.308902,0,0,0,0.137354,1.61955,0.484894,0,0.00019954,0.229574,2.33984,0.106509,0.892422,0,0.720852,0.145464,0.0350675,2.47769,0.329746,0
0.000493603,0,2.02689,0.153702,0.0170563,0,0,0,0.513703,0.663364,0.287169,0,9.76603e-05,0.104559,2.05218,0.130894,1.0054,0.000960345,0.648709,0.335456,0.167613,2.43713,0.307731,0.0553426
0.00173417,0.00086215,2.35829,0.106603,0,0,0,0,0.439483,0.793426,0.0136333,0,0.000343109,0.000171037,1.9016,0.140578,0.872608,0.0568516,0.288602,1.28447,0.140861,1.68121,0.113126,0.249205
0.00239538,0.00261475,2.51422,0.351649,0.0470677,0.140852,0.0817987,0,0,0.955618,0,0,0.165194,0.000518726,1.90029,0.223216,0.169701,0.0820796,0.0469738,1.33407,0.11548,1.42784,0.168142,0.233821
0,0.0221969,2.6056,0.130423,0,0,0,0.43793,0.00544704,0.733092,0.0223593,0,0.172541,0.0205326,2.50909,0.100445,0.0846553,0.0469204,0.0172523,1.60983,0.106759,1.25567,0.21633,0.213426
0,0.0682892,2.45234,0.173319,0.520735,0,0,0.260008,0.0296557,0.371393,0,0,0.110287,0.0300271,2.89927,0.144031,0.181351,0.0529941,0.0108067,1.57766,0.0604125,1.11504,0.22158,0.182645
0,0.125791,2.10183,0.7997,0.168841,0.0373811,0,0,0,0.131184,0,0,0.0937507,0.0357811,3.00743,0.504855,0.05846,0.074677,0.0136087,1.43966,0.0423786,1.17784,0.190193,0.210853
0,0.0445773,1.78255,1.09607,0.0022751,0.108521,0.121848,0,0,0.215015,0,0,0,0.160728,2.68371,0.616353,0.000467073,0.0842092,0.377785,1.11945,0.0326891,1.56226,0.121512,0.381144
0,0,1.53771,1.0125,0.0184415,0.137093,0.159363,0,0,0.282508,0.142662,0,0.0484474,0.212785,2.17429,0.653419,0.003786,0.0505395,0.501869,0.905888,0.00338197,2.08074,0.117103,0.448165
0,0,1.66961,0.792739,0.0309719,0.143334,0.180299,0,0.198236,0.293546,0.0865092,0,0.0399427,0.211375,1.84093,0.418917,0.0290191,0.0479213,0.457367,0.591714,0.103205,2.53773,0.0309942,0.369093
0.000312472,0.00263733,1.97281,0.699077,0.0297587,0.14389,0.185032,0,0.321552,0.199159,0,0,6.18231e-05,0.224945,1.60143,0.278839,0.173979,0.0323406,0.603181,0.192539,0.167611,2.70467,0.044827,0.0768711
0,0.135491,1.42922,0.569283,0,0.166669,0.163669,0,0.329473,0.180844,0,0.0795673,0,0.302458,2.32702,0.204883,0.324262,0.0505631,0.523003,0.0243848,0.170304,2.37287,0.103231,0.0207162
0,0.395266,1.63702,0.611226,0,0.0314273,0.0510016,0,0,0.19867,0,0,0,0.365076,2.42693,0.289333,0.358964,0.0326989,0.52987,0.0116359,0.0273648,2.31136,0.317787,0.0135917
0,0.440137,2.25243,0.460355,0,0.00790397,0,0,0,0.163869,0,0,0,0.297333,2.51552,0.461064,0.402984,0.0266573,0.590339,0.013904,0.0300584,2.22484,0.308513,0.000485684
0,0.366735,2.4115,0.2702,0.0440862,0,0,0.0831491,0,0.159149,0.0595372,0,0,0.297682,2.43026,0.485891,0.356192,0.00889616,0.47609,0.103892,0.034749,2.20314,0.31173,0.000499543
0,0.301866,2.49744,0.0916171,0.0854701,0.0224105,0,0.0727013,0.0302893,0.148452,0,0,0,0.593011,2.38972,0.347735,0.0787245,0.0900789,0.319456,0.204087,0.0882145,2.14958,0.30243,0.0184062
0,0.282058,2.46786,0.0494531,0.105549,0.0701574,0,0,0.179851,0.139154,0,0,0,0.676249,2.65306,0.31475,0.021669,0.0756332,0.116438,0.551973,0.103803,1.8551,0.203273,0.171414
0,0.267266,2.04592,0.0814919,0,0,0,0.0452653,0.232606,0.160547,0,0,0.0131291,0.459699,2.60685,0.499958,0,0.0399162,0.0452572,0.615272,0.0791288,1.97858,0.124701,0.224421
0.262727,0.211221,2.21236,0.0162803,0.501116,0,0,0,0.240769,0.149355,0.0151793,0,0.202881,0.195392,2.36811,0.249974,0.190553,0.0193137,0.0668867,0.440216,0.0736768,2.0519,0.195653,0.219949
0,0.433897,2.31186,0.411074,0.00450572,0,0,0.062332,0.045384,0.283585,0,0,0.0973477,0.343835,2.62332,0.133422,0.514428,0.0097883,0.0401456,0.313564,0.0128761,2.30105,0.114956,0.193792
0,0.31342,2.4115,0.378413,0.00678184,0.0179458,1.98979e-06,0.116467,0,0.366193,0,0,0.0441176,0.298517,2.7122,0.194027,0.408201,0.0705975,0.465917,0.254412,0.0136246,2.24461,0.336631,0.00714307
0,0.0880825,2.53309,0.232702,0.0225342,0.0965311,0.150097,0.117409,0,0.462136,0,0,0,0.082566,2.45022,0.612587,0.158715,0.0636228,0.957961,0.287252,0.0137921,2.02989,0.336444,0.0704488
7.29145e-06,0,2.63895,0.101123,0.0402435,0.146091,0.20562,0.0671607,0.00935544,0.491865,0,0.00628169,1.44263e-06,0,1.99218,0.704704,0.00826189,0.0587241,0.985226,0.236053,0.02125,1.82091,0.320313,0.459164
0.000552163,0,2.52001,0.0514197,0.0353451,0.15657,0.220406,0,0.229073,0.297622,0,0.0155573,0.000109247,0,1.21621,0.75256,0.00725626,0.0512373,0.762737,0.0839238,0.129197,1.7211,0.279024,0.940398
0,0.00881422,2.03106,0.115534,0,0.0944382,0.158125,0,0.279375,0.150206,0,0.0224512,0,0.00174861,1.06388,0.863665,0,0.044904,0.975739,0,0.172754,1.7995,0.0556559,1.5145
0,0.00252683,2.0843,0.0803724,0,0.0219565,0.135248,0.153887,0.536595,0.153838,0.0773571,0.0170472,0,0.000501284,1.76729,0.653593,0.0974619,0.061571,0.734253,0.0535764,0.289675,1.98231,0.0478142,1.49543
0,0,2.09034,0.149746,0.0612865,0.0275998,0.170412,0.22395,0.773249,0.279993,0.120805,0,0,0,2.06605,0.759175,0.137916,0.0825262,0.739838,0.0705864,0.393717,2.17032,0.0746693,1.01169
0.039183,0.142026,1.8126,0.119513,0.208967,0.0339432,0.154711,0.254868,0.833789,0.260469,0,0,0.0317082,0.0441076,1.98359,0.712534,0.394059,0.0663264,0.667323,0.0619283,0.421836,2.30714,0,1.06101
0.00767406,0.314892,1.97502,0.252438,0.23242,0.0382398,0.147174,0.188235,0.772083,0.187428,0.0614742,0,0.00621011,0.0947479,1.84552,0.617604,0.57263,0.0266225,0.707371,0.0455769,0.368084,2.17371,0.0150662,1.03222
0.00200598,0.752081,1.68692,1.02417,0.375469,0.184111,0.0220423,0.153035,0,0.166564,0.00908308,0,0.484841,0.213707,1.67492,0.336149,1.13535,0.0908543,0.540321,0.389331,0.207435,1.4955,0.256149,1.2274
0.00443904,0.65492,0.233679,0.844271,1.57688,0.605797,0.0853289,0.106228,0,0.164212,0,0.35118,1.10471,0.197281,0.451211,0.272203,2.0447,0.272826,0.0702387,0.596628,0.132278,0.780737,0.237869,1.52433
0.00396955,0,0,0.326243,2.18777,0.173187,0.200477,0.0464279,0.0109635,0.0574223,0,0.558379,1.01615,0.0114759,0.143546,0.153047,2.32937,0.339099,0.0857881,0.767711,0.105329,0.0135187,0.217254,1.6742
0.00276819,0,0,0.0941554,2.34488,0.178443,0.215502,0,0,0.0414799,0,0.442836,0.860866,0,0.0915879,0.0909605,2.13459,0.327622,0.174292,0.668727,0.0375166,0.00976542,0.235166,1.67528
0.00170755,0,0,0.0777145,2.16262,0.087989,0.0105048,0.266261,0.118476,0.0791621,0.14062,0.0293525,0.681056,0.0617094,0.0892683,0.0398399,2.02066,0.269804,0.315794,0.773341,0.062913,0.0434866,0.424096,1.55531
0.00203622,0,0.00402495,0.0170393,1.9638,0,0,0.261046,0.17553,0.626467,0.829729,0.0309409,0.758435,0.151796,0.0864196,0.00549366,1.77952,0.0538185,0.18882,0.842619,0.178385,0.308594,0.562894,1.89063
0.00233516,0,0.00458818,0.0696641,1.97082,0,0,0.00825,0.334256,1.01872,0.483446,0.0332493,0.611256,0.316183,0.203777,0.192618,1.83066,0,0.0550483,0.862308,0.215955,0.366926,0.438344,2.12692
0.00256944,0,0,0.121697,1.99585,0,0,0,0.337257,1.28161,0.253014,0.0280002,0.501579,0.400389,0.426538,0.513529,1.83995,0.00159009,0.0534178,0.844048,0.180309,0.480659,0.35524,2.13005
0.00183689,0,0,0.0545202,1.85747,0.0640957,0,0,0.328451,1.63641,0.128326,0.0114083,0.358578,0.257023,0.61835,0.329921,2.20965,0.0273479,0.050099,0.930834,0.0746097,0.615416,0.398053,1.69058
0.000314747,0,0.00254067,0.0992562,1.47372,0,0,0,0.306642,1.74704,0.0848454,0,0.0614414,0.0388492,0.246429,0.0632081,2.50943,0.125182,0.0623039,0.662967,0.0702147,0.840714,0.494272,1.43151
0.000603916,0,0.0145072,0,0.608406,0.101999,0,0,0.294747,1.63404,0.0811764,0,0.11789,0.030498,0.346896,0.0650927,2.63294,0.184408,0.0544695,0.305971,0.0747743,0.649465,0.470124,1.04336
0,0.27011,0,0,0.503756,0.0171254,0,0.09873,0.110691,1.05969,0.33765,0,0.00551681,0.100119,0.342618,0.0475882,2.83044,0.121574,0.0426109,0.226113,0.0647507,0.249478,0.651936,0.74081
0,0,0,0,0.38577,0,0.0232358,0.166881,0.469028,0.952612,0.508853,0,0,0.278406,0.537206,0,2.81802,0.113685,0.0231063,0.159043,0.605444,0.224269,0.680576,0.441697
0,0,0,0,0.471795,0,0.0205005,0.114636,0.406127,1.23932,0.382212,0,0,0.129285,0.853422,0.292649,2.46764,0.0823539,0.356021,0.0254791,0.354637,0.646565,0.257383,0.57758
0,0,0.00425088,0,0.788612,0,0,0.0270911,0.405497,1.65355,0.386494,0,0.0198576,0.116797,1.10041,0.489051,2.27651,0.0136128,0.489807,0.0304274,0.182195,1.49074,0.0990323,0.512283
0,0,0.115018,0,1.03893,0,0,0,0.411996,1.92979,0.289949,0,0.207835,0.347195,0.603156,0.653276,1.94362,0.0101613,0.665001,0.00624501,0.0970067,1.80267,0.0824446,0.475996
0.00165838,0,0.0116977,0,1.14243,0,0,0,0.383076,1.88821,0.147728,0,0.323731,0.35094,0.298213,0.725297,1.65953,0,0.689319,0.666695,0.089432,1.60555,0.0883587,0.481727
0,0.00329527,0.0160544,0,0.88645,0.0130109,0,0,0.341647,1.24298,0.200219,0,0.0731154,0.299759,0.0635688,0.452698,1.86416,0.0276412,0.6849,1.40006,0.0796495,0.648754,0.107934,0.299443
0,0.0175418,0,0.00917321,0.52078,0.106508,0,0.250787,0.192253,1.19829,0.470843,0.410563,0,0.396412,0.307131,0.463827,1.60366,0.452163,0.566406,1.69924,0.404574,0.324382,0.703868,0.117009
0,0,0,0,0.579835,0.0139182,0,0,0.283364,1.60518,0.721668,0.373795,0,0.362984,0.0902609,0.741639,1.79624,0.438805,0.185267,1.5235,0.232671,0.570012,0.738523,0.285911
0,0,0,0,0.716337,0,0,0,0.230939,1.97059,0.68747,0,0,0.399375,0.0537334,1.09293,1.75414,0.389152,0.112415,1.12524,0.0764198,0.778063,0.731505,0.492339
0,0,0,0.0900854,0.851853,0,0,0,0.167452,2.34799,0.521389,0,0,0.555417,0.090115,0.811456,1.31219,0.324778,0,0.966497,0.0653511,0.978825,0.928316,0.609781
0,0,0,0.168829,0.987865,0.00221524,0,0,0.139452,2.46299,0.38012,0,0.0397968,0.922685,0.305352,0.428075,1.19093,0.353032,0.0185705,1.04958,0.0565444,1.03094,1.06163,0.494503
0,0,0,0.146457,0.919199,0,0,0,0.173493,2.32174,0.316872,0,0.279134,1.12284,0.440074,0.161649,1.313,0.0907642,0.0317346,1.22541,0.0546025,0.957451,0.722245,0.482475
0.000136452,0,0,0.470161,0.789616,0.0496684,0,0,0.118683,1.96976,0.111328,0,0.127765,0.625252,0.46192,0.78802,1.47494,0.11903,0.0169837,1.19711,0.0352147,0.720903,0.332419,1.25896
0,0,0,0.22871,0.497514,0.0421061,0.0385375,0.153726,0.360447,1.98807,0.34821,0.329722,0,0.231778,0,1.29153,1.53053,0.0926593,0.0942347,1.05345,0.181686,0.843099,0.385975,1.4477
0,0,0,0.041574,0.653035,0,0.115945,0.068023,0.00446657,1.12575,1.11205,0.309928,0.0570221,0.0328885,0,1.15727,2.25907,0.0143802,0.392091,0.484265,0.0182864,1.00723,0.874673,1.11256
0,0,0,0.11466,0.762275,0,0.471347,0,0.143952,0.912173,1.19705,0,0.131271,0,0.167892,0.802829,2.59577,0.0157909,0.624797,0.296939,0.0574244,1.20679,0.811464,0.803368
0,0,0,0.175771,0.78495,0,0.401075,0,0.138599,0.936648,1.07749,0,0.221994,0.00374244,0.245325,0.502806,2.6665,0.0130243,0.532426,0.226556,0.0566731,1.3277,0.73397,0.544689
0,0,0.087799,0.153746,0.739723,0,0.180492,0,0.118344,1.17392,0.714591,0,0.453036,0.216966,0.262788,0.331294,2.59708,0.00822481,0.391987,0.0856865,0.052026,1.33943,0.543088,0.224809
0,0,0,0.0258276,1.26493,0,0,0,0.183358,1.61905,0.512828,0,0.430088,0.584316,0.29524,0.294909,2.27216,0.0690059,0.177001,0,0.0680026,1.31325,0.417533,0.244307
0,0,0,0,1.4102,0.205631,0,0,0.376086,1.25791,0.433453,0,0.29826,0.645646,0.72964,0.332253,2.19285,0.105956,0.23314,0.0116282,0.13194,1.46759,0.147962,0.341929
0,0.0593889,0,0,1.56224,0.0764839,0,0.136029,0.518251,0.678977,0.950399,0.167919,0.185006,0.385978,0.878726,0.331321,2.27502,0.0927826,0.245799,0.191381,0.26978,1.52085,0.232925,0.491416
0,0,0,0,1.80632,0.0301566,0,0.0299184,0.446891,0.801478,1.00175,0.0783047,0.0770013,0,1.13429,0.289504,2.20403,0.0742127,0.327666,0.158,0.176451,1.6284,0.245509,0.558226
0,0,0,0.164569,1.29764,0,0.0750477,0,0.338053,1.52035,0.800364,0,0.0524993,0,1.14948,0.295823,1.69155,0.0527277,0.461397,0.0489216,0.164347,1.66393,0.220468,0.685506
0.000738727,0,0,0.698759,0.636973,0,0.260534,0,0.134752,1.83984,0.502924,0,0.0589071,0,0.740296,0.39615,1.82653,0.0412843,0.647875,0.00806689,0.0770542,1.63606,0.20754,0.708445
0.0508502,0,0,0.397583,0.59959,0.00367661,0.437573,1.56858,0.121419,0.941385,0.0724261,0.00649963,0.0136958,0.00223574,0.734271,0.241842,2.50485,0.0536586,0.55331,1.05341,0.374052,0.241521,0.403699,0.657857
0.474042,0,0.890513,0,0,0,0.211655,2.04712,0.228694,0.59571,0.0654924,0.00594187,0.127677,0.0240588,1.32444,0.197551,1.08615,0.0283997,0.457256,1.96713,0.477247,0.140245,0.486851,0.788007
0.297105,0,0.695816,0,0,0,0.217055,2.02065,0.244718,0.34392,0,0.00264642,0.0800213,0.807475,1.39856,0.188258,0.878185,0.117196,0.504848,2.32067,0.0805642,0.0809674,0.406801,0.272147
0.0769396,0.217542,0.841996,0,0,0.00206975,0.149875,2.22777,0.275743,0,0,0.00252989,0.0207227,1.34331,1.10408,0.00350371,0.148796,0.222881,0.310336,2.50484,0.0933059,0,1.07874,0.689944
0.136452,0.242935,0.759336,0,0,0.00277592,0.145454,2.44463,0.189898,0,0,0.00608064,0.0367514,0.537768,0.957404,0,0.352191,0.0841409,0.0311557,1.9624,0.0753037,0.315604,1.02428,1.09404
0.0362964,0,0.688188,0.201268,0.0991267,0.0133329,0.172307,2.41022,0.134201,0,0,0.0245318,0.00977595,0.303044,0.934893,0.0648911,0.791874,0.00279036,0.0369075,1.44283,0.055813,0.570817,0.75038,1.44235
0,0,0.649376,0.230032,1.32819,0.0363942,0.195247,1.70063,0.163848,0,0,0.0213114,0,0.265406,0.998403,0.0787222,1.26318,0.00761675,0.274381,1.13713,0.0432236,0.688515,0.435714,1.88583
0,0,0.332513,0.0365653,2.22964,0.0830467,0.212163,0.62181,0.255495,0,0,0.01703,0,0.186662,0.847364,0.104604,1.55285,0.0173804,0.345795,0.746076,0.0580373,0.653599,0.257208,2.41573
0,0,0,0,2.09196,0.14451,0.191733,0.334372,0.271117,0,0,0.0232279,0,0.078176,0.0146281,0.178939,1.37816,0.0302436,0.423711,0.730821,0.0673879,0.644919,0.0273204,2.91243
0,0,0,0,1.80871,0.157155,0.013435,0.0529574,0.412397,0.0709871,0,0.0285984,0,0,0,0.20802,1.01702,0.0328901,0.391237,0.744869,0.104852,0.416701,0,3.24382
0.000390092,0,0,0.0629829,1.65904,0.103858,0,0,0.211347,0.34886,0,0.0287359,7.71804e-05,0,0,0.223746,0.550776,0.0217358,0.303425,0.507319,0.0633812,0.822916,0.0105214,3.37475
0.0117624,0,0.0102845,0.0883238,2.04154,0.653716,0,0,0.095115,0,0,0.0230174,0.00951857,0,0.00205582,0.191657,0.70254,0.247155,0.166198,0.267926,0.0408168,1.21563,0.0417077,3.14532
0,0.000990398,0.0241226,0.0612644,1.54452,0.816945,0,0.154584,0.0178361,0,0.00628,0.0319454,0,0.108343,0.00482197,0.135119,0.950296,0.297927,0.223327,0.130378,0.0277825,1.30364,0.0628389,2.88546
0,0.000520399,0.0151508,0.0193083,2.12598,0.456455,0,0,0,0,0.309482,0.0290045,0.148091,0.0653014,0.023344,0.115808,0.916365,0.161761,0.393696,0,0.0258095,0.950134,0.464961,2.75538
0,0.00021708,0.0124884,0.0882806,2.16087,0.183329,0,0,0,0,0.214219,0.0298234,0.190248,0.151921,0.0367177,0.0178489,0.952699,0.065383,0.531874,0,0.0200347,1.04513,0.521291,2.42864
0,8.11491e-05,0.0107168,0.101996,2.01993,0.117364,0,0,0,0.0351207,0.0913302,0.0313527,0.111656,0.250738,0.0134985,0.020622,0.952535,0.0398409,0.513744,0,0.0100861,1.3615,0.295235,2.13355
0,0.00104463,0.0133618,0.0870658,2.01871,0.19601,0,0,0,0.0345206,0,0.030526,0.00929409,0.302068,0.00579895,0.0176033,0.902291,0.0687733,0.377522,0.0575543,0.00367784,1.81007,0.0848031,1.91097
0,0.00661355,0.0251593,0.133587,2.00982,0.396258,0,0,0,0,0,0.0302847,0,0.324807,0.00502921,0.0421105,1.0661,0.140369,0.171242,1.1396,0.00215977,2.01805,0,1.7479
0,0.0121045,0.0394836,0.105614,1.68598,0.835968,0,0,0,0,0.156686,0.0680209,0,0.349247,0.213551,0.0929295,1.34079,0.296004,0.0568372,2.02033,0.000720822,1.48946,0.0866438,1.63617
7.8646e-05,0.0125095,0.0207014,0.133631,1.93084,0.604716,0,0,0,0,0.22718,0.0334392,1.55603e-05,0.285816,0.38139,0.085845,1.26992,0.210109,0.185198,2.28265,0.000969678,1.16747,0.134372,1.67511
0,0.00739803,0.017003,0.101574,2.18658,0.219192,0,0,0,0,0.283599,0.0856855,0,0.179828,0.407533,0.0301499,1.26497,0.0765929,0.285978,2.52787,0.000978518,0.679242,0.174034,1.99748
0,0.00684043,0.0118589,0.00651113,2.12396,0.0964305,4.3e-05,0,0,0,0.643294,0.0311805,0,0.16574,0.133333,0.00209926,1.31932,0.0201814,0.266869,2.50362,0.0011787,0.438742,0.315595,2.35156
0.000666667,0.00814654,0.00565649,0,2.17507,0.111104,0.068705,0,0,0.0304829,0.562297,0.0895937,0.000131901,0.235889,0.0011307,0,1.28965,0.0232523,0.222675,2.36392,0.000761285,0.34142,0.228388,2.48009
0.00136224,0.00889065,0.00139561,0.069611,2.17796,0.121748,0.119439,0,0,0,0.184803,0.06719,0.000269522,0.290386,0.000278975,0.0354675,1.26074,0.02548,0.162249,2.46128,0.000637319,0.410831,0.114226,2.33102
0.0020725,0.00459165,0,0.0922294,2.115,0.330997,0.154119,0,0,0,0.0371955,0.31144,0.000410048,0.327443,0,0.0408626,1.15506,0.109026,0.0494596,2.73827,0.00110145,0.498063,0.0229905,2.09058
0.00287253,0.00107242,0.102255,0.0482251,1.58549,0.944558,0,0,0.0420434,0,0.0297246,0.479103,0.000568335,0.298714,0.0990095,0.00975033,0.973037,0.353439,0.0402569,2.91252,0.0109803,0.403884,0.0183727,2.0867
0.00297604,0.00141604,0,0.0210971,2.01272,0.723675,0,0.0125378,0,0,0.193742,0.257784,0.000588816,0.193803,0.191785,0.00426549,0.986219,0.270788,0.12167,2.77586,0.000665216,0.216823,0.119752,2.23411
0,0.000365519,0.00770413,0.0366477,2.37973,0.218149,0,0.156208,0,0,0.330135,0.152147,0.00684806,0.156879,0.00154001,0.00740957,1.96117,0.0816279,0.186121,2.40017,0,0.180063,0.204055,2.28784
0,0.000625291,0.0171472,0.0760039,2.53584,0.0613382,0,0.197195,0.00244838,0,0.180355,0.0268986,0.0302455,0.189041,0.00342763,0.0153667,2.79115,0.0345158,0.12557,1.76857,0.000556166,0.447536,0.111477,2.24969
0.105506,0,0.0205445,0.0641573,2.57863,0.0366729,0,0.169555,0.238505,0,0,0.0451815,0.127092,0.25683,0.00410674,0.0129716,3.00209,0.0534785,0,1.34925,0.0541779,0.841055,0,2.10495
0.0855237,0.00304758,0.0218249,0.0608018,2.45181,0.182179,0,0.0741779,0.167241,0.0130207,0,0.0332097,0.103397,0.30927,0.00436268,0.0122931,2.77229,0.184583,0,1.4607,0.24748,0.732748,0,1.80372
0.00169731,0.00974084,0.0104908,0.0417281,1.99646,0.660874,0,0.0449312,0.0272689,0.0517701,0.139244,0.034627,0.0180694,0.274803,0.346545,0.0255519,1.9592,0.254956,0,2.05195,0.591258,0.0372841,0.0860662,1.72062
0.00305046,0.00772646,0.00539402,0.0123834,1.44127,0.947663,0,0.0748122,0,0,0.272038,0.11667,0.000603539,0.10427,0.47314,0.016761,1.16623,0.364277,0,2.10663,0.448698,0,0.168146,1.90589
0.00172657,0.00940979,0.0142282,0.0963033,1.87271,0.819675,0.0652938,0,0,0,0.325467,0.0658451,0.000341605,0.0031917,0.496122,0.0310493,1.04919,0.308149,0.0139857,2.24781,0.245973,0,0.231701,1.81481
0,0.00464973,0.0176003,0.233326,2.05152,0.547237,0.14976,0,0,0,0.0852838,0.155391,0,0.00839864,0.498976,0.075227,1.06105,0.190538,0.032078,2.26344,0,0.0405197,0.53023,1.69937
0.000380567,0,0,0.0476558,1.92075,0.210393,0.105616,0.13324,0,0,0,0.121661,0.0742901,0.0505941,1.93447,0.00963522,1.01382,0.0469934,0.0226226,1.78334,0,0.148916,0.504156,1.49937
0.000969152,0,0.0462537,0.0757938,1.98343,0.0642002,0.109279,0.685224,0.244281,0,0,0.0225449,0.00665619,0.0626692,2.4784,0.0153243,0.774515,0.0134361,0.023407,1.70807,0.120417,1.19409,0.386854,0.899726
0.000697933,0,0.327804,0.0968283,0.576912,0,0.137356,1.72805,0.131489,0,0,0,0.000138087,0.0701072,2.32124,0.0195771,0.512605,0.00237008,0.0299455,1.31248,0.0648166,1.93225,0.204401,0.000233906
0.0775274,0.302711,0.110307,0.103466,0.00972273,0,0.0887126,2.13131,0.00524321,0,0,0,0.020881,0.28613,2.18244,0.0209192,0.368995,0.00852875,0.0190019,1.33219,0.00258461,2.25145,0.0442739,0.000299245
0.251975,0.0274643,0.000461699,0.0726598,0.0590542,0.137855,0.0978942,2.38371,0.00515944,0,0,0,0.203907,0.0487205,1.86025,0.0146906,0.479199,0.0288509,0.17941,2.12749,0.00254331,1.32526,0.56433,0.444128
1.05608,0.333336,0.0445401,0.0995826,0.114729,0.0980441,0.028676,2.28734,0,0,0,0,0.536486,0.159511,1.83173,0.115688,0.521355,0.0205191,0.331228,2.0408,0,0.315873,0.787368,0.644167
1.45953,0.627129,0.0518251,0.0572879,0.113881,0.0406368,0.144066,2.12681,0,0,0,0,0.656828,0.240015,1.82017,0.0760061,0.489681,0.00850467,0.457729,1.66694,0,0.393832,0.501591,1.08211
1.69742,0.502302,0,0.0320766,0.0801404,0.0279535,0.463221,1.98339,0.146525,0,0,0.00290539,0.691937,0.177687,1.50869,0.0772439,0.346945,0.00585024,0.586897,1.58103,0.0722284,0.412771,0.0922756,1.69112
1.99999,0.323976,0.00507317,0.0638339,0.036148,0.155094,0.306519,1.0226,0,0,0,0.0399244,0.79915,0.105506,0.918339,0.160218,0.2294,0.0580339,0.540847,1.39259,0,0.25258,0,2.11045
2.0133,0.096947,0.0176883,0.0445844,0,0.0330117,0.568061,0.720563,0,0,0,0.014321,0.778176,0.0273345,0.00353579,0.181319,0.312559,0.00690884,0.660772,1.43698,0,0.119774,0,2.45951
1.91217,0.0382974,0.0246212,0.0265735,0.0263794,0.0215324,0.0323393,0.91617,0,0,0,0.0807515,0.671582,0.0102695,0.00492164,0.159293,0.0787879,0.00450639,0.460893,1.58692,0.036024,0.209317,0,2.5478
1.79991,0.0134188,0.0236421,0.00729823,0,0.0569163,0,0.594423,0,0,0,0.0751296,0.552266,0.0154076,0.00472592,0.0739485,0.173641,0.0119117,0.478629,1.67231,0.0247982,1.03747,0,2.19593
0.91935,0.0129107,0.0115198,0.0109874,0,0.306294,0,0.330599,0,0,0,0.448743,0.247424,0.142818,0.00230274,0.00222147,0.250187,0.0994936,0.363521,1.97576,0,1.9167,0,1.51463
0.485614,0.00778825,0.190065,0.0234463,0,0.531163,0,0.376654,0,0,0,0.488835,0.240682,0.196875,0.128334,0.00558709,0.357036,0.198753,0.270798,1.91554,0,1.98435,0,0.927628
0.768192,0.156074,0,0.0149016,0,0.237065,0.0574258,0.397576,0,0,0,0.050825,0.466126,0.203471,0.0950815,0.00301286,0.71549,0.0731019,0.206112,1.83272,0,1.91253,0.314282,0.27434
1.19791,0.0371005,0,0,0,0.0185774,0.462601,0.409081,0,0,0,0.0197544,0.667396,0.110332,0.00773285,0,0.917543,0.00388797,0.30776,1.76339,0,2.03968,0.551207,0.00506319
1.59202,0.0145955,0.00635557,0,0,0,0.54509,0.397888,0,0,0,0.0372025,0.693099,0.117525,0.00720755,0.00492439,0.938885,0,0.261875,1.68038,0,2.21935,0.445601,0.00953527
1.53135,0.0151956,0.00568839,0,0,0,0.378365,0.392896,0,0,0,0.0889871,0.627638,0.163757,0.00113708,0.0531547,0.854325,0.00146842,0.16355,1.67458,0,2.40627,0.178275,0.022808
0.95888,0.262823,0,0,0,0,0.0929674,0.324766,0,0,0,0.195881,0.301928,0.201738,0,0.101225,0.818003,0.00295166,0.0452483,1.82933,0,2.58114,0.00594045,0.0985866
0.626982,0.179505,0.0509906,0.0195686,0,0.288977,0.115513,0.299613,0,0,0,0.288557,0.179905,0.0509304,0.260392,0.12634,0.543857,0.0971139,0.0526636,2.87141,0.064687,1.58513,0,0.400851
1.00237,0.398308,0.01405,0,0,0.35359,0.167646,0.302452,0,0,0,0.132043,0.436238,0.112977,0.428326,0.143564,0.0941428,0.132308,0.0682527,3.02658,0.110251,0.259266,0,0.646219
1.66822,0.392078,0,0,0.0159494,0.138908,0.428427,0.286403,0,0,0,0.0763173,0.603364,0.111526,0.455257,0.140305,0.0334373,0.0519773,0.174423,3.01963,0.0877882,0.0109447,0,0.701218
1.63665,0.255287,0,0.0259585,0.0741039,0.136696,0.400284,0.362026,0,0,0,0.00633216,0.457441,0.0726162,0.627995,0.0763198,0.0946185,0.0337754,0.162965,3.23129,0.0575082,0.0115703,0,0.641693
1.57837,0.265687,0,0.0355889,0.105976,0.157389,0,0.356471,0,0,0,0.0322045,0.425114,0.0755744,0.717687,0.0679373,0.238255,0.0461458,0,3.29605,0.0713391,0.0140778,0,0.700233
1.67985,0.388173,0,0.0484015,0.00973673,0.0631068,0,0.306027,0,0,0,0.155096,0.475285,0.110415,0.610656,0.0108491,0.0489286,0.025826,0,2.97258,0.43985,0.0149698,0,0.632702
1.68649,0.303664,0.0173015,0.00193689,0.0876606,0,0,0.255578,0,0,0,0.267615,0.454235,0.0861284,0.666496,0.000391607,0.0303519,0.0130702,0,3.18047,0.333335,0.00400788,0,0.568327
1.65261,0.00769998,0.0423123,0,0.191003,0,0.0709723,0.284712,0,0,0.0937917,0.229141,0.44511,0.00152756,0.760204,0.00201781,0.0661336,0.0124267,0.0288945,3.49653,0.160724,0,0.0229866,0.592654
1.91571,0.197824,0.023409,0.0248191,0,0,0.326377,0.309539,0,0,0,0.0707456,0.614821,0.0556002,0.843544,0.0121347,0,0.00638464,0.132876,3.60983,0.0448982,0,0,0.557823
1.92669,0.112739,0.0228687,0.0511743,0,0,0.454547,0.333118,0,0,0,0.0431421,0.666209,0.0313663,0.82453,0.0134076,0,0.0183925,0.185057,3.63219,0.00773119,0,0,0.457092
1.85165,0.0978541,0.0158165,0.0638162,0,0.0340381,0.510093,0.29622,0,0,0,0.0327113,0.593379,0.0469975,0.940682,0.0130593,0.000448168,0.0474762,0.203386,3.65956,0.00115529,0,0,0.292697
1.72199,0.186122,0,0.0635012,0.0521431,0.0714385,0.03144,0.287126,0,0,0,0.110729,0.485705,0.0801816,0.859465,0.0128389,0.0172565,0.0714067,0.00673433,3.70623,0,0,0.00105707,0.259087
1.64882,0.272508,0,0,0.0487738,0.115835,0,0.308497,0,0,0,0.0932668,0.444088,0.0777006,0.818372,0,0.0100131,0.086738,0,3.74305,0,0,0,0.334395
1.52292,0.229684,0,0,0.0216645,0.261246,0.0114385,0.391827,0,0,0,0.43777,0.410179,0.0653335,0.929037,0,0.00677858,0.125426,0.00245009,3.79284,0,0.00294308,0,0.70361
1.32191,0.213221,0.163087,0.0342297,0,0.464248,0.015568,0.74928,0,0,0.0303334,0.657254,0.35604,0.0680538,0.766667,0.0110361,0.0255023,0.171614,0.0714054,3.7663,0,0.00220732,0.00743414,0.906086
0.902631,0.172898,0.0129882,0,0,0.285731,0.00851633,0.402322,0,0,0,0.350251,0.242931,0.323781,0.490859,0,0.0571645,0.098195,0.346512,3.59043,0,0,0.0244035,0.644009
0.958708,0.308474,0.0103669,0,0.124499,0.0496538,0.0379411,0.411859,0,0,0,0.192172,0.344063,0.530419,0.36593,0,0.111435,0.0112643,0.691737,3.32533,0,0,0.0590817,0.507915
1.41257,0.21212,0.0146301,0.00712624,0.603207,0,0.0315502,0.729129,0,0,0,0.25968,0.412883,0.562486,0.291463,0.0096454,1.13147,0,0.879253,2.98991,0,0,0.0177638,0.34597
0.808322,0.388523,0.023228,0,0.974991,0,0,0.198984,0,0.668373,0.0616232,0.382161,0.245005,0.140972,0.267493,0,1.67256,0,0.747722,2.69749,0,0.587022,0.0380891,0.769541
0.0151881,0.511042,0.0155029,0.553612,0.755343,0,0,0.00989021,0.127002,1.00952,0.42708,0.10829,0.023746,0.156066,0.0746451,0.178491,3.35589,0,0,1.58844,0.223251,0.377265,0.105129,1.29858
0,0,0.0157568,0.606587,0.590548,0,0,0,0.0938162,1.09257,0.492693,0.00437387,0,0.000632132,0.13442,0.19404,3.6564,0.0970708,0,0.663371,0.500376,0.466578,0.123353,1.08113
0,0,0.0090977,0.694421,0.51927,0,0,0,0.0166616,1.76664,0.245552,0,0,0,0.179666,0.216887,3.0699,0.0313128,0,0.441298,0.590089,2.09268,0.062929,0.964807
0,0.221683,0.107896,0.814836,0.539926,0.0424881,0,0,0.0201619,1.82833,0.132444,0,0,0.0630577,0.266273,0.255792,2.85515,0.0192353,0,0.374685,0.613861,2.32246,0.0353914,0.952099
0,0.100164,1.17888,0.582307,0.400423,0,0,0,0.123213,1.59601,0.0916004,0,0,0.0284917,0.570871,0.184782,2.73406,0.00776176,0,0.382032,0.644467,2.13166,0.0255867,0.838245
0,0,1.87233,0.0576574,0.246921,0,0,0,0.569076,0.98761,0.0596563,0,0,0,0.909751,0.0116574,2.64124,0.0114821,0,0.571163,0.807312,1.92725,0.017869,0.644875
0,0,2.09272,0.0648165,0,0,0,0,0.717151,0.261512,0,0,0.0262942,0,1.00602,0.0131048,2.47338,0.0133268,0,0.86113,0.738451,1.99692,0.00264575,0.570044
0,0.048732,1.97214,0.050626,0,0.0141532,0.0288751,0,0.163741,0.453668,0,0,0.0338445,0.0138618,0.93523,0.0102357,2.12739,0.014922,0.00618493,0.915306,0.513274,2.41251,0.000903714,0.712834
0,0.0310439,1.98004,0.175323,0.0681896,0.0621411,0,0,0,0.498976,0,0,0,0.00861579,0.891603,0.0565261,1.93577,0.0167391,0,0.705233,0.394903,2.49446,0.000100481,0.852717
0.000933089,0.1329,2.04748,0.0822345,0.0317871,0.0194605,0,0,0,0.146866,0,0,0.000184613,0.0377562,0.861016,0.0166265,1.81238,0.00407279,0.0736234,0.458334,0.395757,2.3869,0.00152382,0.939403
0.00254235,0.293515,2.10807,0.0427298,0.0598201,0,0,0,0,0.134591,0,0,0.000503009,0.229857,0.833785,0.00863927,1.69105,0,0.132867,0.150527,0.280512,2.58397,0.00347699,0.880188
0.00340211,0.0171721,2.18463,0.0152192,0.185932,0,0,0,0,0.140792,0,0,0.0113757,0.12174,0.852026,0.00307708,1.65691,2.16486e-05,0.138073,0.0118888,0.112165,2.85554,0.00447329,0.729722
0.00351349,0.0170516,2.11774,0.135562,0,0,0,0,0,0.157482,0,0,0.0266476,0.182606,0.81681,0.0420521,1.5495,0.00133659,0,0.00228537,0,3.06891,0.00494966,0.522217
0.00286344,0.0046225,2.00539,0.316317,0,0,0,0.0316224,0,0.1745,0,0,0.00500385,0.204874,0.760944,0.101984,1.50855,0.00319053,0,0.160178,0,3.13101,0.00463147,0.491349
0.00141089,0.00536577,1.94428,0.362403,0,0.0316036,0.0408041,0.0453873,0,0.167225,0,0,0.000279147,0.0847275,0.739655,0.116843,1.51654,0.0109973,0.00874007,0.175949,0.070778,2.78078,0.00216485,0.845319
0.000659255,0.0523378,1.90636,0.572696,0,0,0,0,0.000271999,0.15557,0,0,0.000130435,0.121069,0.773931,0.184644,1.63833,0.00346196,0,0,0.226141,2.71316,0.0011289,0.953293
0.00106866,0.181168,1.75276,0.112988,0,0.00435706,0,0,0.0233548,0.14973,0,0,0.000211436,0.22278,0.701018,0.0228444,1.58849,0.00574077,0,0,0.147455,2.76383,0.000787116,0.864244
0.00100518,0.394225,1.92239,0.0995626,0.00574098,0.0322596,0,0,0.02217,0.159508,0,0,0.000198877,0.336052,0.719897,0.0201299,1.51275,0.0171284,0,3.79627e-05,0.0463635,2.83118,0.000650265,0.717595
0,0.231845,1.90492,0.118287,0.0233012,0.0114447,0,0,0.0390419,0.166343,0,0,0,0.324939,0.765699,0.0239157,1.4469,0.00846619,0,0.219678,0.0192455,2.7527,0.0292228,0.540958
0,0.00644281,1.83788,0.0827136,0,0.0282656,0.00311196,0,0.146454,0.171462,0,0,0,0.273802,0.772229,0.0167233,1.31784,0.0127886,0.000666571,0.452306,0.0721934,2.71383,0.0386777,0.513726
0,0.00734742,1.8299,0.0753274,0,0,0,0,0.0275906,0.177454,0,0,0,0.273162,0.867171,0.01523,1.22202,0.00783999,0,0.532525,0.0136006,2.85154,0.0305968,0.528396
3.15031e-06,0.00640333,1.75427,0.0657447,0,0,0,0.0935067,0,0.17551,0,0,6.23295e-07,0.269256,0.872575,0.0132925,0.823761,0.0376302,0,0.630733,0,2.96268,0.0282276,0.642624
0.000209183,0.184298,2.01381,0.217106,0,0,0,0.0270582,0,0.147157,0,0,4.13873e-05,0.296433,0.893761,0.0660988,0.879454,0.0628349,0,0.67076,0,2.83459,0.0245896,0.686141
0.000379649,0.0648302,1.97076,0.252536,0.0423955,0.00495298,0.0266769,0.0311375,0,0.12689,0,0,7.51142e-05,0.246866,0.628784,0.115567,1.10928,0.0206386,0.010119,0.705502,0.175984,2.64047,0.000675585,0.999391
0,0.212647,1.97366,0.105975,0.25176,0,0.00300378,0.0579693,0,0.146762,0,0,0,0.283821,0.649153,0.0341674,1.36566,0.00364292,0.0217088,0.4966,0.266852,2.6365,0.000803632,0.697437
0,0.16849,2.0125,0.0660566,0,0,0,0,0.12358,0.157046,0,0,0,0.27249,0.761295,0.0133556,1.38084,0.00533845,0,0.365644,0.223635,2.73519,0.000191085,0.657579
0,0.00358022,1.8553,0.0625896,0,0,0,0.0569748,0.366035,0.165852,0,0,0,0.20561,0.733211,0.0126546,1.3212,0.004574,0,0.354512,0.20494,2.91247,0.00149862,0.634992
0,0.00617493,1.70168,0.0545909,0,0,0,0.124348,0.489937,0.171883,0,0,0.0123625,0.175354,0.734147,0.0110374,1.15706,0.0104844,0,0.403332,0.241511,2.9966,0.00631902,0.653499
0,0.0104044,1.62597,0.0535595,0,0,0,0.10544,0,0.176535,0,0,0.0265832,0.160669,0.817873,0.0108288,0.884355,0.0107802,0,0.470735,0,2.90494,0.0137824,0.780407
0.000544215,0.0144995,1.74158,0.177288,0,0,0,0,0,0.163842,0,0,0.0161234,0.160617,0.890648,0.0567011,1.02712,0.00972621,0,0.402883,0,2.67364,0.036454,0.802426
0,0.142308,1.79155,0.0694447,0.146877,0.00694975,0,0,0,0.149668,0,0,0.0598413,0.263976,0.801309,0.0223898,1.30435,0.00624889,0.00453689,0.359174,0,2.57442,0.0428001,0.798786
0.0472277,0.0357073,1.73918,0,0.297179,0.00110698,0,0,0.21183,0.15642,0.00134923,0,0.171356,0.136906,0.705598,0,1.52454,0.00488651,0.0107247,0.393812,0.127087,2.58811,0.0560851,0.747158
0.00143613,0.0128914,1.84813,0.48133,0,0,0,0,0.415282,0.150808,0,0,0.107789,0.148276,0.687284,0.155186,1.53084,0.00446258,0.0201643,0.55235,0.276202,2.60235,0.0287389,0.653717
0.00249711,0.0127534,1.83378,0.766283,0,0,0,0,0.297667,0.271783,0,0,0.00136659,0.189732,0.724365,0.247058,0.980147,0.0051005,0,0.522461,0.201009,2.49091,0.0151768,1.05842
0.00034926,0.0391668,1.31466,0.82134,0.506835,0.294569,0,0,0,0.125731,0,0.0313218,0.0681788,0.205736,0.8212,0.261858,1.04119,0.107528,0.00340902,0.504698,0.0593412,1.80566,0.0351923,2.60716
0.000185128,0.0408792,0.127696,0.746993,1.35877,0.381285,0.0325935,0,0,0,0,0.0368107,0.0618347,0.284815,0.162022,0.234882,1.70824,0.119241,0.193073,0.598169,0.0582796,0.417738,0.0336703,2.79365
0,0,0,0.054126,2.22457,0.148335,0.150818,0,0,0,0.263008,0.169408,0,0.254246,0,0.0109434,1.61429,0.0339046,0.252502,0.611262,0.0324334,0.5279,0.191392,2.79389
0,0.00266767,0.00745193,0,2.56804,0.0712161,0.244568,0.167135,0,0,0.613185,0.0735084,0.00517342,0.20953,0.0014896,0,2.34421,0.0222929,0.289189,0.622267,0,0.720081,0.380489,2.53086
0.000200074,0.0104941,0.0143052,0,2.49814,0.00900513,0.120512,0.161273,0,0.204498,0.841467,0.386446,0.00708578,0.204412,0.00285952,0,2.55562,0.010003,0.176911,0.596234,0,0.706161,0.472807,2.72527
0.000532772,0.0125276,0.021272,0,2.34113,0,0,0.142892,0,0.626006,0.755175,0.184915,0.00675562,0.237221,0.00425216,0,2.44971,0.0248571,0.0267153,0.532256,0.00371778,0.596646,0.309548,2.78046
0,0.00624142,0.0285354,0.00869565,2.19757,0.102565,0,0,0,0.929964,0.516034,0.045966,0,0.259917,0.00570406,0.00175812,2.37503,0.243312,0,0.514869,0.0818225,0.34625,0.12647,2.76937
2.53333e-05,0,0.0159639,0.0232579,2.09255,0.273101,0,0,0.0388889,1.1524,0.413637,0.0238921,0.0394902,0.187066,0.0031911,0.00470236,2.42095,0.299791,0,0.454366,0.1968,0.51807,0.101375,2.72753
0.000501107,0,0.009374,0.0185259,1.98416,0,0,0,0.0616464,1.28509,0.304562,0.016247,0.294731,0.0575911,0.00187381,0.00374563,2.52471,0.00660719,0,0.331996,0.0969783,0.94655,0.0746425,2.32261
0,0,0.12359,0.0038259,1.25903,0,0,0,0.0847143,1.44232,0.292522,0.00681956,0.250648,0.0794257,0.0359942,0.0168423,2.83174,0.0105568,0,0.337339,0.0384485,1.25954,0.0758276,1.78084
0,0,0.483102,0,0.738638,0,0,0,0.128551,1.28929,0.379826,0.00930729,0.168554,0.133984,0.145895,0.0321093,2.97549,0.0252337,0.00389248,0.357181,0.0292011,1.28016,0.100592,1.47136
0.000496776,0,0.343685,0,0.761231,0,0,0,0.272708,0.972446,0.664274,0.113332,0.0724996,0.174857,0.269758,0.0182263,2.89686,0.0293783,0,0.37487,0.0619472,1.20588,0.162801,1.12307
0.000979354,0.00748795,0.453112,0,1.27956,0,0,0,0.435197,0.69005,0.509114,0.57216,0.0155534,0.201523,0.549587,0.01073,2.89321,0.0464561,0,0.408188,0.207904,1.25293,0.124774,1.13072
0.000778497,0,0.352734,0,1.46097,0,0,0,0.34696,1.27586,0.461963,0.413366,0.000154027,0.216294,0.626293,0.02124,2.60811,0.0287439,0,0.547424,0.312201,1.35172,0.113218,1.35028
0.000616938,0,0.288752,0,1.30631,0,0,0,0.114315,1.335,0.576378,0,0.000326747,0.174881,0.47716,0.0536667,2.47884,0.0178725,0,0.7022,0.302087,0.941118,0.141259,1.68579
0.000292576,0.00202101,0.177788,0,1.25828,0,0,0,0.0440325,1.06355,0.50055,0,0.00258727,0.114579,0.0783409,0.0705538,2.57933,0.0119794,0,0.804061,0.247119,0.64766,0.128625,1.88386
0,0,0.334123,0,0.99545,0,0,0,0.0735705,1.18429,0.54525,0,0,0.144058,0.100904,0.0624127,2.4711,0.0111686,0,0.702533,0.0334987,1.00754,0.134882,1.9542
0,0,0.216529,0,0.746934,0,0,0,0.289175,0.904449,0.781182,0,0.0325885,0.241188,0.0653907,0.0137337,2.29007,0.0473676,0.112528,0.235787,0.0931014,1.55979,0.191453,1.72606
0.576553,0.0192716,0.173124,0,1.07706,0,0,0,0.276521,0.619212,0.813761,0,0.155287,0.246291,0.379103,0,2.19994,0.4085,0.249518,0,0.0725597,1.58384,0.199437,1.20032
0.378713,0.0170727,0.021314,0,1.0736,0,0,0,0.18259,1.16613,0.817922,0.00241679,0.102001,0.225573,0.569415,0,2.20369,0.379241,0.23378,6.80754e-05,0.053835,1.70701,0.200457,1.16854
0,0,0.0259845,0.110803,0.8544,0,0,0,0.0971679,1.37507,0.630442,0.00402324,0,0.188775,0.682496,0.0357242,2.30539,0.211517,0.147691,0.000588176,0.0290735,1.72864,0.154509,1.27105
2.50975e-05,0,0,0.522364,0.879648,0,0,0,0.0367793,1.38124,0.412964,0.00468807,4.96558e-06,0.171201,0.589758,0.168416,2.36836,0.0271764,0.0351625,0.0242708,0.00835464,1.88771,0.10121,1.29275
0.00149894,0,0,0.811306,0.803808,0,0,0,0,1.37276,0.32346,0.00287123,0.0237631,0.186191,0.0170837,0.260208,2.3732,0.000863113,0,0.0904904,0,2.05845,0.0792741,1.12474
0.00118365,2.7599e-05,0.00410394,0.620179,0.827549,0,0,0,0.0255406,1.29584,0.387716,0.00199844,0.0562521,0.197569,0.000820355,0.197275,2.34851,0.00347084,0.0840401,0.0538694,0.00580171,2.05148,0.0953414,0.967071
0,0.175086,0,0.509143,0.872694,0,0,0,0.140589,1.01021,0.699902,0.00134001,0,0.274958,0.11664,0.164154,2.3691,0.000887606,0.152072,0,0.0358291,1.96561,0.171533,0.751431
0.0262069,0.503172,0,0.359705,1.03179,0,0,0.0206921,0.31343,0.558775,0.727954,0.240735,0.00705847,0.416216,0.460786,0.115973,2.5645,0.0802039,0.129243,0.0191774,0.087019,1.76008,0.178408,0.553704
0.000520157,0.294843,0.00528629,0.44043,1.04663,0,0,0,0.252203,1.2433,0.679443,0.149923,0.000102914,0.378711,0.536905,0.142,2.39145,0.0506268,0.0154697,0.000128012,0.0709786,1.99157,0.166519,0.508325
0.00100889,0.00634251,0.0107887,0.512586,0.873268,0,0,0,0.0599036,1.30029,0.543807,0.00625799,0.00019961,0.299566,0.502676,0.165264,2.46619,0.00504074,0.0117492,0,0.0167916,1.90533,0.133277,0.629663
0.00149447,0.00874774,0.0245704,0.430068,0.908924,0,0,0,0,1.20382,0.30429,0.00669636,0.000295684,0.308402,0.221208,0.138659,2.55286,0.00672778,0,0.00101357,0,1.86149,0.0745757,0.842751
0.00131619,0.0108466,0.0386739,0,0.935125,0,0,0,0.0209557,1.08719,0.260548,0.00340336,0.00026041,0.316619,0.00773071,0,2.64787,0.00591355,0,0.00307192,0.00476021,1.84073,0.0639192,0.805059
0.00115011,0.00551803,0.026827,0,0.902483,0,0,0,0.0816467,1.145,0.364481,0.00397893,0.000227551,0.308062,0.0558992,0,2.42303,0.00396431,0,0.00412197,0.0185465,1.91392,0.0893274,0.740929
0.000393092,0.00254511,0.0627069,0,1.04759,0,0,0,0.235614,0.863689,0.640841,0.0957296,7.77739e-05,0.262942,0.610699,0,2.41232,0.014258,0,0.00445332,0.0535211,1.83206,0.157058,0.506281
0.000270848,0.040083,0.476924,0,1.32496,0,0,0.0201794,0.414192,0.49774,0.61191,0.542652,0.00498112,0.240814,0.877552,0.00278458,2.51585,0.0885078,0.0636355,0.0148829,0.106111,1.78444,0.175058,0.577051
0,0.00556214,0.552437,0,1.04213,0,0,0,0.310966,1.08206,0.444184,0.538232,0.00366033,0.249427,0.946378,0.00631232,2.35774,0.130797,0.0776158,0.0127598,0.196944,1.9205,0.108861,0.829131
2.14956e-05,0,0.39817,0.287719,0.937921,0,0,0,0.112359,1.22872,0.53968,0.403985,4.25294e-06,0.308076,0.898081,0.0927639,2.46829,0.0636046,0,0.00555693,0.128037,1.89932,0.132265,0.906279
8.44738e-05,0,0.42031,0.23973,0.904943,0,0,0,0.136108,1.02188,0.685158,0.279255,1.67133e-05,0.311805,0.700956,0.0772173,2.59343,0,0,0.0169185,0.0670933,2.04353,0.170239,0.528416
0.00113819,0.000745648,1.44742,0,0.466633,0,0.468202,0.179183,0.0388155,0.637024,0.826114,0,0.0670664,0.298693,1.45504,0.176371,2.02686,0,0.297542,0.0938291,0.0191338,1.82481,0.205701,0.0581402
0.413196,0,1.23235,0,0,0,0.255559,1.00993,0.0909138,0.355601,0.321221,0,0.357902,0.263438,1.42335,0.226913,1.03996,0,0.306536,0.368866,0.0448154,2.10612,0.0818114,0.104227
0.377097,0,0.904611,0,0,0,0.0704743,1.03477,0.111576,0.317709,0,0,0.181246,0.22905,1.58322,0.077235,0.551219,0,0.0377799,0.30238,0.0253452,1.97424,0.00190536,1.02898
0.100396,0.198397,1.01728,0,0,0,0.0234602,1.24699,0.356122,0,0,0,0.0454804,0.194934,1.41915,0.0511258,0.676175,0,0.00502509,0.41225,0.0899771,1.22482,0.0705598,1.39501
0,0,0.958299,0,0,0,0.066495,1.23952,0.3232,0,0.00175805,0.0188901,0.0186891,0.104467,1.45003,0,0.999163,0,0.0794024,0.406294,0.0734168,0.49849,0.55032,1.70406
0.000500403,0,0.730465,0.329463,0.770165,0,0.0621869,1.02431,0.294073,0,0,0.0279674,0.0186191,0.10359,1.40349,0.106223,1.25972,0,0.215007,0.298373,0.0668005,0.328467,0.611726,1.80167
0.000340563,0,0.568844,0.0875794,1.9208,0.00963954,0.0910145,0.807336,0.382201,0.0167875,0,0.0229663,0.0166029,0.0945941,1.18006,0.0282366,1.62128,0.00201741,0.370817,0.207,0.0868192,0.34562,0.486384,2.05196
0,0,0,0.0966896,2.20508,0.0229101,0.0590456,0.405593,0.0318266,0.378021,0,0.0242865,0.00842321,0.0476643,0.5557,0.0690965,1.57001,0.00936874,0.424878,0.0892797,0.00722961,0.73041,0.259482,2.55424
0,0,0,0.0405162,1.66052,0.031202,0,0.0464356,0,0.474868,0,0.0313459,0,0.00916932,0.0107971,0.0348251,1.23215,0.00700315,0.460626,0.0102215,0,0.987548,0.0941661,3.16465
0,0.00083913,0.00999016,0.0738789,2.00648,0.0393797,0,0,0,0.372636,0,0.0279751,0,0.0368807,0.00199698,0.0339205,1.19178,0.0154989,0.427465,0,0,1.64044,0.00727152,3.12374
0,0.00567454,0.0213302,0.134451,2.03689,0.229183,0,0,0,0.104499,0,0.0279578,0,0.112658,0.0042638,0.0433485,1.10837,0.0846057,0.357478,0,0,2.1508,0.00648368,2.70367
0,0.00631583,0.0211856,0.201226,1.42053,0.670919,0,0.138686,0,0,0.131641,0.0333349,0,0.175365,0.00423489,0.245577,1.15358,0.235646,0.148045,0.0618829,0,1.96291,0.0813668,2.36285
0,0,0.00720769,0.0469569,1.40495,0.548432,0.0126062,0.162462,0,0,0.133558,0.0409742,0.00533598,0.180453,0.00144078,0.365415,1.4343,0.175248,0.142831,0.120373,0,1.52063,0.0825519,2.25774
0,0,0,0.0904658,1.7966,0.148083,0,0,0,0,0.248242,0.036557,0.0137,0.148018,0,0.191263,1.44514,0.0368957,0.170668,0.072785,0,1.60589,0.186822,2.24197
0,0,0,0.0981426,1.8201,0.076204,0,0,0,0,0.360376,0.0353122,0.0137046,0.104083,0,0.0198428,1.50772,0.0242995,0.0654073,0.0534658,0.305394,2.04114,0.243357,1.85275
0,0,0.000454367,0.102798,1.8872,0.210527,0,0,0,0,0.150276,0.0338416,0,0,0.457205,0.0207841,1.16309,0.0784506,0,0.191591,0.437659,1.90831,0.151331,1.71162
0.000332268,0,7.69333e-05,0.0991904,1.88229,0.478061,0,0,0,0,0.000406453,0.0336796,6.57399e-05,0,0.695337,0.0200547,1.03533,0.176786,0,0.844115,0.373032,1.70953,0.0610741,1.6519
0.00195386,0.0010753,0.00261859,0.117672,1.80818,0.940443,0,0,0,0.0250484,0,0.0327124,0.000386574,0.00462545,0.704376,0.0517019,0.870036,0.3519,0,1.34902,0.298298,1.01933,0.0606448,1.6989
0.0031504,0.00431242,0.185613,0.040457,1.59577,0.857497,0.0304276,0,0,0,0.274417,0.159156,0.000623312,0.0608645,0.647904,0.0547588,0.959058,0.304545,0.00651748,1.73315,0.0294218,0.210701,0.244616,1.93132
0.00130877,0.0089105,0.00763645,0.171725,2.17056,0.448541,0,0,0,0,0.338095,0.0335807,0.000258942,0.0728404,0.556895,0.0553661,1.03624,0.167091,0,2.03608,0.000320324,0.330525,0.256263,1.90422
0,0.00646825,0.0192225,0,2.42521,0.134255,0,0,0,0,0.565567,0.0311891,0,0.0505941,0.547829,0,1.08574,0.0715013,0,2.1863,0.000956034,0.469501,0.385373,2.00611
0,0.00804029,0.0224419,0.0303151,2.54513,0.0021123,0,0,0,0,0.583035,0.155045,0,0.044827,0.367848,0.00612922,1.12952,0.0298752,0,2.54447,0.000679308,0.39151,0.384463,2.12264
0.000108462,0.00929683,0.0237441,0.0436799,2.5119,0.0210528,0,0,0.0873416,0,0.278307,0.248187,2.14595e-05,0.0753077,0.248988,0.00883137,1.21892,0.0311293,0,2.76649,0.0579902,0.171356,0.190233,2.19978
0.000220274,0.0103537,0.0255982,0.0446634,2.37213,0.204493,0,0,0.146105,0,0.0428888,0.303426,4.35817e-05,0.0270372,0.249914,0.00903021,1.19021,0.0962011,0,2.93124,0.0447115,0,0.0430182,2.29108
0,0.0109719,0.0267921,0.078279,2.06395,0.700339,0,0,0.0360515,0,0.219845,0.423035,0,0.00596639,0.334577,0.025238,1.04936,0.288364,0,2.84071,0.0327387,0,0.156722,2.28039
0,0.00788918,0.0221137,0,1.66184,0.814088,0,0.0253304,0,0,0.342892,0.205363,0.000587914,0.00156509,0.405605,0,1.10339,0.335866,0.0632791,2.5456,0.0307922,0,0.234757,2.21666
0.00218235,0.0105694,0.0063964,0.0143873,2.20577,0.313804,0,0,0,0,0.448303,0.0291002,0.00740377,0.00478608,0.117651,0.00463864,1.33541,0.164805,0.100072,2.25291,0.0367728,0.000651709,0.290544,2.26397
0,0.000611993,0.0127578,0,2.45391,0.0335308,0,0,0.0544079,0,0.632385,0.0294937,0.0217194,0.0185169,0.0167126,0,2.2739,0.108833,0,1.79904,0.0288458,0.00958689,0.391327,2.2606
0,0.000709174,0.0125777,0.0157817,2.56013,0.0450807,0,0.0733221,0.0027988,0,0.471477,0.0924837,0.0300399,0.0386697,0.062627,0.0031908,2.93396,0.0808434,0,1.3963,0.0586246,0.30233,0.292485,2.07855
0,0.000601141,0.00673695,0.0572617,2.52694,0.0890328,0,0.133255,0,0,0.0539181,0.0791731,0.0399954,0.0238769,0.0892564,0.0115774,3.15681,0.094539,0,0.932368,0.22322,0.516858,0.0355011,2.1292
0.00200467,0.00327991,7.99158e-06,0.0671011,2.33091,0.359152,0,0.0971596,0,0.154582,0,0.0278689,0.0427615,0.0535904,0.178444,0.0135667,2.61434,0.153042,0.00414563,1.6344,0.00463699,0.377282,0.0115387,2.3428
0.00321743,0.00245682,0,0.0823657,1.81961,0.9252,0,0,0,0.262153,0.0242066,0.129242,0.0275009,0.231137,0.470854,0.016653,1.61252,0.346972,0.0430789,2.39435,0,0.14401,0.0247825,2.40564
0.00363874,0.00415143,0,0.0460554,1.58898,0.987211,0,0,0,0.102245,0.207252,0.170147,0.000719932,0.217616,0.676584,0.00931165,1.00802,0.3736,0.0950745,2.65257,0,0.159638,0.132072,2.21081
0.00351715,0.00728599,0,0.231017,1.89601,0.699844,0,0,0,0.0309666,0.247105,0.0323977,0.000695874,0.235849,0.701405,0.0744824,0.826699,0.268358,0.0394235,2.69376,0,0.682634,0.152831,2.01894
0.00356913,0.00597675,0,0.265593,1.89253,0.575632,0,0,0,0.145176,0,0.22032,0.000706158,0.294845,0.931371,0.0856301,1.11535,0.219271,0,2.17262,0,1.0802,0.0306702,1.69632
0.00369515,0.00524399,0,0.155703,2.12435,0.188443,0.0396644,0.121212,0,0.0417666,0,0.323542,0.000731092,0.333758,2.16963,0.0502005,1.48622,0.07433,0.00849596,1.09679,0,0.943411,0.0267444,1.39683
0.00345604,0.00748596,0.037545,0,1.61983,0,0.193278,0.859434,0.108514,0,0,0.0799735,0.000683783,0.321713,2.07828,0,1.21617,0.00298581,0.0413995,1.1673,0.053491,1.51277,0.00354358,0.504517
0.00324213,0.00405921,0.320341,0,0.0455128,0,0.22266,1.21703,0.00995768,0,0,0,0.000641462,0.300733,2.11166,0,0.494692,0.00370695,0.047693,1.20565,0.00490857,2.19356,0.000165431,0.000291111
0.00339883,0.116976,0,0,0,0,0.249927,1.30877,0,0,0,0,0.000672464,0.363816,2.12046,0,0.312813,0.00922568,0.0535334,1.1604,0,2.33698,0.000500081,0.10993
0.239443,0.00352152,0.0573252,0,0,0.0594453,0.12002,1.5605,0.229437,0,0,0.147025,0.191431,0.174287,1.97283,0,0.232605,0.0211235,0.0257078,1.78238,0.052118,1.97938,0.0207438,0.390878
0.644553,0.0578433,0.00866746,0.0627291,0,0,0.110063,1.39666,0,0,0,0.0189574,0.519282,0.180182,1.99004,0.0849042,0.286766,0.00201449,0.127363,1.65254,0,1.25699,0.0189996,1.3012
1.62022,0.293198,0.0145883,0.0184379,0.00643397,0,0.259243,2.02019,0,0,0,0.0302871,0.697962,0.318301,1.61353,0.0798969,0.315664,0,0.366493,1.49748,0,0.723316,0.00204094,1.85541
1.90509,0.422626,0.00174099,0.0524595,0.000691998,0,0.533981,1.87748,0.0785845,0,0,0.0434458,0.763357,0.365835,0.972785,0.134349,0.313666,0,0.556323,1.41571,0.0387377,0.299553,0,2.11844
1.95036,0.272251,0,0.0262364,0.00599495,0.323614,0.191786,0.816676,0,0,0,0.0916513,0.782701,0.237154,0.154899,0.160798,0.702313,0.181252,0.468604,1.4201,0,0.236782,0,2.53096
1.1393,0.0973693,0,0.0444623,0,0,0.590829,0.426058,0,0,0,0.0425523,0.613533,0.0719396,0,0.157542,0.589104,0.0846702,0.671298,1.61382,0,0.121457,0,2.84622
0.975433,0.187425,0.000383515,0.0688142,0,0,0,0.339406,0,0,0,0.122227,0.517637,0.0714727,7.66625e-05,0.140028,0.485838,0.0583147,0.436445,1.69547,0,0.373727,0,2.69545
1.00423,0.223098,0,0.0623085,0,0.106378,0,0.310816,0,0,0,0.127224,0.402353,0.107665,0,0.111566,0.437211,0.0579426,0.339012,1.6543,0,1.05014,0.0236,1.98818
0.92943,0.176606,0.00479618,0.0712003,0,0.362491,0,0.298777,0,0,0,0.640492,0.250183,0.207748,0.0355907,0.0764702,0.3748,0.140023,0.116466,1.92788,0,1.66135,0.0172064,1.26683
1.13568,0.161469,0.0524898,0.0604817,0,0.296854,0,0.322929,0,0,0,0.252487,0.373279,0.304173,0.242675,0.0139902,0.497869,0.0995589,0,1.89882,0.0101123,1.78789,0.00197177,0.5289
1.38497,0.0140814,0.0108706,0.00591441,0,0.0851852,0.18235,0.348181,0,0,0,0.0453346,0.553211,0.305191,0.201079,0.0363455,0.607977,0.0178279,0.0742392,1.81254,0.0148604,1.64784,0.0939565,0.518977
1.91506,0.016517,0.0190985,0,0,0,0.53789,0.419064,0,0,0,0.0105524,0.662837,0.339991,0.0980795,0.00333951,0.682956,0,0.274501,1.68311,0,1.7782,0.259757,0.085104
1.85204,0.190189,0.0171855,0.00450753,0,0,0.40046,0.415959,0,0,0,0.065537,0.592681,0.39958,0.0644883,0.000911348,0.677413,0,0.222666,1.64284,0,2.01509,0.232484,0.0174184
1.75655,0.479211,0,0,0,0,0.191636,0.281779,0,0,0,0.147471,0.491331,0.340733,0.456599,0,0.485196,0,0.096163,2.09357,0.0092608,1.92178,0.119545,0.285099
0.681494,0.38893,0.0985877,0.00873528,0.0160335,0.222835,0.0750749,0.330756,0,0,0,0.289558,0.183343,0.110418,0.887758,0.00281635,0.0184019,0.0833815,0.0308979,2.69415,0.165769,1.16243,0,0.665315
0.888063,0.0131114,0.0669429,0,0,0.32167,0.0766005,0.362493,0,0,0,0.214972,0.402346,0.00260111,0.916367,0,0.00374446,0.120364,0.0311859,3.01483,0.23073,0.0319511,0,0.85812
0.940021,0.0173462,0.000519056,0,0,0.0891896,0.322986,0.380216,0,0,0,0.0921333,0.545647,0.00344122,0.920482,0,0.000191051,0.0333734,0.131495,3.15823,0.144468,0.00476463,0,0.934074
0.985524,0.0165074,0.00236858,0,0,0.0949931,0.446507,0.407131,0,0,0,0.0883258,0.575474,0.00327482,0.928686,0,0,0.035545,0.181784,3.37627,0.0532826,0.00475389,0,1.06021
0.938457,0.015462,0.00349753,0,0,0.235989,0.252564,0.407514,0,0,0,0.107341,0.507341,0.00306743,0.873804,0,0,0.0883034,0.102825,3.59194,0,0.229451,0,1.16738
0.939709,0.0147868,0.00423408,0,0.00182316,0.0626701,0,0.42733,0,0,0,0.148637,0.4356,0.00293346,0.724675,0,0.180321,0.0131159,0,3.72576,0,0.293307,0,1.12519
1.65227,0.215271,0.00300817,0,0.0515223,0.0208681,0,0.323728,0,0,0,0.117877,0.46019,0.0606704,0.485639,0.0141147,0.258431,0.00658322,0,3.65384,0,0.0247946,0,0.878271
1.41234,0.0946512,0.243766,0,0.143544,0,0.00532977,0.304242,0,0,0.0549208,0.186241,0.380396,0.026436,0.575774,0,0.142814,0.00428291,0.00216988,3.57139,0.0295606,0.00643964,0.0339464,0.632602
1.65016,0.205081,0.295075,0,0.0833127,0.0153919,0.188673,0.302903,0,0,0.0423608,0.00107889,0.480658,0.058133,0.672021,0,0.0490884,0.00461248,0.0768134,3.52536,0.0611067,0.00473137,0.0103818,0.510764
1.7893,0.07697,0.0130942,0,0,0,0.304731,0.323285,0,0,0,0.0530912,0.61023,0.0207583,0.660787,0,0.0068805,0,0.124063,3.54549,0.0686277,0.00385651,3.73791e-05,0.53101
1.74249,0.0154169,0.0207077,0,0,0.0614669,0.386759,0.319414,0,0,0,0.0456579,0.552155,0.00305848,0.578155,0.00863671,0.0358072,0.0128641,0.155278,3.59971,0.0604111,0.00425481,0.000103921,0.543644
1.69824,0.0151169,0.0222226,0,0,0.0361755,0.252863,0.307755,0,0,0,0.0604181,0.512472,0.00299896,0.394012,0.0387886,0.126383,0.00919681,0.0967209,3.51191,0.0900637,0.0043856,0.000614033,0.60108
1.72646,0.0152266,0.0179399,0,0.122119,0.0170306,0,0.265275,0,0,0,0.111085,0.522708,0.0799374,0.12487,0.0396997,0.17533,0.005346,0.284142,2.98487,0.0671255,0.00649037,0.0608296,0.70209
1.7085,0.0137887,0.0158085,0,0,0.187237,0,0.252583,0,0,0,0.114254,0.465192,0.174684,0.0457921,0.000910141,0.0766051,0.07209,1.08094,2.03128,0,0.0545138,0.380604,0.626348
1.31324,0.0123367,0.020435,0.102556,0,0.396551,0,0.564676,0,0,0,0.717526,0.35367,0.359951,0.0537095,0.0330651,0.0716758,0.14033,1.09151,1.95212,0,0.000283892,0.495696,0.605517
0.980335,0.0117194,0.0164752,0.0474312,0,0.393233,0,0.528388,0,0,0,0.516269,0.275416,0.427379,0.119646,0.0152923,0.0621611,0.132932,1.29134,2.01476,0,0,0.562111,0.363181
0.783571,0.421735,0,0,0,0.0640033,0,0.392358,0,0,0,0.202829,0.457945,0.530577,0.289854,0,0.0625295,0.0133949,1.47838,1.9682,0.00554477,0,0.594048,0.253334
0.913529,0.605859,0,0,0.102891,0,0.00925719,0.421448,0,0.0141754,0,0.227592,0.516424,0.375761,0.348053,0,1.31857,0,1.21539,1.9564,0.0178566,0.113087,0.56808,0.30319
1.25272,0.764023,0,0.0278392,0.665605,0,0,0.525822,0.0542833,0.106666,0,0.376689,0.551188,0.217326,0.157394,0.00562863,3.15668,0,0.121266,1.48062,0.629521,0.279773,0.138312,0.714924
0.197292,0.759729,0.00628501,0.25096,0.954606,0,0,0.0981877,0.0393757,1.0226,0,0.398868,0.0595726,0.219546,0.229508,0.0754352,3.46927,0,0,0.387385,0.663613,0.621254,0.000592599,0.946697
8.70598e-05,0.351063,0.00643489,0.756915,0.803587,0,0,0,0.085732,1.26608,0.567456,0.00510467,1.72249e-05,0.0997747,0.244865,0.243793,3.47928,0,0,0.00597955,0.658454,0.622281,0.139675,1.11758
9.50796e-05,0.00536268,0.0232249,0.735943,0.515393,0,0,0,0.0097784,1.37246,0.396861,0,1.88117e-05,0.00106387,0.239778,0.237276,3.20982,0,0,0.164444,0.613259,1.42436,0.0981271,0.819079
0,0.0366237,0.0144664,0.878758,0.602886,0,0,0,0,1.79307,0.202979,0,0,0.0100621,0.217913,0.281568,2.87889,0,0.0384702,0.338776,0.374149,2.4022,0.213492,0.819304
0,0.20553,0.646936,0.968149,0.57871,0,0,0,0.0417142,1.87699,0.161107,0,0,0.0977824,0.313437,0.312142,2.90777,0,0.107332,0.573743,0.0371831,2.6454,0.206668,0.795457
0,0.0527804,1.56105,0.520323,0.433681,0,0,0,0.240294,1.54323,0.119999,0,0,0.11127,0.47143,0.167758,2.95357,0,0.0470457,0.730583,0.0754263,2.47878,0.0828714,0.756319
0,0,2.01581,0.143309,0.109815,0,0,0,0.794927,0.455177,0.234798,0,0,0.069708,0.702787,0.0462043,2.82806,0.00144073,0.0195681,0.807064,0.466556,2.46003,0.173208,0.54444
6.15964e-05,0,2.05297,0.0461694,0,0,0,0.109714,0.548759,0.167685,0.0271569,0,1.2187e-05,0.0364808,0.81358,0.0148855,2.59231,0.00140327,0.177308,0.144531,0.342979,2.97158,0.163286,0.271615
0.00061314,0.0174247,1.81502,0.0477086,0,0,0,0.13096,0,0.641857,0,0,0.000121311,0.0359001,0.807458,0.00964589,1.9615,0,0.548501,0.0288272,0.0205726,3.10496,0.311737,0.24471
0.00172641,0.0116298,1.81815,0.183048,0,0,0,0,0,0.174442,0,0,0.000341574,0.0836715,0.824033,0.0590166,1.32209,0,0.775994,0,0.0132607,2.90741,0.423687,0.464049
0.00185096,0.0993862,2.02362,0.103962,0.0103981,0,0,0,0,0.151801,0,0,0.000366216,0.281346,0.65031,0.0335186,1.41841,0,0.755787,0,0,2.80976,0.464853,0.437458
0.000994333,0.257052,2.03457,0,0.202709,0.0456714,0,0,0,0.150522,0,0,0.000196731,0.470921,0.680432,0,1.45238,0.00955832,0.542431,0,0,3.02949,0.350373,0.365327
0.000798507,0.102155,2.17539,0.0730206,0.0398754,0.0470501,0,0,0.0105469,0.147384,0,0,0.000157986,0.334874,0.722187,0.0235427,1.46925,0.00984687,0.193251,0,0.00519903,3.20561,0.104687,0.207273
0.000217696,0.124302,2.0509,0.274982,0.0330979,0.0389009,0,0.173796,0,0.162186,0,0,4.30716e-05,0.325184,0.733376,0.0886573,1.59064,0.00814137,0.0878257,0.0775492,0,3.20334,0.00072742,0.0648431
0,0.131258,2.00515,0.341304,0,0.0178092,0,0.217348,0,0.172549,0,0,0,0.282754,0.775789,0.11004,1.58712,0.00422806,0.0556442,0.0969827,0.0110719,3.11126,0.000640636,0.137872
0,0.135866,1.95413,0.440691,0,0.0231235,0,0,0,0.161636,0,0,0,0.292111,0.815143,0.142084,1.20736,0.00889322,0.00600997,0,0.0187094,3.10414,0.00067556,0.127122
0.00162604,0.0109694,1.79961,0.648239,0,0,0,0,0.000320307,0.14872,0,0,0.000321715,0.29824,0.654667,0.209,1.34638,0.00664739,0.038866,0,0.0113559,3.04722,0.00536842,0.000493424
0.000954476,0.0853942,1.6919,0.409857,0.129416,0.051283,0,0,0.000466478,0.166724,0,0,0.000188845,0.320185,0.651645,0.132143,1.33448,0.0249336,0.0416305,0,0.000105963,3.14105,0.0102452,0.00036372
0,0.260047,1.76233,0.347897,0.00983655,0,0,0,0.0197564,0.169326,0,0,0,0.364977,0.706431,0.109554,1.26309,0.00590123,0.0261407,0.000316413,0.00973878,3.17243,0.0108983,0.000199861
0,0.0786907,1.76908,0.0563135,0,0,0,0,0.150157,0.163718,0,0,0,0.301156,0.728756,0.0119081,0.997861,0.00731761,3.81112e-05,0.166832,0.0740188,3.16576,0.00827957,0.0501719
0,0.00358568,1.90644,0.0370111,0,0,0,0.0618883,0.27526,0.152129,0,0,0,0.262259,0.703689,0.00748304,0.910819,0.00889802,0,0.315642,0.135688,3.15206,0.00162255,0.18125
0.00196981,0.00632717,2.12999,0.135606,0,0,0,0,0,0.148863,0,0,0.00038973,0.254472,0.759306,0.0437208,0.906515,0.01023,0,0.428927,0,3.13273,0.000342971,0.229522
0.00270352,0.0063857,2.08211,0.243827,0.0230606,0,0,0,0,0.14492,0,0,0.000534897,0.264837,0.722278,0.0786127,0.874968,0.0142746,0,0.503897,0,3.19802,0,0.180767
0.00286544,0.0178978,2.03967,0.339148,0.0401562,0,0.00789856,0,0,0.158472,0,0,0.000566934,0.274239,0.644039,0.109345,0.897132,0.0102485,0.00615705,0.430121,0,3.1421,0.000268714,0.307645
0.00112222,0.213823,1.90501,0.0746364,0.336881,0,0.0707516,0,0,0.164594,0,0,0.00138705,0.268953,0.633547,0.0150902,1.16324,0.00400357,0.0709653,0.166797,0,2.96449,0.00181175,0.380871
0,0.191801,1.87237,0.0737753,0.040926,0,0,0,0,0.156842,0,0,0,0.208541,0.716663,0.0149162,1.30837,0.0046542,0.0157786,0.0711602,0,2.79669,0.00142441,0.477768
0,0.00868158,1.69805,0.065182,0,0,0,0,0.139033,0.17213,0,0,0,0.127425,0.755019,0.0131787,1.44854,0.0159123,0,0.0380826,0.0981459,2.83844,0.0325356,0.599454
0,0.0113699,1.73064,0.0632184,0,0,0,0,0.271816,0.174876,0,0,0,0.130236,0.822424,0.0127817,1.54441,0.00986885,0,0,0.13399,2.86908,0.0330583,0.698246
0.000235422,0.0139433,1.68669,0.0449668,0,0,0,0.0745014,0.184741,0.17833,0,0,4.65787e-05,0.152234,0.835032,0.00909155,1.32655,0,0.0215696,0.0163994,0.105386,2.96983,0.0141519,0.742063
0.00055878,0.0128959,1.73593,0.0363115,0,0,0,0,0,0.167929,0,0,0.000110556,0.162389,0.959554,0.00734159,1.21026,0.000428973,0.041002,0,0,2.98098,0.0198583,0.599305
0,0.0361028,1.6863,0.0956365,0,0,0,0,0,0.149919,0.000376708,0,0,0.206765,0.916181,0.0304651,0.98299,0.00180913,0.0291075,0.0592635,0,2.92851,0.0449672,0.436905
0.02662,0.149005,1.5911,0,0.541922,0,0,0,0.0361712,0.151243,0.00123235,0,0.0288896,0.337682,0.791743,0,1.23199,0.00301974,0.00723811,0.145345,0.00821651,3.00307,0.0705856,0.311019
0.0108386,0.0166367,1.70809,0.0840478,0.176605,0,0,0,0.247337,0.144452,0,0,0.0231128,0.225109,0.65063,0.027098,1.39305,0.00315603,0,0.228331,0.103275,3.02422,0.0419618,0.256247
0,0.0121189,1.54893,0.557778,0,0,0,0,0.379295,0.158335,0,0,0.0131798,0.20007,0.67072,0.177898,1.3332,4.61971e-06,0,0.264057,0.186971,2.93306,0.00853546,0.515388
0,0.166881,1.76427,0.147618,0,0.0105353,0,0,0.279576,0.30487,0,0.00498717,0,0.217806,0.769175,0.0298458,0.531132,0.00220487,0,0.302533,0.144541,2.63725,0,1.60571
0,0.251097,0.89708,0.338418,1.00403,0.514007,0.0182759,0,0,0.0600146,0,0.0404172,0,0.272026,0.8305,0.0907222,1.38132,0.186615,0.145276,0.219545,0.0153681,1.52295,0,2.57563
0,0.0021332,0.0151808,0.119713,1.99389,0.393964,0.048187,0,0,0,0,0.0424113,0,0.202608,0.194179,0.024204,1.42731,0.147698,0.254928,0.170741,0.0165886,1.00808,0.00437319,2.53468
0.000429536,0.00748471,0.0199938,0.075574,2.35767,0.123816,0,0.0939584,0,0,0.170542,0.0428686,8.49844e-05,0.183083,0.23772,0.0152798,1.64837,0.0560598,0.25537,0.198358,0.0580661,1.03719,0.0934819,2.41972
0.0017236,0.00204133,0,0.085876,2.54922,0.022314,0.013281,0.307059,0,0.107774,0.347409,0.348304,0.000341017,0.170661,0.211913,0.0173627,2.40276,0.0246293,0.247002,0.201122,0.0873948,1.1606,0.214732,2.24387
0.00185193,0,0,0.0846366,2.34121,0,0,0,0.0709821,0.505517,0.462201,0.274166,0.000366407,0.204693,0.158886,0.0171121,2.43879,0.0222542,0.169907,0,0.104486,1.39624,0.286638,2.29025
0.00127874,0,0,0.0251094,1.9937,0.0183697,0,0,0.066207,1.03696,0.423907,0.0396608,0.000253002,0.243005,0.0287932,0.00507671,2.17436,0.0399093,0.0662998,0,0.118171,1.5033,0.107258,2.30743
0.000175268,0,0,0,2.03874,0.221696,0,0,0.0254403,1.26384,0.432052,0.0277614,3.46771e-05,0.249671,0,0,2.20161,0.156,0.0179078,0,0.174916,1.49974,0.105888,2.34254
0,0,0,0,1.97286,0.185302,0,0,0.0349318,1.32399,0.371295,0.0211939,0.0737718,0.236548,0,0,2.27562,0.105397,0.0427527,0,0.120858,1.43733,0.0919932,2.35514
0,0,0,0,1.7975,0,0,0,0.0639815,1.61404,0.281556,0.00989044,0.118474,0.194658,0,0,2.55956,0,0.0341378,0,0.0622175,1.59959,0.0853379,2.00957
0,0,0.387845,0,0.785286,0,0,0,0.0928785,1.195,0.288646,0.00964386,0.114845,0.153353,0.114895,0,3.00709,0,0.0667693,0,0.0210979,1.42532,0.0879479,1.823
0,0,0.143732,0,0.683057,0,0,0,0.165525,1.05118,0.498593,0.00522185,0.0914904,0.152747,0.102699,0,2.63025,0,0.0249429,0,0.0376,1.41083,0.130027,1.56156
0,0.0173089,0.233337,0,0.991975,0,0,0,0.375112,0.56838,0.700854,0.365074,0,0.166453,0.541486,0.0231852,2.57457,0.000913609,0,0.0818345,0.0852091,1.29595,0.171766,1.34791
0,0.023076,0.325383,0,1.53917,0,0,0.0620292,0.410399,0.978604,0.415263,0.539334,0,0.16174,0.677873,0.0678506,2.54643,0.0122636,0.0471403,0.183664,0.0932247,1.58739,0.101773,1.1577
0,0,0.257999,0,1.43581,0,0,0,0.240843,1.30474,0.576074,0.17514,0,0.125302,0.597301,0.0940177,2.36281,0.00489071,0.138978,0.163256,0.0547089,1.58916,0.150794,1.35808
0,0,0.278411,0,1.36879,0,0,0,0.0860359,1.2858,0.533484,0,0,0.052961,0.297835,0.126748,2.14588,0,0.285925,0.227674,0.0195436,1.54998,0.153519,1.59656
0,0,0.356737,0,1.22668,0,0,0,0.0718197,1.25924,0.492551,0,0,0.0329736,0.107733,0.119231,2.10611,0.00312458,0.254549,0.336185,0.0163143,1.50884,0.146137,1.71816
0.000369459,0.00424101,0.0767901,0,0.939232,0,0,0,0.114044,1.00482,0.595772,0,0.0177233,0.130529,0.0209192,0.0504012,2.45404,0.00408323,0.244288,0.0650955,0.0259058,1.60809,0.159108,1.31938
0.0239926,0,0.108438,0,0.852526,0,0,0,0.460881,0.433959,0.900158,0,0.0292171,0.159556,0.217993,0.00619119,2.73516,0.0285691,0.432759,0,0.159666,1.50753,0.220612,0.46489
0.584204,0,0.0163863,0,1.06218,0,0,0,0.2726,0.97677,0.757994,0,0.175021,0.145242,0.327956,0,2.50938,0.0661462,0.430494,0,0.0845193,1.82961,0.18577,0.523347
0,0,0.015541,0,0.908738,0,0,0,0.196479,1.20978,0.792198,0,0.0430497,0.130825,0.437876,0,2.50469,0.0523562,0.374748,0,0.0569627,1.79616,0.194153,0.653536
0,0,0.00383264,0.325029,0.7844,0,0,0,0.113654,1.33316,0.493483,0.00148705,0.103684,0.175205,0.472883,0.104793,2.6104,0.0353135,0.200694,0.0525727,0.0423952,1.7393,0.120943,0.89836
0.000258193,0,0.0108981,0.588031,0.808441,0,0,0,0.0240046,1.237,0.342242,0.00377562,5.1084e-05,0.251738,0.160029,0.187805,2.5939,0.0301018,0.0413377,0.20623,0.0054528,1.77386,0.0839841,1.26767
0.0359702,0,0.00602657,0.773765,0.815461,0,0,0,0.000822473,1.26733,0.306708,0.00218245,0.0096881,0.292236,0.00120468,0.27565,2.37137,0.031132,0.0577482,0.126677,0.00018683,1.88026,0.0755365,1.3113
0,0,0,0.593529,0.797593,0,0,0,0.0638066,1.20749,0.492082,0.000762591,0.0321623,0.300187,0,0.210605,2.19914,0.0346958,0.137226,0,0.0144941,1.91049,0.1206,1.1424
0.054171,0.406932,0,0.477702,0.896735,0,0,0,0.205024,0.626512,0.78726,0.0439401,0.0145902,0.402969,0.321106,0.154016,2.14993,0.237546,0.252767,0,0.0492001,1.77522,0.192943,0.537154
0.0140217,0.48945,0,0.358894,1.07482,0,0,0,0.278718,1.03324,0.640417,0.24863,0.00377425,0.424835,0.534599,0.114108,2.13984,0.249343,0.346867,0.0232153,0.0843086,1.90213,0.156954,0.401949
0,0.101758,0.0128935,0.518497,0.96799,0,0,0,0.17115,1.26826,0.67361,0.0226716,0,0.329003,0.569176,0.166933,2.15432,0.165001,0.218897,0.0171634,0.0698912,1.92727,0.165089,0.547726
0,0.00213014,0.0184832,0.502591,0.935908,0,0,0,0.0583343,1.25678,0.443549,0.00354718,0.00587681,0.304475,0.415145,0.162041,2.36964,0.0446349,0.0417119,0.0205298,0.013251,1.89211,0.108706,0.791312
0,0,0.0138932,0.384589,0.94225,0,0,0,0.0604136,1.23239,0.282424,0.0032389,0.000544984,0.300979,0.00277718,0.123996,2.95125,0.0124733,0,0.0213723,0.0137233,1.94628,0.0692168,0.965104
0.00159144,0.000614044,0.162764,0,0.761371,0,0,0,0.100381,1.26819,0.286285,0.00166775,0.000314869,0.311573,0.0496543,0,3.00219,0,0.0383495,0.119387,0.0228022,1.86986,0.0712178,1.21673
0.00132729,0,0.0467562,0,0.647019,0,0,0,0.166436,1.15285,0.45674,0.00225602,0.0939235,0.174893,0.0599935,0,2.45811,0.059289,0.478927,0.315125,0.037807,1.27867,0.112036,1.10391
0,0.0246309,0.369463,0,0.95593,0,0,0,0.370667,0.578899,0.684973,0.327273,0.15371,0.248539,0.219133,0,2.44016,0.0716412,0.603078,0.274629,0.0853968,1.06598,0.184209,0.740718
0,0.0260002,0.436852,0.029869,1.2473,0,0,0,0.410125,0.659105,0.416618,0.533496,0.106182,0.209769,0.262046,0.00603901,2.4752,0.136642,0.653179,0.249205,0.0957486,1.29036,0.125969,0.599361
2.4597e-05,0,0.538784,0.000657692,0.999043,0,0,0,0.273873,1.20391,0.463944,0.457134,0.0893114,0.228999,0.31326,0.000132975,2.2577,0.282387,0.664597,0.193728,0.0650994,1.53623,0.140969,0.650285
0.000916616,0.00261226,0.186901,0.35775,0.830275,0,0,0,0.111591,1.11269,0.561345,0.303121,0.0622816,0.428914,0.208467,0.11432,2.33845,0.438437,0.636064,0.0984926,0.0605549,1.50655,0.206387,0.823056
0.00181935,0.00695894,0.436822,0,0.723877,0,0.0999778,0,0,0.904362,0.768455,0.117786,0.0387542,0.244098,1.0127,0.103354,2.33455,0.22629,0.75846,0,0.0109461,1.40738,0.376304,0.108483
0.00215617,0,1.53004,0,0,0,0.423144,0.510264,0.0529553,0.363624,0.632817,0,0.295339,0.170712,1.52087,0.228053,1.31322,0.0107021,0.90399,0.171107,0.0294414,1.67674,0.289188,0.039655
0.139593,0,1.05131,0.00547448,0,0,0.154545,0.814618,0.120094,0.348815,0.175263,0,0.446837,0.279158,1.52159,0.189435,0.978045,0.0147539,0.617702,0.226307,0.0591997,2.18105,0.0429536,0
0.242979,0.113457,0.931084,0,0,0,0.115381,1.24074,0.323422,0,0,0,0.065443,0.383536,1.46803,0,1.21582,0.00655144,0.115086,0.431681,0.0734674,1.15117,0.0452113,1.15667
0.00795044,0.0905611,1.00117,0,0,0,0.0360718,1.33682,0.324291,0,0,0.00317976,0.00214134,0.348568,1.34391,0,0.785429,0,0.00772643,0.503699,0.0736648,0.648627,0.608892,1.11763
0,0,0.833827,0.256591,0.253325,0,0.0517501,1.18397,0.297958,0,0.0446142,0.0194214,0,0.312448,1.40527,0.0827279,0.901943,0,0.0388016,0.423816,0.067683,0.556388,0.589286,1.59076
0,0,0.664528,0.208622,1.40172,0.00298968,0.0571283,1.03559,0.400904,0,0.0177967,0.0228037,0,0.279569,1.31636,0.067262,1.21944,0.000625693,0.313226,0.346079,0.0910679,0.566532,0.436507,1.83513
0,0,0.64488,0.0624603,1.63609,0.0176887,0,0.837589,0.274784,0.33277,0.0304736,0.0264407,0,0.197323,0.918196,0.0993469,1.13763,0.00370197,0.438886,0.365907,0.0624188,0.713416,0.269797,2.45713
0,0,0,0.0578204,1.75471,0.0297534,0,0.0811927,0,0.419231,0.0248569,0.0300197,0,0.0840952,0.244936,0.224715,0.98743,0.00622693,0.445568,0.0365361,0,0.708887,0.0516613,3.06168
0,0,0.00269689,0.0887191,2.15796,0.0494081,0,0.0630717,0,0.425507,0,0.242429,0,0,0.000539093,0.227383,0.794412,0.0184878,0.44632,0.0138834,0,0.649039,0.00260851,3.26001
0,0,0,0.0532051,2.19738,0.152171,0,0.129861,0,0.422536,0,0.0243289,0,0,0,0.218635,0.758963,0.0593522,0.409831,0.0285853,0.000360509,1.04565,2.50884e-05,3.19429
0.00194623,0.00161384,0,0.118774,2.11935,0.563471,0,0.22134,0,0.0679053,0.0767993,0.0223616,0.000385066,0.000320161,0,0.219877,0.733811,0.219724,0.360306,0.0487217,0.000482753,1.503,0.0475293,3.03468
0.000343322,0.00497993,0.00980182,0.128491,1.60925,0.905283,0,0.187699,0,0,0.239478,0.0294485,6.7927e-05,0.0853737,0.00195933,0.153074,1.09223,0.34989,0.347385,0.0413166,6.75328e-05,1.38928,0.148021,2.85383
0,0.00263481,0.0221273,0.0864362,2.18842,0.631398,0,0.0207359,0,0,0.0682067,0.0518084,0,0.0810822,0.0208336,0.0776115,1.07294,0.23626,0.549388,0.00925252,0.00172418,0.944716,0.164532,2.83347
0,0.0011278,0.019341,0.108197,2.26447,0.203648,0,0,0,0,0.181016,0.0339765,0,0.184651,0.0783839,0.0218757,0.893727,0.124809,0.476184,0,0.00282941,1.10695,0.35754,2.68046
0,0.000633256,0.0133497,0.0970766,2.14577,0.136483,0,0,0,0.0885562,0.227975,0.0321108,0,0.291599,0.00621634,0.0196273,0.871614,0.178996,0.380853,0,0.00247874,1.48482,0.275084,2.33787
0,0,0.00197286,0.0583,1.77241,0.114966,0,0,0,0,0.0452438,0.0339881,0,0.328997,0.000394363,0.0117873,0.876008,0.1962,0.273058,0,0.00178951,1.86044,0.0279651,2.02169
0.00115591,0.000509826,0,0.0919122,2.14571,0.189605,0.0988999,0,0,0,0,0.0305686,0.000228698,0.333371,0,0.0284172,1.11653,0.16385,0.141673,0.833666,0.000441157,2.16947,0,1.69023
0.00190938,0.000367921,0.118482,0.0448027,1.82983,0.894688,0.159243,0,0,0,0,0.154361,0.000377774,0.359298,0.194089,0.00905838,1.30541,0.318403,0.0382312,1.89095,0,1.50126,0,1.61419
0,0.000485317,0.0105314,0.0396175,2.07527,0.749325,0.124092,0,0,0,0.169082,0.0333257,0,0.292516,0.365975,0.00801,1.29383,0.264465,0.21664,2.16705,0,1.13654,0.104509,1.61903
0.00209572,0.0118855,0.00871063,0.14133,2.18051,0.247631,0,0,0,0,0.421153,0.161461,0.000414642,0.14121,0.416458,0.0455664,1.07119,0.0926597,0.391817,2.31801,0.00264642,0.562577,0.260314,1.93501
0.00239061,0.0131106,0.00877114,0,2.22786,0,0,0,0,0,0.641679,0.12958,0.000472987,0.158323,0.204017,0,1.09314,0,0.307134,2.33656,0.00299121,0.385951,0.396621,2.56631
0.00214863,0.0125195,0.00963971,0,2.26337,0,0,0,0.0234625,0,0.586352,0.154718,0.00042511,0.264012,0.00192692,0,1.1276,0,0.25876,2.3159,0.00761402,0.37914,0.362423,2.59135
0.00106293,0.00890518,0.0115455,0,2.27383,0.0690168,0,0,0.0826184,0,0.298806,0.153472,0.000210303,0.310287,0.00230788,0,1.16689,0.025825,0.200734,2.59608,0.0204585,0.394702,0.184691,2.42443
0,0.00578309,0.0177297,0.0906974,1.85201,0.371098,0,0.0827976,0.0638882,0,0.104998,0.0391831,0,0.327257,0.00354407,0.0292419,1.15427,0.13297,0.0408119,2.80142,0.0161891,0.384021,0.064899,2.15698
0,0.00896705,0.0156851,0.20074,1.28667,0.756155,0,0.13013,0,0,0.19118,0.160121,0,0.272585,0.0376644,0.142339,1.03619,0.266748,0.0338831,2.9072,0.00192051,0.329941,0.118168,2.04096
0.000496044,0.000622463,0,0.00691872,1.42494,0.492677,0,0.0185709,0,0,0.259579,0.0366399,9.81433e-05,0.181066,0.122657,0.00223067,1.11204,0.15143,0.202968,2.73898,0.00112831,0.234048,0.160445,2.07597
0.000881045,0,0,0.0207939,1.77493,0.186918,0.0806983,0,0,0,0.22038,0.0340928,0.157506,0.151377,0,0.00420418,1.58695,0.039119,0.302144,2.341,0,0.215659,0.136216,2.09622
0.00103951,0,0,0.0247009,2.00797,0.161528,0.110613,0,0,0,0.131358,0.0330955,0.105478,0.166987,0,0.00499413,2.40511,0.0338053,0.21719,1.82561,0,0.416779,0.0864835,2.08866
0.00166253,0,0,0.0904653,2.10776,0.159332,0.16507,0,0,0.0117117,0,0.0342731,0.082938,0.229189,0,0.029167,2.697,0.0333456,0.0886115,1.55135,0,0.793064,0,2.03273
0.00254707,0.00502844,0,0.0889281,2.23646,0.0798215,0.0855506,0.0571998,0,0.000916606,0,0.032973,0.0686709,0.227799,0,0.0286714,2.68939,0.0612302,0.0189598,1.36361,0.0682283,0.744872,0,1.96375
0.00204381,0.0123722,0.00919209,0.0263123,2.20294,0.545142,0,0.0428687,0,0.0291261,0.159257,0.0998708,0.000404371,0.133263,0.365838,0.0204781,1.94555,0.204843,0.109904,1.8838,0.69167,0.0457493,0.0905929,1.84134
0,0.00771995,0.0322882,0.0217841,1.67048,0.986599,0,0.0872838,0.00100982,0,0.326613,0.147204,0,0.0663603,0.508902,0.00702343,1.27648,0.36917,0.0713613,1.9627,0.49457,0.00138497,0.201879,1.79197
0,0.00108198,0.0213606,0.0257568,1.98745,0.94426,0,0,0,0,0.360204,0.105616,0,0.0339203,0.52452,0.0052076,1.23925,0.353328,0.0755528,2.12797,0.257996,0.00135425,0.222641,1.74767
0,0,0.00524888,0.0769535,2.10438,0.502553,0.0420947,0,0,0,0.0292714,0.169506,0,0.037442,0.517516,0.0155587,1.09211,0.16771,0.0825366,2.24184,0.0175297,0.0485689,0.279204,1.76517
0.000192022,0,0.00299299,0.0801539,2.06536,0.334818,0.065377,0.0267931,0,0.21344,0,0.206066,0.0374843,0.0488429,1.78267,0.0162058,0.935293,0.104259,0.0622985,1.85915,0,0.139396,0.339638,1.56672
0.00093979,0,0,0.0784166,2.2355,0.0564198,0.173458,0.630482,0.230543,0,0,0.121426,0.0350011,0.101928,2.52944,0.0158545,0.874367,0.0230364,0.0371541,1.66232,0.113645,0.955501,0.273596,0.93098
0.00295052,0.00342988,0.227344,0,0.793775,0,0.178052,0.994711,0.124351,0,0,0.0124525,0.000583766,0.106298,2.32563,0,0.595774,0.019269,0.038138,1.32972,0.061298,1.77354,0.139918,0.0032668
0.0019286,0.00798441,0.239765,0,0.00644105,0.0843925,0.305039,1.74022,0,0,0,0,0.000381577,0.0714271,2.10189,0,0.433336,0.0264648,0.0653383,1.46658,0,2.18586,0.0466378,0.000125737
0.0100791,0.00231313,0,0,0.0177652,0.162724,0.217392,2.3325,0.0121936,0.135064,0,0,0.00809827,0.0484701,1.8562,0,0.415145,0.0340557,0.0465645,2.07905,0.00601078,1.79395,0.985925,0.405613
0.818131,0.132476,0.0109815,0.0952881,0,0.078008,0.162106,2.31093,0.00459617,0,0,0.416101,0.654963,0.150492,1.84665,0.106179,0.522959,0.0163259,0.0347224,2.05857,0.0258142,0.340747,1.2394,0.600652
1.45931,0.479809,0.0208563,0.0451147,0,0.0172252,0.0521319,2.08937,0,0,0,0.1826,0.683614,0.25314,1.91192,0.00912145,0.464527,0.00360496,0.166578,1.5899,0,0.408881,0.647868,0.931706
1.69245,0.167455,0.0168708,0.00875894,0,0.0139736,0.372809,2.03803,0,0,0,0.0839232,0.696021,0.138235,1.57865,0.0233435,0.346163,0.00292447,0.499013,1.55769,0,0.424094,0.0935578,1.77369
1.0464,0.0143875,0.00241896,0,0,0.0875808,0.400074,0.507714,0,0,0,0.0486151,0.613755,0.0273494,1.10906,0.110089,0.156172,0.0183293,0.533357,1.5307,0,0.26467,0,2.20988
1.18239,0.0126704,0.000372406,0,0,0.105864,0.489225,0.404022,0,0,0,0.0151425,0.658856,0.00251361,0.121083,0.161687,0.223899,0.0221556,0.607738,1.55189,0,0.160838,0,2.43939
1.43944,0.0159513,0.0140597,0,0,0.0154538,0.252495,0.677095,0,0,0,0.0389443,0.620692,0.0031645,0.0583367,0.155609,0,0.00323425,0.505794,1.61517,0,0.313456,0,2.57783
1.5701,0.0180303,0.0201244,0,0,0.0237256,0,0.573081,0,0,0,0.0673985,0.554479,0.00357694,0.00402275,0.111063,0.0261563,0.00496541,0.423329,1.65013,0,1.3962,0,2.20355
0.933539,0.0149978,0.0105564,0,0,0.238557,0,0.347941,0,0,0,0.386236,0.251239,0.104442,0.00211016,0.0251215,0.269372,0.0724007,0.166366,1.95112,0,2.24618,0,1.31944
0.755583,0.123564,0.187656,0.0586221,0.0162148,0.472256,0,0.384259,0,0,0,0.521295,0.203312,0.245895,0.402508,0.0152555,0.314223,0.163878,0.258752,2.02613,0,2.13285,0,0.566506
1.51325,0.242407,0,0.0335117,0.0867531,0.212252,0.0258564,0.354558,0,0,0,0.00127021,0.455515,0.189668,0.546369,0.00677552,0.0360412,0.0517531,0.641253,1.8526,0,1.9485,0.162943,0.0626986
1.80741,0.339443,0,0,0.106142,0.107884,0.397274,0.361579,0,0,0,0,0.616295,0.12266,0.462374,0,0.0721591,0.0547617,0.782183,1.87792,0.00434162,1.84536,0.458453,0.0520126
1.70384,0.335107,0,0,0.0989449,0.117477,0.605577,0.380914,0,0,0,0,0.567229,0.104024,0.319784,0.122933,0.361971,0.0529868,0.755936,1.91684,0.0104715,2.00382,0.392718,0.0272974
1.62547,0.385007,0,0,0.0836366,0.125637,0.47177,0.387065,0,0,0,0,0.508602,0.109515,0.17492,0.221778,0.594091,0.0262939,0.569025,1.84523,0.00145073,2.25779,0.173545,0
1.60627,0.483526,0,0,0.0750638,0.113668,0.161041,0.317826,0,0,0,0.0424828,0.439858,0.137539,0.0135775,0.121944,0.739499,0.0237889,0.250371,1.60193,0,2.45459,0.0451045,0.0108887
1.46644,0.238338,0.0119153,0.0743327,0.0171415,0.212604,0.0687252,0.374173,0,0,0,0.276598,0.399064,0.0677951,0.111562,0.115721,0.701849,0.0709067,0.0284497,2.24979,0.116085,1.76894,0,0.446574
1.77311,0.474243,0.00379097,0.0733396,0,0.130908,0.0797149,0.333951,0,0,0,0.123288,0.491033,0.134898,0.393948,0.0876663,0.0867161,0.0349132,0.0324539,2.61842,0.359996,0.330891,0,0.749482
1.78981,0.133339,0.0124423,0.0261609,0,0,0.324393,0.295543,0,0,0,0.0846149,0.629859,0.0370198,0.457545,0.0943798,0.0450219,0,0.137778,2.76185,0.317987,0.00779698,0,0.727863
1.43411,0.0157406,0.0141726,0,0,0.148358,0.321845,0.334794,0,0,0,0.0826579,0.541811,0.0031227,0.446626,0.0840375,0.0412359,0.0569653,0.131031,3.04362,0.214616,0.00820322,0,0.769491
1.27647,0.0174573,0.0139914,0,0,0.195503,0,0.377878,0,0,0,0.129346,0.479841,0.00346325,0.498277,0.0638897,0.0511408,0.0797214,0,3.28741,0.164345,0.0100303,0,0.952804
1.35359,0.0185451,0.0143108,0,0,0,0,0.382637,0,0,0,0.14253,0.496597,0.00367906,0.614617,0.00321452,0.0116281,0.0187017,0,2.99371,0.468304,0.00882586,0,0.970796
1.06967,0.0856123,0.00502878,0,0,0,0,0.339147,0.00109648,0,0,0.238492,0.331644,0.0233374,0.721691,0.00751916,0,0.0217532,0,3.21133,0.384482,0.00196477,0,0.749704
1.15587,0.194593,0.381617,0.04677,0.180573,0,0.0950796,0.307124,0,0,0.0393275,0.322599,0.311203,0.0553517,0.931228,0.0122669,0.0625221,0.0169482,0.0387092,3.47066,0.205812,0,0.00963842,0.686622
1.8898,0.387161,0.0308677,0.0464393,0,0,0.240322,0.283682,0,0,0,0.107556,0.578791,0.110128,1.03053,0.00938926,0,0.00580142,0.0978409,3.54866,0.0759419,0,0,0.541036
1.90471,0.360637,0.00596745,0.0262263,0,0.0350724,0.339437,0.329798,0,0,0,0.0852875,0.644399,0.102583,0.987449,0.00753873,0,0.0196739,0.138193,3.61862,0.0231972,0,0,0.427858
1.55962,0.011799,0.00393993,0,0,0,0.442063,0.346396,0,0,0,0.0657076,0.592162,0.0149794,0.958156,0.000780093,0.000527712,0.0292839,0.179975,3.71042,0.00252166,0,0,0.297688
1.09185,0.0112386,0,0,0.0191773,0.033503,0.0394625,0.373895,0,0,0,0.0991915,0.451811,0.0263988,0.994547,0,0.00393706,0.0546056,0.0160662,3.81654,0,0,0.0037316,0.261175
1.21591,0.185695,0,0,0.0598979,0.0905795,0,0.348384,0,0,0,0.0672584,0.376898,0.0619247,0.824144,0,0.0122969,0.0686692,0.0127608,3.80885,0,0,0,0.221688
1.53721,0.253457,0,0,0.0720036,0.251577,0,0.291692,0,0,0,0.257913,0.442579,0.228566,0.570207,0,0.0147822,0.0749296,0.203833,3.69514,0,0.0473242,0,0.417081
1.29214,0.197019,0.00671572,0.0741516,0.0188117,0.600055,0.00352925,0.596462,0,0,0,0.664408,0.402087,0.265601,0.332425,0.0149922,0.0338552,0.217201,0.621482,3.4576,0.00506427,0.0225833,0.00501869,0.722233
1.54531,0.418358,0.0165394,0.044096,0,0.43192,0,0.69118,0,0,0,0.377863,0.459323,0.48867,0.159727,0.00891549,0.0383448,0.14781,0.96158,3.2125,0,0.033559,0.0042306,0.511731
1.48962,0.508216,0.0149893,0.00467258,0.19005,0.0612981,0.0166756,0.607931,0,0,0,0.191277,0.444463,0.570306,0.0233854,0.000944718,0.100515,0.0128287,1.07639,3.11531,0,0.0322581,0.0291668,0.290473
1.3319,0.36967,0.00338545,0.0105321,0.240446,0.0528473,0.0389368,0.666898,0,0.0358974,0,0.109265,0.373371,0.625931,0.0411496,0.0142553,1.07252,0.0110601,1.00433,2.95494,0,0.0792988,0.113531,0.0818064
0.670304,0.373297,0.00261334,2.2083e-05,0.850627,0,0,0.276911,0,0.688205,0.0464588,0.365093,0.293766,0.658694,0.0859742,0.00176239,1.78946,0.0313119,0.912642,2.83963,0,0.56336,0.0900615,0.467324
0.00152838,0.646404,0,0.502923,0.694632,0,0,0.0266371,0.117672,1.22055,0.254024,0.149153,0.0155237,0.286696,0,0.162148,2.35965,0.0447543,0,1.85404,0.211863,0.507788,0.0622565,1.22125
0.00189688,0.10002,0,0.633949,0.498525,0,0,0,0.0923133,1.20102,0.520117,0.00453797,0.000375302,0.0447216,0.101342,0.204392,3.45407,0.343054,0,0.766308,0.574138,0.361565,0.128397,1.08124
0.00243491,0.00487643,0.0519513,0.740479,0.417704,0,0,0,0,1.84028,0.288339,0,0.000481752,0.000967408,0.207175,0.236604,3.0784,0.120557,0,0.0722892,0.600443,2.0108,0.0727425,0.947696
0.002171,0.0121847,0.0212647,1.05353,0.442478,0,0,0,0,1.7813,0.164939,0,0.000429536,0.00241726,0.229579,0.339671,2.90756,0.000857335,0,0.060242,0.603102,2.32851,0.0427807,0.933432
0.00131575,0.013851,0.914182,0.737885,0.358245,0,0,0,0.0321228,1.48703,0.0811759,0,0.000260324,0.00274782,0.495078,0.237902,2.75356,0.00390654,0,0.240208,0.620844,2.17018,0.0224744,0.856385
3.19722e-05,0,1.84017,0.353539,0.27858,0,0,0,0.425454,1.18743,0.107475,0,6.32577e-06,0,0.869868,0.113985,2.59493,0.00705058,0,0.545105,0.743698,1.96524,0.0291643,0.695078
0.000797318,0,2.11851,0.0773702,0,0,0,0,0.781652,0.328141,0.141419,0,0.00222783,0,1.00111,0.024945,2.45122,0.0098318,0,0.891522,0.755938,1.90788,0.0893709,0.60525
0.00069197,0.0327545,2.07969,0.0461885,0.0536361,0.00267612,0,0.123789,0.211908,0.609313,0,0,0.00718613,0.00931701,0.872636,0.014391,2.36289,0.0112925,0,1.08447,0.497783,2.19408,0.000319949,0.708018
0.000115061,0.0915382,2.03389,0.062452,0.0408847,0.00165696,0,0,0,0.629408,0,0,2.27651e-05,0.026038,0.929282,0.0126268,1.85606,0.00417676,0,0.730231,0.401185,2.39494,0.000259601,0.9265
0,0.0222436,1.88079,0.255691,0,0.0101617,0,0,0,0.156586,0,0,0,0.00595115,0.868833,0.0824376,1.14425,0.00351238,0.254076,0.309175,0.410864,2.61515,2.93326e-06,1.05408
0,0.301494,1.9552,0.0717192,0.191746,0,0,0.0447379,0.0679459,0.137872,0,0,0,0.235484,0.772709,0.0231231,0.932738,0.000142399,0.340058,0.0898375,0.295027,2.98934,0,1.0238
0,0.160636,2.15114,0.0192083,0.149418,0.0277909,0,0,0.0768143,0.142099,0,0,0.0239414,0.23624,0.781823,0.00388361,0.7834,0.0744417,0.731954,0.158201,0.0383211,3.03023,0,0.780232
0,0.0899683,2.0196,0.031379,0.118374,0.0762096,0.00415596,0.144226,0,0.16156,0,0,0.0547108,0.199666,0.804737,0.0160039,0.673823,0.104725,0.720747,0.184801,0.00102361,2.9561,0.0012897,0.583404
0,0.0630529,1.9428,0.161997,0.117285,0.117676,0.0194396,0.124003,0,0.18742,0,0,0.0625614,0.151904,0.969356,0.0481898,0.714296,0.0517581,0.809475,0.157356,0.00544034,2.70273,0.00929388,0.516522
0,0.0756781,1.98105,0.12477,0.113578,0.0748451,0,0,0,0.263175,0,0,0.0501708,0.0960784,1.04523,0.0742107,0.946375,0.0732803,1.06194,0.0835956,0.00744072,2.56127,0.0013402,0.418044
0,0.136033,1.96528,0.0932022,0.01928,0.00672159,0,0,0.00426967,0.34704,0.00564188,0,0,0.0693828,1.00778,0.134253,0.571032,0.515462,1.06681,0,0.0394409,2.51381,0.0960204,0.530648
0,0.235172,1.6758,0.1266,0.0222681,0,0,0,0.0602992,0.117296,0.0030572,0,0,0.16495,0.723004,0.032588,0.586133,0.452488,0.34578,0,0.258947,2.84529,0.146158,0.595429
0,0.374914,1.8455,0.107768,0.0248201,0.0916472,0,0,0.0553023,0.140987,0,0,0,0.326933,0.702247,0.0217889,0.946585,0.236964,0.0170732,0,0.336717,2.97618,0.0608416,0.443535
0.00131294,0.15428,2.02774,0.437723,0.0269863,0,0,0,0.022363,0.159249,0,0,0.000259768,0.310808,0.768267,0.141127,1.11947,0.0878027,0,0.082893,0.103624,2.95932,0.010777,0.444322
0.00126432,0.00390146,2.08306,0.0860742,0.0130515,0,0,0,0.28969,0.165435,0,0,0.000250149,0.281044,0.779519,0.0241119,1.21222,0.050791,0,0.284162,0.144675,2.92756,0.00972342,0.393555
0.00119926,0.0139989,2.06596,0.0745037,0,0,0,0,0.407605,0.167645,0,0,0.000237277,0.267349,0.778815,0.0150634,1.20784,0.0523188,0,0.450704,0.19071,2.88975,0.0123292,0.434138
0.00139788,0.0882496,2.06441,0.0870117,0,0,0,0,0.0346472,0.161615,0,0,0.000276574,0.239671,0.881376,0.0175923,1.0579,0.0652292,0,0.522975,0.00787033,2.94567,0.0108376,0.495298
0.00144739,0.0872727,1.99804,0.0892898,0,0,0,0,0,0.146597,0,0,0.000286368,0.206729,0.863723,0.0180529,0.714893,0.08635,0,0.591401,0,2.92051,0.0106122,0.603504
0,0.0119029,1.61093,0.25174,0.0511629,0,0,0,0,0.130723,0,0,0,0.233836,0.566944,0.0877561,0.945568,0.0613341,0.00104753,0.690655,0,2.89349,0.0162814,0.692213
0,0.0158235,1.6638,0.100935,0.308113,0.00720576,0,0,0,0.137509,0,0,0,0.267702,0.585947,0.0325427,1.22296,0.0364816,0,0.539127,0,2.80249,0.0190756,0.774143
0.00152556,0.00847055,2.08906,0.296878,0,0.00183152,0,0,0.0264255,0.137624,0,0,0.000301836,0.278929,0.734634,0.0957169,1.39358,0.0533039,0,0.495493,0.0324353,2.69401,0.0312077,0.55708
0.00232156,0.00771975,2.11916,0.189081,0.0497589,0.0316486,0,0,0.290932,0.146836,0,0,0.000459325,0.278547,0.765025,0.0609619,1.47849,0.0166603,0,0.504953,0.380393,2.69657,0.0164495,0.532536
0.00230951,0.00708468,2.14401,0.049322,0.0875179,0.0141451,0,0,0.431732,0.159061,0,0,0.000456941,0.254089,0.813652,0.015902,1.42732,0.013228,0,0.498627,0.421384,2.79153,0.0040973,0.501982
0.00185894,0.00592904,2.11653,0.124681,0.0822253,0.00894306,0,0,0.0878838,0.163384,0,0,0.000367796,0.228587,0.949859,0.0401986,1.05813,0.00641369,0.0827654,0.453935,0.0433217,2.8564,0,0.589406
9.68871e-05,0.0101202,1.89004,0.20046,0,0.018442,0,0,0,0.18143,0,0,0.0218871,0.208779,1.10712,0.0646306,0.698108,0.00385962,0.649943,0.572733,0.0341056,2.43075,3.40527e-05,0.684498
0,0.123185,1.81518,0.0662979,0.20698,0.0303174,0.0159895,0,0.0213574,0.175748,0.000556154,0,0.0479928,0.275616,0.880967,0.0213752,0.738987,0.00634495,0.760977,0.629546,0.0370239,2.3131,0.0171407,0.657006
0.054267,0.0840864,1.66929,0.00409956,0.425968,0.00180501,0.0189123,0,0.290615,0.189325,0.00376862,0,0.101326,0.236745,0.802132,0.000828863,0.823877,0.000377761,0.81352,0.578956,0.149959,2.32659,0.0772347,0.579523
0.0430128,0.00905157,1.56502,0.0660579,0,0,0,0,0.487208,0.194596,0.00108826,0,0.0984358,0.160643,0.828922,0.0133558,0.859242,0,0.876015,0.443776,0.243918,2.41978,0.0374385,0.368204
0,0.00488467,1.62404,0.188429,0,0,0,0,0.468021,0.171024,0,0,0.127534,0.0264949,0.886682,0.0481343,0.647202,0,0.855209,0.374112,0.237266,2.5147,0.0193366,0.476324
8.31072e-05,0.212506,1.59501,0.278917,0.178634,0.298589,0,0,0.0187085,0.260769,0,0.0296171,0.0348428,0.0609302,0.842499,0.0733619,0.665442,0.112203,0.426297,0.519686,0.0187534,2.29582,0.0278679,2.36948
0,0.0935071,0.184295,0.365863,1.26842,0.533534,0.0761486,0,0,0,0,0.0400299,0.00215156,0.192764,0.202997,0.100649,1.60628,0.193803,0.276942,0.51272,0.0256205,1.00846,0.0186285,2.66808
0,0,0,0.077568,2.0435,0.158954,0.149663,0,0,0,0.26343,0.105662,0,0.26949,0,0.015683,1.45005,0.0404377,0.315624,0.549012,0.0669254,0.997633,0.123781,2.65309
0,0,0.00148174,0,2.56803,0.116712,0.214772,0.0382948,0,0.0549613,0.733825,0.0290416,0,0.272796,0.000296192,0,2.01749,0.0321302,0.341445,0.543779,0.0276418,1.06619,0.334515,2.32865
0,0.0023344,0.0068327,0,2.62229,0.0754238,0.206436,0.110117,0,0.0793253,0.834135,0.179251,0.00632678,0.247323,0.00136582,0,2.4861,0.0380512,0.21693,0.52038,0.0041071,1.09209,0.487497,2.25725
0.00141195,0.000638426,0,0,2.27835,0,0,0,0,0.704992,0.782886,0.0986937,0.0115906,0.215831,0,0,2.35085,0.0474532,0,0.46979,0.00809972,1.31128,0.448893,2.45164
0.000797163,0,0,0,1.98827,0.121657,0,0.0219616,0.0660575,1.10335,0.435861,0.0509285,0.00015772,0.175684,0,0,2.25642,0.300308,0,0.600425,0.0316367,0.858842,0.106821,2.52482
0,0,0,0,1.87887,0.284208,0,0,0.0603564,1.25398,0.441353,0.0270464,0,0.0839598,0,0,2.26675,0.384705,0,0.50311,0.0297826,0.570501,0.108167,2.63089
0.00054988,0,0,0,1.88751,0,0,0,0.0642144,1.32173,0.347307,0.0181432,0.233342,0.0306027,0,0,2.42565,0.00605085,0.00078037,0.430136,0.0153288,0.679467,0.0851184,2.54292
0,0,0.0173416,0.0148052,1.27112,0,0,0,0.0780691,1.16189,0.270709,0.0129096,0.136564,0.0184446,0.00346648,0.00299337,2.76454,0.00779859,0,0.563253,0.0177339,0.62994,0.066664,2.2132
0,0,0.183989,0.00720746,0.75089,0,0,0,0.107177,1.01693,0.348368,0.0138272,0.127946,0.0470127,0.0519507,0.0240361,3.0779,0.00788574,0,0.548846,0.024346,0.632822,0.0856977,1.92553
0,0.00811162,0.0373768,0,0.720551,0,0,0,0.185957,0.753253,0.615566,0.00727397,0.0641174,0.116128,0.188022,0.0260903,3.03196,0.014699,0,0.445636,0.0422413,0.706725,0.151109,1.65899
0,0.0817021,0.449886,0,1.18725,0,0,0.0418112,0.426588,0.355817,0.587109,0.530217,0.0375593,0.225098,0.478126,0,3.04348,0.00982185,0.265679,0.543364,0.0969021,0.838187,0.144139,1.42229
0,0.0328793,0.393748,0,1.46869,0,0,0.0550722,0.394635,1.10891,0.43522,0.454657,0.220006,0.146174,0.513293,0,2.29231,0.071411,0.535158,0.748149,0.0977461,1.06946,0.106704,1.33167
0,0,0.115673,0.00487614,1.26227,0,0,0,0.167066,1.26593,0.574762,0,0.401862,0.123516,0.39824,0.000985875,2.00262,0.0299025,0.603578,0.783995,0.0499755,0.901351,0.144945,1.10611
0,0,0.112082,0.0310613,1.33491,0,0,0,0.0586269,1.25533,0.438671,0,0.447873,0.0953246,0.218429,0.00628008,2.18232,0,0.986275,0.671301,0.0133175,0.76497,0.10751,0.800945
0,0.000930895,0.0374917,0.0264209,1.12133,0,0,0,0.04802,1.17864,0.502222,0,0.349541,0.000184675,0.20447,0.0378091,2.33281,0.0284659,1.40991,0.289145,0.0116447,1.00303,0.123085,0.421388
0,0.00313731,0.0292189,0.00628957,0.847181,0,0,0,0.229664,0.965984,0.765154,0,0.122044,0.045924,0.157497,0.0933298,2.32203,0.094487,0.886644,0.0189524,0.0720743,1.37267,0.187525,0.864209
0.560222,0,0.0129864,0,1.07402,0,0,0,0.329209,0.534487,0.859773,0.0184275,0.150888,0.051191,0.12975,0,1.93897,0.392171,0.558668,0.0539729,0.0754092,1.61856,0.306469,1.05672
0.512746,0,0.0201878,0,1.13618,0,0,0,0.217369,1.25039,0.815949,0.00475491,0.141777,0.220145,0.256722,0,1.93318,0.0849743,0.522355,0.0765656,0.0752389,1.91423,0.208246,1.05695
0,0,0.0258188,0.0188448,0.933603,0,0,0,0.0871264,1.29452,0.680676,0.00747778,0.0172489,0.222774,0.439848,0.00607578,2.22724,0.0276729,0.319475,0.128957,0.0498113,1.78887,0.166821,1.0998
0,0,0.0266946,0.296536,0.887341,0,0,0,0.0161751,1.26913,0.371303,0.00847244,0.0206825,0.244949,0.452885,0.0897982,2.34901,0.000724874,0.108349,0.0449174,0.0300466,1.85972,0.0909994,1.10582
0.0468302,0.00104966,0.0246309,0.694878,0.871899,0,0,0,0,1.17612,0.284322,0.0033867,0.121365,0.251492,0.187727,0.219696,2.39629,0.000451903,0,0.0035174,0.00489935,2.0189,0.0696821,0.997855
0,0.00519203,0.0204318,0.93768,0.845342,0,0,0,0,1.13682,0.33732,0.00213694,0.0849334,0.24982,0.0112914,0.302318,2.47968,0.00013288,0,0.00429425,0.000740819,2.10433,0.0826708,0.859451
8.18228e-05,0.0035223,0.0135539,0.630932,0.783875,0,0,0,0.0937504,0.941939,0.578417,0.00154298,0.00390168,0.268913,0.0169818,0.201783,2.40533,0.00805697,0.0359046,0,0.0310101,2.00813,0.141759,0.560102
0.000396567,0.419264,0.000300818,0.410495,0.970588,0,0,0,0.334032,0.460515,0.71143,0.222738,7.84615e-05,0.420449,0.234052,0.130366,2.42245,0.0856578,0.0245587,0.0274476,0.0997563,1.80093,0.174358,0.432291
0,0.358516,0,0.462903,1.08494,0,0,0,0.317834,1.27178,0.64937,0.180021,0,0.41611,0.366991,0.149011,2.2877,0.13946,0,0.023119,0.0946212,1.97125,0.159148,0.428378
0,0,0,0.493216,0.935278,0,0,0,0.132996,1.39594,0.575987,0.00396535,0.0206753,0.300368,0.419771,0.159019,2.30033,0.131749,0,0,0.0446567,1.72315,0.141163,0.625209
0.000251131,0,0,0.412657,1.01991,0,0,0,0.0545481,1.40071,0.343309,0.00432061,0.0567419,0.279132,0.32835,0.132521,2.30271,0.0694975,0,0,0.0198725,1.66669,0.0841386,0.901914
0.00258871,5.82869e-05,0.125545,0,0.881916,0,0,0,0.0757479,1.37019,0.278738,0.00352653,0.0588423,0.27976,0.0379141,0,2.2188,0.00168587,0,0,0.0233528,1.84465,0.0683135,1.00007
0.00284149,0.00785494,0.0214258,0,0.771538,0,0,0,0.0512621,1.1737,0.327987,0.00463036,0.0655433,0.187286,0.0359765,0,2.3181,9.86976e-05,0.198537,0.170121,0.014604,1.73753,0.0810233,0.935398
0.00279998,0.00993429,0.0166807,0,0.852763,0,0,0,0.166854,0.932375,0.589959,0.0077259,0.0828031,0.191222,0.060843,0,2.14877,0.0553309,0.609855,0.199448,0.0417951,1.45955,0.144588,0.576048
0.00271574,0.00898203,0.244113,0,1.2113,0,0,0,0.34704,0.365246,0.633548,0.500099,0.0921727,0.281425,0.20876,0,2.20203,0.0761883,0.742603,0.15854,0.0833593,1.27738,0.162436,0.418735
0.00206232,0.00739122,0.285185,0,1.15258,0,0,0,0.251256,0.920523,0.456396,0.556157,0.187583,0.313483,0.243329,0,2.04553,0.0904714,0.785391,0.106263,0.0646747,1.53813,0.120775,0.402075
0.000758508,0.00171186,0.330745,0.337662,0.983193,0,0,0,0.090604,1.33155,0.526584,0.472464,0.124964,0.473738,0.264943,0.172586,1.94532,0.00903366,0.752799,0.0557969,0.0455886,1.68981,0.129314,0.660211
0.00034066,0.000866149,0.311405,0.393285,0.893469,0,0,0,0.141515,1.24635,0.670798,0.339409,0.0821297,0.620758,0.304831,0.203999,2.13152,0.0604369,0.78064,0,0.0816705,1.78419,0.261014,0.398889
0.00192797,0.00411832,1.25351,0,0.532066,0,0.434071,0,0,0.779877,0.86734,0,0.000381453,0.386073,1.43998,0.102051,1.88712,0.0388197,0.923577,0,0.0098108,1.5067,0.381417,0
0.0476108,0,1.19454,0,0,0,0.323874,0.707206,0.0694823,0.277018,0.408799,0,0.0127093,0.36962,1.57839,0.144143,1.03287,0,0.787878,0.215725,0.0393787,1.71065,0.101462,0.0299456
0.179237,0,0.702121,0,0,0,0.147303,0.773868,0.107834,0.284951,0.0429296,0,0.0481785,0.812074,1.76674,0.084256,0.695413,0,0.48274,0.170345,0.0555637,1.53814,0.0127826,0.800672
0.0015987,0.156,0.855477,0,0,0,0.0481541,0.873244,0.295485,0,0,0,0.037748,0.273323,1.59839,0.0721795,0.615512,0,0.015061,0.235671,0.0826599,1.00887,0.0407212,1.5508
0.000749929,0.000792455,0.914026,0,0,0,0.064863,1.00061,0.261431,0,0,0.0120654,0.108265,0.127552,1.56738,0,0.548662,0.00201058,0.230425,0.287599,0.0605666,0.777998,0.0881439,1.80737
5.47016e-05,0.000633859,0.721447,0.321833,0.602983,0,0.0689159,1.03805,0.257354,0,0,0.0258885,0.0249593,0.111917,1.48976,0.103762,0.758559,0.0133996,0.265402,0.29991,0.0584595,0.670904,0.118582,2.00088
0.000261599,0,0.619335,0.0922214,1.81993,0.00728768,0.0969994,0.8252,0.394157,0.00357956,0,0.0222075,0.0241221,0.0984607,1.28886,0.0297332,1.11146,0.0139099,0.426345,0.215658,0.0895353,0.63537,0.133276,2.20509
0.00121279,0.000453762,0.282549,0.0207838,2.06162,0.0128415,0.15553,0.112076,0.125719,0.530008,0,0.0274926,0.0201915,0.0638985,0.837564,0.0752846,1.10349,0.011876,0.488381,0.0246703,0.0285578,0.862651,0.134156,2.61236
0.00161552,0.000164685,0,0.0573567,1.8349,0.0915316,0.0494959,0,0,0.635253,0,0.0878403,0.00856086,0.0260682,0.0249269,0.166137,1.03474,0.0238532,0.497804,0,0,1.0213,0.0566603,3.1147
0.0011635,0,0,0.0233823,1.50151,0.065318,0,0,0,0.609659,0,0.0315887,0.000230201,0,0,0.039176,0.901837,0.0172733,0.402435,0,0,1.23797,0.0427356,3.25483
0.00129454,0,0,0.0347681,1.576,0.165287,0,0,0.0393534,0.355006,0,0.0314065,0.000256128,0.0366835,0,0.00702954,0.833395,0.0597189,0.248738,0,0.00893937,1.859,0.0375107,2.98641
0.00240119,0.00146451,0,0.0741755,1.44502,0.743609,0,0,0,0.020614,0,0.0322457,0.00583712,0.0837482,0.00366853,0.209947,0.934002,0.277483,0.152821,0,0,2.01745,0.00769407,2.45879
0.00279511,0.000484867,0,0.0635664,1.22599,0.83733,0,0,0.00470602,2.75124e-05,0.0034824,0.0420781,0.0032841,0.144298,0.0220703,0.387585,1.15899,0.311256,0.253574,0,0.0116132,1.68033,0.00215247,2.31836
0,0,0.00701359,0.108388,2.10693,0.39823,0,0,0,0,0.0661033,0.0355337,0.00627431,0.153364,0.0458848,0.169888,1.03806,0.149012,0.327203,0.212815,0.0344821,1.27888,0.0627441,2.25473
0,0,0.0070645,0.0988806,2.12225,0.148512,0,0,0,0.26369,0.259633,0.128372,0.0269302,0.120965,0.0783524,0.019992,0.939546,0.0617551,0.378184,0.2458,0.0469239,1.61849,0.137168,1.97944
8.41843e-05,0,0,0.0622718,2.03576,0.214949,0,0,0,0.382803,0.23699,0.0851262,0.0301609,0.0567611,0.28544,0.0125903,0.912531,0.0804308,0.274468,0.297939,0.219088,1.84153,0.121657,1.86947
0.00302586,0.00422434,0,0.128168,1.97143,0.412647,0,0,0,0.214159,0.0401182,0.104981,0.000598671,0.000838045,0.3986,0.0635776,0.874572,0.154406,0.0183958,0.910113,0.210859,1.73881,0.118558,1.68259
0.00327901,0.00519195,0,0.101684,1.88354,0.824861,0,0,0,0,0.0283679,0.0319796,0.000648759,0.00103,0.494887,0.134795,0.858165,0.30865,0.0288516,1.47695,0.130429,1.2149,0.14108,1.62252
0.00297997,0.0099188,0.152906,0.0320653,1.52854,1.01983,0,0,0,0,0.24096,0.0651937,0.000589592,0.0578334,0.479403,0.0670754,0.953731,0.383077,0.0107266,1.93037,0,0.345966,0.215488,1.84326
0.00319104,0.0111458,0.000911924,0.215141,2.06339,0.527382,0,0,0.00444767,0,0.255279,0.0342203,0.000631353,0.0572128,0.468008,0.069364,0.942878,0.200475,0,2.26204,0.00113398,0.322752,0.220254,1.89487
0.00294946,0.0116726,0.00474354,0.0244777,2.24332,0.0940448,0,0,0,0,0.474052,0.157342,0.000583557,0.0337754,0.506021,0.0168718,0.941377,0.0532496,0,2.50475,0.000725813,0.449924,0.317234,2.0162
0.00259808,0.01182,0.0078182,0,2.38091,0,0,0,0,0,0.698729,0.174921,0.000514035,0.0265326,0.461216,0,1.12984,0.0273958,0,2.76891,0.000183337,0.348276,0.40265,2.06371
0.00233722,0.0124694,0.00891119,0,2.38357,0,0,0,0,0,0.462171,0.187218,0.000462424,0.0330034,0.324142,0,1.2088,0.0247502,0,2.719,0,0.157135,0.319341,2.19325
0.0018843,0.0125404,0.0117487,0.000113577,2.27244,0.159251,0.0592912,0,0,0,0.168287,0.225589,0.000372812,0.0166737,0.340212,3.66184e-05,1.13571,0.0795441,0.0127,2.82759,0.00123639,0,0.133418,2.33889
0,0.0112442,0.0201293,0.0631676,2.09437,0.541065,0.15513,0.132669,0,0,0.127393,0.42116,0,0.0083638,0.404808,0.028865,1.05973,0.214227,0.0332282,2.78006,0.00068026,0,0.114634,2.28498
0,0.000210405,0.0217055,0,1.73626,0.747581,0.170649,0.116125,0,0,0.250604,0.481468,0,0.0083683,0.422947,0.0338645,1.20513,0.288979,0.0365524,2.54944,0.0011154,0,0.195149,2.22162
0,0,0.00681182,0.0865722,1.99759,0.400421,0.0537068,0.0216065,0,0,0.0715498,0.0432659,0.0283904,0.0119482,0.233726,0.0277648,1.37754,0.171802,0.0877281,2.33686,0.00963921,0,0.0775648,2.26589
0,0,0.011837,0.0998389,2.16137,0.127676,0,0,0,0,0.15535,0.0317676,0.0711646,0.0375877,0.00236615,0.0201858,2.20371,0.11846,0.0732848,1.86609,0,0.00303595,0.10071,2.31792
0,0,0.0140385,0.0979949,2.39728,0.0593196,0,0,0.207219,0.120395,0,0.0323034,0.0750154,0.0462492,0.00444758,0.019813,2.82061,0.114062,0,1.44544,0.226859,0.344837,0.00034943,2.10068
0,0,0.0112924,0.093124,2.34049,0.0597637,0,0,0.174416,0.35673,0,0.0325823,0.0836138,0.0242402,0.0645079,0.0188281,3.04279,0.0873581,0,0.956173,0.218552,0.66547,0.00111121,2.10983
0,0,0.0138628,0.0900829,2.42452,0.29682,0,0,0.217032,0.116739,0,0.0300435,0.0893424,0.014158,0.127501,0.0182133,2.89793,0.113654,0,1.25578,0.0912269,0.355051,0.000264108,2.32674
0,0,0.00899887,0.103883,2.02305,0.889944,0.00123871,0.180146,0,0.166159,0,0.040842,0.0796024,0,0.560485,0.0210034,1.8941,0.333117,0.139584,2.34077,0.00140724,0.091277,0.0482809,2.38181
0,0,0.01211,0.0872248,1.68414,0.987394,0.0674256,0.22464,0,0,0.0698174,0.161005,0.0547548,0,0.7771,0.0176354,1.28066,0.367305,0.263148,2.70904,0.0147309,0.0371341,0.043154,2.18887
0,0.000140752,0.020158,0.0614617,2.0362,0.729341,0.138593,0.172547,0,0,0.151716,0.0853687,0,0.0674804,0.813406,0.0124265,1.02952,0.271739,0.214482,2.89486,0,0.41848,0.143115,1.95053
0,0.00300063,0.0241432,0.0400726,2.07739,0.562513,0.183598,0.120989,0,0,0,0.126396,0,0.291649,0.751947,0.00810202,1.26918,0.208401,0.0498875,2.56344,0,0.885346,0.0860915,1.62331
0.000254052,0.00940098,0.0154499,0.136155,2.21823,0.166741,0.194787,0.357145,0,0,0,0.204351,5.02647e-05,0.337624,1.99692,0.0438978,1.63468,0.0413792,0.0417227,1.66714,0,0.825354,0.0735563,1.28622
0.000312395,0.00805086,0.00466192,0,1.62982,0.144575,0.205512,1.56538,0.0861671,0,0,0.0162622,6.18079e-05,0.328317,1.9464,0,1.20155,0.0378038,0.0722217,1.32217,0.0195734,1.42007,0.0369454,0.64885
0,0.000694181,0.293718,0,0.14908,0.126266,0.237725,2.12446,0.0255401,0,0,0,0,0.325446,1.97562,0,0.611161,0.0305305,0.0909495,1.35838,0.0058016,1.87264,0.205741,0.000111982
0,0.311615,0.0419067,0.00578936,0.125513,0.127861,0.0653895,2.28922,0,0,0,0,0,0.592761,2.05443,0.00117051,0.612513,0.027587,0.0140062,1.40546,0,1.63189,0.449997,1.73053e-05
0.538862,0,0,0.0804166,0.115395,0.169774,0.136817,2.29683,0,0.132081,0,0,0.27444,0.256182,2.0053,0.108844,0.520275,0.0355311,0.0483883,1.82932,0,1.36633,0.343146,0.0485091
0.985949,0.346246,0.00502843,0.0947696,0.0306642,0.0820443,0.145487,1.93356,0,0,0,0,0.51631,0.328542,1.94622,0.128271,0.419911,0.0171706,0.224767,1.79182,0,0.950152,0.0319119,0.898758
1.37729,0.210212,0.0176657,0.0446711,0,0.00385198,0.246376,1.83026,0,0,0,0.0112346,0.667213,0.312387,1.66811,0.0662956,0.305532,0.00080616,0.459741,1.5826,0,0.721085,0.0150449,1.79977
1.85565,0.0639016,0.0172135,0.030317,0,0,0.538802,1.93107,0,0,0,0.0299898,0.74686,0.271189,1.01633,0.126652,0.236207,0,0.641561,1.55343,0,0.442742,0.00183513,2.12204
1.9801,0.0113545,0.016379,0,0.0499427,0.0969337,0.269483,0.953,0,0,0,0.0207544,0.752615,0.186822,0.256441,0.159712,0.735019,0.0520403,0.524592,1.49087,0,0.238296,0,2.44801
1.65896,0.0108604,0.00423366,0,0.0565988,0.108394,0.755943,0.632187,0,0,0,0,0.616687,0.0723571,0.000846286,0.158261,0.688122,0.0321654,0.751099,1.64522,0,0.110085,0,2.77337
1.2848,0.00984223,0,0,0.0409028,0.0373675,0,0.356789,0,0,0,0.0688431,0.549458,0.00195255,0,0.140205,0.663891,0.0178127,0.432902,1.78354,0,0.238248,0.000126966,2.7731
1.28531,0.265293,0,0.0615917,0,0.154395,0,0.318909,0,0,0,0.0815276,0.482139,0.075325,0,0.137529,0.382236,0.0739672,0.281545,1.69636,0,1.0957,0.0206174,2.13275
1.22942,0.196101,0.0023884,0.0751239,0,0.432575,0,0.299396,0,0,0,0.582583,0.33105,0.165002,0.000477428,0.103922,0.27714,0.164987,0.0443086,1.90585,0,1.48621,0.0444226,1.64481
1.67188,0.15062,0.0166387,0.069663,0,0.404821,0,0.268299,0,0,0,0.280512,0.450299,0.287477,0.0622709,0.0140847,0.197129,0.142704,0.210597,2.13691,0.0283822,1.3229,0,1.31921
1.97392,0.0856951,0.0209113,0.00297997,0,0.298171,0.140331,0.299639,0,0,0,0.0175508,0.658197,0.262189,0.212276,0.000602501,0.0242693,0.111571,0.449729,1.92781,0.0370859,1.12984,0.013087,1.17644
1.5849,0.0180703,0.0135416,0,0.0112544,0.0155506,0.595056,0.311803,0,0,0,0.00204586,0.624191,0.231266,0.221198,0.122789,0.0257265,0.0533129,0.858827,1.88328,0.0344085,1.36576,0.048239,0.333005
1.19276,0.0188542,0.00740187,0,0,0.00884413,0.552899,0.317724,0,0,0,0.0364519,0.496802,0.228094,0.142046,0.199953,0.0257271,0.00185094,0.860437,1.84141,0.0264561,1.80223,0.0943305,0.0565978
1.24176,0.0189208,0.00960415,0,0,0,0.271727,0.31993,0,0,0,0.104387,0.461447,0.217072,0.129587,0.0425086,0.0266871,0.000802904,0.651344,1.81224,0.00445137,2.29939,0.0645339,0.0593697
1.39486,0.141267,0.0210117,0,0.0688036,0.142596,0.0105539,0.276253,0,0,0,0.122883,0.375686,0.0587816,0.702446,0,0.0160746,0.0394211,0.0705764,2.89343,0.0394474,1.56498,0,0.618313
1.53305,0.0105284,0.0187487,0.0132409,0.0255544,0.307479,0.0207321,0.337513,0,0,0,0.187555,0.412907,0.0126522,0.845759,0.00426902,0.00524624,0.10111,0.00844053,3.27626,0.0616687,0.166768,0,0.927244
1.53337,0.12842,0.0130294,0,0,0.242225,0.135706,0.316767,0,0,0,0.120613,0.514774,0.0362363,0.837275,0,0,0.0906371,0.0552491,3.33355,0.0399378,0.00536109,0,0.977561
1.66559,0.014022,0.0181894,0.0195279,0,0.13086,0.323506,0.269859,0,0,0,0.109074,0.565449,0.00278174,0.847376,0.00394822,0,0.0489659,0.134855,3.35007,0.00343572,0.00724554,0,1.03828
1.76823,0.0125869,0.0218383,0.0239011,0,0.282917,0.142231,0.38932,0,0,0,0.1216,0.532124,0.00249704,0.828051,0.0048324,0,0.105863,0.0561702,3.43796,0,0.170282,0,1.18825
1.78076,0.0288962,0.0225558,0.00731978,0,0.14733,0,0.394351,0,0,0,0.152969,0.557745,0.0073057,0.74905,0.00147994,0.109164,0.0551287,0,3.51008,0,0.145549,0,1.28739
1.72565,0.326568,0.00995376,0.0202349,0,0,0,0.339421,0,0,0,0.183469,0.515999,0.0926373,0.482998,0.132973,0.246147,0,0,3.54653,0,0.0072465,0,0.944178
1.50889,0.28338,0.0207668,0.030351,0.228565,0,0,0.284537,0,0,0,0.432006,0.406487,0.0804922,0.620425,0.0378681,0.19457,0.013641,0,3.43853,0.0274327,0.00569546,0,0.832106
1.75436,0.244306,0.223007,0.0367103,0.0731997,0,0.113862,0.272504,0,0,0,0.0244788,0.482746,0.0694926,0.689298,0.00742221,0.0237308,0.0185932,0.0463558,3.41242,0.0718282,0.00417366,9.38965e-06,0.548399
1.81281,0.400121,0.000930825,0.0381351,0.0962613,0.050576,0.23723,0.289219,0,0,0,0.00291205,0.559278,0.113814,0.614993,0.0109993,0.0197622,0.0313506,0.096582,3.48053,0.0790944,0.00238177,2.83989e-05,0.526055
1.49601,0.266459,0,0.0346763,0.102262,0.129418,0.379951,0.299549,0,0,0,0.00208956,0.459114,0.075794,0.477439,0.0292591,0.0369887,0.0321743,0.154687,3.61498,0.0624038,0.0020661,0,0.490182
1.12393,0.100976,0,0.0422925,0.103016,0.0891014,0.393118,0.336792,0,0,0,5.37329e-05,0.413812,0.0509489,0.392842,0.0581593,0.114359,0.0234789,0.160048,3.61797,0.0634597,0.00174672,0,0.471502
1.05233,0.176719,0,0.0563926,0.0716744,0.041973,0.00987859,0.3487,0,0,0,0.0687657,0.412455,0.337869,0.283467,0.0738721,0.125209,0.010749,0.220887,3.28809,0.00311772,0,0.0173125,0.586516
1.57407,0.037307,0.0155677,0.0540835,0,0.225741,0,0.297465,0,0,0,0.150474,0.439883,0.640296,0.13915,0.0109348,0.0937117,0.084469,1.17805,2.16586,0,0,0.372765,0.584007
1.4815,0.188807,0.0160302,0.0893745,0.0169602,0.5556,0,0.506351,0,0,0,0.65521,0.399021,0.665885,0.129153,0.0180701,0.0812915,0.207897,1.45659,1.85612,0,0,0.432726,0.739962
1.43341,0.264068,0.010625,0.0914874,0.0495268,0.443279,0,0.753392,0,0,0,0.485781,0.386071,0.527393,0.170857,0.0184973,0.082767,0.149044,1.56809,1.78231,0,0.0014913,0.402649,0.579344
1.57747,0.596165,0.00679453,0.0768981,0.0894662,0.108406,0.0271268,0.772366,0,0,0,0.0665185,0.516029,0.556489,0.141095,0.0155475,0.0902525,0.0226877,1.68262,1.76821,0,0.0038639,0.371051,0.362613
1.5297,0.693866,0.00521343,0.0685662,0.114615,0.0649099,0.0364625,0.84818,0,0,0,0.00155336,0.552794,0.443499,0.0173812,0.013863,0.901779,0.0135846,1.64034,1.86255,0,0.00582021,0.362939,0.240595
1.45655,0.317931,0.0134615,0.00322344,0.521429,0.0387888,0,0.756499,0,0,0,0.177927,0.548043,0.150927,0.0398111,0.00436295,2.956,0.0081179,0.74013,1.73052,0.277964,0.00311731,0.325377,0.380305
0.45793,0.254518,0.0182038,0.2689,0.871044,0,0,0.137405,0,0.849772,0,0.312733,0.123324,0.0708491,0.216774,0.0866964,3.56413,0,0.124384,0.701907,0.692617,0.42524,0.00330636,0.763289
0.0010592,0.204889,0.00672843,0.651462,0.702467,0,0,0,0.118779,1.18668,0.506838,0.00232597,0.000209564,0.0575198,0.237991,0.210039,3.52686,0,0,0.13585,0.690678,0.427951,0.124642,1.03807
0.00174167,0.00365202,0,0.567862,0.613151,0,0,0,0.0887904,1.26003,0.373422,0.00424797,0.000344592,0.000724505,0.242217,0.183085,3.44617,0,0,0.137481,0.614922,0.380833,0.0921147,1.1347
0.00242155,0.00536221,0,0.740254,0.601876,0,0,0,0.000427088,1.24913,0.280098,0.00202369,0.000479108,0.00106378,0.230488,0.238666,3.46685,0,0.0071558,0.202002,0.287652,0.48621,0.0960204,1.31963
0.00240771,0.00646735,0.00498967,0.621147,0.574338,0,0,0,0.00934496,1.1898,0.351133,0,0.00047637,0.0322478,0.177967,0.200265,3.49421,0,0.0946365,0.362301,0.0339672,0.591541,0.155755,1.47818
0.000995563,0.00437564,0.00754696,0.11886,0.612654,0,0,0,0.113112,1.0758,0.591881,0,0.000196974,0.0828203,0.0186008,0.038322,3.57733,0,0.128482,0.65752,0.0557758,0.537088,0.162636,1.51577
0.000645109,0.00387485,0.00171925,0,0.562706,0,0,0,0.293777,0.775104,0.892942,0.393718,0.000127636,0.102285,0.000343669,0,3.70602,0.000528866,0,0.957488,0.107945,0.26911,0.227281,1.12267
0.464429,0,0,0.108866,0.255661,0.0472536,0,0,0.680552,0.167306,1.10793,0.612585,0.125088,0.0781175,0.0233799,0.147351,3.58246,0.101533,0.0633166,0.767898,0.383325,0.213297,0.404432,0.854263
1.01777,0.152748,0,0,0.941374,0,0,0.219231,0.117442,1.28926,0.406153,0.280615,0.274122,0.113341,0.13537,0,3.15084,0,0.500522,1.02028,0.123604,0.876379,0.469369,0.659821
0.402342,0.315756,0.0344009,0,0.661197,0.00381565,0,0.325588,0,0.973373,0.0388611,0,0.176263,0.163942,0.154895,0,2.81917,0.000798556,0.908822,1.34697,0.0234834,0.589811,0.540488,0.31786
0.3668,0.768365,0.0143903,0.0416865,0.61064,0,0.0682173,0.367357,0.198914,0.932552,0,0.0303148,0.296827,0.307438,0.137255,0.00842833,2.65317,0,1.176,1.12851,0.0702311,0.625778,0.565868,0.233259
0.371203,0.752132,0,0.0184244,0.726798,0.0237765,0.215319,0.305283,0.292565,0.873863,0,0,0.268276,0.297668,0.0887667,0.00372511,2.72315,0.0505123,1.24386,0.944326,0.0925128,0.773759,0.576011,0.146916
0.124954,0.623553,0.0106635,0.140006,0.776921,0.0350945,0.0810751,0.312275,0.346081,0.882002,0,0.19358,0.104004,0.225343,0.0780948,0.0475649,2.90278,0.0147513,0.731777,1.19948,0.19715,1.05895,0.564087,0.250367
0.00203533,0.474415,0.0228196,0.591079,0.613271,0.0212883,0,0.328543,0.343793,0.760406,0,0.371325,0.0039174,0.139198,0.191467,0.206106,2.62985,0.00445531,0,1.44285,0.763295,0.803092,0.291145,0.803203
0.0027299,0.170829,0.26059,0.612575,0.527009,0.0330648,0,0.284776,0.368955,0.166142,0.223462,0.323136,0.000540115,0.0481216,0.299754,0.197501,2.80158,0.0702448,0,1.36966,0.810678,0.611755,0.226734,0.923876
0.00292543,0.317867,0.617716,0,0.488381,0,0,0.20416,0.414663,0,0.641513,0.357606,0.000578801,0.0896561,0.415631,0,3.14726,0,0,1.32044,0.790333,0.549479,0.397867,0.807918
0.003256,0.231754,0.604211,0,0.565486,0,0.00603065,0.161712,0.363436,0.883246,0,0.0543542,0.000644205,0.0650919,0.419551,0,2.94686,0,0.00245522,1.2859,0.776328,0.952322,0.00129823,0.694979
0.192788,0.0442096,0.661029,0.098975,0.536553,0,0.0825671,0.119422,0.20721,1.09372,0,0,0.153894,0.0253206,0.429257,0.0319107,2.85722,0,0.0369755,1.14603,0.582724,1.10811,0.00818909,0.729129
0.210094,0.0147673,0.651543,0.214791,0.447748,0,0,0.108973,0.0940734,1.06965,0.0699659,0.422608,0.168235,0.122209,0.366952,0.066715,2.81407,0,0.0485778,1.11155,0.217,1.44657,0.0599381,0.762746
0.0296171,0.00270173,0.579892,0.200137,0.451793,0.0156026,0,0.123292,0.0358373,1.0545,0.0228878,0.79376,0.0268981,0.22567,0.253173,0.0576587,2.79671,0.0331471,0.0915558,1.28134,0.0331549,1.52581,0.0593403,0.631408
0.0336484,0.0134619,0.035349,0.173786,0.530189,0.00261671,0,0.136703,0,0.89131,0.0531407,0.692601,0.0254588,0.252291,0.00706608,0.0560305,2.94434,0.00555909,0.260529,1.41458,0.0268232,1.35174,0.0621023,0.666824
0.133872,0.013214,0.0260717,0,0.809835,0.036892,0,0.131884,0.00140372,0.913866,0.0616696,0.730911,0.109494,0.242751,0.00521159,0,2.97402,0.0783755,0.32004,1.46634,0.027616,1.24419,0.0670302,0.771772
0.0368779,0.0103077,0.00789371,0.113488,0.45054,0.080382,0,0.128725,0.0115881,1.11989,0.0630977,0.816934,0.0286073,0.23157,0.00157791,0.0365899,2.91766,0.170768,0.129109,1.46682,0.0308767,1.27422,0.0653783,0.781884
0.00244417,0.0068042,0,0.413621,0.345563,0.0898146,0,0.141342,0,1.22432,0.0588512,0.832626,0.000483584,0.216852,0,0.133356,3.00983,0.190807,0.0169756,1.39273,0.0292998,1.48224,0.113248,0.710358
0.0030619,0.00411292,0,0.542724,0.585153,0.0774577,0.0849733,0.203251,0,1.25266,0.0236918,0.783863,0.000605803,0.18506,0.0217433,0.17498,3.13699,0.0454981,0.018201,1.41461,0.0306967,1.80545,0.149337,0.581126
0.00333519,0.00251931,0,0.773081,0.677376,0.0847154,0.0620924,0.273428,0,1.20785,0,0.720597,0.000659874,0.160234,0.0398303,0.24925,3.15953,0.0177296,0.0133,1.44994,0.0304658,2.01603,0.0515046,0.526276
0.0017839,0.00414641,0.00718114,0.808833,0.692057,0.0923949,0,0.340392,0,0.913386,0.0861652,0.808352,0.000352947,0.179334,0.0294995,0.260777,3.19229,0.0193368,0,1.50235,0.0239387,1.86681,0.0442951,0.574614
0.0525612,0,0.179222,0.156719,0.734283,0.0753591,0,0.298312,0,0.484475,0.379862,0.703396,0.0141566,0.22197,0.0589606,0.050528,3.19352,0.0157715,0.00099394,1.55429,0.0223248,1.59693,0.238376,0.441485
0.32772,0.0342664,0.339687,0.0877917,1.11998,0,0.0454169,0.0930224,0,0.360293,0,0.597927,0.088267,0.226282,0.143427,0.01775,3.30666,0,0.00972813,1.35331,0.0247502,1.47322,0.0411599,0.476835
0.625855,0.000568899,0.305176,0.0909244,0.725258,0,0.153051,0.0355559,0,0.171644,0.131807,0.609389,0.168566,0.212813,0.142016,0.0183834,3.31083,0,0.032783,1.31482,0.0222269,1.42212,0.0766403,0.76662
0.523497,0,0.147244,0.511173,0.695008,0.0244192,0.242223,0.153899,0,0.344883,0.12358,0.617331,0.140997,0.25137,0.0652188,0.156091,3.01706,0.00511056,0.0518832,1.35117,0.017616,1.53477,0.0742833,0.797804
0.00152162,0,0.140964,0.860342,0.698283,0.105662,0.256672,0.219519,0,0.462823,0,0.62806,0.000301055,0.299338,0.0425704,0.274276,2.86042,0.0221134,0.0549782,1.43433,0.0161141,1.48441,0.0456601,0.617137
0.00228402,0.00207745,0,0.526673,0.802435,0.0465773,0.224044,0.174433,0,0.382675,0,1.12724,0.000451898,0.309041,0,0.15928,2.92239,0.0647196,0.0479893,1.33643,0.0136627,1.45034,0.0607772,0.506247
0.00143276,0.00920981,0.0149177,0.455798,0.625939,0.0372801,0.156574,0.119796,0,0.356033,0,1.2301,0.0293746,0.317032,0.00298197,0.139754,2.98574,0.0792,0.0675038,1.25192,0.00495597,1.4839,0.0596404,0.45978
0,0,0,0,0,0,0,0,0,0,0,0,0,0,0,0,0,0,0,0,0,0,0,0
0,0,0,0,0,0,0,0,0,0,0,0,0,0,0,0,0,0,0,0,0,0,0,0
0,0,0,0,0,0,0,0,0,0,0,0,0,0,0,0,0,0,0,0,0,0,0,0
0,0,0,0,0,0,0,0,0,0,0,0,0,0,0,0,0,0,0,0,0,0,0,0
0,0,0,0,0,0,0,0,0,0,0,0,0,0,0,0,0,0,0,0,0,0,0,0
0,0,0,0,0,0,0,0,0,0,0,0,0,0,0,0,0,0,0,0,0,0,0,0
0,0,0,0,0,0,0,0,0,0,0,0,0,0,0,0,0,0,0,0,0,0,0,0
0,0,0,0,0,0,0,0,0,0,0,0,0,0,0,0,0,0,0,0,0,0,0,0
0,0,0,0,0,0,0,0,0,0,0,0,0,0,0,0,0,0,0,0,0,0,0,0
0,0,0,0,0,0,0,0,0,0,0,0,0,0,0,0,0,0,0,0,0,0,0,0
0,0,0,0,0,0,0,0,0,0,0,0,0,0,0,0,0,0,0,0,0,0,0,0
0,0,0,0,0,0,0,0,0,0,0,0,0,0,0,0,0,0,0,0,0,0,0,0
0,0,0,0,0,0,0,0,0,0,0,0,0,0,0,0,0,0,0,0,0,0,0,0
0,0,0,0,0,0,0,0,0,0,0,0,0,0,0,0,0,0,0,0,0,0,0,0
0,0,0,0,0,0,0,0,0,0,0,0,0,0,0,0,0,0,0,0,0,0,0,0
0,0,0,0,0,0,0,0,0,0,0,0,0,0,0,0,0,0,0,0,0,0,0,0
0,0,0,0,0,0,0,0,0,0,0,0,0,0,0,0,0,0,0,0,0,0,0,0
0,0,0,0,0,0,0,0,0,0,0,0,0,0,0,0,0,0,0,0,0,0,0,0
0,0,0,0,0,0,0,0,0,0,0,0,0,0,0,0,0,0,0,0,0,0,0,0
0,0,0,0,0,0,0,0,0,0,0,0,0,0,0,0,0,0,0,0,0,0,0,0
0,0,0,0,0,0,0,0,0,0,0,0,0,0,0,0,0,0,0,0,0,0,0,0
0,0,0,0,0,0,0,0,0,0,0,0,0,0,0,0,0,0,0,0,0,0,0,0
0,0,0,0,0,0,0,0,0,0,0,0,0,0,0,0,0,0,0,0,0,0,0,0
0,0,0,0,0,0,0,0,0,0,0,0,0,0,0,0,0,0,0,0,0,0,0,0
0,0,0,0,0,0,0,0,0,0,0,0,0,0,0,0,0,0,0,0,0,0,0,0
0,0,0,0,0,0,0,0,0,0,0,0,0,0,0,0,0,0,0,0,0,0,0,0
0,0,0,0,0,0,0,0,0,0,0,0,0,0,0,0,0,0,0,0,0,0,0,0
0,0,0,0,0,0,0,0,0,0,0,0,0,0,0,0,0,0,0,0,0,0,0,0
0,0,0,0,0,0,0,0,0,0,0,0,0,0,0,0,0,0,0,0,0,0,0,0
0,0,0,0,0,0,0,0,0,0,0,0,0,0,0,0,0,0,0,0,0,0,0,0
0.00662948,0.00129443,0.0083217,0.247972,0.302347,0.17621,0.345612,0.374015,0.400119,0.33587,0.034368,0.0185329,1.36182,0.508791,1.04354,0.275208,0.324434,0.339225,0.304942,1.106,0.411551,0.468718,0.701357,0.739761
0.00684668,0.00837228,0.31871,0.787725,0.57712,0.0107141,0,0,0.0271506,1.23185,0.604247,0.0480208,1.34727,0.32512,1.22641,0.44046,0.186388,0.350101,0.243362,0.867967,0.399918,1.00466,0.545526,0.564077
0.00477401,0.00998425,0.615718,0.16562,0.944963,0.575496,0,0,0.209491,1.26453,0.276594,0.00907526,0.971514,0.437527,1.40759,0.0884262,0.312397,0.550784,0.251105,1.00253,0.392791,1.12614,0.675045,0.362375
0.00324923,0.00755098,0.841748,0.153543,0.75829,0.643546,0,0,0.319185,1.3296,0.0223854,0.00890376,0.789082,0.448783,1.47622,0.0310439,0.24975,0.638775,0.249977,1.02969,0.45325,1.1602,0.536646,0.369346
0.0623534,0.523768,1.39252,0.534703,0.189038,0.502239,0,0,0.322636,1.31134,0.00860663,0.0116233,0.586708,0.516436,1.49479,0.163322,0.106049,0.812448,0.253358,1.01544,0.465955,1.04438,0.313603,0.463996
0.196376,0.309454,1.51326,0.612467,0.0864353,0.282707,0,0,0.270632,1.19564,0.137757,0.0109964,0.549162,0.369145,1.57365,0.197466,0.148992,0.769714,0.249214,0.950652,0.539444,0.9044,0.242108,0.43896
0.265517,0.350285,1.27952,0.215271,0.0704769,0.178186,0.0497627,0,0.281788,0.769861,0.541322,0.431342,0.983007,0.366955,1.29686,0.223304,0.0632293,0.349499,0.121754,1.05098,0.506645,0.96794,0.335138,0.580666
0.19328,0.146093,1.54507,0,0.0945797,0.788988,0,0,0.284542,1.05671,0.917314,0.562532,1.17644,0.361411,1.34085,0.0955906,0.0912788,0.604211,0.0992712,1.12563,0.483554,0.87467,0.567556,0.50012
0.330769,0.00790726,1.46437,0.0953415,0.784434,1.10154,0.00599732,0.00805581,0.470045,0.993561,0.189882,0.00594237,0.979304,0.360957,1.34571,0.118795,0.326751,0.725672,0.101931,1.14083,0.461662,0.984032,0.172736,0.266873
0.277186,0.253944,1.34024,0.498745,0.342321,0.406035,0,0,0.404177,1.17758,0,0.00684232,0.819982,0.280051,1.48187,0.188477,0.13063,0.904371,0.124062,1.09103,0.541098,1.20817,0.000324468,0.285471
0.210076,0.573768,1.46003,0.190666,0.0469579,0.149216,0.0130816,0,0.697059,0.954003,0.579423,0.263992,0.560427,0.540962,1.61722,0.0623225,0.00964033,0.358927,0.0557797,1.34054,0.710574,0.880742,0.384957,1.00526
0.00171689,0.465958,1.68994,0.0920128,0.125991,0.734473,0.0617221,0,0.629126,0.738479,0.771373,0.571872,0.224438,0.491592,1.41259,0.0381856,0.0436236,0.549356,0.0587914,1.51882,0.575855,0.629716,0.860119,1.53598
0.00216882,0.0132342,1.41407,0.052234,0.439728,1.06289,0.0564078,0,0.680863,0.727534,0.385866,0.0491682,0.000429105,0.377436,1.28396,0.0276353,0.152253,0.69133,0.048466,1.53544,0.580507,0.625739,0.767712,1.62525
0.00199801,0.0452695,1.316,0.257666,0.286518,1.06638,0.0271698,0,0.491799,0.650004,0.171587,0.00325663,0.000395311,0.319678,1.17991,0.10998,0.0992049,0.702822,0.0235679,1.42658,0.51889,0.580916,0.679752,1.74307
0.00156254,0.203542,1.39851,0,0.296696,0.881416,0.0351887,0,0.240359,0.344456,0.0228321,0.128259,0.00655936,0.170965,0.894298,0.0573736,0.195632,0.581504,0.0170637,1.56603,0.337687,0.216841,0.411119,2.19071
0.135174,0.50683,0.926982,0,0.907165,0.503653,0.00873455,0,0,0,0,0.238908,0.0550088,0.145563,0.279945,0.0312516,0.927103,0.200254,0.0118078,2.61528,0.174687,0,0.0546486,2.26386
0.418948,0.563962,0.585573,0,1.18328,0.479687,0,0,0,0,0,0.297318,0.127533,0.161031,0.17684,0.0180472,1.20041,0.186988,0.00945084,2.71451,0.119651,0,0.0907709,1.99006
0.564219,0.0613452,0.452286,0.00336803,1.71119,0.041327,0,0.0103524,0,0,0.640725,0.0363798,0.158837,0.0174496,0.136589,0.0122479,1.18961,0.0136,0.0082718,2.77042,0.0686772,0,0.270447,1.72177
0,0,0.0948611,0.0787036,2.06995,0.0530756,0.0136505,0.331003,0,0,0.392372,0.0256932,0.0231725,0,0.223142,0.0737742,1.81218,0.0140116,0.00538985,2.7819,0.0267319,0,0.189905,1.57698
0,0,0,0.777917,1.39425,0.318248,0.0284225,0.28596,0.0517078,0.558088,0,0.0870683,0.091141,0,0.429794,0.250809,1.78237,0.114271,0.0401711,2.56849,0.05541,0.306578,0.0442859,2.10112
0,0,0.297729,1.44884,0.312016,0.684966,0.157335,0,0.335252,1.01915,0,0.25503,0.363665,0.00204927,0.68867,0.467123,1.50315,0.256569,0.312923,1.93788,0.182747,0.814855,0.0100612,2.27819
0.193485,0,0.474052,1.12856,0.0801225,0.775881,0.101394,0,0.455333,1.26037,0,0.0492109,0.386106,0.0738071,0.668688,0.363861,0.940866,0.269241,0.353585,1.41903,0.456593,1.03689,0.0208689,2.54989
0.337682,0.0808627,1.00288,1.01411,0.0830598,0.814393,0.0608652,0,0.483216,1.30065,0,0.0493304,0.312725,0.210434,0.916054,0.326961,0.732393,0.270935,0.40449,1.20022,0.450202,1.40719,9.3901e-05,2.4955
0.250389,0.611446,1.3577,0.823338,0.0803592,0.24578,0.295729,0,0.247733,0.945873,0,0.0397455,0.12085,0.431364,0.926707,0.265453,0.75973,0.0948962,0.294817,0.588676,0.122119,2.49434,0.00135187,1.58574
0.1212,0.79273,0.793242,0.897095,0.101179,0.157831,0.618684,0,0,0.485149,0,0.0438924,0.0326435,0.474708,0.611017,0.289234,1.27881,0.103192,0.251668,0.00204552,0.0281012,2.27544,0.000791018,1.7513
0.380935,0.757151,0,0.922325,0.980431,0.0655916,0.0294137,0,0,0.132721,0.36335,0.0454096,0.160794,0.410719,0.150551,0.303953,2.09462,0.0137273,0.011975,0,0.0323316,2.00196,0.136514,1.81182
0.0578758,0.2637,0,0.294297,1.82186,0.043487,0,0,0,0.210803,0.536859,0.0407066,0.0468351,0.211478,0.0493164,0.254351,2.23584,0.00910115,0.115528,0.32184,0.0348621,1.56206,0.280253,1.73296
0,0,0,0.100152,2.16652,0.0175309,0,0,0,0.389283,0.436321,0.168286,0,0.102469,0,0.128172,2.16683,0.021548,0.244146,0.892191,0.0363211,1.24716,0.322297,1.75413
0.000547022,0,0.00392959,0.119538,2.31221,0.00881756,0.154172,0,0.208535,0.486712,0.371008,0.0351162,0.000147333,0.154556,0.534824,0.0241686,1.54606,0.0830206,0.317067,1.32871,0.0911083,1.15155,0.216606,1.66433
0.108063,0,0.437335,0.150195,0.595294,0.292281,0.115475,0,0.406842,0.929086,0,0.132377,0.0467538,0.361718,1.24327,0.0303669,0.270867,0.211495,0.240549,1.55088,0.222013,0.765074,0.0610141,2.27621
0.0828244,0.0914087,0.664091,0.140404,0.0682217,0.938875,0,0,0.140912,1.1995,0,0.0503588,0.148604,0.477482,1.59154,0.0283874,0.178541,0.342192,0.198117,1.58301,0.134475,0.710253,0.0385889,2.15669
0.0393339,0.322607,1.19549,0.107467,0.0917297,0.935716,0.27575,0,0,1.00645,0,0.0465444,0.164214,0.635385,1.3539,0.0217281,0.147296,0.375504,0.295755,1.42292,0.000780367,0.904223,0.0120055,2.17454
0.148365,0.436831,1.1237,0.100624,0.215774,0.720917,0.395612,0,0,0.816208,0,0.0514984,0.0399602,0.582226,1.14839,0.0203444,0.726255,0.50739,0.398633,0.486062,0,0.924164,0.0332594,2.30071
0.348015,0.522626,0.685347,0.251264,0.753862,0.485113,0.307752,0,0,0.0835686,0,0.0590777,0.0937332,0.287329,0.93094,0.160276,1.26092,0.341697,1.05852,0.0192253,0.00259913,0.607818,0.119016,2.61396
0.645195,0.527468,0.12443,0.634507,1.18514,0.204066,0.0687018,0,0,0,0,0.238112,0.173774,0.237568,0.421716,0.319103,1.62514,0.145324,1.04011,0.0160405,0.00546012,0.474069,0.245793,2.62565
0.374375,0.0323888,0,0.203157,2.39434,0,0,0,0,0,0.424727,0.686594,0.100833,0.0809765,0.219432,0.280303,1.51636,0.0533075,1.04672,0.00460278,0.0134298,0.537092,0.321537,2.46657
0,0,0,0.331266,1.83972,0,0.00152445,0.285132,0,0.650532,0.505935,0.0413544,0,0.0867505,0.101609,0.361985,0.636992,0.0278227,0.915495,0.0627637,0.0223477,0.832045,0.260542,2.62117
0,0.0277363,0.144245,1.25363,0.603689,0.173227,0,0.131535,0,0.776235,0.154882,0.255173,0,0.102725,0.497079,0.563384,0.458668,0.135097,1.28119,0.0455135,0.0263124,0.988346,0.0418585,2.67367
0.224022,0.0112859,0.690142,0.756687,0.525382,0.482538,0,0.00351176,0.362009,1.07927,0.00752753,0.00492775,0.0978776,0.00223896,0.960998,0.378833,0.174084,0.412809,1.5224,0.382981,0.117387,0.958203,0.124615,2.34121
0.0871088,0.0132749,0.781964,0.795305,0.582128,0.552395,0,0,0.257586,1.15413,0.00982768,0,0.245223,0.00263354,1.01036,0.355195,0.192289,0.448013,1.42653,0.562067,0.258628,0.984633,0.162693,2.43392
0.00327178,0.0223019,1.02162,1.0321,0.517657,0.564059,0,0,0,0.929771,0.00434843,0,0.192116,0.0455092,0.989833,0.406182,0.179271,0.417114,1.27221,0.703138,0.153279,0.8137,0.0719863,2.53962
0.00245385,0.339131,1.11298,0.945061,0.148797,0.660168,0.143299,0,0,0.323305,0,0.00539254,0.0561466,0.120172,2.18652,0.354076,0.190685,0.377545,0.843103,0.792539,0.00968693,0.208442,0.191941,2.55127
0.10907,0.572308,0.593711,0.589173,0,0.820386,0.500558,0.0664759,0,0,0,0.170027,0.786706,0.161942,2.39391,0.203624,0.237682,0.407546,0.505848,1.37035,0.0154308,0,0.464359,2.07428
0.579981,1.1304,0.0645025,0.239445,0.0969376,0,0.065124,1.53993,0,0,0.101345,0.0656486,2.14989,0.321542,1.44684,0.0915053,0.305653,0,0.234934,1.94957,0.0200858,0,0.480503,0.651263
0.367816,0.79613,0.0668559,0.0328863,0,0,0.022081,2.35683,0.0107413,0.457185,0.291241,0.000268607,2.1301,0.226459,1.2487,0.0310111,0.160296,0.00193233,0.0653833,2.16996,0.0375709,0.107633,0.509988,0.164645
0.102744,0.580935,0.00679153,0.0721614,0,0,0,2.32879,0.364173,0.373049,0.0105685,0,1.84808,0.165246,1.31808,0.04185,0.173913,0.00289341,0.184691,2.17047,0.101757,0.0878251,0.406318,0.000283989
0.00786281,0.137474,0.0889409,0.107768,0.0821932,0.0197901,0.257966,1.69385,0.559249,0.0213497,0,0.0371293,1.7756,0.129845,1.46784,0.0446124,0.111494,0.0151225,0.537987,1.92404,0.147104,0.19169,0.397656,0.00960439
0.00925023,0,0.665384,0.229705,0.649556,0.142236,0.218789,1.37461,0.00134552,0.132459,0.267624,0,1.93498,0.0560231,1.44839,0.178759,0.218559,0.0461794,0.575654,2.04213,0.0245488,0.378663,0.52384,0.0565594
0.00973637,0,0.877155,0.455653,0.269205,0.176997,0.074491,1.11696,0,0.270998,0.385795,0,1.90063,0.201825,1.19348,0.146729,0.067675,0.0746498,0.537052,2.17601,0.0542491,0.626956,0.494938,0.152648
0.00882397,0.387743,1.3385,0.864526,0.161249,0.176472,0.0134074,1.0468,0,0.271786,0.109443,0,1.72252,0.440156,0.576763,0.288813,0.10134,0.0886867,0.547619,2.66579,0.0119637,0.677569,0.17624,0.213536
0.28967,0.76653,1.34464,0.609476,0.0701917,0.0977259,0,0.419279,0.0298315,0.0165088,0,0.0873126,0.938166,0.384334,0.47826,0.248352,1.27632,0.0204525,0.248265,2.96281,0.222931,0.33795,0.332383,0.506146
0.529372,0.848518,0.808624,0.311546,0.00386823,0.0608917,0.220014,0.464942,0.127408,0,0,0.129995,0.335997,0.273928,0.269599,0.121456,2.56723,0.0800765,0.0847461,2.20533,0.443462,0.203074,0.38211,0.359113
1.77206,0.590213,0.143847,0.126306,0,0.0573547,0.230285,0.370335,0,0.0768425,0,0,0.996461,0.196392,0.0747309,0.042825,2.63917,0.0875918,0.0810672,1.4225,0.51807,0.19409,0.359047,0.37421
2.20885,0.384256,0.00297841,0.116617,0,0.131192,0.109848,0.364652,0.0645122,0.384935,0,0.181494,1.10894,0.133526,0.0314206,0.0344613,2.46717,0.111199,0.023529,1.07658,0.664656,0.331565,0.386234,0.532757
1.88544,0.381754,0.29077,0.0413307,0,0.0542081,0.118045,0.309802,0.0982647,0.0194696,0,0.236303,0.692515,0.255674,0.115042,0.00881445,2.21511,0.0588857,0.0252847,1.33169,0.689261,0.183144,0.247149,0.659018
1.35363,0.398833,0.27182,0.112911,0.402366,0.0600812,0.119077,0.90933,0.107566,0.0398961,0,0.0770312,0.364581,0.279897,0.0820885,0.150411,1.41185,0.0666006,0.396076,2.03144,0.87877,0.102876,0.0170433,1.17396
0.7739,0.146508,0.0097241,0.143047,0.972509,0.0790873,0.179488,1.11107,0.320358,0.15065,0.174351,0.0149626,0.264424,0.245408,0.0327105,0.203147,1.21381,0.104959,0.582998,2.59964,0.728156,0.281979,0.0427301,1.29033
0.472569,0.459486,0.0230089,0.24045,0.942338,0.0796801,0.184881,0.781313,0.443231,0.331363,0,0.0184092,0.292175,0.265688,0.503364,0.184653,0.780362,0.127059,0.699985,2.7328,0.661159,0.370685,0,1.40087
0.49088,0.204566,0.655374,0.545849,0.560782,0.0845205,0.170016,0.304073,0.283406,0.110778,0,0.0181978,0.251792,0.144257,1.07192,0.236109,0.457368,0.141961,0.660517,2.79353,0.174587,0.325848,0,1.49819
0.412905,0.212825,1.42904,0.138965,0.275381,0.195782,0.121047,0.24639,0.267791,0.0818049,0,0.0572832,0.265136,0.0593528,1.33581,0.0448039,0.18122,0.326957,0.468734,2.84264,0.139281,0.218087,0.00175052,0.969535
0.613157,0.0895662,0.950153,0,0,0.132867,0.135214,0.456322,0.364654,0,0,0.574757,1.69277,0.025477,0.968689,0,0.322638,0.195089,0.217157,3.02516,0.184873,0,0.0852942,0.711266
1.79564,0.0638188,0.443072,0,0,0.280313,0.107993,0.444889,0.117767,0,0,0.690379,1.85827,0.0181532,0.856957,0,0.396705,0.290479,0.277794,2.72137,0.0379895,0,0.224865,0.605535
2.13625,0.20758,0.000380492,0,0,0.180517,0.0314244,0.459126,0.0244468,0,0,0.661143,1.94592,0.0696119,0.630885,0,0.345172,0.306629,0.239667,2.51926,0.0229656,0.136435,0.336117,0.445246
2.24568,0.294623,0,0,0.00650413,0.364054,0.000798881,0.414435,0.0335304,0,0,0.35327,1.90119,0.339153,0.499371,0,0.00133528,0.462661,0.00310162,2.36608,0.0347175,0.129232,0.3638,0.62512
1.4933,0.0120494,0.0116377,0.150971,0.102824,0.439265,0,0.416445,0.273146,0.0632745,0,0.251758,1.63355,0.54863,0.504177,0.0563847,0.0852019,0.307778,0.172047,2.61686,0.144614,0.034759,0.088431,0.982241
0.895251,0.325721,0.272256,0.0940335,0.522021,0.706379,0.0338702,0.170548,0.523032,0.242053,0,0.0295621,1.2456,0.704146,0.755551,0.16905,0.578578,0.255425,0.315037,2.47668,0.342458,0.132969,0.0203858,1.67694
0.471019,0.589549,0.797586,0.0524826,0.375093,1.05743,0,0.0163013,0.32714,0.504532,0,0.0342597,0.666543,0.749693,0.756207,0.180701,0.628522,0.382747,0.44044,2.34175,0.204599,0.277158,0.0120632,2.01327
0.689685,0.716147,0.922777,0.0475239,0.120167,1.10938,0.75138,0,0,0.590444,0,0.03478,0.341202,0.440335,0.467033,0.198058,0.486736,0.404084,0.807968,2.32572,0.0352141,0.325089,0,2.25218
1.26291,0.410956,0.770806,0.0510746,0.0697163,0.462832,0.954962,0.0189509,0,0.206557,0,0.101652,0.340149,0.116896,0.394498,0.138924,1.29195,0.337889,0.657044,1.99705,0.0388324,0.274246,0.00400102,2.31724
1.94802,0.119993,0.273421,0.047163,0,0.200198,0.713553,0.385878,0,0,0,0.218476,1.01777,0.0408956,0.349485,0.00953559,2.1235,0.0771793,0.390121,1.34182,0.372572,0.530345,0.189941,1.58585
2.41891,0,0,0.0327789,0,0.158342,0.478474,0.537019,0,0,0,0.296739,1.10321,0.00871938,0.1626,0.00662735,2.4018,0.0600418,0.194798,1.11262,0.520827,0.569893,0.221376,1.44263
2.38817,0.000537818,0.00304514,0.0298609,0.00504662,0,0,0.767275,0,0,0,0.32391,1.07688,0.00699885,0.179042,0.00603737,2.52256,0,0,1.09081,0.572181,0.575921,0.164839,1.30352
1.69479,0.00402271,0.00853306,0,0.0181477,0.123856,0.0726557,0.315221,0.142548,0.0252165,0,0.288205,0.521804,0.139662,0.199685,0,2.35417,0.0282365,0.0155626,1.45663,0.607535,0.484768,0.0712671,1.39476
0.448927,0.0126736,0.535838,0.536339,0.259977,0.345464,0,0.0477821,0.127919,0.627415,0.307944,0.553717,0.589751,0.32661,0.747253,0.172922,1.89146,0.0980053,0.0820678,1.59323,0.523647,0.53429,0.193665,1.39136
0.414946,0.0249023,0.663316,0.478418,0.762691,0.577918,0,0.101865,0.414139,1.07777,0.00660529,0.516364,0.717011,0.172442,0.875275,0.14835,1.23311,0.227074,0.308321,1.83727,0.563033,0.772476,0.110166,0.989048
0.648608,0.15653,0.685963,0.945583,0.776986,0.383875,0,0.0583923,0.376769,0.766706,0,0.142506,0.765975,0.185983,0.942236,0.304867,0.762894,0.156064,0.470216,2.09055,0.431633,0.844944,0.00043013,0.70065
0.692491,0.195719,1.08035,0.929754,0.468606,0.125032,0,0.160758,0.274492,0.317879,0,0.231669,0.766222,0.183664,0.956709,0.299763,0.652198,0.0438913,0.52966,2.34702,0.268288,0.498261,8.47871e-05,0.797162
0.498436,0.825176,0.989328,0.618233,0,0.116632,0.0413726,0.302365,0.356964,0.338064,0,0.443375,0.411897,0.234721,1.96089,0.198556,0.758017,0.0244093,0.532696,2.16884,0.191089,0.914028,0.0614186,0.554375
0.482014,0.891053,0.313468,0.52622,0.722101,0.0908847,0.0955224,0.0506494,0,0.697522,0.736781,0.317109,0.34372,0.253459,2.4658,0.175781,1.41788,0.0190208,0.466462,0.941971,0.0126838,1.13268,0.431304,0.186288
0.273102,0.695243,0.0157563,0.39593,0.738542,0,0.00414193,0,0,1.26064,1.09164,0,0.198474,0.197761,2.47425,0.133836,1.33486,2.08985e-05,0.444257,0.338849,0.0181193,1.37345,0.503656,0.000281158
0.0835878,0.128373,0,0.023004,1.11605,0,0,0,0,1.71071,0.763276,0,0.150854,0.0365156,2.37451,0.0134692,1.11351,0,0.486837,0.310998,0.0249176,1.43188,0.429879,0.000253366
0,0,0,0.358145,0.703505,0,0,0,0.0804742,2.18888,0.489801,0,0.151265,0,2.22599,0.12045,1.01093,0.00100134,0.604752,0.232904,0.0478902,1.69174,0.252705,0.000111118
0,0,0.103548,0.790931,1.19349,0,0,0,0.107016,1.96095,0.301867,0,0.191019,0,2.46507,0.257127,0.969025,0.00220749,0.64056,0.740556,0.0529603,1.72874,0.575033,0
0.000445699,0.00825327,0.897366,1.03659,1.19747,0,0,0,0.184445,1.53111,0.307016,0,0.289641,0.115473,2.69528,0.334209,0.939874,0,0.591513,1.11134,0.0665337,1.03929,0.526315,0
0.00108996,0.127187,1.82734,0.523641,0.59123,0,0,0,0.156768,0.933222,0.0573717,0.0967022,0.323768,0.311381,2.95895,0.162239,0.623521,0,0.650811,1.34272,0.0566334,0.765856,0.613422,0.124274
0.000651414,0.43223,2.32332,0.485219,0.1348,0.00836138,0,0,0.148062,0.683007,0.0236811,0.184622,0.307472,0.528737,2.89771,0.166299,0.2329,0.0177634,0.729062,1.38733,0.0870273,1.03137,0.532115,0.344485
0,0.238113,2.45911,0.0207242,0,0.11644,0.0507281,0,0.101086,0.329891,0.000901375,0.00434982,0,0.524449,2.5685,0.0188915,0,0.177739,0.440281,1.96585,0.0527044,1.49695,0.137669,0.303046
0,0.361077,2.55546,0.0273491,0,0.0692364,0.0167748,0,0,0.416591,0,0,0,0.149627,2.25135,0.00985817,0,0.0888927,0.229608,2.69974,0.0148187,1.01309,0.170089,0.322889
0,0.198297,2.43929,0,0.0594572,0.0465132,0,0.00885509,0,0.337156,0.509776,0,0,0.413591,2.34319,0,0.0122064,0.0939091,0.0917241,2.87943,0.0150545,0.564021,0.33299,0.632993
0.278879,0.446453,1.87368,0,0.0914913,0.00605545,0,0,0.290435,0.120637,0.277975,0,0.0751123,0.436307,2.55966,0,0.0187829,0.088199,0,2.71031,0.0932932,1.08314,0.24277,0.678941
0.0121129,0.424384,2.07435,0.254302,0.0735179,0.0309804,0,0.0899605,0.175776,0.958917,0.190421,0,0.00326245,0.182126,2.61184,0.08199,0.015093,0.0902079,0.0812479,2.33055,0.0736943,1.43862,0.273554,0.495677
0.0260967,0.455656,1.15743,0.884024,0.0464721,0.029289,0,0.0730408,0.0822752,1.23498,0,0.00106788,0.382204,0.128893,2.44563,0.285019,0.00954059,0.0937296,0.357937,1.46543,0.0511621,1.90063,0.0434712,0.19574
0.00377777,0.0912843,0.661164,0.623555,0.0624772,0.0247822,0.0536068,0.0504662,0.170755,1.30242,0,0.00593691,0.583689,0.176573,2.25099,0.201041,0.0310729,0.0717465,0.42846,0.935769,0.300773,2.09571,0.0196712,0.343345
0.00401204,0.0367663,0.785866,0.570047,0.0917626,0.0375858,0.000297682,0,0.20953,0.861565,0,0.0091141,0.504882,0.397133,2.14867,0.18379,0.231633,0.0164251,0.403774,0.823542,0.44462,2.20126,0.0241878,0.443457
0.00334935,0.279484,1.00251,0.32047,0.671903,0.103157,0.000493496,0,0.444862,0.304695,0,0.130312,0.288013,0.547665,1.84992,0.103323,0.645382,0.0529514,0.354555,0.698969,0.315898,2.6251,0.01502,0.170448
0.191466,0.0882825,1.65061,0,0.27085,0.262591,0.0941842,0,0.442762,0.0769627,0.00440323,0.0278358,0.051422,0.34801,1.39039,0,0.65382,0.287894,0.176829,0.0294396,0.243592,2.55485,0.0869463,0.0646726
0.716415,0.0275755,1.57302,0.164778,0.153323,0.126427,0.0725183,0,0.502592,0.151337,0,0.0369279,0.192957,0.194903,2.04003,0.24671,0.396485,0.058484,0.32501,0.00709449,0.281868,2.5303,0.109002,0.00979708
0.445737,0.109619,1.78106,0.541181,0,0,0,0.0247638,0.190173,0.185239,0,0.00942932,0.208939,0.191783,2.13413,0.544635,0.168453,0.000804875,0.304412,0.00545105,0.0796728,2.46107,0.205338,0.0593214
0,0.100047,1.82015,0.771167,0,0,0,0.132452,0.331681,0.197508,0,0,0,0.199306,2.02238,0.349601,0.0987617,0.0298837,0.178657,0.242175,0.11236,2.47104,0.292464,0.101882
0,0.0219848,1.36365,0.445352,0.00809335,0.079699,0.14019,0.0852253,0.337529,1.32579,0.166437,0,0,0.478516,2.38552,0.153779,0.0135371,0.142229,0.230233,0.940539,0.109988,2.49213,0.259404,0.154807
0.00370173,0.191679,0.729793,0.810811,0.0623033,0.131461,0.107094,0,0,1.35626,0.27372,0.00349505,0.551112,0.745026,1.94103,0.261415,0.0931681,0.110984,0.268942,0.964504,0.0504323,2.17053,0.245628,0.177829
0.00379797,0.63106,0.239947,0.893765,0.404928,0.0618819,0.037658,0,0,1.33365,0.273872,0.00242334,0.771094,0.853398,1.92244,0.28816,0.261465,0.0214074,0.306983,1.16057,0.0704768,1.91659,0.249838,0.116574
0.00276626,1.05382,0.293783,0.651253,0.208041,0.177673,0.0185444,0,0,1.23728,0.0113823,0.00507469,0.592503,0.91672,1.84684,0.199479,0.263649,0.0944826,0.299831,1.14439,0.000960366,2.05779,0.0431745,0.202467
0.000383398,0.724879,1.0887,0.532149,0.150696,0.175378,0.0709316,0.068568,0,0.5872,0.0771673,0.00381899,0.0748428,0.864948,1.82483,0.168611,0.201877,0.10867,0.155346,0.80424,0,2.62069,0.047697,0.152547
0,0.345989,1.54334,0.491801,0.0779105,0.12015,0.130429,0.244067,0,0.141435,0.0823424,0,0.0133359,0.23199,1.40993,0.560112,0.136679,0.0620173,0.76707,0.108905,0,2.967,0.0508956,0.543248
0,0.165998,2.43403,0.336551,0,0.0313131,0.118879,0.174572,0,0.14227,0,0.00838008,0.0203269,0.137824,1.48817,0.829683,0,0.0262892,0.864807,0.0778954,0.001461,2.13707,0.00905993,1.10111
0.000107552,0.0499229,2.58232,0.330848,0,0.0118934,0.0105268,0,0.133653,0.137859,0.107431,0.195929,0.00852779,0.092169,1.5,0.731239,0,0.0239741,0.705303,0,0.0747093,1.72605,0.0929367,1.68398
0.000359309,0.0519929,2.23745,0.58417,0,0.0098041,0.0233605,0.0231452,0.033684,0.530183,0.165368,0.0307037,7.10899e-05,0.0913327,1.16371,0.746603,0,0.0376252,0.721957,0.00509476,0.0367136,1.78344,0.0874681,1.98695
0.000828507,0.525103,1.46796,0.0410403,0.478305,0.0440464,0.161173,0,0.10102,1.29277,0.203033,0.0104105,0.161732,0.260936,1.0591,0.394208,0.175667,0.0819228,0.879484,0.0960568,0.0528871,1.61201,0.110686,1.71234
0.00488883,0.010872,0.906707,0.472224,0.847771,0,0.141804,0.104182,0.218889,1.34329,0.70153,0.104634,0.547947,0.171845,1.13565,0.373991,0.30203,0.102275,0.738568,0.580852,0.252879,1.29545,0.482472,1.39574
0.00511917,0.00926873,1.28639,0.846111,0.676884,0,0.032689,0,0.16941,1.24353,0.538795,0,0.512583,0.257223,1.3182,0.429208,0.237571,0.0958803,0.666791,0.760197,0.290078,1.45046,0.35826,1.00566
0.00444081,0.00419898,1.65495,0.996921,0.340787,0,0.0653303,0,0.26998,1.0871,0.304359,0.00235002,0.375939,0.366656,1.39647,0.446112,0.131904,0.0598315,0.697679,0.892258,0.353439,1.59801,0.188124,0.637859
0.00352825,0.436371,1.75588,1.00042,0.0290533,0.00116152,0.0820517,0,0.0120607,0.541338,0.0419155,0.00706321,0.312599,0.441644,1.46769,0.495552,0.048595,0.0257845,0.710759,0.76041,0.280057,1.40481,0.0552309,0.63311
0.00363786,0.786563,1.26832,0.853966,0.407699,0.0221878,0.439096,0,0,0.215186,0,0.00196632,0.932018,0.273539,0.878443,0.314532,1.12525,0.00464356,0.590444,0.479864,0.0232191,0.9374,0.338129,1.32033
0.255109,0.837378,0.194117,0.785913,1.10294,0.0229035,0.185584,0,0,0.107043,0.074806,0.0293893,1.50431,0.238192,0.202782,0.304103,2.14215,0.00479335,0.395671,0.269235,0.0313518,0.188573,0.448114,1.58005
0.0779046,0.367317,0,0.124736,1.71436,0.16006,0,0,0,0.396913,0.240407,0.324033,1.35765,0.104483,0.114382,0.0640387,2.11532,0.0553532,0.188105,0.446414,0.0319543,0.0934434,0.489103,1.86934
0.00379288,0,0,0.0904395,2.35369,0.148082,0,0,0.0983875,0.443764,0.0497519,0.736212,1.17612,0,0.100822,0.0182854,2.22402,0.0554101,0.119688,0.628493,0.0557538,0.104473,0.45754,1.97304
0.00143857,0,0.00480133,0.0989137,2.52144,0,0.0754005,0.0463253,0.419194,0.254292,0.369474,0.438644,0.712026,0,0.111514,0.0199987,2.21638,0.00845549,0.108596,1.01488,0.128289,0.139692,0.470583,1.77951
0.00327161,0,0.239494,0.160414,1.32979,0.333668,0,0.0725319,0.413479,0.936603,0.156986,0.248825,0.308545,0.352743,0.591943,0.032433,1.76553,0.345904,0.147175,1.20224,0.230765,0.494689,0.466674,1.60055
0,0.000252959,0.667782,0.149378,0.40831,1.15143,0,0,0.0389781,1.28462,0.1476,0.0423406,0.0391884,0.657926,1.08824,0.0302017,1.32112,0.50526,0.137831,1.073,0.509444,0.69746,0.446793,1.68928
0,0.361874,1.33303,0.305498,0.106942,1.37776,0,0,0,1.44541,0.102744,0.0410791,0,0.767157,1.40101,0.0888431,1.00125,0.558044,0.200424,0.97015,0.585918,0.794014,0.407882,1.63895
0.217215,0.566514,1.54905,0.49429,0.0829307,0.868931,0.0763595,0,0,1.48227,0.0687452,0.0315631,0.0585039,0.541248,1.38107,0.159365,1.63323,0.555062,0.108346,0.887306,0.550548,1.00912,0.507825,1.40499
0.381024,0.604507,1.17116,0.296266,0.705465,0.120287,0.0668217,0,0,1.21682,0,0.00538966,1.37637,0.176211,0.41937,0.09723,2.91192,0.149227,0.0937488,0,0.220314,1.23356,0.0957133,0.534822
0.516699,0.646797,0.727438,0.267776,0.835689,0.102395,0.0814724,0,0,1.38899,0,0.338682,1.24582,0.189034,0.318941,0.0863339,3.14002,0.0395283,0.0882817,0,0.309846,0.78542,0.125752,0.716326
2.69763e-06,0.566737,0.124904,0.418896,0.867668,0.00664846,0,0.111083,0.168992,0.533639,0.336572,0.696798,0.667142,0.161208,0.180111,0.134084,3.36189,0.0281552,0.0594936,0.0244518,0.398708,0.782089,0.446488,0.788861
0,0,0.166326,0.317439,0.456287,0,0,0,0.50398,0.759547,0.98849,0.805896,0.439835,0,0.325457,0.102346,3.07645,0.0272942,0.0393011,0,0.545672,1.12738,0.632091,0.936262
0.00103495,0,0.0792633,0.347274,0.411795,0,0,0.0291453,0.641929,0.810116,1.27664,0.490015,0.272826,0.00492273,0.590759,0.111965,2.80924,0.0323565,0.199958,0.427152,0.546879,1.36896,0.552159,0.615249
0,0,0.360064,0,1.09407,0.242168,0,0.0304225,0.705279,0.686861,1.24292,0,0.000421455,0.358671,0.753714,0.00731885,2.13067,0.182682,0.351179,1.13029,0.382245,1.63567,0.432105,0.364491
0,0.25828,1.02015,0.00204798,1.24187,0.319311,0,0.022236,0.602604,0.363258,1.04008,0.000225542,0.0211845,0.489108,0.915081,0.0138048,1.98023,0.220928,0.366962,1.35768,0.304617,1.46108,0.420373,0.347508
0.0150516,0.721479,1.53905,0.244964,0.696219,0.246225,0,0,0.374526,0.127691,0.69445,0.00409527,0.0141472,0.417325,1.22066,0.078979,1.81303,0.178327,0.485403,1.574,0.189687,1.18144,0.433045,0.521331
0.333343,0.391075,1.47769,0.439237,0.0306538,0.00655067,0.242641,0,0,0.062179,0,0.0444189,0.12679,0.125869,1.14544,0.141615,1.46463,0.103883,0.478126,2.45545,0.000296347,0.558277,0.0362973,0.679003
0.74465,0.377175,1.47583,0.24134,0.495403,0,0.725966,0,0,0.741755,0,0.045476,0.298184,0.712664,0.868566,0.0778107,1.77309,0.0913868,0.544541,2.46133,0.0087794,0.3826,0.173824,0.358401
0.602048,0.00742582,1.02674,0.00753237,0.650649,0.0623106,0.210296,0,0.278259,1.68063,0,0.154527,0.228269,0.638583,0.803442,0.00152292,1.71035,0.22184,0.498897,2.06586,0.0784834,0.761656,0.27841,0.128057
0.331524,0,0.644714,0.00151656,0.573757,0.0661724,0,0,0.46313,2.1469,0,0.298812,0.0892915,0.622442,0.765987,0.000306623,1.54164,0.243406,0.435036,1.54737,0.123324,1.0741,0.438857,0.0768829
0.000402374,0,0.1139,0,0.584463,0.0436306,0,0,0.429506,2.43243,0.0922045,0,0.0858395,0.527857,0.775257,0,1.18728,0.398323,0.243789,1.06905,0.118908,1.61054,0.397226,0.000305103
0.00122029,0,0.0544053,0,1.43816,0,0,0,0.374741,2.35501,0.237128,0,0.238212,0.203233,1.13455,0,1.12039,0.341105,0.0346048,1.11466,0.198508,1.62335,0.717804,0.00916195
0.00201684,0,0.282344,0.224782,1.58003,0.526824,0,0,0.273743,2.21705,0.0145431,0,0.168765,0.00555875,1.57362,0.0635478,1.06911,0.306691,0.15961,1.08347,0.364314,1.63986,0.468975,0.561144
0.00231375,0.10151,0.864849,0.882399,1.47164,0.324654,0,0,0.121619,1.85223,0,0,0.271227,0.0288507,1.74429,0.284495,0.956604,0.149074,0.336361,1.06853,0.264918,1.57421,0.200638,0.863812
0.206659,0.401149,1.3026,0.70991,1.22145,0.0856789,0.135221,0,0.414297,1.29643,0,0,0.14517,0.114106,1.4092,0.358636,1.24434,0.028562,0.539134,1.02838,0.255394,1.36334,0.184582,1.0621
0.415502,0.463354,1.37784,0.647486,0.631103,0.0253883,0.0474462,0,0.738238,0.613501,0,0,0.111891,0.131801,0.770712,0.398215,1.63325,0.0265418,0.321297,0.463151,0.349989,1.30737,0.312567,1.30871
0.315227,0.527961,1.25478,0.482134,0.950709,0,0,0,0.729373,0.199836,0.0484352,0,0.0925727,0.150178,0.659112,0.39064,2.94069,0.0266225,0.171666,0.00501567,0.364293,1.51842,0.415044,0.725098
0.417914,0.516623,0.970099,0.194259,0.738264,0,0,0,0.261537,1.29248,0.351465,0,0.114984,0.146953,0.629936,0.189908,2.92068,0.0173977,0.0779044,0.00499082,0.102525,1.52581,0.43234,0.809245
0,0.0032214,0.713133,0.0707209,0.689277,0,0,0,0.162564,1.93489,0.300268,0,0,0.000916324,0.504344,0.120736,2.89886,0.0115499,0.00340042,0.00376466,0.186403,1.56542,0.354081,0.948207
0,0,0.154898,0.00586315,0.8007,0.0143608,0,0,0.318085,1.83218,0.146095,0.00300866,0,0.206578,0.277389,0.0253911,2.76001,0.0538184,0,0.00164156,0.312321,1.31771,0.240114,1.10121
0.00082905,0.00247273,0.0130925,0.580667,0.748682,1.16896,0,0,0.567901,0.860451,0.262432,0.35133,0.000164029,0.341343,0.652662,0.209039,1.91272,0.493666,0.208309,0.408269,0.324978,1.69776,0.135068,1.43294
0,0.026102,0.544303,0.930178,0.594698,1.42305,0,0.0410103,0.574008,0.908556,0.372414,0.156527,0,0.0725517,1.45586,0.330362,1.42507,0.600433,0.275572,0.711004,0.744124,1.46266,0.0912717,1.49627
0.000419275,0.378763,1.37127,0.818667,0.294322,1.03735,0,0,0.122121,0.981562,0.269091,0.00224167,0.0818462,0.107739,1.7487,0.309245,1.63275,0.443473,0.39227,0.807579,0.728432,1.15285,0.0659491,1.25769
0.000832312,0.591224,1.52001,0.868236,0.048167,0.635138,0.0481301,0,0,1.35042,0.349678,0.00374707,0.162475,0.170532,1.82254,0.356372,1.59437,0.339801,0.549871,0.756477,0.642741,1.21909,0.216135,1.08692
0.326236,0.418252,1.3635,0.730853,0.052166,0.347853,0.370528,0,0,0.820619,0.185953,0,0.13553,0.118365,1.60352,0.317294,1.52628,0.557559,0.653055,1.13446,0.165161,1.49968,0.135409,0.90163
0.565486,0.569326,1.15278,0.578279,0.0776183,0.414132,0.486678,0.168529,0,0.396135,0,0,0.385701,0.161944,2.00208,0.189493,0.872009,0.922095,0.55613,2.08119,0,0.257596,0.0943273,0.641791
0.757715,0.617098,1.06801,0.493139,0.019384,0.0495589,0.108092,0.49618,0.3051,0.236581,0,0,0.798905,0.292601,1.97786,0.16295,0.211643,0.201395,0.34341,2.52483,0.141304,0.0556971,0.0892809,0.658691
0.599854,0.0975914,0.804031,0.293742,0,0,0.022006,0.764663,0.977241,0.0901028,0,0,0.657617,0.38056,1.90706,0.106549,0.00243024,0.105497,0.26551,2.64692,0.354317,0.0212125,0.110233,0.42839
0,0,0.837712,0,0,0.0220231,0.105715,0.596343,0.784117,0.0241682,0,0,0.203904,0.880138,1.88176,0.0106445,0,0.10591,0.188936,2.70596,0.27251,0.216995,0.129577,0.431125
0,0,0.548291,0.319922,0.64252,0.0247683,0.191146,0.435912,1.12208,0.366761,0.022763,0,0.0520616,0.693258,1.51319,0.103147,0.268217,0.109532,0.0409427,2.65033,0.463323,0.422133,0.429508,1.25261
0,0.209914,0,0.928061,0.967376,0.1529,0.224918,0.369041,0.94857,0.625984,0.0132561,0,0.0672186,0.427087,1.13384,0.299217,0.524626,0.224624,0.0481767,2.41544,0.410435,0.663955,0.237038,1.61806
0.155282,0.827556,0.413719,0.930314,0.979027,0.623695,0.11032,0.198717,0.681199,0.608489,0.0127134,0,0.115269,0.582408,0.683977,0.299944,0.658279,0.338902,0.0413506,2.05838,0.294273,0.561292,0.224793,1.84445
0.280325,0.964171,1.0644,0.290376,0.320356,0.96011,0,0,0.550909,0.633002,0.026687,0.00143926,0.120843,0.758156,0.516763,0.0936204,0.512172,0.442638,0.0456234,1.9641,0.276119,0.371653,0.460002,2.0172
0.351583,0.74642,1.06381,0,0.343443,0.815681,0,0,0.274053,0.265554,0,0.0446491,0.0946942,0.308823,0.600129,0.0523199,1.18223,0.378961,0.0419205,2.36915,0.135092,0.170618,0.139068,2.48892
0.122263,0.665991,0.682234,0,1.24606,0.53861,0,0,0,0,0,0.3406,0.176845,0.189441,0.223711,0.0396086,1.77892,0.245346,0.0561457,2.87122,0.000273979,0.0151206,0.157916,1.95005
0.347466,0.864526,0.23833,0.0136103,1.21222,0.740729,0,0,0,0,0,0.55319,0.291412,0.245914,0.0971596,0.0104584,1.71929,0.30518,0.0582907,2.87331,0.00296634,0,0.178122,1.86138
0,0,0.00104252,0.658928,1.09896,1.1053,0.116553,0.0676372,0,0.578724,0,0.772292,0.160895,0,0.101596,0.207505,1.87129,0.425563,0.0762652,2.64742,0.0151507,0.136246,0.185283,1.77532
0,0,0.00831191,0.494839,1.82587,0.907429,0.181689,0,0.256502,0.0224576,0,0.177372,0,0,0.254727,0.157035,2.43729,0.33623,0.060504,2.46978,0.0855504,0.00528709,0.111979,2.04776
0.184197,0.000432288,0.227227,0.36741,1.34452,0.443054,0.159121,0.229699,0.374079,0.128826,0.426773,0.0338279,0.172651,8.57593e-05,0.533922,0.118457,1.77029,0.17555,0.116709,2.13995,0.11189,0.232926,0.290538,2.55928
0.234795,0.00777097,0.308215,0.377786,0.900571,0.042615,0.22711,0.216134,0.0176763,0.570528,0.473734,0.0400305,0.373522,0.00316589,0.626045,0.189582,0.593181,0.0357845,0.263564,1.64066,0.115592,0.853665,0.292979,2.68113
0.00154219,0.0177169,0.745083,0.475729,0.488187,0.0754985,0.400936,0,0.0166233,0.949671,0.287888,0.0453177,0.422914,0.0426372,1.07916,0.153381,0.362489,0.0273353,0.397388,1.3202,0.157831,0.987659,0.178032,2.62035
0.00255517,0.308164,1.10207,0.724243,0.157666,0.0921738,0.820531,0,0,1.05108,0,0.297876,0.346028,0.310423,1.2468,0.233504,0.607189,0.0225653,0.623098,1.09824,0,1.81378,0,2.2914
0.00208558,0.37996,1.78969,0.314766,0,0.087527,0.81483,0,0.187233,0.554788,0,0.300297,0.0303132,0.40938,0.769457,0.101484,0.72268,0.0753127,0.316781,0.318851,0.0986448,2.22937,0,1.8217
0.469417,0.307914,1.44298,0,0.254866,0.27308,0.136572,0,0.48494,0.335731,0,0.281343,0.19131,0.33844,0.463671,0,1.63315,0.0983838,0.116514,0.00957061,0.269725,1.61225,0.0243099,2.13023
0.83522,0.0815458,0.240363,0.116531,1.80779,0.792209,0.0455256,0,0.0563585,0,0,0.273299,0.297856,0.179065,0.0856839,0.0829408,2.15462,0.294128,0.045771,0,0.065362,1.1902,0.133809,1.86068
0.341064,0,0,0.321427,2.12642,0.308018,0.0543366,0.224999,0.112175,0,0,0.279704,0.105481,0.07546,0.0284846,0.1476,2.16939,0.130121,0.369634,0.0495272,0.06532,0.807128,0.18312,1.79032
0,0,0,0.0506322,2.21553,0.192114,0.11029,0.44376,0,0.507703,0.334364,0.0486284,0,0.152408,0.365712,0.0453605,1.65022,0.151379,0.360807,0.245225,0.038153,0.898173,0.389546,1.75213
0,0.0100209,0.0591,0,1.45608,0.326182,0,0.328088,0.00437451,0.810673,0.565329,0.195688,0,0.33515,0.614485,0,0.516576,0.22903,0.141875,0.925353,0.0540589,0.991339,0.50439,2.0179
0.241843,0.00771877,0.314326,0.0549831,0.443892,0.631803,0,0,0.182195,0.874078,0.200072,0.050215,0.0651371,0.341627,1.2701,0.0111167,0.425641,0.321813,0,1.51484,0.19288,0.812923,0.226634,2.15115
0.0987972,0.54686,0.67778,0.126326,0.219978,0.929211,0.0318978,0,0.0768369,0.810479,0,0.0514366,0.0823357,0.474638,1.48233,0.025541,0.704298,0.360793,0.0129863,1.63818,0.104189,0.518381,0.111736,2.08429
0.101284,0.508583,1.06317,0.0837295,0.241489,1.03794,0,0,0.0824221,0.638551,0,0.139462,0.0372365,0.45584,1.01442,0.0169287,1.2385,0.38838,0,1.36912,0.0406294,0.567784,0.0493565,2.08626
0.118844,0.470158,0.760421,0.0726698,0.622083,0.650323,0,0,0.0303795,0.356114,0,0.103853,0.0380486,0.254024,0.467211,0.229724,2.10961,0.288462,0.129046,0.127951,0.0149754,1.09844,0.198128,2.20444
0.236784,0.435059,0.236491,0.0644917,1.29584,0.609718,0,0,0,0,0,0.176194,0.0746324,0.181621,0.153722,0.705032,2.33838,0.275379,0.326883,0.0790066,0.000321276,0.610108,0.284727,2.22983
0.797368,0.355638,0.00616214,0.156268,2.39004,0.080258,0,0,0,0.116366,0,0.475009,0.221954,0.126204,0.047422,0.840749,2.03234,0.0662182,0.389817,0.0547033,0.0069918,0.676589,0.264317,2.0544
0,0,0,0.0172266,2.4528,0,0,0,0,0.214443,0.539874,0.400168,0,0.0236483,0,0.780793,1.67804,0.0269673,0.480708,0,0.0213949,0.6751,0.301979,2.1276
0.000618093,0.0251425,0,0.345812,1.62833,0.00323911,0.0127734,0.342147,0,0.551372,0.464033,0.041119,0.000122291,0.135988,0,0.86941,0.690135,0.0517522,0.568125,0.240188,0.0352776,0.890859,0.218734,2.48001
0.00206324,0.264706,0.510884,1.11836,0.146387,0.355326,0,0.114698,0.224034,1.31816,0.00478464,0.114922,0.251531,0.41842,0.636933,1.02122,0.030053,0.458352,0.498476,0.785658,0.360083,1.24986,0.0792075,2.32402
0.189214,0.0580876,0.735822,0.634583,0.125885,0.414215,0,0,0.577472,1.29151,0.0140368,0,0.287887,0.33901,0.91033,0.573901,0.0258439,0.564798,0.500314,0.908072,0.604031,1.05939,0.232372,2.2861
0.347961,0.48609,1.23275,0.707028,0.150956,0.405529,0,0,0.508047,1.15757,0.0102274,0,0.253229,0.30007,0.827536,0.343699,0.030991,0.557377,0.451903,0.903127,0.608975,0.875184,0.169492,2.35313
0.323999,0.775833,1.33291,0.549117,0.0937159,1.02238,0,0,0.237873,1.00002,0.0102962,0.00182544,0.0872648,0.292343,1.10666,0.27898,0.168632,0.457518,0.558401,0.917806,0.452961,0.678613,0.195934,2.39548
0.313826,0.588975,0.990772,0.198951,0.0636965,1.20335,0.37685,0,0,0.312298,0,0.142565,0.0845249,0.190933,2.15091,0.09466,0.741122,0.426886,0.410801,0.911503,0.00783729,0.439794,0.266901,2.06499
0.719808,0.806544,0.52745,0,0.0664827,0.668555,0.320049,0.663371,0,0,0,0.0255638,1.02769,0.300037,2.07014,0,0.655544,0.22364,0.201307,2.45197,0.0217842,0.0572068,0.382966,1.13608
1.1899,0.914903,0.159,0,0.0902626,0.0564884,0.246605,2.11353,0,0,0.450704,0,1.57936,0.285859,1.61786,0.00444719,0.732319,0.0118221,0.128629,2.77414,0.0262611,0,0.49196,0.305054
0.547376,0.75546,0.150661,0.0238582,0.0805328,0.0167121,0.316578,2.16253,0,0.349257,0.49045,0,1.6458,0.21489,1.53381,0.0191386,0.689372,0.00349758,0.155282,2.85034,0.0263982,0.082224,0.462558,0.0129435
0.222344,0.403524,0.0867204,0.0859013,0.131805,0,0.377737,1.78137,0.456684,0.0168434,0.554428,0,1.51995,0.114782,1.76728,0.0345619,0.567405,0,0.212253,2.38641,0.12774,0.00396536,0.416199,0
0.00125303,0,0.326321,0.122559,0.602942,0.0987617,0.216801,1.59968,0.411046,0.121463,0.511669,0,0.839628,0,1.87109,0.0389727,0.208058,0.0206693,0.261284,2.48109,0.113996,0.260266,0.593614,0
0.00217278,0,0.91347,0.612423,0.710305,0.172008,0.15165,1.44424,0,0.430856,0.648352,0,0.859603,0.156985,1.76287,0.196754,0.227164,0.0359986,0.429088,2.42411,0.0108761,0.528727,0.653373,0
0.00237721,0,1.43966,0.932329,0.341794,0.195564,0.0746319,1.54257,0,0.531385,0.561816,0.00439624,0.930318,0.287227,1.457,0.305282,0.138481,0.0409285,0.521119,2.48889,0,0.583247,0.591098,0.22219
0.00158257,0.32504,1.59773,0.829093,0.12762,0.148859,0.0544205,0.744681,0,0.190742,0,0.00584533,0.735512,0.577053,1.32226,0.267309,0.277288,0.0311539,0.541178,2.75573,0,0.305413,0.309027,0.45836
0.321589,0.579726,1.4691,0.583677,0.0366492,0.0988903,0.196227,0.516262,0.0100976,0,0,0,0.276692,0.506444,0.690886,0.188184,1.63407,0.0249958,0.0867415,2.28811,0.458129,0.419861,0.372894,0.494118
1.19016,0.711918,0.746089,0.313132,0.0312322,0.0811682,0.264781,0.442932,0.0101648,0,0.191158,0,0.96247,0.208738,0.363716,0.100957,1.86459,0.0382287,0.109742,1.70135,0.609848,0.191189,0.361277,0.342305
1.94294,0.787053,0.22876,0.206824,0.0781767,0.0129284,0,0.568976,0,0,0.488826,0.000190757,1.44884,0.281637,0.230404,0.0666825,1.93805,0.0161425,0,1.43108,0.693366,0.101262,0.353503,0.365994
1.56194,0.607144,0,0,0.108982,0,0.00411219,1.04445,0.0725717,0,0.671,0,1.52759,0.445747,0.190528,0,1.78078,0.00643394,0.0114859,1.6461,0.715721,0.0539732,0.304535,0.472697
1.69625,0.431264,0,0.241348,0.11279,0.0249377,0,0.547573,0,0.859265,0.324879,0.135999,1.48112,0.336452,0.308369,0.326667,1.09717,0.0146002,0.096905,1.88704,0.79599,0.472025,0.103699,0.719493
1.82799,0.147884,0,0.313576,0.126208,0.426925,0,0.424235,0,0.872588,0,0.426155,1.14437,0.11124,0.203395,0.414792,0.833909,0.210409,0.375132,2.14087,0.800353,0.627698,0,0.897848
1.59834,0,0.00605581,0.183789,0.190961,0.916376,0,0.390309,0.286597,0.770812,0,0.157565,0.808668,0.0636907,0.274217,0.228251,0.781678,0.444928,0.363711,2.2392,0.622984,0.689414,0.00398784,1.00721
1.5012,0,0.709598,0.181077,0.243829,0.864016,0.029001,0.296364,0.5362,0.451879,0,0.00788468,0.589561,0.128602,0.42358,0.0573287,0.916208,0.429094,0.496104,2.45203,0.525026,0.520203,0.0225556,1.07508
1.31469,0,1.36315,0.225279,0.219209,0.47964,0.133429,0.220158,0.657223,0.0816263,0,0.00225432,0.415617,0.0888895,0.978765,0.0726324,0.745406,0.262535,0.547694,2.70713,0.324374,0.367423,0.0383679,0.92719
1.02046,0.150789,1.2083,0.0480382,0.148584,0.381961,0.0951754,0.0182577,0.472324,0.0464428,0,0.155912,0.902801,0.477483,0.784604,0.0146101,0.228207,0.337578,0.145924,2.71704,0.232829,0.416988,0.0125381,0.749519
1.7147,0.0814083,0.475254,0,0,0.249453,0,0.269171,0.263106,0,0,0.451183,1.69209,0.677643,0.712935,0.00528885,0.000205367,0.288219,0.126137,2.68402,0.101674,0.0551324,0.153161,0.739164
2.09857,0.087677,0.312189,0,0,0.265611,0,0.336304,0.123501,0,0,0.529117,1.83213,0.679014,0.585483,0.0752071,0.00398759,0.382591,0.146705,2.53571,0.0392547,0.134277,0.245474,0.635244
2.22527,0.226382,0,0,0,0.306486,0,0.400616,0.0551174,0,0,0.49957,1.83693,0.677196,0.218928,0.0805068,0,0.561284,0.0460368,2.43932,0.0327779,0.412352,0.235037,0.532818
1.95049,0.246742,0,0,0.086247,0.307422,0,0.361834,0.202757,0.033092,0,0.309793,1.84201,0.657125,0.600279,0.0014494,0.0177063,0.548022,0,2.28477,0.12369,0.723184,0.208983,0.241765
0.859189,0.0108646,0.200446,0.176416,0.291281,0.513411,0,0.207706,0.357139,0.128497,0.00260064,0.35106,1.16642,0.335248,0.957603,0.0568786,0.0796906,0.316703,0.126659,2.61247,0.193181,0.704953,0.156673,0.82337
0.0778255,0.314302,0.757556,0.563162,0.500333,0.412366,0,0.157861,0.50057,0.480913,0,0.0244951,0.72365,0.38292,1.28911,0.202067,0.293886,0.175752,0.226448,2.47072,0.262784,0.733652,0.036392,1.22444
0.00141043,0.397439,1.44702,0.59814,0.16787,0.355226,0.078711,0.113825,0.470311,0.491049,0,0.348363,0.267832,0.290208,1.2882,0.326635,0.340481,0.379222,0.380362,2.28747,0.348745,0.576415,0.00499688,1.73577
0,0.582683,1.50138,0.374423,0.0774764,0.384221,0.113013,0.153015,0.32483,0.412002,0,0.640055,0,0.235278,0.973599,0.304256,0.572119,0.469027,0.434921,2.24949,0.242539,0.53689,0.000173607,1.96127
0.170312,0.748801,1.01645,0.240007,0.0508667,0.168733,0.149882,0.477693,0.0297801,0,0,0.515891,0.0759592,0.234904,0.351266,0.144867,2.09044,0.10367,0.109048,1.8851,0.044945,0.678928,0.120683,1.34689
1.63951,0.762248,0.351832,0.0738121,0.00954933,0.115596,0.175806,0.436397,0,0,0,0.0313698,1.14578,0.221604,0.18853,0.0237979,2.33212,0.0309022,0.037657,1.54432,0.030412,0.715149,0.205924,0.923586
1.95326,0.758606,0,0,0,0.105158,0.159086,0.634883,0,0,0,0.0313756,1.21997,0.276138,0.141152,0,2.50789,0.0259049,0.0340756,1.4226,0.127549,0.659992,0.159874,0.910518
2.25603,0.676468,0,0,0.0218707,0.0163558,0.055558,0.541156,0,0,0,0,1.1902,0.633722,0.191578,0,2.46856,0.00342302,0.022619,1.21026,0.173495,0.477977,0.12647,0.793482
1.79517,0.47166,0,0.577464,0.119925,0.49202,0,0.416027,0.123661,0.436653,0,0.0041496,0.763976,0.676628,0.215429,0.220645,2.21373,0.176393,0,1.43736,0.279601,0.39914,0.0418901,0.857604
0.202485,0,0.59507,1.1581,0.278228,0.2914,0.101387,0.0528133,0.362562,1.05566,0.454127,0,0.571691,0.270562,0.833743,0.373385,1.92109,0.0657538,0.0734799,1.69624,0.340487,0.758536,0.280719,1.10136
0.0025293,0,0.986512,0.729112,0.277723,0.213954,0.0554447,0.10439,0.50214,1.19221,0.0364868,0,0.493742,0.161209,0.922036,0.225895,1.50323,0.0954201,0.14747,2.18577,0.330197,0.88624,0.0225524,1.1498
0.00198611,0,1.40682,0.869596,0.177215,0.18525,0.0468403,0.246139,0.529582,0.778924,0,0.000339297,0.387707,0.220649,0.992907,0.277239,1.11287,0.121457,0.248424,2.61015,0.29961,0.651149,0.00695252,0.972245
0.117289,0.535079,1.36297,0.957121,0.141474,0.134754,0,0.289475,0.194358,0.195697,0,0.14161,0.232829,0.261663,1.24306,0.31944,0.837368,0.080566,0.490638,2.66324,0.113128,0.845147,0.076239,0.57073
0.619429,0.57384,1.00085,0.855942,0.40981,0.0577286,0.0229302,0.227274,0,0.403982,0,0.161328,0.202126,0.163228,1.19653,0.289162,1.97842,0.0250366,0.593975,1.61206,0.00964533,1.13881,0.353723,0.11372
0.963293,0.335746,0.422863,0.719976,0.582601,0.0420275,0.185075,0,0,0.901898,0,0.0478671,0.4397,0.0955028,1.57098,0.237448,1.93293,0.0343043,0.569101,0.285325,0.0195389,2.07277,0.309671,0.0339815
0.605267,0,0.0751382,0.479228,0.543796,0.00755826,0,0,0.513294,1.58528,0,0,0.330742,0,1.75999,0.162675,1.52321,0.0521635,0.474445,0,0.221632,2.44481,0.200708,0.101002
0,0,0,0,1.12326,0,0,0,0.33159,2.1742,0.088239,0,0.271274,0,1.74152,0.0156182,1.24452,0.0172432,0.48582,0.0063954,0.107276,2.55017,0.109785,0.140882
0.000315572,0,0.157019,0.307668,0.806317,0.139984,0,0,0.228104,2.16408,0.0993413,0,0.252213,0,1.74496,0.115852,1.30148,0.0523798,0.4765,0.478913,0.0864127,2.41529,0.0309689,0.00535775
0.00142731,0,0.446146,0.735126,1.25082,0.0163974,0,0,0.184155,1.68603,0.143796,0,0.253646,0.0101019,2.00712,0.239889,1.21706,0.00613564,0.414191,0.925466,0.0727417,2.13201,0.265159,0
0.00214438,0.0428854,1.11596,0.658232,0.817025,0.0672857,0,0,0.212921,1.35455,0.0121345,0,0.118039,0.295732,2.30608,0.203887,0.845255,0.0251773,0.446131,1.12776,0.0719777,1.81034,0.200881,0.0128718
0.00281515,0.211181,1.86844,0.491929,0.172944,0,0,0,0,0.848364,0.0100108,0.0184357,0.153371,0.54302,2.47844,0.151448,0.117766,0,0.590685,1.15517,0.0111203,1.53382,0.165724,0.196685
0.00129746,0.607897,2.30424,0.159057,0.0225181,0.252587,0.0876644,0,0.231149,0.802029,0.00115754,0,0.119239,0.633019,2.45124,0.0782856,0.00462291,0.164714,0.637152,1.2388,0.114687,1.85657,0.0293838,0.00343589
0.0283416,0.67885,2.32296,0,0,0.161091,0.113949,0,0.23598,0.336537,0,0,0.120254,0.481844,1.77618,0.1516,0.181141,0.142594,0.0529503,2.36061,0.118672,1.78744,0.164986,0.118819
0.0278632,0.600333,2.43521,0,0.0326826,0.0729294,0,0,0,0.391242,0,0,0.0727958,0.170764,1.9634,0.137239,0.271646,0.0548675,0,2.88784,0.00771014,1.19265,0.209358,0.203931
0.357574,0.183263,2.42229,0,0.0764035,0.0593179,0,0,0.358977,0.11828,0.579092,0,0.121177,0.0742905,2.31046,0.00505919,0.226847,0.0532996,0,2.75341,0.0951982,1.06199,0.368124,0.283211
0.0882829,0.248859,1.52409,0.731434,0.0971647,0.072158,0,0,0.511547,0.293425,0.338394,0,0.0822075,0.13396,1.69366,0.262363,0.152833,0.0611991,0,2.28466,0.139605,1.68442,0.378039,0.390443
0.0663945,0.573969,0.924724,0.969894,0.0965683,0.0670491,0.00748243,0.000646971,0.363065,1.25732,0.331566,0,0.121807,0.40723,1.6136,0.312705,0.0198252,0.082421,0.291926,1.7947,0.112431,1.8904,0.352526,0.436747
0.00271193,0.839105,0.187917,1.24823,0.0893634,0.051831,0.13269,0.0995456,0.24205,1.44385,0.0277919,0.00443357,0.592759,0.428542,1.76917,0.403533,0.0183461,0.0690691,0.493134,1.18514,0.134882,2.15522,0.125125,0.317096
0.00381089,0.489639,0.382858,0.802435,0.125922,0.0630535,0.144772,0.109208,0.264482,1.3057,0,0.00631228,0.584139,0.486929,1.79371,0.267284,0.128385,0.0632268,0.572214,1.04042,0.160735,2.1895,0.0880558,0.370182
0.00348241,0.392972,0.801437,0.550649,0.157016,0.110893,0,0,0.53084,0.563312,0,0.00820204,0.48465,0.56423,1.89565,0.177535,0.526552,0.0637735,0.450228,0.939561,0.316665,2.21498,0.0113635,0.36815
0.00908597,0.439143,1.02881,0.266512,0.539824,0.202328,0.0694467,0,0.479038,0.265619,0,0.134668,0.280219,0.460239,1.49877,0.0859264,0.973307,0.148896,0.252904,0.691544,0.247921,2.67104,0.0141914,0.15203
0.0748158,0.473672,1.62439,0.132311,0,0.236795,0.113403,0,0.471304,0.129699,0,0.432007,0.0201506,0.458315,1.38346,0.0602398,0.632924,0.168136,0.382845,0.0738537,0.264618,2.68527,0.0217971,0.202953
0,0.248651,1.94133,0.194319,0,0.158543,0.143729,0,0.386619,0.155599,0,0.500204,0,0.552013,1.918,0.0626505,0.51428,0.0331807,0.471657,0.135099,0.222797,2.46738,0.0936172,0.169032
0,0.15068,2.17018,0,0.0369707,0.122633,0.145551,0.374269,0.00560107,0.152836,0.125409,0.353203,0,0.433625,1.82424,0.0156328,0.567094,0.0256653,0.431108,0.246785,0.0385722,2.31505,0.19196,0.138284
0,0.434905,2.34604,0.00503187,0.0406002,0.120863,0.171215,0.107663,0,0.138939,0.0044418,0,0,0.494784,2.08399,0.023581,0.478844,0.052535,0.260674,0.245652,0.0363878,2.15116,0.196424,0.096239
0.00220827,0.560873,1.34696,0,0.114756,0.100274,0,0.217449,0,1.00335,0.329472,0,0.431074,0.522457,1.96071,0.00413573,0.346975,0.0813733,0.118228,0.589741,0.0313022,2.39247,0.414584,0.100121
0.00336056,0.237635,0.443901,0,0.324574,0.206116,0,0,0.0130554,1.03125,0.542859,0.00181899,0.533212,0.532935,1.66053,0,0.47582,0.0906888,0.161513,1.0947,0.0372103,2.25014,0.585895,0.0774779
0.086577,0.587782,0.733515,0.100429,0.401894,0.11794,0.392776,0,0,0.943074,0.211195,0.00223574,0.551481,0.469062,1.66119,0.0203051,0.555919,0.0543611,0.334277,1.23969,0.0298722,1.96403,0.364113,0.099882
0.00162452,0.64433,1.15314,0.0627035,0.426695,0.186268,0.608233,0.0375389,0,0.6098,0.309633,0.00197201,0.317122,0.370533,1.76734,0.0126776,0.655933,0.144045,0.430525,1.18148,0.0101383,2.06192,0.374245,0.101112
0.000475649,0.503642,1.31321,0.181269,0.227427,0.210225,0.483495,0.170782,0,0.228757,0.378643,0.00156076,0.092851,0.381156,1.46092,0.339953,0.361361,0.20419,0.297715,0.659809,0.0028778,2.52163,0.348275,0.185335
0,0.344528,1.94653,0.0821708,0.0203729,0.106589,0.419245,0.226249,0,0.348464,0.22575,0,0.0111196,0.404614,1.36104,0.655032,0.0192112,0.0983398,0.586055,0.164926,0.0145415,2.30435,0.33484,0.582544
0,0.207948,2.32989,0.0476509,0,0.0146318,0.313962,0,0,0.138672,0.160228,0.0164517,0.0120452,0.529566,1.07111,0.823968,0.00416371,0.00306221,0.606426,0.0185932,0.0168566,2.05519,0.270878,1.36965
0,0.118144,2.14216,0.224502,0,0.00751023,0,0,0,0.183397,0.102822,0.0680844,0.00488044,0.367325,0.859832,0.810249,0,0.00157178,0.62889,0,0.0219887,2.08738,0.151188,1.73718
0,0.215663,2.03798,0.0214947,0,0.0263878,0.211235,0.133228,0,0.723973,0.0517677,0.0314506,0,0.192297,0.91249,0.678352,0,0.00552255,0.779209,0.0293265,0.0285932,1.99469,0.107587,1.97143
0.00218633,0.293666,1.35283,0.128968,0.648068,0,0.225466,0,0,1.42773,0.776407,0.0355079,0.00043257,0.131851,1.44514,0.729793,0.224389,0.0595248,0.412845,0.371684,0.161755,1.65552,0.396073,2.33392
0.00254221,0.0116706,1.12619,0.40786,0.996817,0.108266,0.0246255,0.0929446,0.132474,1.20529,1.03429,0.17246,0.000502982,0.22668,1.59127,0.574098,0.345141,0.130853,0.467087,0.885273,0.380268,1.26917,0.63929,1.83639
0.00330303,0.0120307,1.27294,0.776429,0.888616,0.0936596,0.0446953,0,0,1.09474,0.865532,0.0514463,0.0488992,0.333767,1.95681,0.616178,0.307677,0.132535,0.589212,0.889295,0.346274,1.32347,0.534983,1.09547
0.00341021,0.131331,1.54346,0.983077,0.412402,0.0371897,0.0518115,0,0,0.836281,0.565898,0.0327653,0.130986,0.420444,1.98525,0.636112,0.142791,0.0885557,0.679791,0.915604,0.355715,1.29955,0.34978,0.729735
0.00260323,0.423227,1.48196,0.984676,0.0616588,0.0635342,0.388775,0,0,0.338763,0.248466,0.0247761,0.23288,0.398822,1.19303,0.418573,0.541321,0.0252927,0.783255,0.792388,0.0791945,1.29155,0.260496,1.39928
0.289705,0.591732,0.644329,0.805271,0.755417,0.0526861,0.117474,0,0,0.0412364,0.21601,0.391316,0.744291,0.167719,0.358435,0.26934,2.23658,0.0110264,0.353273,0.81361,0.0290141,0.863455,0.421968,1.84718
0.608843,0.699872,0.0583062,0.600412,2.02464,0.00256549,0,0,0,0,0.62222,0.460495,1.06714,0.217922,0.0176082,0.200982,2.78633,0.000536917,0.0261421,0.896961,0.0343985,0.376956,0.459548,1.4995
0.00139141,0.0701964,0,0.217301,2.60962,0,0,0,0,0.06142,0.845856,0.284063,0.882891,0.0332566,0,0.0876445,2.88356,0,0.0241197,0.985909,0.0666877,0.34097,0.549717,1.37069
0.00203075,0,0.00236196,0.0826389,2.61638,0,0.0407864,0.161183,0.00497847,0,0.733286,0.57015,0.919918,0.00977919,0.040924,0.0263683,2.59697,0.0289947,0.061118,1.19876,0.0590435,0.30055,0.504125,1.44199
0.0838923,0.00509078,0.0567653,0.105756,2.18639,0,0,0.0729093,0.285394,0.510196,0.752635,0.0355479,0.883982,0.0975547,0.0613511,0.0269571,2.1105,0.0461258,0.104535,1.65852,0.129382,0.446904,0.485858,1.41827
0.127619,0.00657847,0.338743,0.106542,0.63732,0.386608,0,0,0.273285,0.923047,0.0816838,0.044172,0.81336,0.0650604,0.356443,0.0263353,1.68959,0.543202,0.0557691,1.78566,0.127446,0.398974,0.362775,1.76235
0.02559,0.529563,0.823803,0.10743,0.653965,0.934605,0,0,0,0.918794,0,0.0409089,0.821747,0.150634,0.475635,0.0773388,1.70064,0.72855,0.0917596,1.71815,0.13175,0.401433,0.306943,1.63216
0.0158095,0.645902,1.30541,0.3676,0.154975,1.04251,0,0,0,1.11657,0.0273471,0.0411843,0.624943,0.183726,0.868846,0.192026,1.65791,0.719898,0.086462,1.62087,0.0709681,0.493578,0.328169,1.64501
0.079109,0.634568,1.21778,0.468544,0.0230319,0.422023,0.100717,0,0,0.864743,0.12039,0.0261863,0.238125,0.300699,0.519655,0.151064,2.50999,0.704952,0.117232,0.458429,0.312071,1.26421,0.560024,1.04501
0.138889,0.685715,0.85825,0.258332,0.499052,0,0.149533,0,0,0.847343,0.170924,0,0.780151,0.263872,0.388497,0.0832891,3.08062,0.0650417,0.109898,0,0.434141,1.16335,0.512556,0.000251505
0.622655,0.404911,0.665942,0.0474527,0.365834,0.0131244,0.108318,0,0.116115,1.35992,0.160101,0,0.436842,0.347136,0.351368,0.0152993,2.71474,0.0953559,0.0729593,0,0.531947,1.32895,0.454824,0.168817
0.70773,0,0.167065,0.0120941,0.300206,0.0541708,0.0304982,0,0.472446,1.03161,0.384997,0,0.199847,0.64075,0.233357,0.00244522,2.63148,0.058239,0.016866,0,0.679544,1.75292,0.458703,0.240907
0,0,0.36155,0,0,0.128419,0.0193044,0,0.614947,0.917263,0.395217,0.47866,0,0.761607,0.611589,0.0124737,2.43356,0.220821,0.00467756,0.0190987,0.680301,1.93229,0.267246,0.294872
0,0,0.750795,0,0.420468,0.150029,0,0,0.734317,0.879219,0.6278,0.597911,0,0.854293,0.946339,0.00430139,1.94445,0.294331,0.386079,0.440484,0.853146,1.54724,0.169902,0.594604
0,0,1.13658,0.261149,0.726733,0.520867,0,0.00588279,0.877665,0.88046,0.0959808,0.624182,0,0.685745,1.16004,0.181672,1.68672,0.460553,0.366372,0.798517,0.769023,1.2859,0.0458129,0.780997
0,0,1.68912,0.695804,0.508268,0.657847,0.0945018,0,0.935197,0.669466,0,0.293691,0.0176652,0.262707,1.61838,0.296925,1.4576,0.360652,0.37199,1.13383,0.822867,0.909726,0,0.867926
0.476285,0.334339,1.7607,0.601718,0.040028,0.112381,0.160052,0,0.618182,0.452929,0,0.113463,0.170315,0.112451,1.74293,0.201158,1.14552,0.179896,0.401104,2.15557,0.305482,0.461699,0,0.771493
0.659817,0.464305,1.6577,0.365725,0.0899064,0.0818292,0.543041,0,0,0.40957,0,0.00191709,0.480979,0.132071,1.1838,0.117914,1.04653,0.0951927,0.216158,2.633,0.000219627,0.218474,0.00338755,0.64555
0.8176,0.225844,1.22428,0.184065,0.70366,0.0474671,0.393642,0,0.079025,0.559538,0.162034,0,1.17929,0.235052,0.700219,0.47565,1.67168,0.198474,0.160261,2.25081,0.0498259,0.316274,0.104625,0.55397
0.553103,0,1.0701,0,0.572083,0.0750688,0.0127429,0,0.252269,1.80147,0.0220836,0.187755,1.15654,0.309318,0.40931,0.493554,1.43882,0.248118,0.0342645,2.00368,0.0754226,0.89634,0.0172827,0.604517
0.0831445,0,0.556139,0.00308861,0.521999,0.06575,0,0,0.395178,2.20506,0,0.143115,0.838191,0.697151,0.236131,0.0504718,1.25605,0.293137,0,1.78656,0.117832,1.15763,0.144961,0.649966
0.000869943,0,0.292648,0,0.972073,0,0,0,0.350301,2.30737,0.153341,0,0.374857,0.558817,0.45219,0,1.21889,0.389022,0,1.51309,0.110415,1.35862,0.204587,0.633361
0.00221587,0,0,0.0952922,1.59732,0.0770413,0,0,0.3195,2.09719,0.200994,0,0.432557,0.28507,1.06581,0.0257104,1.28295,0.123679,0,1.5413,0.107995,1.23386,0.353925,0.976078
0.00216639,0,0.415063,0.60704,1.46044,0.475825,0,0,0.136564,1.94189,0.00224055,0,0.422898,0.342971,1.44103,0.188574,1.24078,0.21434,0.0826645,1.39902,0.194547,0.874502,0.0803996,1.19209
0.181927,0.282941,1.19254,0.641917,0.82118,0.237504,0,0.00110272,0,1.71629,0,0,0.42954,0.370891,1.28111,0.286964,0.870374,0.0875092,0.282187,1.19693,0.094306,0.968985,0.0339116,1.3459
0.346105,0.492498,1.48037,0.557578,0.483563,0.0926226,0.203331,0,0.0472835,1.54554,0,0.00206933,0.138123,0.193051,0.923102,0.360715,1.32223,0.1226,0.509482,0.653525,0.0233081,1.29255,0.0176272,1.31785
0.322046,0.489068,1.53508,0.350124,0.137764,0.0429981,0.264047,0,0.338272,0.633884,0.387631,0,0.109785,0.139115,0.619401,0.244862,2.17379,0.109403,0.489361,0,0.241034,1.17038,0.251322,1.27124
0.375497,0.477456,1.07331,0.00963916,0.752485,0,0.181144,0,0.44752,0.921347,0.319569,0,0.189659,0.135812,0.633444,0.0100007,2.78083,0.0221768,0.330666,0,0.494061,1.62274,0.389296,0.875133
0.104963,0.475258,0.849298,0,0.68108,0,0,0,0.427045,1.6652,0,0,0.0348123,0.135187,0.579687,0,2.86052,0.0102153,0.207984,0.000242755,0.590531,1.66092,0.199115,0.901278
0,0,0.535501,0,0.709039,0.0131914,0,0,0.434922,1.77518,0,0,0,0,0.416999,0,3.00285,0.0298795,0.164383,0.000730228,0.67845,1.69258,0.155264,1.00783
0,0.00106014,0.0185078,0.09631,0.814397,0.349378,0,0,0.348631,1.24771,0.132278,0.221053,0.00730722,0.279302,0.350717,0.0307354,2.74494,0.130732,0.18174,0,0.616354,1.25378,0.476974,1.28299
0,0.00817972,0.0161877,0.945287,1.12776,1.19277,0,0,0.374741,0.872289,0.288605,0.316862,0,0.188673,0.664634,0.3023,1.98114,0.469812,0.338779,0.0455799,0.505069,1.57486,0.119622,1.52214
1.85161e-05,0.0115147,0.395744,0.962141,0.668718,1.18679,0,0,0.14818,1.01523,0,0.00721873,0.00361451,0.00228433,1.21763,0.297731,1.84728,0.501853,0.387801,0.302252,0.720627,1.48324,0.000153828,1.50967
0.000924434,0.251578,1.14712,1.20626,0.446321,0.928162,0,0,0,1.5138,0.166428,0.00642002,0.0326457,0.0704482,1.44662,0.388912,1.8961,0.430489,0.465927,0.452765,0.760553,1.27628,0.102869,1.3111
0.00162466,0.37345,1.46178,0.720329,0,0.529369,0.00781672,0,0,1.59142,0.122742,0.00662026,0.0190451,0.105429,1.59116,0.232242,1.91198,0.492423,0.583379,0.651999,0.609138,1.25055,0.0758663,1.02586
0.226766,0.252116,1.66654,0.14781,0,0.358021,0.232311,0,0.00708704,1.07369,0,0.23726,0.0610764,0.0712678,2.00691,0.0567323,1.65514,0.559216,0.419266,1.63968,0.043859,0.705963,0.233207,0.735063
0.182201,0.307716,1.68339,0,0,0.00664599,0.260391,0.456508,0.102587,0,0,0.496349,0.0490735,0.308472,2.36704,0.00207963,0.78841,0.029815,0.352479,2.83081,0.256836,0,0.250026,0.981291
0,0.0813625,1.47584,0,0,0,0.209204,0.940331,0.299708,0,0.0255504,0.535871,0,0.387472,2.24024,0.00905275,0.521354,0.029594,0.372156,3.00123,0.141137,0,0.230856,0.614976
0,0,1.28528,0,0,0,0.103876,1.68736,0.355129,0,0,0.0214226,0.0253763,0.662162,1.99122,0.0166542,0.273471,0.0338926,0.283123,3.02933,0.0878825,0,0.177672,0.303749
0,0,0.877724,0,0.00103322,0,0.0846981,1.17995,0.453388,0,0.0937482,0,0.174396,0.67387,2.0247,0.013891,0.000357744,0.189345,0.0846022,2.78651,0.120464,0,0.281771,0.608007
0.0819123,0,0,0.223841,0.587344,0,0.146499,0.419305,0.675063,0.225885,0.220688,0,0.022062,0.0389667,1.71247,0.0721689,0.203364,0.155492,0.0313795,2.65344,0.187244,0.731266,0.455856,1.43368
0.0942315,0.0765496,0.123022,0.686797,0.952316,0.188463,0.183922,0.264825,0.669089,0.308275,0.0158036,0,0.02538,0.0505473,1.37895,0.217502,0.329733,0.233021,0.0393954,2.50545,0.175619,0.706994,0.189478,1.83392
0.31707,0.497089,0.833425,1.35353,0.712128,0.403787,0.262556,0,0.647877,0.324435,0,0,0.0853987,0.211048,1.08703,0.436393,0.288044,0.329331,0.0861988,2.28125,0.323052,0.515144,0.0121971,2.06405
0.315158,0.62593,1.15525,0.710535,0.142954,0.251403,0,0,0.531779,0.364758,0,0.0117292,0.0848836,0.412865,0.871291,0.238938,0.147777,0.393639,0.0908708,2.34421,0.263198,0.409201,0.0338534,2.35991
0.374919,0.621968,1.16916,0.411933,0.251802,0.192645,0,0,0.20229,0,0,0.0492484,0.102324,0.176918,0.650201,0.179223,0.586993,0.395464,0.011229,2.85294,0.104127,0,0.171388,2.19959
0.398434,0.682169,0.655052,0.406113,0.716892,0.01813,0.146233,0,0,0,0,0.439027,0.107313,0.194043,0.50443,0.160133,1.27058,0.108308,0.0729063,2.93739,0.00775597,0,0.185451,1.84725
0.267272,0.547117,0.0104191,1.02237,0.4885,0.380848,0.0459553,0.336771,0,0.247435,0,0.683344,0.0719862,0.155103,0.333893,0.329624,0.974879,0.238189,0.0262815,2.84484,0.0136392,0.0582525,0.211802,1.75115
0,0,0,0.316469,1.81395,0.777523,0.157658,0,0,0.438553,0,0.459201,0,0,0.367225,0.0982437,1.61332,0.377137,0.0423127,2.74303,0.028086,0.103246,0.200402,1.4147
0.016523,0,0.0973355,0.192265,1.99115,0.667823,0.204166,0.0381656,0.218124,0.0140245,0.258209,0.0293368,0.0259701,0,0.540271,0.0619885,1.53805,0.341858,0.155626,2.52304,0.0870858,0.016585,0.215561,2.06491
0.235681,0.00529617,0.279786,0.0400335,1.35783,0.126112,0.190241,0.245866,0.199603,0.292964,0.607795,0.0292101,0.397562,0.00105068,0.457184,0.0541855,0.871696,0.127383,0.254845,2.18906,0.103942,0.464123,0.375677,2.44041
0.00056166,0.0133591,0.362521,0.228417,0.863004,0.0783316,0.23036,0.176322,0.016771,0.78373,0.53585,0.0371891,0.438718,0.0418561,0.550748,0.118455,0.564253,0.102157,0.333736,1.91215,0.17362,0.836166,0.331208,2.47321
0.000995116,0.19143,0.745299,0.491759,0.522114,0.145554,0.544862,0,0,0.966636,0.246358,0.0426064,0.341746,0.180545,1.01583,0.158549,0.846384,0.160089,0.568392,1.23921,0,1.72857,0.152273,2.33627
0.145963,0.376945,1.02149,0.885976,0.118972,0.171336,0.874429,0,0,0.42396,0,0.295466,0.07271,0.379452,1.15038,0.285649,0.914678,0.200396,0.486936,0.316191,0,2.60377,0.00966073,1.55174
0.226061,0.65817,0.703895,0.833456,0.131368,0.186794,0.768537,0,0,0.10922,0,0.110645,0.0710382,0.479232,0.64525,0.268716,1.0959,0.336513,0.31692,0.0267967,0.0247468,2.44186,0.0247603,1.4576
0.142724,0.825413,0.00691244,0.510907,1.23805,0.0511765,0.207329,0,0,0,0.0749377,0.218898,0.0965097,0.607775,0.110362,0.157888,2.28481,0.0191495,0.0845542,0.01393,0.0291615,2.01149,0.193677,1.5773
0.0420841,0.391935,0.000430323,0.0670746,2.15959,0.0754283,0,0,0,0.351768,0.286743,0.19339,0.0575067,0.467686,0.0154115,0.0424413,2.29716,0.0282241,0.00165208,0.00471787,0.030161,1.59145,0.329758,1.44765
0,0,0,0.063971,2.41386,0.103528,0,0,0.127635,0.474279,0.0826996,0.532128,0,0.206566,0.02504,0.0466766,2.03327,0.0480346,0.146467,0.320687,0.0613758,1.3215,0.297098,1.67759
0,0,0,0.110932,1.99975,0.0660175,0,0.201997,0.155307,0.630147,0.165132,0.351302,0,0.278151,0.444395,0.0224286,0.711781,0.0459717,0.302005,1.28675,0.105601,0.914737,0.338845,1.91757
0.000104355,0,0.306258,0.161016,0.923751,0.322086,0.0444001,0.0233165,0.5551,0.621366,0,0.301384,2.06469e-05,0.440702,1.05198,0.0325548,0.384822,0.171589,0.329964,1.4725,0.2902,0.444565,0.258984,2.11177
0.0959698,0,0.542644,0.113066,0.307899,0.86852,0,0,0.593154,0.714056,0,0.0508762,0.0258482,0.478934,1.36098,0.02286,0.24685,0.325522,0.319262,1.44448,0.299058,0.654212,0.267462,2.10681
0.154838,0.032323,0.992726,0.00168414,0.409853,1.13329,0,0,0.199792,0.412344,0,0.173056,0.0416839,0.487802,1.14997,0.0022795,0.450277,0.409431,0.284875,1.22986,0.0984863,1.21195,0.162169,1.99217
0.191893,0.0230911,0.858643,0,0.700665,1.01688,0.0261028,0,0.0543075,0.34249,0,0.300332,0.0516693,0.36099,0.500741,0,1.25717,0.359517,0.131076,0.649424,0.0267705,1.68272,0.00188297,1.92792
0.275037,0.158331,0.562258,0,0.782177,0.783174,0.0564862,0,0.0954542,0,0,0.291154,0.0740775,0.0904936,0.167841,0.342506,1.63053,0.420262,0.938715,0,0.0470535,1.32901,0.0479656,2.66174
0.42929,0.692917,0.412531,0.131613,1.67267,0.0787988,0.0179883,0,0.110346,0.0835524,0,0.239897,0.115624,0.203605,0.124583,0.822814,1.79788,0.125212,1.05536,0,0.0591266,0.645176,0.137017,2.66403
0.19414,0,0,0.259625,2.14835,0.0350715,0,0,0,0.192518,0.324167,0.630871,0.052289,0.00728948,0,0.900551,1.74516,0.108591,1.02343,0,0.0158799,0.436064,0.223666,2.67437
0,0,0,0.239431,2.0247,0,0,0.168043,0.195485,0.494356,0.469177,0.0434631,0,0.0471921,0,0.889507,1.38888,0.0946775,0.851555,0.0369898,0.0731351,0.56469,0.197984,2.70109
0,0.188141,0.138369,0.896084,0.895555,0.261239,0,0.29323,0,0.957296,0.296568,0.0430578,0,0.243757,0.140684,1.14958,0.287169,0.30454,0.672244,0.0645462,0.0337823,0.800697,0.0726832,3.0304
0.0945473,0.0103733,0.706417,1.07264,0.316873,0.31904,0.0297811,0,0.276502,1.1691,0.0107467,0.032277,0.0254651,0.100617,0.765268,0.80639,0.0901536,0.461868,0.686562,0.137431,0.22799,0.946779,0.177906,2.88243
0.157435,0.00776636,0.716091,0.888548,0.255603,0.31194,0,0,0.417906,1.3675,0.0201198,0.00339177,0.0423726,0.1067,0.83935,0.676665,0.11581,0.521531,0.847281,0.232542,0.346369,1.08152,0.333074,2.44865
0.0981427,0.290314,1.2403,1.06798,0.363914,0.450858,0.00846944,0,0.116099,1.21629,0.0162163,0.00089045,0.0560267,0.117305,0.82641,0.617976,0.257797,0.446149,0.841478,0.285957,0.26278,0.980233,0.268453,2.41763
0.00142002,0.64304,1.19885,0.763829,0.111407,0.971669,0.0707074,0,0,0.554813,0.00902375,0.00418539,0.0290899,0.182244,1.56431,0.359115,0.826767,0.363223,0.568467,0.618431,0.00571671,0.527095,0.195331,2.15235
0.10283,0.74353,0.757931,0.413153,0.172897,0.859439,0.452455,0.363813,0,0,0,0.00521419,0.749233,0.214034,1.61689,0.133205,1.23384,0.30166,0.206346,2.43513,0.00792481,0,0.286044,1.0214
0.705235,1.07142,0.185685,0.308558,0,0.347997,0.106082,1.28307,0,0,0,0.0599957,1.63309,0.331109,1.30919,0.0994825,0.966134,0.130215,0.0513167,2.82392,0.0175443,0,0.291487,0.190588
0.28023,0.942668,0.167766,0.0331404,0,0,0,2.38025,0,0.462546,0.281437,0,1.84507,0.268141,1.21353,0.00670045,0.919571,0,0.000455192,2.99831,0.0239215,0.108895,0.356366,0.00356921
0.12415,0.67629,0.0229032,0.0599598,0,0,0,2.2718,0.278418,0.394177,0.0741929,0,1.79573,0.19237,1.30358,0.0175353,0.7882,0,0.000367335,2.93215,0.0889109,0.0927991,0.319516,0.000202769
0.288147,0.19072,0.164581,0.134047,0.0117859,0,0.123278,2.30229,0.490909,0,0,0,1.83702,0.180136,1.48034,0.0319311,0.444737,0.010243,0.0312576,2.47083,0.133491,0,0.28461,7.3428e-05
0.00712295,0,0.770841,0.153823,0.579225,0.156347,0.179767,1.32956,0.0736197,0.287602,0.29396,0,1.90072,0,1.87454,0.0323706,0.442921,0.0334284,0.281191,2.02454,0.0605792,0.273959,0.325069,2.01714e-05
0.00682011,0,0.930946,0.487306,0.227954,0.183485,0.059035,1.12611,0,0.661705,0.25347,0,1.83778,0.0533215,1.73677,0.145942,0.160828,0.0431605,0.35016,1.9993,0.0397784,0.652703,0.20121,0.24028
0.00601041,0.243552,1.37581,0.838789,0.152291,0.167386,0.00563045,0.589481,0,0.565649,0,0,1.63621,0.256751,1.18641,0.268174,0.230103,0.0451402,0.439598,2.38857,0.0156419,0.732525,0.0507134,0.400186
0.390999,0.496508,1.40354,0.719845,0.0621203,0.106621,0.0174686,0.456843,0,0.0161676,0,0,1.32338,0.445458,0.547639,0.232086,1.10328,0.0223142,0.308699,2.57536,0.071316,0.331022,0.161176,0.144178
0.929884,0.629365,0.902118,0.495163,0.00797731,0.0679678,0.333446,0.449687,0,0,0.0458127,0,1.23162,0.30319,0.329148,0.159646,2.35572,0.0307724,0.224206,1.7273,0.398535,0.229346,0.341052,0.000364015
1.51627,0.671083,0.47255,0.274124,0,0.0363716,0.210531,0.39299,0,0.0773741,0.13028,0.0312232,1.22702,0.566164,0.189838,0.0883806,2.62378,0.0332451,0.155869,1.50952,0.423397,0.166944,0.344639,0.169422
1.21582,0.320456,0,0.0547906,0,0.0750521,0.0367738,0.465205,0,0.399834,0,0.733917,0.883578,0.620431,0.0699748,0.0110778,2.69388,0.0552026,0.0677019,1.31029,0.469953,0.270582,0.274088,0.584935
1.28657,0.310505,0.264152,0.0524269,0,0.0585782,0.0610103,0.402849,0,0.0897843,0,0.739321,0.546458,0.812132,0.170277,0.0105999,2.63713,0.0229365,0.0444367,1.55526,0.505208,0.126371,0.167781,0.780956
1.64665,0.444532,0.179645,0.0219272,0.0620706,0.0785231,0.111125,0.381472,0,0.434153,0.000589107,0.355889,0.538996,0.725286,0.0796018,0.0596315,1.75404,0.0371637,0.342132,2.13393,0.68836,0.248732,0.0221861,0.919455
1.25459,0.148475,0,0.141011,0.615979,0.0994581,0.194631,0.376147,0.366931,0.543244,0.0588837,0.00312135,0.467524,0.276843,0.049194,0.302729,1.12417,0.093956,0.376622,2.55995,0.709412,0.444744,0.112194,1.27938
0.812329,0.325703,0.11032,0.70222,0.651038,0.084795,0.199678,0.439849,0.516735,0.540768,0,0.00489581,0.480355,0.264456,0.419749,0.328833,0.811776,0.0926696,0.396964,2.62682,0.685493,0.493818,0,1.34748
0.592445,0.366958,0.337357,0.725905,0.448207,0.0629552,0.149521,0.367834,0.348411,0.27907,0,0.00683717,0.348907,0.310486,0.902897,0.242964,0.497452,0.0721368,0.509788,2.66514,0.48483,0.645177,0.00976307,1.39587
0.27289,0.466137,0.787697,0.753927,0.0553265,0.137731,0.171459,0.262533,0.0449603,0.210413,0,0.147179,0.13232,0.320214,1.29443,0.243075,0.361923,0.0936278,0.491812,2.93655,0.0221629,0.579036,0.0235419,0.992972
0.44988,0.849066,0.533059,0.533402,0.0511161,0.134325,0.458859,0.454465,0,0,0.318878,0.030307,0.239684,0.892492,0.836869,0.171975,0.204941,0.15163,0.272177,3.43533,0,0,0.2917,0.832359
1.14796,0.747635,0.0244457,0.429915,0.0597835,0.122391,0.311462,0.465228,0,0,0.414106,0.203436,0.787826,0.919736,0.810924,0.198735,0.0460107,0.258879,0.168907,3.21961,0.00609926,0,0.397867,0.83703
1.55177,0.455299,0,0.0809387,0.062008,0.110744,0.0469255,1.06338,0,0,0.178343,0.404911,0.701551,0.922818,0.817964,0.13569,0.0461515,0.34957,0.0394291,3.15373,0.0157295,0,0.346592,0.736746
2.02,0.20383,0.000529448,0.04257,0.03306,0.0755169,0.010787,1.12022,0,0,0,0.408484,1.01619,0.833632,0.671267,0.069568,0.00678713,0.448857,0.00231054,2.46803,0.0290721,0.278983,0.25176,0.695807
2.02929,0,0.0290501,0.0904633,0.0467884,0,0,0.348817,0.66072,0.336652,0,0.32114,1.04336,0.494999,0.914792,0.107932,0.0219795,0.246876,0.0825183,2.21602,0.353615,0.414489,0.195559,1.0277
1.11426,0.00487269,0.208751,0.123236,0.660653,0.198718,0,0.239477,0.737509,0.316813,0,0.133643,0.815254,0.570343,1.46509,0.114642,0.579194,0.0743571,0.397703,2.16543,0.369498,0.271613,0.140676,0.882314
0.551274,0.218257,0.486613,0.396266,0.758168,0.295772,0,0.102938,0.775413,0.34922,0,0.319514,0.505124,0.587845,1.42532,0.268533,0.598877,0.13883,0.438653,1.97738,0.382235,0.540372,0.117673,1.42505
0.0576157,0.272791,1.26996,0.936884,0.207258,0.238897,0.0437685,0.091063,0.739102,0.303447,0.0190971,0.230731,0.197758,0.482964,0.860126,0.495863,0.583369,0.235692,0.403942,2.24495,0.364335,0.343195,0.081988,1.84077
0.155797,0.00861314,1.24739,0.64878,0.0446863,0.176838,0.0975066,0.340337,0.610779,0,0.0228632,0.252121,0.126076,0.278044,0.391402,0.389569,1.40042,0.151675,0.424585,2.46922,0.31624,0.135892,0.127105,1.79627
0.705036,0.161486,1.00175,0.38953,0.0166553,0.0883855,0.100549,0.434829,0.604925,0,0.0711021,0.302838,0.641731,0.0459346,0.457172,0.135401,2.29579,0.0184977,0.0215372,1.98294,0.672507,0.661793,0.347055,1.53704
1.50826,0.511538,0.647557,0.118788,0.00895896,0.117233,0.042354,0.396611,0.173792,0,0.0782775,0.353296,1.22054,0.145507,0.402902,0.0382986,2.62795,0.0255944,0.00907206,1.69076,0.524569,0.676456,0.347624,1.27661
1.73078,0.864742,0,0,0.0453509,0.119238,0,0.723394,0,0,0,0.0609361,0.903437,0.245975,0.225285,0,2.81809,0.0249546,0,1.3725,0.554128,0.652017,0.25419,1.1311
1.79957,0.529453,0,0,0.0833264,0.0431278,0,0.3958,0.0120428,0.0800205,0,0.00415302,0.631387,0.242216,0.219575,0,2.55661,0.00902598,0,1.25651,0.645772,0.765904,0.100464,1.18538
1.02517,0.23058,0.244482,0.714308,0.163308,0.600598,0,0.129237,0.0186976,0.598098,0.301302,0.000207601,0.276115,0.270191,0.545518,0.258076,1.68067,0.218778,0.0376347,1.36761,0.621565,0.781015,0.199833,1.36751
0.169433,0,0.996145,0.976235,0.184884,0.460613,0.0114819,0,0.363642,1.00285,0.156823,0,0.397334,0.294998,0.968521,0.305418,1.38342,0.168601,0.166499,1.6685,0.718101,0.763068,0.0969378,1.11229
0.0206928,0.0463905,1.54473,1.15222,0.174415,0.27162,0.0139744,0.216935,0.49811,0.575066,0.00115091,0,0.561257,0.390317,0.828355,0.371487,0.940486,0.0848114,0.267598,2.29235,0.703009,0.559957,0.0190827,0.880177
0.00284896,0.265253,1.72716,0.897092,0.100534,0.163788,0.0487607,0.323488,0.4901,0.122395,0,0,0.580042,0.404255,0.766884,0.320333,0.819118,0.0550397,0.368552,2.67608,0.539389,0.432427,0,0.733693
0.429597,0.241945,1.7023,0.42022,0.10272,0.0526585,0.0617713,0.434429,0.432268,0,0,0.226888,0.356648,0.307538,1.24775,0.136759,1.03153,0.0110206,0.691625,2.21025,0.270882,0.743761,0.147028,0.45493
0.558191,0.0874896,1.46503,0.0140415,0.826219,0,0,0.325739,0.173145,0.473819,0.118673,0.394509,0.325425,0.0248863,1.5464,0.00452713,1.75727,0,0.592208,1.33014,0.0469121,0.826806,0.390842,0.101725
0.139955,0,0.863316,0.00243468,0.712457,0,0,0.0995532,0.358298,1.81422,0.316571,0.512933,0.250769,0,1.7739,0.015553,1.35307,0,0.551458,0.443802,0.100121,1.35335,0.465275,0.134561
0,0,0.671293,0,0.628309,0,0,0,0.387451,2.18556,0.165064,0.452166,0.179759,0.101396,1.95724,0.00239832,1.16885,0,0.45774,0.208994,0.119069,1.67638,0.270912,0.116573
0,0,0.124845,0,0.620264,0,0,0.0377643,0.241639,2.41416,0.341272,0,0.151952,0.265276,2.05821,0,1.05197,0.0483836,0.439694,0.421881,0.0877412,2.14773,0.167163,0.000436747
0.000905105,0.00412803,0.137684,0.514635,0.969695,0,0,0,0.0985167,2.32058,0.394068,0,0.153509,0.215719,2.0722,0.165924,0.914067,0.00514896,0.491104,1.0574,0.053663,2.22398,0.329992,0
0.00228404,0.00721062,0.6214,1.007,1.15662,0.522521,0,0,0,2.16831,0.0155571,0,0.156092,0.29157,2.2822,0.324667,0.723251,0.203206,0.457803,1.08066,0.0271003,1.35137,0.261617,0
0.00304046,0.0102443,1.30929,1.14858,0.714442,0.393803,0.0904206,0,0,1.42617,0.00810684,0.0310268,0.163144,0.27895,2.39004,0.370315,0.299996,0.151276,0.486354,1.13072,0.0622585,1.22813,0.159218,0.00795238
0.00326649,0.0150472,1.76057,0.897818,0.195842,0.26636,0.135799,0,0,1.09509,0.00257631,0.0421152,0.179564,0.238681,2.37776,0.387559,0.23452,0.0999755,0.546021,1.20944,0.0222233,1.3543,0.0682312,0.0442122
0.00244092,0.125182,2.11053,0.412186,0,0.183408,0.0684518,0,0,0.655164,0,0,0.0202086,0.192786,2.9198,0.135541,0,0.314046,0.151234,1.7576,0.00260428,2.15988,0.146062,0.0700482
0.0363034,0.188887,2.39508,0.16337,0,0.13166,0.0230911,0,0,0.298071,0,0.0980553,0.00968622,0.0532867,2.88626,0.0526725,0,0.20107,0.0571116,2.58291,0.0126043,1.67224,0.188977,0.146741
0.529357,0.188057,2.35312,0.0596071,0.0463664,0,0,0,0.149847,0.254673,0.539005,0,0.142557,0.17762,2.68013,0.0410852,0.00951891,0.00960497,0.0266144,2.76807,0.0973944,1.31483,0.321505,0.380963
0.521087,0.105332,2.0091,0,0.0873785,0.0128965,0,0,0.459627,0.264507,0.536039,0,0.140348,0.143146,2.49995,0,0.0179386,0.0112792,0.00383117,2.34048,0.136342,1.59294,0.307378,0.569695
0,0.256409,1.6098,0.334911,0.1001,0.0565188,0,0,0.313903,0.857678,0.433003,0,0,0.175468,1.90611,0.107979,0.0205503,0.0355063,0,1.95299,0.107497,1.96687,0.417678,0.593228
0.0531921,0.723022,1.14806,0.725385,0.0526477,0.0469937,0.0152108,0.0974347,0.196221,1.39744,0.419119,0.00125087,0.313924,0.418083,1.9951,0.233872,0.0108084,0.0598006,0.2672,1.52131,0.240029,1.96124,0.362606,0.500785
0.00306321,0.701763,0.681873,0.780707,0.0552604,0.0375935,0.0660652,0.157053,0.144928,1.75204,0.180541,0.0330986,0.478218,0.407651,2.07361,0.251709,0.0930483,0.0665967,0.364628,0.957269,0.449122,1.9618,0.1902,0.448627
0.00381804,0.519607,0.86813,0.742805,0.0984416,0.0604133,0.0301625,0.0264898,0.0442433,1.75125,0,0.0113852,0.437367,0.439399,2.11796,0.239489,0.494922,0.0844958,0.369492,0.662187,0.422982,2.15293,0.0112267,0.521398
0.00195597,0.586677,0.922748,0.601986,0.309655,0.158271,0.022395,0,0.428018,0.813141,0,0.00993995,0.111081,0.54303,1.7828,0.194087,1.10865,0.131496,0.12971,0.587784,0.473998,2.50461,0.00302682,0.412924
0.631847,0.614945,1.45862,0.0607322,0.28605,0.297494,0.140199,0,0.461525,0.245764,0,0.00519056,0.231015,0.47236,1.01435,0.0195807,0.810257,0.3886,0.0443212,0.332225,0.241505,2.75959,0.000220783,0.207213
0.658872,0.267034,1.65265,0.214603,0.0829462,0.0885134,0.0461577,0,0.307176,0.195623,0,0.0032937,0.438438,0.228224,1.66123,0.222416,0.471609,0.189154,0.641279,0.0221685,0.179921,2.65536,0.0229251,0.015332
0.36826,0.0585097,1.37741,0.429383,0,0,0,0,0.128062,0.38971,0,0.0115843,0.364879,0.0823341,1.68125,0.512842,0.288487,0.0404483,0.706619,0.00837013,0.0619986,2.64973,0.100843,0.0435235
0,0,1.69807,0.720696,0,0,0,0,0.271255,0.412847,0,0,0,0.245111,1.53493,0.267174,0.285425,0.000813936,0.579245,0.0665443,0.0961646,2.52714,0.157116,0.172583
0.000171557,0,1.79487,0.555036,0,0.0818186,0.172894,0,0.218126,0.821813,0.181566,0,0.0334895,0.40857,1.53556,0.192293,0.375621,0.0497871,0.241507,0.58839,0.0848993,2.4169,0.26603,0.284607
0.00358442,0.125208,0.920359,0.515937,0.191558,0.112209,0.169405,0,0.0912458,1.02922,0.462879,0.0063557,0.543494,0.531676,1.52688,0.166344,0.392291,0.0274695,0.358766,0.594005,0.0545194,2.25414,0.429458,0.409485
0.00499131,0.342796,0.381344,0.69355,0.292845,0.0325753,0.138469,0,0,1.11176,0.104881,0.0067523,0.697276,0.610725,1.87555,0.210953,0.383429,0.0068175,0.449552,0.799869,0.069314,1.77453,0.217605,0.333897
0.00357607,0.578956,0.560879,1.0901,0.393865,0.164807,0.0665925,0.0669222,0.0757486,0.736922,0.414548,0.00291236,0.628179,0.788541,1.89842,0.351462,0.567572,0.0586081,0.47642,0.845653,0.0539079,1.6342,0.417162,0.213234
0.00240355,0.219686,0.950731,1.03288,0.228368,0.292082,0.0853331,0.252206,0.170569,0.134206,0.318169,0.000724161,0.469195,0.73071,1.68714,0.333012,0.772461,0.288133,0.155551,0.675686,0.0840808,1.89364,0.352514,0.105563
0.275752,0.00528558,1.50214,1.00304,0.0419302,0.394633,0.101283,0.224694,0.125264,0.132483,0,0.00230339,0.0821153,0.358327,1.19338,0.536124,0.420204,0.551107,0.415926,0.408687,0.0688854,2.15625,0.280666,0.522599
0.394544,0,1.56475,1.00936,0.00480483,0.174061,0.0693448,0.206441,0.0707852,0.153468,0,0.213311,0.196894,0.0851082,1.0781,1.00437,0.224612,0.150848,0.964752,0.286288,0.0477949,2.00839,0.263969,0.917932
0.288799,0,1.59521,0.908742,0,0.0329698,0.0272162,0,0.180467,0.162242,0.00110405,0.262381,0.112018,0.0683198,1.06378,1.02836,0.120005,0.00690007,0.822983,0.170801,0.108435,1.84659,0.240642,1.42709
0,0,2.06307,0.711023,0,0.0191986,0.00986851,0,0,0.544573,0.227385,0.0306568,0,0.0268274,0.998531,0.917026,0.102333,0.00496405,0.549835,0.0495276,0.0281313,1.64468,0.265094,1.81766
0.000228323,0,2.30984,0.166544,0,0.0520229,0.245513,0,0.0154967,1.30976,0.250745,0.0401489,4.51742e-05,0.0475431,1.06067,0.755219,0,0.0459297,0.111997,0.376204,0.41394,1.31552,0.170703,2.25074
0.000411975,0.00282511,1.75816,0.154176,1.1034,0,0.195794,0.15823,0.284942,0.972926,0.679559,0.191602,0.0618706,0.0569988,1.15609,0.757667,0.382045,0.0798802,0.364694,0.655772,0.757651,1.15932,0.420034,1.77645
0.000436872,0.00924405,1.6575,0.6522,0.896599,0,0.0121048,0.0569105,0.279184,0.676025,0.532928,0.148637,0.212756,0.245093,1.40252,0.720326,0.323361,0.053885,0.399534,0.723714,0.665235,1.21047,0.507631,1.21929
0.0755301,0.0105657,1.78153,0.449308,0.36949,0.0412098,0.0197793,0,0.381759,0.423391,0.0368472,0.169718,0.231982,0.351649,1.53282,0.590614,0.171517,0.119831,0.49301,0.732705,0.673868,1.22146,0.469672,0.770867
0.166125,0.528876,2.0115,0.555368,0.0964492,0.0588889,0.0224768,0,0.201809,0,0.0223125,0.0638832,0.201378,0.476989,1.5604,0.551308,0.208711,0.122833,0.617872,0.792683,0.505791,1.15235,0.369372,0.556928
0.161614,0.807854,1.69579,0.872075,0.454803,0.0483555,0.228846,0,0,0.102763,0.0172768,0.00362704,1.14412,0.292792,1.06549,0.281167,1.38067,0.0101201,0.591013,0.728919,0.00308284,0.714532,0.410725,1.15872
0.140736,0.772088,0.112752,1.00171,1.05589,0.0748686,0.154408,0.0985394,0,0.191829,0,0.0443482,1.97444,0.231001,0.0340506,0.322964,2.29445,0.0156688,0.469288,0.487496,0.0166763,0.339399,0.461244,1.33688
0.091432,0.412124,0,0.645607,1.50815,0.0656041,0,0,0,0.120739,0.400011,0.33998,2.01237,0.123421,0,0.207836,2.34981,0.0137299,0.352319,0.432796,0.02153,0.0460973,0.528258,1.391
0.00572603,0,0,0.088158,2.03764,0.0432885,0,0,0,0.343745,0.243769,0.532524,1.83896,0,0.00834402,0.0201802,2.15025,0.00905962,0.509085,0.519143,0.0273453,0.0809262,0.433479,1.6019
0.00254411,0,0.00168284,0.103245,2.63042,0.00917272,0.140661,0,0.361721,0.20088,0.379988,0.482808,1.11082,0,0.0943262,0.0208744,1.94805,0.00191971,0.527389,0.80149,0.11258,0.11035,0.459903,1.64409
0.0881344,0,0.224336,0.150296,1.56193,0.13553,0.0475116,0,0.451184,0.824982,0.134659,0.173775,0.813448,0,0.470682,0.0303873,1.28267,0.146039,0.412657,1.00779,0.289544,0.39802,0.421863,1.79663
0,0.0582025,0.379976,0.242153,0.302635,1.20313,0,0,0.0675251,1.30743,0,0.0432207,0.552882,0.0365045,1.07007,0.0598345,1.24364,0.442735,0.366204,1.12204,0.449402,0.579853,0.275338,1.78748
0,0.411128,0.90592,0.517569,0.300937,1.32839,0,0,0.0244469,1.55215,0,0.0387389,0.523319,0.185309,1.34978,0.157949,1.18508,0.517781,0.426986,1.09046,0.287453,0.811227,0.221086,1.65467
0.117542,0.627363,1.38709,0.587802,0.0820747,0.906102,0.0778965,0,0,1.81467,0,0.029479,0.555826,0.27676,1.40302,0.189514,1.12108,0.537921,0.389984,0.948095,0.396198,0.996864,0.291959,1.55127
0.301866,0.649937,1.26478,0.334637,0.598291,0.15603,0.194668,0,0,1.76345,0,0.00850976,0.270627,0.411274,0.675774,0.107891,2.25085,0.204475,0.147272,0.665601,0.455109,1.366,0.208763,0.903485
0.459457,0.695663,0.903018,0.223609,1.02095,0.0644021,0,0,0,1.67639,0,0.114339,0.8455,0.204567,0.655605,0.0720942,2.77302,0.102967,0.0710215,0.0235988,0.5266,0.920903,0.186382,0.834888
0.0181349,0.617438,0.198708,0.242752,0.775827,0.0541542,0,0.00633456,0.320788,1.53178,0.181034,0.551625,0.870078,0.17563,0.494279,0.0812074,2.77889,0.171372,0.0668406,0.0139945,0.621561,0.841461,0.594443,0.64312
5.24338e-05,0,0.091685,0,0.610399,0.0855295,0,0.594678,0.534063,1.84151,0.0894077,0.790601,0.582453,0.0676474,0.52109,0.00539776,2.62094,0.229247,0.0625215,0.257601,0.707679,0.931157,0.552395,0.656567
0.00726499,0,0,0.253298,0.491528,0.0341813,0,0.0894226,0.557668,1.25293,0.471464,0.636393,0.3852,0.157371,0.559556,0.0883732,2.66282,0.0382892,0.252386,0.553351,0.579441,0.845675,0.261431,0.48385
0.170111,0,0.311244,0.218821,0.844296,0.444861,0,0.0422138,0.771539,0.91096,0.564974,0.0182685,0.164839,0.303142,1.01033,0.0705505,2.17785,0.213956,0.408145,1.00107,0.356215,1.15082,0.150529,0.457663
0,0.0271664,0.5937,0.476891,1.39571,0.433678,0,0.0253301,0.823868,0.877141,0.445705,0.0634514,0.182145,0.500566,1.23467,0.171858,1.7592,0.220822,0.471927,1.15015,0.366159,1.26294,0.109245,0.440184
0.102424,0.797992,1.26387,0.484713,1.16723,0.359893,0,0.00469253,0.681231,0.60107,0.0680719,0.01698,0.100165,0.638245,1.59154,0.156277,1.48242,0.188706,0.562767,1.44377,0.30113,1.12874,0.0166831,0.585281
0.156489,0.933543,1.44593,0.542744,0.366641,0.0931351,0,0,0.504632,0.0595269,0,0.00990605,0.0489908,0.446106,1.72336,0.174987,1.31233,0.109089,0.310458,2.49372,0.248755,0.539692,0,0.595296
0.249619,0.898767,1.05131,0.404227,0.241454,0.111759,0.133774,0,0.129579,0.455983,0.263743,0.255288,0.0672316,0.256584,1.62898,0.130327,1.76021,0.100978,0.0286539,2.58434,0.0638753,0.253999,0.0815096,0.527848
0.704991,0.807111,0.420713,0.262498,0.595439,0.0630626,0.0808506,0,0,1.26526,0.901421,0.164712,0.335904,0.307484,1.32927,0.0846323,1.84123,0.0658776,0.0445302,2.00252,0.00323495,1.09547,0.36672,0.635477
0.262244,0.505463,0,0.286884,0.431686,0,0,0,0,1.77578,0.617762,0.0385573,0.264943,0.338641,1.04298,0.10515,1.77453,0.0587119,0.0738715,1.68491,0.0116128,1.45555,0.345657,0.747415
0.000408932,0,0,0,0.96472,0.0588617,0,0,0.196271,2.16634,0.265466,0,0.365668,0.331674,0.908416,0.0698438,1.58488,0.32909,0.111347,1.31557,0.0684682,1.6125,0.278828,0.284414
0.000879694,0,0.0649031,0.291641,0.772182,0.580858,0,0,0.318026,2.45787,0.0615552,0,0.29561,0.20242,1.17356,0.102861,1.05919,0.494809,0.0496619,1.22842,0.0998857,1.8205,0.203372,0.0540515
0.00102147,0.00439203,0.303448,0.162279,1.49382,0.703319,0,0,0.387746,2.26633,0.030143,0,0.28833,0.0764224,1.48668,0.0812587,0.967005,0.369434,0.185024,1.26853,0.105849,2.01642,0.401909,0.181987
0.000481249,0.324872,0.76576,0.347364,1.62415,0.669386,0,0,0.489986,1.78494,0.0131795,0,0.235199,0.164312,1.6134,0.205961,0.956329,0.310959,0.320583,1.23208,0.117612,1.97398,0.244852,0.29536
0.000489595,0.600013,1.5068,0.374475,1.07786,0.501966,0,0.039944,0.518089,1.09577,0.0113443,0,0.104264,0.170673,1.48689,0.346484,1.26482,0.189952,0.467551,1.12371,0.257282,1.77843,0.204858,0.584447
0.170049,0.55378,1.66096,0.485747,0.404577,0.202047,0.14499,0,0.556815,0.534591,0.708333,0.00646944,0.0458005,0.157522,0.792055,0.435501,1.98066,0.0772617,0.522056,0.598069,0.279952,1.63344,0.590906,1.35103
0.295861,0.471658,1.54979,0.137579,0.27307,0,0.222819,0,0.422667,0.800613,0.743929,0.0027447,0.115866,0.134352,0.568736,0.0631282,2.7178,0.0108414,0.147092,0.0474591,0.176708,1.61235,0.851356,1.37585
0.312279,0.454524,0.954739,0,0.662592,0,0.173857,0,0.288316,1.1567,0.363675,0,0.145577,0.131723,0.44417,0,2.95041,0.00703252,0.0707813,0.0283598,0.0872227,1.75408,0.616996,1.10362
0.00581686,0.259508,0.770262,0.0179927,0.641927,0,0,0,0.291884,2.02907,0.00820441,0,0.00156669,0.0742438,0.413441,0.00580105,2.88014,0.00223331,0,0.00272014,0.0894891,1.98872,0.364012,0.969405
0,0,0.445181,0,0.764026,0.0263403,0,0,0.388582,2.09546,0.0244621,0.000989716,0.0301704,0.259731,0.32429,0,2.97445,0.0559589,0,0.0015387,0.113945,1.68862,0.210793,0.816838
0.000855983,0,0.0656979,0.65001,1.00647,0.639348,0,0,0.462381,0.891356,0.226792,0.225227,0.000169358,0.494073,0.205214,0.22488,2.93748,0.239234,0.0285082,0,0.139685,1.64265,0.314471,0.984057
0.00076608,0.00804853,0.335524,0.996955,0.820762,1.00265,0.0177147,0,0.42885,0.606106,0.486263,0.102438,0.0593085,0.317407,0.540452,0.378585,2.30914,0.380603,0.110494,0.2752,0.586618,1.40729,0.165785,1.18636
0.267713,0.127736,0.432489,0.790167,0.87077,0.925393,0,0.0729421,0.320028,1.05027,0.00902002,0,0.0883208,0.1015,0.846748,0.368926,2.06627,0.448685,0.148351,0.469038,0.863112,1.35024,0.149322,1.14247
0.300731,0.62801,0.979287,0.731381,0.399331,0.712101,0,0,0.092426,1.30325,0.0307922,0,0.097761,0.178637,1.12532,0.375241,1.95328,0.522762,0.326776,0.502996,0.786858,1.15372,0.0524673,0.924918
0.42514,0.614912,1.0987,0.755066,0.0478437,0.425628,0,0,0.0899505,1.02071,0.237049,0.00287504,0.114506,0.174911,1.2282,0.240569,1.95933,0.57263,0.476665,0.752441,0.407117,1.22431,0.149224,0.559342
0.693821,0.435263,1.20528,0.639995,0.0785675,0.305334,0.276924,0,0.34926,0.480628,0.180955,0,0.186871,0.687274,2.1762,0.206342,1.17253,0.644285,0.220683,1.71376,0.0854015,0.235694,0.221729,0.537637
0.802462,0.183847,1.6939,0.197026,0.0660674,0,0.502792,0.55887,0.613395,0.00823434,0.12703,0,0.216132,0.78007,2.2555,0.0635232,0.276163,0.0815482,0.204699,2.37409,0.143234,0.00193857,0.198087,0.724466
0.599679,0,1.12582,0.1577,0,0,0.361128,1.51064,0.602673,0,0,0.109233,0.219049,0.79007,2.01195,0.0508442,0,0.0827214,0.143712,2.6773,0.145585,0,0.104972,0.740501
0.123691,0,0.748967,0,0,0,0.0578487,1.9991,0.514124,0,0,0,0.362674,0.890746,1.71524,0.00447581,0,0.0785935,0.012391,2.96379,0.131691,0,0.0634608,0.702049
0,0,0.740948,0,0.772658,0.00949776,0.107237,0.495862,0.708996,0.781556,0.0265793,0,0.106879,0.533688,1.92606,0,0.267527,0.138348,0.0229697,2.6706,0.215493,0.429337,0.440009,1.01983
0,0.128439,0.000629719,0.655203,0.948436,0.29791,0.167722,0.369274,0.659198,0.799704,0.0203772,0,0.0276951,0.196975,1.59446,0.210379,0.328389,0.289488,0.0359255,2.51082,0.183105,0.696432,0.337335,1.40116
0.126473,0.391816,0.149862,0.888619,1.03091,0.657249,0.0720438,0.202236,0.465239,0.860205,0.0184809,0,0.10081,0.331583,1.11513,0.286501,0.422935,0.417683,0.0154315,2.41202,0.105682,0.66986,0.305942,1.59833
0.302921,0.93292,0.848418,0.585561,0.677468,0.821228,0,0,0.382421,0.804275,0.0278637,0,0.143099,0.453425,0.89467,0.19752,0.411627,0.423202,0,2.33924,0.146719,0.441818,0.461271,1.75162
0.0870436,0.418397,1.05546,0,0.669807,0.747567,0,0,0.132696,0.394851,0.00157934,0.0382601,0.0233523,0.244897,1.41934,0,0.526377,0.383385,0.00950241,2.13225,0.0654116,0.416393,0.083604,2.37239
0.00267086,0.494393,0.755254,0,1.33022,0.325489,0,0,0,0,0,0.302663,0.000528435,0.139898,1.08936,0,1.49618,0.234441,0.0109081,1.87013,0.0291062,0.192878,0.137019,2.00215
0.523204,0.581582,0.618157,0,1.40469,0.379219,0,0,0,0,0,0.302164,0.140918,0.16543,0.959051,0,1.60381,0.261494,0.0134427,2.09628,0.0112551,0.0956095,0.116709,1.92625
0.0794546,0.0992008,0.283573,0,1.77519,0.012978,0.000275818,0.235875,0,0,0.68855,0.145278,0.0214,0.0282176,1.22995,0,1.0142,0.121173,0.00285906,2.14135,0.0184866,0,0.26591,1.96466
0,0,0,0.13929,1.65805,0.665075,0.0247763,0.371459,0,0.0734417,0.0457884,0.0201306,0,0,1.06026,0.0449088,0.576325,0.452494,0.005307,1.97822,0.0278065,0.01729,0.125648,2.26473
0,0,0.136926,0.60676,0.736588,0.87679,0.114632,0.352531,0.208371,0.368776,0,0.277235,0.141345,0,1.12001,0.195626,0.278466,0.369435,0.184768,1.36547,0.136477,0.202582,0.088202,2.63682
0.000661123,0.00313012,0.663647,0.871396,0.0569964,0.968283,0.136297,0,0.366962,0.733296,0,0.08125,0.350565,0.000620967,1.20026,0.280948,0.0117012,0.324981,0.304915,1.14658,0.256654,0.536668,0.0660169,2.58233
0.146976,0,0.935953,0.792804,0.0790439,1.04985,0.0653533,0,0.552899,0.856958,0,0.0380947,0.431321,0.112025,0.987657,0.255609,0.0652385,0.351973,0.469533,1.05864,0.468223,0.751072,0.0432573,2.35926
0.296731,0.232871,1.47545,0.640745,0.080182,0.992153,0.202848,0,0.555118,0.733814,0,0.039555,0.335301,0.301663,1.03161,0.206584,0.236803,0.337921,0.584539,0.85407,0.273642,1.59738,9.44944e-05,2.17823
0.421992,0.507026,1.69712,0.361384,0.0368578,0.207136,0.463847,0,0.524925,0.291157,0,0.191195,0.118013,0.473098,1.19279,0.116514,0.654416,0.196199,0.394975,0.109573,0.268354,1.8567,0.00344439,2.09432
0.583484,0.655602,0.915829,0.651166,0.425382,0.133084,0.248176,0.0299859,0.318187,0,0,0.215238,0.194966,0.495387,0.701528,0.209943,1.10706,0.219066,0.103103,0.0749202,0.171183,1.21878,0.176144,2.09298
0.591077,0.686726,0.150174,1.18763,1.69019,0.164946,0,0,0.0280548,0,0,0.287372,0.22658,0.447798,0.233888,0.452042,1.8239,0.0881083,0,0.0445896,0.0413049,0.702541,0.305234,1.82981
0.180634,0.0313329,0.101043,0.233895,2.38107,0.20104,0,0,0.160182,0.478958,0,0.574129,0.0800707,0.195869,0.138084,0.196258,1.91217,0.0998638,0.137472,0.0361254,0.0685075,0.760298,0.332804,1.77196
0.252455,0,0,0.080529,2.42879,0.0311863,0.00867418,0.386554,0.091253,0.333059,0,0.279782,0.204295,0.117069,0.0490028,0.150753,1.98678,0.036843,0.291589,0.421107,0.0559333,0.747151,0.300084,1.58487
0,0,0.0347561,0.118206,1.84446,0.176591,0.011125,0.348412,0.221897,0.363415,0,0.308119,0,0.221621,0.740382,0.100817,0.996231,0.101685,0.167536,1.15927,0.138014,1.03387,0.100196,1.91278
0.0375648,0.035316,0.343024,0.161693,0.454857,0.912368,0.00996868,0,0.392282,0.739203,0,0.0504534,0.0101176,0.370115,1.37775,0.0482845,0.664449,0.326012,0.00213525,1.6827,0.210583,0.814613,0.0585505,2.08916
0.11465,0.4741,0.517042,0.199035,0.180188,1.06448,0,0,0.269375,0.895761,0,0.0506627,0.0308795,0.599648,1.55272,0.0593823,0.605178,0.381352,0,1.7139,0.137764,0.743238,0.0604698,2.02131
0.0688436,0.619059,1.1226,0.0942184,0.174005,1.09753,0,0,0.171917,0.629124,0,0.156642,0.0185421,0.630322,1.06543,0.0216182,0.833191,0.400314,0,1.58936,0.0847454,0.736011,0.0412467,2.08349
0.167474,0.57256,1.06898,0.0882462,0.512044,0.868632,0,0,0.105462,0.744226,0,0.0860995,0.0477298,0.440321,0.341303,0.248345,1.68548,0.343466,0.19589,0.821961,0.051987,1.2641,0.0627401,2.20677
0.293533,0.488784,0.372789,0.0841018,1.33321,0.51325,0,0,0.0915522,0.00816382,0,0.138899,0.0893474,0.331264,0.210152,0.749184,2.34623,0.228869,0.606242,0.0428155,0.0548377,0.667645,0.215883,2.3268
0.851539,0.458901,0.00415749,0.0867913,2.32582,0,0,0,0,0.121165,0,0.382736,0.236303,0.279595,0.041114,0.810768,1.97438,0.0229132,0.728332,0.0357532,0.0177769,0.628317,0.245604,2.2162
0.0603609,0,0,0.0484494,2.46535,0,0,0,0,0.127911,0.612029,0.268686,0.0162574,0.145062,0,0.770861,1.92503,0.0146741,0.725563,0.0511635,0.0251198,0.559625,0.398317,2.14724
0,4.1853e-05,0.00118247,0.313428,2.204,0,0.0117429,0.410276,0,0.517247,0.593534,0.0341078,0,0.139023,0.0133381,0.76659,1.34036,0.0241603,0.767977,0.140732,0.030679,0.682021,0.275174,2.23399
0,0.0053967,0.188663,1.01123,0.572247,0.219245,0,0.312698,0,1.21466,0.436915,0.250041,0,0.109671,0.279399,0.896582,0.178885,0.218135,0.453668,0.786338,0.161434,0.859345,0.271491,2.86692
0.263415,0.00671903,0.634178,0.528531,0.168944,0.374499,0,0,0.208337,1.42473,0.123388,0.0232698,0.0709472,0.0773009,0.689344,0.527663,0.0438407,0.392556,0.20773,1.18348,0.394109,1.03587,0.415838,2.70295
0.227887,0.55945,0.839867,0.854144,0.256655,0.436728,0,0,0.250526,1.40335,0.0218479,0.000427671,0.0619622,0.186905,0.741575,0.543243,0.118326,0.453504,0.138871,1.20846,0.403375,1.02456,0.371729,2.43898
0.256052,0.40734,1.13325,1.07514,0.101535,0.265037,0,0,0,1.1211,0.0937627,0.00237437,0.198151,0.13079,0.908926,0.523207,0.0833626,0.398964,0.325872,1.0018,0.287386,0.775252,0.298817,2.42814
0.238357,0.40952,1.01306,0.952562,0.120302,0.298296,0.298775,0.0451385,0,0.318778,0.11274,0.00505634,0.456614,0.115493,1.92669,0.502498,0.441515,0.367904,0.3884,0.313208,0.0353168,0.185263,0.245269,2.02629
0.321193,0.694242,0.330335,0.766268,0.084192,0.64011,0.312638,0.375316,0,0,0.020148,0.00386247,1.15448,0.285392,2.3209,0.251102,0.642753,0.406021,0.464675,0.802723,0.021652,0.0607393,0.229189,0.940668
0.637754,1.02271,0.0896702,0.213792,0.200053,0.0222931,0.0556058,1.64058,0,0.124764,0.505712,0,1.63854,0.330365,1.78043,0.0853228,0.914511,0.00466561,0.281309,1.47426,0.0257119,0.16671,0.374654,0.0176037
0.0198691,0.820255,0.0973367,0.0262092,0.0896613,0.00277059,0.0781128,2.07692,0.0209046,0.434281,0.426113,0,1.42437,0.233321,1.76133,0.0296385,0.705357,0.000579842,0.0651651,2.00614,0.0316054,0.201088,0.400108,0.0074824
0.261641,0.28925,0.001076,0.0650131,0.0801355,0,0.159185,1.81409,0.51641,0.134176,0.396208,0,1.16074,0.119794,1.99246,0.0351487,0.676219,0,0.0945122,1.89009,0.144359,0.18492,0.443688,3.88247e-05
0.0421389,0,0.202803,0.12575,0.36164,0.272143,0.270551,1.28113,0.549007,0.0684373,0.365842,0,1.36976,0.0169681,2.10089,0.0400068,0.314366,0.0940431,0.32972,2.03897,0.176272,0.266643,0.597039,0
0.00763006,0,0.856539,0.126849,0.741127,0.165767,0.17016,1.15669,0.0189908,0.533669,0.546004,0,1.5311,0.294216,1.90073,0.0256468,0.282534,0.0346924,0.511344,2.14327,0.30909,0.444676,0.693969,0
0.00730593,0.0378405,1.35173,0.570013,0.264079,0.19819,0.025769,1.12741,0,0.686579,0.611314,0,1.42618,0.463464,1.4128,0.17863,0.187103,0.0421963,0.522982,2.47032,0.336813,0.524854,0.762473,0.120429
0.149022,0.409833,1.4806,0.725304,0.105424,0.153716,0.0183231,0.473436,0,0.395179,0.1141,0.000850639,1.20556,0.534906,1.01964,0.233846,0.38176,0.0330757,0.541877,2.71649,0.176176,0.493014,0.483879,0.18271
0.247595,0.65914,1.29125,0.587302,0.0338702,0.0944177,0.227214,0.52844,0.00613549,0,0,0,0.545341,0.331263,0.867244,0.189353,1.53424,0.0334107,0.167277,2.5129,0.328369,0.330674,0.45601,0.357919
1.2407,0.743626,0.681444,0.300592,0,0.0642896,0.321594,0.446326,0.131895,0,0.0733542,0.0233961,1.00687,0.23504,0.372269,0.0969142,2.22319,0.188807,0.196856,1.72584,0.5253,0.274567,0.41532,0.23451
1.87924,0.777099,0.400192,0,0,0.0691346,0.2082,0.400763,0.199482,0,0.38506,0.154031,1.34472,0.235765,0.301555,0,2.37621,0.0767634,0.128326,1.53938,0.617586,0.22017,0.415351,0.484143
1.86493,0.732321,0.0526376,0,0.279007,0.0854893,0,0.58235,0.27905,0,0.510416,0.25722,1.45869,0.213812,0.272547,0,2.16037,0.0521881,0.0193538,1.62687,0.694113,0.337403,0.347415,0.522086
1.74526,0.759905,0.05438,0,0.0948889,0.0901695,0,0.551234,0,0.0762562,0.324422,0.501752,1.43983,0.216155,0.545831,0,1.75862,0.0309535,0,1.71017,0.70622,0.29873,0.159261,0.687244
1.34159,0.495672,0.00523287,0.0165788,0.190645,0.0803149,0,0.44918,0.138595,0.669029,0.183954,0.614304,1.08265,0.140994,0.543885,0.00692387,1.0713,0.0291165,0.389066,2.16531,0.784376,0.516657,0.195205,1.05429
1.02815,0,0.00620906,0.0627028,0.412495,0.11827,0,0.414432,0.44591,0.860005,0.0167596,0.5613,0.676244,0.164167,0.617675,0.0126775,0.773,0.0860041,0.371983,2.38973,0.723624,0.618072,0.290519,1.27795
1.0579,0,0.568597,0.0613442,0.392387,0.252214,0,0.335467,0.539132,0.796881,0.0156359,0.249702,0.553471,0.331764,0.673509,0.0124028,0.748915,0.179373,0.361336,2.44995,0.540445,0.517929,0.278778,1.41283
1.06511,0.071504,1.45401,0.277803,0.10365,0.151552,0.00103941,0.212607,0.528349,0.308315,0.00710327,0.0151693,0.290938,0.375754,1.08213,0.0895668,0.51237,0.171988,0.355981,2.52839,0.260446,0.296048,0.146931,1.50691
1.04195,0.0195788,1.47103,0.130543,0.0634973,0.118262,0.502828,0.0296062,0,0.240703,0,0,0.455129,0.17488,0.998992,0.0728961,0.0130358,0.414292,0.249268,2.76045,0,0.32824,0.0202341,1.17322
1.32854,0.210851,0.930123,0.0681461,0.0516413,0.0197044,0.521493,0.181241,0,0.144684,0.108036,0.0440877,1.50012,0.163361,0.500068,0.187937,0.120362,0.548515,0.212312,2.78842,0,0.0730706,0.104683,0.836985
2.16096,0.249484,0.271476,0.0467969,0.021305,0,0.344173,0.198398,0,0.148013,0.0169707,0.0342175,1.69394,0.213566,0.255431,0.232933,0.0633346,0.54219,0.140121,2.51565,0.0014394,0.228929,0.213788,0.552479
2.39807,0.45949,0.00194815,0.0417036,0.00248907,0,0,0.219443,0,0,0,0.0665253,1.71799,0.456595,0.0826338,0.228352,0.0186777,0.527292,0,2.17955,0.0147776,0.437187,0.363522,0.378405
2.2342,0.341452,0.0841684,0.0189568,0,0,0,0.262082,0.564549,0.0290445,0,0.0693474,1.44552,0.598972,0.27406,0.0731443,0,0.492259,0.0344638,2.10056,0.303175,0.770535,0.141425,0.154464
0.58804,0.00856379,0.432263,0.0626005,0.378216,0.32681,0.139569,0.168496,0.546026,0.428153,0,0.183843,1.12127,0.39024,1.1116,0.0426333,0.130955,0.259591,0.219907,2.36428,0.286123,0.834924,0.137853,0.820294
0.00683496,0.140659,0.676728,0.230201,0.822558,0.729685,0,0.0910907,0.266362,0.721745,0,0.576968,0.810428,0.418525,1.5442,0.0693109,0.284805,0.338649,0.363489,2.22333,0.134497,0.896799,0.126314,1.35322
0.00407727,0.0425367,0.717795,0.701506,0.955225,0.690055,0,0.0583729,0.0164762,0.623006,0,0.927443,0.516319,0.240698,1.4291,0.226173,0.33074,0.261278,0.30874,2.28537,0.0100632,0.980696,0.100803,1.86204
0.698918,0.0143716,0.752255,0.975666,0.735402,0.567899,0,0.00406537,0.0518555,0.399909,0,1.13189,0.188244,0.112568,0.923443,0.406241,0.52981,0.469893,0.261701,2.26499,0.0255618,0.839601,0.0540994,2.18548
0.867801,0.00462341,0.781848,0.869256,0.248553,0.32332,0,0.191028,0.0126119,0.0482188,0,1.07224,0.233731,0.115054,0.510442,0.327587,1.81541,0.371186,0.0563895,1.98421,0.0144669,0.579983,0.310219,1.77448
2.08521,0,0.319088,0.498622,0,0.031106,0.00249043,0.342185,0.0340273,0,0,0.574442,1.1373,0,0.19674,0.157878,1.97628,0.00651002,0.000533442,1.56737,0.0403974,0.681691,0.37776,1.25207
2.36309,0.000303816,0.0343177,0.191692,0.0370949,0.0290362,0,0.509468,0,0,0,0.418054,1.20934,0.0504108,0.178571,0.061144,2.2373,0.00607684,0,1.35421,0.0493276,0.646927,0.338218,1.0904
2.08446,0.169383,0,0.00501317,0.0726205,0.0259475,0,0.315253,0.0438936,0,0,0.0871464,0.796586,0.453442,0.206394,0.00101358,2.44059,0.00543041,0,1.37186,0.087525,0.512141,0.265334,0.95016
1.79202,0.117384,0.00390301,0.0415208,0.10778,0.160508,0,0.324013,0.145998,0.265521,0.0215845,0.0864674,0.669789,0.806442,0.198633,0.0561987,1.94924,0.0335918,0.00731333,1.71684,0.161244,0.635696,0.0883027,1.20928
0.537859,0.00709957,0.824183,0.520561,0.159785,0.524747,0,0.0743845,0.191303,0.699774,0.481266,0.280216,0.542663,0.437156,0.94592,0.165059,1.20495,0.176823,0.214707,1.82692,0.350942,0.821516,0.311875,1.10734
0.739991,0,0.82688,0.132697,0.402074,0.580818,0,0.0597554,0.511433,0.874848,0.01014,0.00608545,0.623835,0.0562054,1.03054,0.0607426,0.923405,0.22418,0.271734,2.07741,0.572849,1.12983,0.167862,1.00473
0.768051,0.508168,0.920303,0.837288,0.303535,0.327307,0,0.206929,0.40617,0.704489,0,0.00341401,0.703574,0.144548,1.13233,0.315621,0.814357,0.126598,0.371913,2.32002,0.533858,0.998087,0.000734735,0.852838
0.869782,0.388568,1.13496,0.658225,0.224455,0.0315052,0,0.254762,0.350821,0.299022,0,0.33485,0.57948,0.184086,1.1385,0.270616,0.688454,0.00800741,0.52763,2.41271,0.438977,0.75855,0.0216661,0.828449
0.984701,0.0480243,1.0425,0.322726,0.0811587,0.0376071,0,0.258452,0.317408,0.577877,0,0.359329,0.265216,0.059547,1.55168,0.109591,1.34947,0.109965,0.471055,1.86838,0.17767,0.76709,0.310611,0.210316
0.824974,0.0379731,1.02035,0.0586133,0.526562,0,0,0,0.312668,1.86232,0.0344376,0.345823,0.340448,0.0108014,2.24243,0.0618906,1.27773,0.0276077,0.411949,0.420599,0.0936001,1.23686,0.449799,0.310847
0.44605,0,0.749439,0,0.54365,0,0,0,0.407838,2.27829,0,0.267312,0.23175,0,2.35685,0.0437748,1.16725,0.0125899,0.420495,0,0.11742,1.53165,0.398712,0.522298
0,0,0.175125,0,0.566792,0,0,0,0.392104,2.54177,0.0480612,0,0.0877904,0,2.2914,0.0144796,1.07686,0.0116151,0.50009,0,0.121616,1.97238,0.254437,0.506211
0,0,0.178784,0,1.23479,0,0,0,0.217331,2.60074,0.2175,0,0.0480954,0.039885,2.00975,0.0125002,1.15636,0,0.432552,0.934942,0.0834042,1.95375,0.160358,0.402664
0.000539433,0.00170775,0.708202,0.907524,1.1572,0,0,0,0,2.15013,0.319246,0,0.126441,0.0470495,2.09716,0.296005,1.17063,0.0153925,0.401157,1.0992,0.0762704,1.27453,0.120084,0.151719
0.00278352,0.00353909,1.32407,1.06615,0.87183,0.0911348,0,0,0,1.84906,0.0400409,0,0.0623943,0.0112426,2.28831,0.36229,0.464261,0.154648,0.298452,1.32009,0.187038,0.89435,0.104321,0.155109
0.00311116,0.00264667,1.99613,0.899411,0.460971,0.133044,0.0804162,0,0,1.28521,0.0012257,0,0.036318,0.000525058,2.18247,0.346543,0.214282,0.269072,0.173511,1.38201,0.185943,0.899452,0.0931296,0.245916
0.00219263,0.396855,2.30414,0.169481,0,0.0672107,0.0381133,0,0,1.06108,0.00511929,0,0.000433817,0.126141,2.20327,0.154452,0,0.212298,0.112469,1.79456,0.0323089,1.10996,0.148716,0.446913
0.143265,0.745458,2.39328,0,0,0.241088,0.14802,0,0.128309,0.417413,0,0,0.0385612,0.212045,2.43536,0.129131,0,0.195178,0.104436,2.2441,0.0632489,1.40515,0.0611525,0.75009
0.209587,0.63715,2.20604,0,0,0.0366502,0.335283,0,0.162451,0.381699,0.0183674,0,0.0564494,0.181237,2.03587,0.136261,0,0.032284,0.165347,2.74981,0.0855119,1.30204,0.0783638,0.933015
0.449904,0.230873,2.15022,0,0.0221963,0.0567368,0.287744,0,0.255748,0.121636,0.487778,0,0.121175,0.133997,2.10687,0.0457849,0.00455685,0.0308944,0.133589,2.78753,0.074358,1.09321,0.199667,0.95187
0,0.278455,1.38129,1.29724,0.0629534,0.104729,0,0,0.407675,0.433593,0.355113,0,0.0827511,0.113673,2.22028,0.418244,0.0129242,0.0347862,0.00283916,2.16772,0.120326,1.3882,0.171757,0.82058
0.00182066,0.445283,1.02597,1.30159,0.107169,0.0698733,0,0,0.388056,1.11543,0.27957,0.00183411,0.45858,0.292095,1.92875,0.452997,0.025094,0.0285633,0.0445021,1.57166,0.122057,1.52988,0.227792,0.553377
0.00274369,0.595876,0.32189,0.977194,0.0844716,0.218036,0.126447,0.141448,0.0570087,1.51167,0,0.00685931,0.670056,0.169496,1.87286,0.60573,0.0173418,0.0956033,0.428244,1.2007,0.188342,2.00279,5.3989e-05,0.486783
0.00192987,0.683573,0.169319,1.31663,0.104396,0.407747,0.161542,0.140765,0,1.71802,0,0.01034,0.528083,0.29515,1.4294,0.536472,0.045472,0.164582,0.531396,0.842679,0.392762,2.45894,0.000312786,0.568273
0.000686419,0.812042,0.326661,1.31165,0.124667,0.333277,0.2263,0,0.0293097,1.47907,0,0.00982641,0.226835,0.391165,1.27205,0.422892,0.503308,0.204368,0.607383,0.688802,0.251273,2.9714,0.000147141,0.455022
0.170108,0.865425,0.78802,1.00515,0.0910128,0.288926,0.364412,0,0.0498875,0.726398,0,0.00460853,0.0458045,0.534134,1.12349,0.324071,1.00335,0.334159,0.383644,0.282763,0.0245917,3.09388,0.0102766,0.18389
0.0379656,0.759965,0.845932,0.814051,0.0639723,0.253818,0.586561,0,0,0.253528,0.0318347,0.0484126,0.0303462,0.510684,0.827604,0.262459,1.24485,0.238491,0.377411,0.0211043,0.00434908,2.95507,0.0690668,0.0126247
0.339754,0.789154,0.433331,1.06859,0.123833,0.13779,0.340153,0,0,0.399575,0.236269,0.209877,0.258085,0.441487,1.26613,0.350973,1.21911,0.0288373,0.476152,0.0155126,0.0916386,2.87961,0.327708,0.0540627
0,0.627896,1.37573,0.62193,0.0634433,0.105794,0,0.046728,0,0.986612,0.241113,0.0820338,0.0462303,0.306297,1.3852,0.231865,1.20569,0.0254417,0.469342,0.0299763,0.103302,2.67871,0.378667,0.021277
0,0.453781,2.18941,0.086689,0.0730142,0.111933,0.0148422,0.0532164,0,0.416055,0,0,0,0.644321,1.40026,0.0694229,0.794605,0.0610777,0.223716,0.347161,0.0404318,2.43694,0.350893,0.000197146
0.00215418,0.705182,1.22959,0.0475845,0.136388,0.0588568,0,0,0,0.900046,0.274988,0,0.420516,0.990278,0.956387,0.0241548,0.159498,0.0624581,0.046063,0.558366,0.146443,2.90515,0.29573,0.0452289
0.00246324,0.836401,1.01208,0.0748095,0.133126,0.196513,0.0416145,0,0,1.37802,0.246848,0.00361612,0.480847,0.848645,1.49715,0.109542,0.131504,0.0652394,0.00891367,1.0837,0.156437,2.70283,0.152576,0.170564
0.0302982,0.779692,0.422284,0.288022,0.177132,1.06649,0.101248,0,0,1.49658,0.0514116,0.00592122,0.319043,0.874005,1.43287,0.0928615,0.284723,0.375829,0.0262088,1.24972,0.116129,2.57852,0.0317774,0.236241
0.166534,1.01345,0.53485,0.0070187,0.126627,1.30079,0.438675,0,0,1.38259,0,0.006793,0.135627,0.832797,1.61965,0.00226291,0.201989,0.467845,0.181888,1.08473,0.0148079,2.60408,0,0.271023
0.122716,0.809561,0.680489,0,0.0386547,0.891622,0.485069,0,0,1.15725,0,0.00584124,0.0330519,0.683055,1.85775,0,0.364244,0.312151,0.74427,0.282724,0.0100585,2.61788,0.00460535,0.233349
0.0487524,0.595797,1.4314,0,0.0183596,0.338566,0.494554,0,0,1.01834,0,0,0.0131308,0.255728,2.19953,0.00815389,0.370021,0.112131,1.59213,0,0.0222265,2.34786,0.159905,0.410338
0,0.737843,2.04363,0,0,0.0312906,0.422784,0,0,0.673157,0,0.0163407,0,0.292435,1.97463,0.0135837,0.276451,0.00834226,1.33606,0,0.0238043,2.0103,0.216018,1.20061
0,0.391992,2.50672,0,0,0,0.101115,0,0,0.121888,0,0.0289765,0,0.196892,1.50278,0,0.290664,0,0.991172,0,0.0285248,1.92614,0.206092,1.79041
0,0.122105,2.01107,0.0160944,0,0,0,0.105257,0.0521211,0.399717,0.0899072,0.0351635,0,0.123199,0.804784,0.0156508,0.170924,0,0.957507,0.0231693,0.0454978,2.21951,0.207795,2.06827
0.00298924,0.0656333,2.01842,0.21144,0,0,0.0902301,0,0.0304735,1.19709,0.718614,0.0180218,0.114896,0.135362,1.05296,0.267821,0,0.00885238,1.06496,0,0.20315,1.71485,0.435361,1.9348
0.00362058,0.011703,0.874502,0.304285,0.952866,0.0695201,0.0338844,0.0716457,0.147075,0.912806,0.946793,0.00261969,0.36078,0.128399,1.07024,0.388949,0.329923,0.0815664,1.07749,0.189976,0.0968829,1.21473,0.716217,1.66369
0.00306461,0.00179609,1.22762,0.490931,0.959936,0.215421,0.00528929,0,0.0870791,1.03565,0.852253,0.00210818,0.300739,0.159195,1.2917,0.437716,0.332371,0.139427,0.891903,0.386092,0.175744,1.35757,0.628173,1.48134
0.573789,0.26049,1.47136,0.976527,0.656187,0.17346,0.0764351,0,0,0.883257,0.599004,0.00315849,0.212739,0.241877,1.34686,0.587721,0.2272,0.108511,0.775706,0.482967,0.154822,1.45964,0.376481,1.29387
0.435727,0.67045,1.38219,1.18474,0.0327501,0.0846604,0.503209,0,0,0.389511,0.143989,0.00322998,0.401711,0.190709,1.0441,0.441131,0.0577281,0.0880235,0.713725,0.839807,0.0118818,1.41324,0.26448,1.43405
0.352687,0.784093,0.75475,0.966687,0.7412,0.233664,0.34603,0,0,0.286933,0,0,1.99206,0.223035,0.645856,0.311671,1.55586,0.17428,0.479471,0.713319,0.0153589,0.65305,0.384196,0.863284
0.188703,0.632454,0,0.91903,1.30753,0.00789133,0,0,0,0.0867758,0.307292,0.0735601,2.03258,0.184722,0,0.296306,2.11089,0.0637791,0.368436,0.877303,0.0192977,0.0478285,0.467748,1.14179
0.0228866,0.0623165,0,0.0713216,2.22347,0,0,0,0,0.430027,0.311778,0.526887,1.87818,0.0177259,0,0.0144201,1.89861,0.138997,0.337013,0.938134,0.0218257,0.129444,0.457953,1.38794
0.00614721,0,0,0.0985303,2.58752,0,0,0.040711,0.277977,0.274407,0.18072,0.658247,1.71622,0,0.0297412,0.0241209,1.99852,0,0.266497,0.989549,0.0867663,0.154867,0.427036,1.48341
0.00290067,0,0,0.127206,2.38055,0,0,0.248344,0.261729,0.526886,0.357956,0.348563,1.30277,0.018373,0.0792729,0.0262143,1.5353,0.00524034,0.21493,1.09987,0.0834353,0.289437,0.498712,1.44223
0.00012608,0,0.222833,0.168444,0.600966,0.718532,0,0,0.214621,0.98471,0.187874,0.306321,1.11436,0.0605143,0.469827,0.0340567,1.06882,0.277618,0.0286973,1.21481,0.219468,0.394966,0.475439,1.59986
0,0.165731,0.8223,0.142609,0.269878,1.29882,0,0,0.0229536,0.943405,0.193927,0.12778,1.13715,0.200725,0.883601,0.03085,1.11578,0.486382,0.0333657,1.21876,0.145381,0.428132,0.461759,1.45932
0,0.478581,1.46157,0.127479,0.0924121,1.42714,0,0,0,0.789909,0.192285,0.0318842,1.07901,0.289257,1.10588,0.0430378,1.15001,0.652188,0.0696605,1.12195,0.09415,0.53463,0.449532,1.2721
0.20147,0.578186,1.48949,0.378217,0.0707443,0.633248,0.175832,0,0,0.364785,0.1031,0.0193156,0.904317,0.174926,0.732918,0.121941,2.16943,0.782309,0.153931,0.946875,0,1.39722,0.522565,0.807791
0.399323,0.621114,0.96001,0.256062,0.760129,0.086018,0.166874,0,0.190772,0.205041,0,0,0.998741,0.209076,0.455194,0.0825573,3.09168,0.167892,0.140559,0.234257,0.196675,1.31864,0.451808,0.215126
0.708061,0.564741,0.67489,0,0.80804,0.0605191,0.0599744,0,0.374368,0.720087,0,0,0.853235,0.186772,0.357119,0,3.12458,0.200456,0.0894572,0.0250521,0.257793,0.876875,0.435266,0.394797
0.00278768,0.323138,0.213514,0,0.934215,0.0955388,0,0.0374252,0.589135,1.31706,0.00492159,0.969862,0.458386,0.121833,0.187661,0,2.7883,0.206466,0.059712,0.0166994,0.412094,1.71618,0.404262,0.725779
0,0,0.00951216,0,0.770684,0.272059,0,0.242044,0.54462,1.20489,0.0062356,1.12462,0.410071,0.195395,0.172202,0.00428852,2.57327,0.161166,0.120189,0.108002,0.676493,1.9441,0.269655,0.71426
0.0215196,0,0.303728,0.489087,0.542124,0.142384,0.129929,0.0253657,0.326598,1.81062,0.34336,0.518127,0.302126,0.161633,0.544037,0.399775,1.90818,0.127708,0.545843,0.34394,0.373761,2.0631,0.084151,0.44336
0.266795,0,0.585233,0.720866,0.949332,0.0925563,0.172318,0.0211381,0.217091,2.01131,0.408025,0,0.28818,0,0.876061,0.54844,1.57719,0.0917405,0.582844,0.769959,0.236388,1.98056,0.0999992,0.166008
0.289107,0.296902,0.823712,0.938733,1.31169,0.0776015,0.0929914,0.0446736,0.159429,2.13073,0.214693,0,0.286103,0.0844536,1.47913,0.519314,1.17231,0.109898,0.635668,1.04846,0.151163,1.642,0.0526172,0.447453
0.297858,0.733397,1.38815,0.69805,0.758009,0,0.231739,0.0108141,0.0713832,1.57141,0.0252694,0,0.231195,0.208361,1.61109,0.267056,0.945255,0.0923753,0.677212,1.88358,0.0192764,1.09358,0.00619306,0.740736
0.30603,0.337995,1.31533,0.550968,0.0996626,0,0.663234,0,0,0.551968,0,0,0.105057,0.09471,1.15419,0.177638,0.830421,0.0962216,0.567215,2.59542,0.000347128,0.303216,0.00332343,0.90492
0.909456,0.480181,1.01235,0.548117,0.734587,0.00391458,0.461585,0,0.0623026,0.790863,0,0,0.538168,0.326144,0.732394,0.176719,1.54154,0.145061,0.265243,2.35858,0.0221693,0.47261,0.082953,0.75898
0.766842,0.0510853,0.728916,0.330872,0.542659,0.0617568,0.128141,0,0.309779,1.7747,0,0,0.350702,0.231098,0.597319,0.105981,1.53078,0.405626,0.12956,1.99398,0.087982,0.712832,0.235159,0.658319
0.30218,0,0.166413,0.37043,0.531446,0.0531185,0,0,0.429538,2.11506,0,0,0.108946,0.290958,0.334872,0.119431,1.4355,0.557321,0,1.72867,0.122052,1.19701,0.286191,0.499981
0.000910741,0,0,0,0.969755,0,0,0,0.401347,2.15477,0.123699,0,0.177785,0.309872,0.565226,0.00162586,1.29075,0.567912,0,1.51521,0.117425,1.59859,0.255329,0.295219
0.00251213,0,0.0025799,0.0241654,1.36333,0.409125,0,0,0.310767,1.97211,0.148142,0,0.267068,0.0886135,0.912657,0.00488586,1.28926,0.512883,0,1.48849,0.0925522,1.33869,0.239072,0.872147
0.00371913,0.00142382,0.398143,0.367515,1.43198,0.451533,0,0,0.240155,1.76346,0.0130639,0,0.417571,0.208032,1.16609,0.109883,1.18079,0.228797,0.0901494,1.25177,0.151422,0.93901,0.216267,1.23054
0.00388947,0.154747,1.15817,0.851177,1.18163,0.129733,0,0,0.113429,1.44036,0.00126337,0,0.524329,0.191544,1.12328,0.354727,0.674551,0.0500679,0.277989,0.978263,0.150202,0.850186,0.0209145,1.44499
0.237038,0.468728,1.27481,0.695093,0.775272,0.060836,0.074792,0,0.538901,1.02064,0,0,0.246723,0.134711,0.604297,0.390201,1.32419,0.012732,0.437218,0.70997,0.25246,0.966309,0.000340046,1.41164
0.325257,0.546818,1.34561,0.613973,0.275091,0.0387298,0,0,0.758247,0.243622,0,0,0.087579,0.175633,0.454526,0.305294,2.2152,0.107192,0.215265,0.0119092,0.571026,0.994233,0.0881289,1.29249
0.191996,0.531575,1.2408,0.431426,0.833401,0,0,0,0.717689,0.448181,0.030716,0,0.0526506,0.176601,0.414594,0.139778,3.04298,0.0308294,0.145346,0.017098,0.839508,1.54514,0.269859,0.645224
0.277939,0.526995,0.921069,0.180381,0.706199,0,0,0,0.159156,1.63155,0.293193,0,0.119827,0.174566,0.335075,0.0581569,2.93356,0.0111799,0.0203639,0.00983566,0.614061,1.67538,0.319649,0.771279
0,0,0.317149,0,0.671259,0,0,0,0.236105,1.8243,0.175309,0,0,0.0192311,0.193525,0,2.96466,0.00403556,0,0,0.699568,1.80634,0.224101,0.859948
0,0,0.224745,0.00392786,0.685239,0,0,0,0.346751,1.73612,0.091972,0,0,0.00588953,0.341652,0.000794149,2.87371,0,0,0,0.75191,1.62714,0.0691157,1.05165
0,0,0.594058,0,0.670601,0,0,0,0.504936,1.48579,0.449694,0,0,0,0.54807,0.126831,2.35259,0,0.117475,0.0108297,0.631439,1.49308,0.219322,1.47851
0,0,0.711702,0,0.836614,0.011821,0,0,0.561213,1.47975,0.471712,0,0,0.0031653,0.694229,0.149342,2.2799,0.0274597,0.259535,0.063814,0.491282,1.50464,0.257947,1.47815
0,0,0.484913,0.011912,0.740804,0,0,0,0.517761,1.72943,0.239171,0,0.00992431,0.00665003,0.866555,0.15199,2.31285,0.0338077,0.40096,0.0371749,0.357159,1.3665,0.0783987,1.2339
0,0,0.251561,0.202941,0.705183,0,0,0,0.475507,1.69535,0.117929,0,0.00513046,0.00859698,0.790548,0.186346,2.38407,0.0189966,0.427763,0.00749215,0.185266,1.47851,0.0289022,1.41884
0,0.00135033,0.0394419,0.27154,0.623385,0.0151127,0,0.0348914,0.405797,1.40797,0.0181129,0.00362081,0,0.0177698,0.84286,0.0929208,2.21364,0.036667,0.431423,1.23001,0.101036,1.15431,0.105414,0.922727
0.117765,0.0786239,0.7611,0,0.436605,0.0734035,0.17039,1.24537,0.91241,0.499085,0,0.176168,0.0317185,0.0884429,1.55876,0.0166978,1.43491,0.0446497,0.107289,3.10709,0.320072,0.356228,0.285345,0.474628
0.167469,0,1.06477,0,0,0.0574631,0.243053,2.02882,0.612603,0.191278,0,0.012084,0.0451056,0.336272,1.5148,0.00998859,0.272649,0.0413528,0.063175,3.45491,0.151001,0.319249,0.251775,0.482585
0.137587,0,0.781025,0,0,0,0.310982,1.48476,0.557822,0,0,0.00280475,0.0370573,0.894211,1.94543,0.0133928,0.0867083,0.0313907,0.0971485,3.33712,0.148033,0.0963852,0.215143,0.135141
0.0929593,0,0.793882,0,0.0155547,0,0.407001,0.963345,0.732222,0,0,0,0.196967,0.841845,2.1314,0.014468,0.0053857,0.0539095,0.142466,3.03064,0.239317,0,0.156005,0.214677
0.232118,0,0.0015918,0.204443,0.77719,0.156109,0.12701,0.513416,1.05081,0.374687,0.0749983,0,0.0625179,0.131102,2.00332,0.0641671,0.269097,0.129227,0.0272051,2.46001,0.384219,0.751404,0.318031,0.591341
0.193067,0.128762,0.00225684,0.44764,1.15369,0.262001,0.166104,0.256887,0.817551,0.515874,0.00686422,0,0.052,0.254529,1.75524,0.226826,0.585295,0.138729,0.216624,1.65851,0.249736,0.999838,0.286056,1.31767
0.346725,0.680322,0.123002,0.936093,1.14945,0.476334,0.153647,0.0653987,0.542943,0.597243,0,0,0.0933858,0.297162,1.16603,0.413263,0.518303,0.172733,0.309073,1.10302,0.199936,1.24721,0.00175508,2.19841
0.386053,0.749496,0.777189,0.664989,0.456295,0.298159,0,0,0.414871,0.612635,0.00378953,0,0.103978,0.328575,0.884485,0.341528,0.160271,0.0891412,0.195574,0.858527,0.23576,1.05623,0.0627339,2.76068
0.511665,0.699477,1.08945,0.200331,0.639266,0.0700316,0,0,0.163577,0,0,0.0391863,0.13781,0.198966,0.587687,0.244184,0.490188,0.387189,0.223373,0.84173,0.104562,0.226459,0.000792839,3.49815
0.532635,0.713507,0.719283,0.0782587,1.03555,0.028027,0,0,0,0,0,0.279138,0.143458,0.202957,0.21722,0.188631,0.941301,0.0185054,0.190051,0.910502,0.0141672,0.695963,0.00225885,3.2228
0.232248,0.885491,0,0.637353,0.80429,0.617267,0,0.407155,0,0.549553,0,0.715909,0.0625528,0.251877,0,0.3132,1.50036,0.258059,0.250892,0.782767,0.0159224,1.4221,0.00193101,2.84627
0,0.0126618,0,0.194794,1.93845,0.99622,0.0191245,0.183566,0,0.592265,0,0.691544,0.00326046,0.00360165,0.0427149,0.0674356,2.1435,0.412166,0.20603,0.460833,0.0305742,1.6041,0.00673082,2.46832
0,0,0,0.493762,2.19827,0.664656,0.165046,0.215671,0,0.195561,0,0.0665151,0.051004,0,0.289863,0.165546,2.30054,0.376394,0.212774,0.0709589,0.0367784,1.33463,0.0027917,1.78297
0.150193,0.00662326,0.344671,0.523874,1.47668,0.301126,0.245293,0.0897338,0.0279959,0.403949,0.164683,0.0268489,0.597186,0.0618608,0.467531,0.180529,1.71825,0.149256,0.119732,0.871451,0.189038,1.03706,0.085824,1.7688
0.242448,0.00144987,0.483729,0.556802,0.645315,0.146969,0.252732,0.0694366,0.0184118,0.997402,0.225596,0.0379859,0.611606,0.200244,0.708751,0.179519,1.11652,0.105182,0.0653811,0.672976,0.111911,1.7476,0.185896,1.86953
0.258085,0.454218,0.921033,0.751462,0.510579,0.180471,0.195601,0,0,1.24046,0.15373,0.0405691,0.296629,0.420523,0.937346,0.24228,0.660216,0.152832,0.109127,0.326033,0.000903822,2.05133,0.0992716,1.856
0.279043,0.671421,1.35925,0.792138,0.268596,0.196498,0.566644,0,0,1.02109,0.0382823,0.0396921,0.108458,0.494219,1.0845,0.255394,0.607512,0.175617,0.296235,0.0489895,0.0014619,2.24727,0.0236622,1.81594
0.53196,0.432426,1.67604,0.00659951,0.273785,0.144427,0.196884,0,0.27885,0.553717,0.169325,0.21708,0.143264,0.424951,0.572206,0.00212776,0.502568,0.113182,0.100125,1.38838,0.168513,1.75265,0.104659,1.91781
0.758332,0.133441,1.10207,0.00706727,0.439277,0.734086,0.138618,0,0.281072,0.0812081,0.164621,0.50994,0.204247,0.275699,0.825439,0.00956559,0.908874,0.263619,0.21827,1.89341,0.172535,1.18821,0.102196,2.00586
0.580534,0,0.0563954,0.0014125,1.87325,1.28716,0.134452,0.0122778,0,0,0,0.566187,0.156359,0.0747015,0.633065,0.00191183,1.48043,0.499881,0.346004,2.02765,0.0364882,0.719882,0.000432254,1.68887
0.013093,0,0,0,2.34875,0.637967,0.0501014,0.298359,0.0838988,0,0.0619598,0.506689,0.00352641,0.0447743,0.487071,0.00617944,1.88765,0.230564,0.365185,2.14076,0.0588852,0.295046,0.0384113,1.88524
0,0,0,0,1.25807,0.418755,0,0.427433,0,0.525245,0.538208,0.276945,0,0.0986886,0.486491,0.013205,0.78426,0.198416,0.371405,2.28925,0.125596,0.54101,0.332665,2.27333
0,0.00738656,0.16714,0,0.452126,0.979402,0,0.0961111,0.0522992,0.483706,0.422139,0.0728059,0,0.243579,0.839703,0,0.216106,0.439325,0.291827,2.32536,0.073703,0.493314,0.260923,2.44137
0.176,0.096583,0.354775,0.369543,0.10012,0.944385,0,0,0.139337,0.746663,0,0.0525188,0.139525,0.276232,1.34874,0.109739,0.122814,0.391973,0.150732,2.30764,0.145177,0.438164,0.0104402,2.42866
0.0784137,0.466805,0.888019,0.352233,0.0929937,0.651011,0.282438,0,0,0.724181,0,0.0504396,0.17139,0.342728,1.28693,0.102041,0.0718867,0.253427,0.289774,2.53161,0.0726346,0.420775,0.0267523,2.34694
0.133876,0.505295,1.11756,0.127551,0.184646,0.343242,0.393563,0,0,0.633936,0,0.0417996,0.169988,0.227398,0.903626,0.0302514,0.232302,0.115464,0.412625,2.69508,0.00296302,0.515082,0.0207752,2.31006
0.343529,0.509437,0.766069,0.217951,0.776377,0.301845,0.238169,0,0,0.10549,0,0.175026,0.140725,0.162735,0.59482,0.0615868,1.31724,0.143413,0.539138,2.38334,0,0.262413,0.00120498,2.07041
0.657388,0.575375,0.380502,0.701121,1.06304,0.266025,0.0991959,0,0,0,0,0.157786,0.332571,0.181036,0.145859,0.223372,2.03142,0.511481,0.390905,1.77441,0,0.272866,0.0850506,2.08839
0.578275,0.281485,0,0.43528,2.35213,0,0,0,0,0,0.29285,0.524016,0.20467,0.103054,0.022743,0.140339,2.45118,0.460161,0.0286062,1.57815,0.0071317,0.54036,0.0819075,2.05767
0,0,0,0.185409,2.19349,0,0,0.0616076,0.0256839,0.506295,0.674604,0.103907,0.0105599,0.0162489,0.102724,0.0597779,2.46781,0.420125,0,1.23549,0.0326794,1.305,0.166295,1.93597
0.210901,0.159858,0,0.912874,1.05097,0.0288266,0.00529386,0.223608,0.0418064,0.950305,0.492643,0.0417805,0.215897,0.150986,0.0805184,0.59378,1.0643,0.0507203,0.232733,1.17924,0.40572,1.19338,0.124864,2.5318
0.316179,0.214885,0.576209,0.831398,0.346435,0.494621,0,0.0801393,0.219505,1.12627,0.02418,0.0731082,0.117925,0.392965,0.62024,0.595908,0.163941,0.566441,0.120744,1.3896,0.667673,0.798202,0.507085,2.0694
0.495852,0.00612726,0.593492,0.313515,0.748133,0.488249,0,0,0.412186,1.16781,0.0302069,0,0.156295,0.292168,0.744259,0.297894,0.264185,0.551273,0.0649978,1.87071,0.578504,0.773501,0.55673,2.03688
0.5736,0.430656,0.805677,0.803396,0.76734,0.463744,0,0,0.347258,1.14418,0.0199374,0,0.154491,0.231738,0.889694,0.362337,0.284911,0.521506,0.0590388,2.10361,0.292278,0.772629,0.411596,1.66417
0.577671,0.784186,1.11309,1.04603,0.724978,0.376386,0.00128324,0,0,0.615581,0.00888463,0,0.155588,0.223061,1.9088,0.424878,0.307838,0.472302,0.0346437,1.90519,0.00510098,0.438251,0.460771,1.24713
0.52697,0.502479,0.918456,0.81699,0.165549,0.375257,0.501181,0.00815489,0,0.14934,0,0.0505874,0.141932,0.141979,3.21791,0.288469,0.234342,0.356228,0.231505,1.04662,0.00541136,0.786323,0.290117,0.785427
0.752532,0.813683,0.300345,0.368297,0.0769379,0,0.263855,0.945283,0,0,0,0.0757201,0.202684,0.230835,2.64257,0.136028,0.296922,0,0.171503,1.01234,0.0131458,1.63809,0.159428,0.257486
0.718019,0.834242,0.0778126,0.0135387,0,0,0.0615535,2.03416,0.00444562,0.376461,0.0803573,0,0.202195,0.2373,2.53297,0.0241089,0.222204,0,0.0907375,0.981917,0.0257264,2.11415,0.0868652,0
0.183761,0.386828,0.105863,0.041891,0,0,0,2.09691,0.326018,0.430375,0,0,0.049484,0.110033,2.43402,0.0374555,0.0529089,0,0,1.28685,0.11084,2.19321,0.406635,0.133395
0.00150454,0.433751,0.148587,0.0789223,0.0351321,0,0.0245213,1.78404,0.59563,0.0138734,0.0976591,0,0.000297676,0.46821,2.18623,0.0385565,0.0243793,0.0163149,0.0684909,1.6318,0.16906,0.987938,1.4853,0.296856
0.000623793,0.116949,0.65801,0.108487,0.564584,0.117161,0.246344,1.66763,0.00129523,0.0238946,0.319056,0,0.12177,0.217285,2.03121,0.0307333,0.185212,0.188452,0.282931,1.57054,0.0382473,0.422067,1.32078,0.332196
0.000238494,0.0164482,0.899074,0.389573,0.387271,0.15525,0.160051,1.2474,0,0.326536,0.368137,0.00250902,0.0465563,0.110013,1.72873,0.117815,0.107397,0.28113,0.55363,1.53235,0.0229993,0.710824,0.649421,0.897884
0.0278552,0.446434,1.45055,0.886105,0.391517,0.176588,0.0513148,1.01192,0,0.270233,0.0258686,0.00266525,0.0265052,0.485859,0.97505,0.298372,0.183892,0.110195,0.536006,1.91802,0.00186752,0.583854,0.0779231,1.79977
0.371125,0.788423,1.42352,0.670358,0.0689281,0.105414,0.0187009,0.487912,0.0767472,0,0,0.00350998,0.0999576,0.61775,0.508085,0.353699,0.168354,0.0595136,0.460066,2.2517,0.037832,0.130183,0.000733826,2.32542
0.639635,0.920387,1.04955,0.387226,0.00505933,0.0550182,0.218451,0.434498,0.121357,0,0,0.104047,0.174027,0.491673,0.442426,0.210932,0.028737,0.0702481,0.532116,2.01951,0.0598223,0.0492089,0.00333802,2.55082
1.81038,0.825514,0.513955,0.145391,0,0.053397,0.32243,0.394206,0.0258884,0,0,0.00240333,1.0158,0.234817,0.155212,0.0468758,0.141451,0.0111752,0.533684,1.51419,0.0127615,0.904555,0.00335155,2.20325
1.79,0.681157,0.17357,0,0,0.0720378,0.00638664,0.427881,0.354207,0,0.285551,0.217791,1.12432,0.193755,0.0797583,0.000633521,0.19374,0.0152824,0.228864,1.79459,0.0975865,1.92341,0.07253,1.26294
1.42316,1.12938,0,0,0.0122912,0.118667,0.000963194,0.840108,0.174224,0,0.159886,0.442002,1.10684,0.32125,0.457147,0.0248193,0.268557,0.0313935,0.208566,1.74904,0.0742866,2.0651,0.0399443,0.387774
1.47515,0.800445,0.0820915,0,0.098587,0.132632,0,0.422403,0,0.460841,0.0557499,0.506827,0.919882,0.227686,0.607128,0.146063,0.0202397,0.107703,0.52221,1.66517,0.0363404,1.73249,0.0431049,0.129904
1.36725,0.484688,0,0.0493536,0.197709,0.0570039,0,0.407528,0.068821,0.713864,0.0118449,0.620369,1.10682,0.137869,0.706048,0.170542,0.141406,0.113979,0.540814,1.80278,0.0543238,1.69364,0.196087,0.16816
1.35959,0.138185,0.0050549,0.0820962,0.484474,0.0852501,0,0.353883,0.307584,0.740159,0.0152482,0.506262,1.10528,0.0419807,0.4223,0.16364,0.308756,0.109782,0.58655,1.54126,0.15508,1.96274,0.252426,0.2055
1.33179,0.236704,0.55522,0.0641606,0.549318,0.112441,0,0.258811,0.405333,0.524499,0.0163866,0.155539,0.917244,0.131502,0.355653,0.169837,0.579725,0.0602202,0.727662,1.26208,0.201364,2.05785,0.271272,0.189961
1.23362,0.240706,1.22928,0.331732,0.19248,0.0405543,0.148773,0.188631,0.178662,0.241161,0.00548921,0,0.428296,0.249243,0.523139,0.192211,0.845398,0.0156238,0.767852,1.10962,0.0880703,2.16132,0.126089,0.0240414
1.13927,0.174834,0.905025,0.213618,0.0855595,0.0128082,0.640103,0.288155,0,0.182874,0.0176566,0,0.44089,0.191694,0.855391,0.0782714,0.574983,0.0272106,0.714304,1.74521,0.00231633,1.75921,0.0834528,0.0400166
2.05394,0.258191,0.429158,0.0333847,0.0611755,0,0.54235,0.342775,0,0.124851,0.152742,0,1.42851,0.0798685,0.60185,0.0175583,0.0886896,0.0952872,0.265412,2.18992,0.410204,0.666552,0.0489738,0.2543
2.35512,0.312469,0.017111,0.0476719,0.0262325,0,0.162791,0.277733,0,0.141823,0,0,1.59076,0.19093,0.644854,0.0386523,0.110585,0.0331432,0.0771955,2.31422,0.41288,0.0333888,0.00231566,0.408654
2.34964,0.469,0,0.0121954,0.0306709,0,0,0.61898,0,0,0,0.0237984,1.65459,0.62805,0.409256,0.102303,0.0554146,0.112034,0,2.56577,0.24112,0,0,0.5166
2.12999,0.240556,0,0.0535728,0.0362333,0.0551935,0.0482156,0.208479,0.590446,0.0522021,0,0.0706292,1.23167,0.494937,0.598254,0.0516065,0.0182576,0.151243,0.0103276,2.67438,0.340228,0.0286765,0,0.886237
0.989531,0.00887163,0.314099,0.0831516,0.637586,0.25023,0.134973,0.0841298,0.588582,0.353476,0,0.130467,0.845206,0.1131,1.3317,0.0168119,0.38747,0.148242,0.0289107,2.69124,0.421832,0.194177,0,0.964744
0.190091,0.658453,0.729924,0.209971,0.549192,0.181332,0,0.0192637,0.63347,0.645269,0,0.169741,0.624599,0.187296,1.87208,0.0574619,0.407017,0.150919,0.0215815,2.72494,0.52213,0.35447,0,0.866047
0.0484933,0.985735,1.17676,0.443341,0.129753,0.231449,0.295083,0.0402403,0.35638,0.543281,0,0.334452,0.359668,0.280392,1.95983,0.142938,0.210816,0.196172,0.172338,3.04692,0.248643,0.298444,6.70938e-05,0.769437
0.505037,0.990352,1.22193,0.105997,0.105355,0.247772,0.611353,0,0.0156468,0.198725,0,0.284884,0.557664,0.281705,1.87011,0.0341748,0.0216291,0.257243,0.286252,3.07763,0.107291,0.213065,0.0021531,0.511202
1.32011,0.677571,0.481172,0,0.0998513,0.0878374,0.579631,0.308918,0,0,0,0,1.22497,0.219923,1.10528,0,0.102255,0.0225502,0.269867,3.32882,0.0163936,0,0.0032453,0.242724
2.17693,0.504852,0,0,0,0.0308443,0.528363,0.326829,0,0,0,0,1.69808,0.441652,0.629852,0,0.00513674,0.0145204,0.255402,3.06543,0.0129062,0,0.0029301,0.216149
2.30365,0.249683,0,0,0,0.029002,0.000837312,0.730406,0,0,0,0.0607067,1.72807,0.734823,0.694011,0,0.029159,0.00606968,0.0250817,3.12435,0.0309589,0,0.00158326,0.1963
2.08659,0.0679389,0,0,0,0.321595,0.129324,0.376218,0.0765247,0,0,0.219986,1.12963,0.892258,0.774664,0.00121379,0.0433665,0.110317,0.0277008,3.32485,0.0689089,0,6.88384e-05,0.187313
0.439856,0.0144035,0.358422,0.507466,0.0980049,0.322226,0,0.271034,0.013222,0.256211,0,0.737815,0.875642,1.02135,1.09559,0.192168,0.0898663,0.0977165,0.160351,3.23149,0.0446408,0.175118,0,0.519784
0.177064,0.0111234,0.827057,0.118873,0.639023,0.438198,0,0.118306,0.325264,0.734352,0.00405228,0.619621,0.614313,0.647555,1.29598,0.0809403,0.408086,0.163967,0.262251,2.54568,0.185244,0.59641,0.0670835,0.893138
0.468731,0.0759967,0.781719,0.748349,0.497332,0.365432,0,0.246721,0.372668,0.686285,0,0.0358747,0.206509,0.635025,1.12744,0.26511,0.410284,0.133228,0.744961,2.092,0.339718,0.621,0,0.79936
0.565808,0.280545,1.05136,0.873151,0.471613,0.0838918,0,0.292221,0.220616,0.361961,0,0.260366,0.152325,0.620434,1.10331,0.310009,0.242134,0.0212832,1.18839,2.05763,0.14018,0.398037,0,0.614357
0.801242,0.362912,0.959195,0.78227,0.0944877,0.0100422,0.014573,0.29207,0,0.286717,0,0.276121,0.309035,0.844539,0.675196,0.280131,0.567537,0.00300656,1.39036,2.17385,0.0171703,0.200152,0.159295,0.260018
1.19701,0.486409,0.617225,0.614866,0.772689,0.012658,0.259195,0.0447004,0,0.756382,0,0.174425,0.901954,0.594218,0.307771,0.234648,1.53521,0.00264913,1.4563,1.54925,0.0227387,0.503646,0.192623,0.353891
1.24789,0.184899,0.427634,0.505415,0.582049,0.0358673,0.361375,0,0.0848377,0.980421,0,0,0.796681,0.0525944,0.129381,0.183242,2.0711,0.0809838,0.986655,1.21431,0.0552182,0.937291,0.00247186,0.833285
0.57918,0,0.108632,0.33619,0.457858,0.0340049,0,0,0.541857,1.46028,0,0,0.325084,0.214464,0.157024,0.129928,2.58707,0.152422,0.0267951,0.51938,0.602754,1.05563,0.00201899,1.03777
0.000794586,0,0,0,0.851941,0,0,0,0.32381,2.00167,0.133188,0,0.349108,0.324618,0.237105,0.0170094,2.82349,0.0641287,0,0.0285037,0.634106,1.16816,0.0328278,0.88365
0.00223297,0,0.171262,0.42939,1.01355,0.0851314,0,0,0.17683,2.1585,0.237073,0,0.435897,0.17533,0.298903,0.142333,2.83389,0.0744602,0,0.231891,0.60969,1.63674,0.390984,0.825016
0.00303518,0,0.515076,0.922026,1.02659,0.158883,0,0,0.0806216,1.82379,0.15619,0,0.359875,0,0.764686,0.294179,2.61954,0.0973547,0,0.71405,0.642938,1.45451,0.309319,0.77516
0.00238935,0.00412804,1.2019,0.979359,0.834973,0.287746,0.017703,0,0,1.50824,0.00811488,0.00383931,0.177659,0.183775,1.20107,0.312194,1.50528,0.115412,0.00379192,1.05629,0.629651,1.28611,0.134338,0.946644
0.00217413,0.325499,1.89638,0.483595,0.393948,0.422055,0,0,0,1.18123,0.00634818,0.0358223,0.0150191,0.364773,1.33106,0.18539,1.0945,0.163471,0.00343459,1.30845,0.405219,1.2539,0.105091,1.07565
0.0220122,0.724083,2.15349,0.0215702,0,0.521737,0.200868,0,0.157845,0.90099,0,0.00114581,0.0058448,0.441554,1.28161,0.0342271,1.02137,0.258634,0.0817784,1.27916,0.33407,1.57243,0.00495707,1.05382
0.128748,0.709348,2.16782,0,0,0.259752,0.284161,0,0.133757,0.191072,0,0,0.0734152,0.232089,1.30357,0.0305438,1.29887,0.170394,0.115689,0.809826,0.453714,1.83925,0.0535643,0.632301
0.216625,0.494467,2.31386,0.0691904,0.0123821,0.0453452,0.145148,0,0.169818,0.440832,0.252439,0,0.103381,0.159961,1.65274,0.119241,0.79345,0.108189,0.0581955,0.677679,0.520194,1.82771,0.104021,0.676281
0.463238,0.0628597,2.18142,0.463774,0.049129,0.05032,0,0,0.342486,0.127517,0.505234,0,0.144742,0.188448,2.35868,0.167405,0.316186,0.0722022,0,0.353621,0.717603,1.85257,0.13012,0.827299
0,0.530325,1.64405,0.6639,0.153455,0.0893116,0,0,0.276902,0.47757,0.48918,0,0.0384092,0.150851,2.67703,0.21533,0.326677,0.0784787,0.114871,0.101864,0.502242,1.9393,0.303385,0.651509
0.00277489,0.632526,1.57529,0.56637,0.121286,0.0395294,0.0031732,0,0.180538,1.11776,0.578232,0.00772321,0.426859,0.179922,2.42145,0.182604,0.103191,0.0634639,0.359568,0.733314,0.411086,1.54059,0.401313,0.651773
0.0036068,0.617024,1.11067,0.980685,0.0616497,0.0525242,0.0554027,0.173842,0,1.4237,0.402637,0.0302806,0.503146,0.190016,2.31322,0.316184,0.115193,0.0936065,0.407598,0.852728,0.420166,1.50336,0.297086,0.624117
0.00331652,0.607664,1.16323,0.955585,0.0863156,0.124622,0,0.023682,0,1.65106,0.090934,0.0142086,0.394286,0.212386,2.30389,0.308092,0.128429,0.221871,0.40914,0.821542,0.386783,1.62119,0.0835452,0.758116
0.00237785,0.917068,1.10028,0.993317,0.125979,0.209756,0,0,0.200544,0.991971,0,0.0146313,0.304518,0.301521,2.1888,0.320257,0.226782,0.243276,0.546386,0.803107,0.485672,1.7083,0.0216758,0.98222
0.324059,0.743864,1.51787,0.556021,0.0279355,0.230043,0.257016,0,0,0.370702,0,0.0129644,0.463551,0.266641,1.21428,0.179267,0.604028,0.332573,0.635093,0.645833,0.284395,1.87484,0.0604979,0.999912
0.393153,0.562412,1.80944,0.169496,0.0353923,0.0671382,0.233029,0.0381459,0.0515093,0.382582,0,0,0.440556,0.277859,1.75397,0.0568177,0.0677949,0.0979853,1.72943,0.017021,0.315678,2.06665,0.0474636,0.47194
0.180319,0.325125,2.04649,0.0616513,0.00463376,0,0.00326476,0,0.0291762,0.413298,0.0416307,0,0.442489,0.376814,1.93666,0.0221504,0.0009513,0.0324566,1.60858,0,0.0779584,2.07181,0.0106879,0.350152
0,0.214178,2.39167,0.262871,0,0,0,0,0.066041,0.486672,0,0,0.12449,0.408812,1.93317,0.094598,0.187912,0.0150145,1.36142,0,0.0530395,2.23106,0.000543749,0.256321
0,0.0816333,2.26956,0.0461562,0,0,0,0.0514493,0.311392,0.478623,0,0,0,0.553472,2.23268,0.0275729,0,0.155451,0.610592,0.244751,0.138295,2.17776,0.0436535,0.284975
0.00329768,0.239916,1.19019,0.0667911,0.167726,0.0390278,0.189997,0,0.289844,1.16138,0.13533,0.0031194,0.341189,0.553807,1.82804,0.0135041,0.28054,0.113613,0.399442,0.701166,0.338748,2.16241,0.0836474,0.242918
0.00421999,0.667756,0.367612,0.35912,0.224417,0.102432,0.150674,0,0,1.24173,0,0.00351214,0.624686,0.587962,1.77736,0.0974329,0.375364,0.167593,0.302686,0.997457,0.392173,1.84962,0.0190287,0.279726
0.00309866,0.995654,0.3392,0.578192,0.319405,0.215236,0.423028,0,0,1.07567,0.124334,0.00236968,0.619457,0.505205,1.73208,0.174649,0.346009,0.267434,0.483536,1.0482,0.404308,1.69652,0.104977,0.26052
0.00150836,0.778687,1.70655,0.112402,0.22895,0.31423,0.519356,0.118679,0,0.628287,0.357246,0.00156594,0.328376,0.402302,2.28687,0.0289318,0.328149,0.351396,0.551313,0.83975,0.376147,1.31917,0.239056,0.268235
0.000356986,0.494778,2.21707,0.0152155,0.111132,0.276538,0.398351,0.245545,0,0.314521,0.431639,0,0.19935,0.140739,2.84719,0.0171702,0.716497,0.396482,0.20928,0.789955,0.0683981,1.88682,0.269625,0
0.158879,0.417866,2.1754,0,0.070143,0.234523,0.423092,0.184118,0,0.351573,0.358758,0,0.253415,0.184999,2.39782,0.0129297,0.395988,0.559807,0.428991,0.32815,0.115522,2.20314,0.224408,0
0,0.48541,2.15515,0.0868886,0,0,0.307573,0.123275,0,0.133888,0.0908534,0,0.168392,0.476977,2.17476,0.0827583,0.0962314,0.494887,0.125782,0.523948,0.0549963,2.19044,0.0587521,0.0889901
0,0.383127,2.26432,0.100686,0,0,0,0.0194468,0.0912117,0.49616,0.188534,0.0110596,0.091874,0.624779,2.2274,0.0630033,0.118428,0.439906,0,0.54154,0.0504163,2.10484,0.0512978,0.317723
0.00151739,0.431226,2.09119,0.173824,0,0.0439756,0.258859,0.0584462,0,1.42185,0.542867,0,0.167582,0.589083,1.98553,0.277533,0.0973777,0.117184,0.258326,0.889704,0.107532,1.79147,0.335962,0.601818
0.00367344,0.0530414,1.05573,0.515071,0.604904,0.333581,0.184749,0,0.030799,1.38225,1.19849,0.00534247,0.370136,0.378924,1.7688,0.474865,0.238474,0.184514,0.336776,1.05617,0.384444,1.36408,0.740783,0.774948
0.0026968,0.0109086,1.05148,0.326728,1.03146,0.465663,0.0353998,0,0.0526441,0.996284,1.09819,0,0.161019,0.173313,2.02972,0.297682,0.403731,0.250839,0.547661,1.15275,0.363154,1.17942,0.896139,0.619012
0.00214292,0.370203,1.53861,0.716378,0.858942,0.417007,0.0146148,0,0,0.824821,0.835919,0,0.084763,0.260274,2.00916,0.375574,0.377446,0.216433,0.633829,1.12023,0.261841,1.25795,0.662631,0.680213
0.302778,0.61014,1.58794,0.787369,0.353296,0.401405,0.064882,0,0,0.709315,0.554113,0.000526348,0.124822,0.358005,1.78735,0.409676,0.207206,0.172444,0.746888,1.03687,0.253247,1.22178,0.482259,0.628915
0.297543,0.585023,1.55773,0.305535,0.25691,0.615046,0.123308,0,0,0.467137,0.375854,0.174833,0.158005,0.32756,1.01963,0.109024,1.14938,0.232293,1.03672,0.594689,0.00122062,0.866452,0.438493,1.86817
0.483306,0.268761,1.0311,0,1.2845,0.282292,0.0811762,0,0.097858,0.145413,0.276643,0.543788,0.222412,0.076449,0.361341,0.003927,2.41999,0.0844433,1.13018,0.00155046,0.0490681,0.212602,0.294019,2.46145
0.217379,0,0.472881,0,2.15049,0.291956,0.0862851,0,0,0,0.406489,0.721166,0.139087,0,0.171906,0.00513658,2.5719,0.0856105,1.12866,0.0046285,0.184098,0.180912,0.261346,2.50305
0,0,0,0.02887,2.5522,0.118254,0.124516,0.106008,0,0.0396075,0.569306,0.482535,0.00384791,0,0.0709984,0.0205036,2.45575,0.0904338,1.03488,0.0495094,0.366963,0.219213,0.240136,2.46914
0,0,0.0045077,0.045985,1.97123,0.163449,0.0835294,0.14881,0.00873613,0.415267,0.834498,0.0425925,0,0.363088,0.413114,0.0148261,1.82744,0.126042,0.358909,0.58902,0.614034,0.228122,0.347845,2.06378
0.178576,0.00740597,0.108173,0.164345,0.667349,0.619811,0,0.0643623,0.015796,0.965442,0.693715,0.132121,0.148051,0.598238,0.585923,0.0529867,1.29387,0.259703,0.271647,1.11599,0.760251,0.530353,0.532936,2.0452
0.345935,0.151282,0.367825,0.164155,0.788589,0.453045,0.0859313,0,0,1.37951,0.187317,0.0434398,0.210405,0.530606,1.22589,0.0456694,1.23838,0.450883,0.232526,1.11934,0.711023,0.757817,0.282631,1.96476
0.311712,0.564037,1.05017,0.370415,0.399615,0.470709,0,0,0,1.65607,0,0.0429453,0.167116,0.509793,1.54577,0.110311,1.12037,0.677758,0.14104,1.07778,0.731222,0.90974,0.167295,1.87133
0.309655,0.653409,1.38349,0.495338,0.106071,0.495848,0.0658576,0,0,1.85535,0,0.0360683,0.0834014,0.457397,1.71528,0.157221,1.19784,0.719451,0.13367,0.981136,0.688714,1.10434,0.223376,1.67391
0.340247,0.663769,1.3314,0.426958,0.296769,0.50537,0.0532998,0,0,1.87427,0,0.0139465,0.246248,0.205335,1.21521,0.137656,1.70666,0.726853,0.0216997,0.398046,0.421605,1.60543,0.0538384,0.967977
0.414166,0.700385,1.00661,0.166434,1.08601,0,0,0,0,1.70817,0.0997145,0,0.828399,0.277199,1.26477,0.0621161,2.27659,0.125087,0,0.161374,0.0276893,1.31864,0.104927,0.740285
0.135615,0.792633,0.548815,0,0.897584,0,0,0,0,2.10056,0.608202,0.179565,0.781528,0.243495,0.78057,0.00886995,1.85743,0.543255,0,0,0.0133191,2.35162,0.195996,0.643505
0,0.0634093,0,0.0301076,0.807107,0.210868,0,0.356894,0.100747,2.2893,0.30329,0.484319,0.448916,0.23911,0.372798,0.0485475,1.58759,0.744708,0,0.122657,0.0517994,2.51039,0.166429,0.7742
0.00095655,0.0330973,0,0.328598,0.908853,0,0.00284434,0.23373,0.196723,2.15601,0.504492,0.227153,0.373429,0.217456,0.830173,0.117653,1.44369,0.355964,0.406958,0.445979,0.302375,1.78542,0.124153,0.697089
0.026406,0,0.253104,0.564945,1.03008,0.0135054,0,0.147814,0.233505,1.89441,0.497099,0.00299407,0.321627,0.0146542,1.24937,0.273169,1.28315,0.133786,0.310184,0.86848,0.591918,1.49411,0.12183,0.623171
0.122361,0.0315386,0.523162,0.786271,1.46918,0.0312113,0,0.164493,0.254911,1.7294,0.38883,0.000477655,0.273597,0.00897113,1.58236,0.339167,1.19701,0.133804,0.418494,0.921172,0.573017,1.55325,0.095295,0.452063
0.093156,0.586088,1.08624,0.636691,1.26551,0.0426832,0,0.19332,0.252666,1.60129,0.221061,0.00287301,0.245215,0.166712,1.61957,0.241853,1.08188,0.0803412,0.667706,0.998449,0.533708,1.56249,0.0623091,0.288683
0.180674,0.752634,1.44176,0.757092,0.336858,0,0.212269,0.0362478,0,1.37553,0,0.00660474,0.272946,0.213707,1.79893,0.244095,0.877016,0.0520102,0.785706,0.947906,0.49168,1.40426,0.0446405,0.426934
0.614298,0.693843,1.19543,0.643203,0.390935,0.0232711,0.746604,0,0,1.42428,0,0,0.226574,0.687961,1.00844,0.207376,1.0053,0.406217,0.983938,0.436814,0,1.93997,0.114547,0.590353
0.795826,0.350946,0.58298,0.717783,0.682003,0,0.376372,0,0,1.67123,0.798809,0,0.318605,0.807242,0.306226,0.231421,1.2794,0.573874,0.373664,0,0.00411898,2.06752,0.455856,0.517225
0.716903,0,0.210415,0.563338,0.624378,0,0.11458,0,0.00790564,1.58952,0.811039,0,0.207259,0.846223,0.19211,0.181627,1.36514,0.527566,0.272107,0,0.0121055,2.19236,0.464664,0.561464
0.0949172,0,0,0.199728,1.00626,0,0.048119,0,0.119082,1.86807,0.613421,0,0.0817977,0.753887,0.176292,0.10573,1.40039,0.486333,0.605682,0,0.0500265,2.1716,0.449213,0.400149
0.00111736,0,0,0.0206121,0.98769,0.18882,0,0,0.165941,2.32895,0.303708,0,0.218119,0.731425,0.955703,0.0713629,1.21993,0.589315,0.337776,0.451197,0.0623376,1.84632,0.0940738,0.223917
0.00168013,0,0.10617,0.0357482,1.8782,0.61316,0,0,0.210983,2.66822,0.157849,0,0.327976,0.381394,1.44073,0.0503721,1.11695,0.505901,0.251358,0.804816,0.104223,1.54681,0.232515,0.145025
0.00198428,0.0972631,0.72604,0.524582,1.6888,0.555278,0,0,0.126614,2.37411,0.00312564,0.00026696,0.387438,0.472955,1.68175,0.181842,0.958936,0.294539,0.379547,0.942768,0.139723,1.32821,0.107915,0.317494
0.00200921,0.52128,1.33588,0.40931,0.684025,0.195123,0.355496,0.0846575,0,2.24764,0.00284578,0.00680676,0.395354,0.524769,1.75669,0.143705,0.886926,0.10585,0.637877,0.993927,0.133735,1.27885,0.105299,0.439055
0.162859,0.575939,1.56864,0.355302,0.237104,0.151721,0.597433,0,0,2.1786,0.00190552,0.00876851,0.19772,0.437973,1.87445,0.13348,0.893657,0.2019,0.74058,0.957438,0.0245507,1.54532,0.073333,0.683327
0.394332,0.528262,1.43702,0.20831,0.377115,0.0267332,0.44614,0,0.0328273,1.80739,0.0257213,0.00228653,0.158716,0.150264,1.08443,0.383863,1.2457,0.117865,0.475604,0,0.291061,1.96749,0.0106928,1.01785
0.541392,0.545622,0.873308,0.160668,0.713262,0,0.290696,0,0.193522,2.19715,0,0,0.719394,0.155202,0.331346,0.399368,1.50707,0.0768381,0.586743,0,0.373271,2.29285,0,0.534726
0.116166,0.477657,0.742253,0.0553196,0.689089,0,0,0,0.347057,2.22005,0,0,0.565801,0.529613,0.288486,0.258955,1.36923,0.0599421,0.558823,0,0.290718,2.3459,0,0.162607
0.00014082,0.00380595,0.331488,0,0.873328,0.027058,0,0,0.368612,2.35526,0,0,0.387367,0.755057,0.53559,0.0177837,1.17242,0.362455,0.204806,0,0.122371,2.27499,1.84315e-05,0.0897647
0.00217877,0,0.099213,0.423092,1.1136,0.540018,0,0,0.286365,1.52878,0.196437,0.178823,0.425316,0.754175,1.05791,0.20192,1.47684,0.296827,0.250878,0.412592,0.121147,1.88602,0.263521,0.28797
0.00572171,0.00866228,0.285231,0.821494,0.902988,1.15421,0,0,0.352348,1.14975,0.451462,0.0156498,0.303792,0.565553,1.27366,0.381424,1.49583,0.486694,0.287247,0.824535,0.67186,1.41921,0.110854,0.441083
0.00222289,0.244498,0.684421,0.606933,0.969866,1.09856,0,0.00199606,0.0576158,1.81476,0,0.00411187,0.264819,0.0765928,1.73944,0.266472,1.49074,0.510682,0.267833,0.882103,0.822004,1.45892,0.000300263,0.56838
0.00238286,0.456311,1.19752,0.929287,0.253661,0.933741,0,0,0,2.05462,0,0.00548221,0.125355,0.133317,1.8231,0.366793,1.42728,0.50927,0.44804,0.852022,0.76366,1.30967,0.000177896,0.550668
0.00265717,0.51593,1.26706,0.638704,0.0566004,0.545354,0.0167284,0,0,2.10232,0,0.00211306,0.0262134,0.148164,1.70543,0.260784,1.31614,0.586109,0.730211,0.822555,0.672674,1.45479,0.0119747,0.341469
0.080065,0.596469,1.22765,0.286054,0,0.417906,0.111931,0.0879953,0.158542,1.72654,0,0.0750755,0.229292,0.169665,2.42923,0.110915,0.412231,0.638234,0.464635,0.025159,0.0959842,1.89578,0.0190219,0.574716
0,0.544575,1.22793,0,0,0,0.15991,1.80648,0.439564,0,0.3159,0.36859,0.186753,0.324939,1.89792,0.36563,0.0121015,0.00369349,0.326016,1.29657,0.242826,1.09251,0.0806059,1.07855
0,0.440217,1.00315,0,0,0,0.188576,2.01477,0.00639741,0,0.425846,0.269783,0.491663,0.843027,1.40824,0.071223,0,0,0.460714,1.21269,0.0310343,1.20752,0.106947,0.715384
0,0.00376061,0.950874,0,0,0.00802292,0.173406,1.97921,0.174015,0,0,0,0.485466,1.05161,1.51796,0.072828,0,0.263385,0.41887,1.23099,0.0643246,0.954125,0.000539405,0.029445
0.070829,0,0.578044,0.173858,0,0.0125449,0.162074,0.740521,0.330584,0.116873,0.142956,0,0.377073,0.711826,1.82911,0.0560538,0,0.230501,0.15195,1.668,0.487807,1.04935,0.394201,0.598193
0.170888,0.0764181,0,0.667984,0.593282,0.278608,0.187522,0.388592,0.503774,0.208827,0.0660627,0,0.134403,0.412008,1.752,0.215365,0.20542,0.178854,0.0401665,1.93089,0.379301,1.23607,0.299877,1.25569
0.0622255,0.195109,0.000266953,1.13679,0.72319,0.504414,0.183826,0.300528,0.297725,0.309432,0,0,0.0166877,0.31717,1.24946,0.366515,0.2504,0.251093,0.0700131,1.50197,0.0963002,1.48867,0.167623,1.96076
0.0966152,0.426714,0.634453,1.02498,0.556757,0.501738,0.201671,0,0.450243,0.307382,0,0,0.0259249,0.576088,0.577292,0.326979,0.508265,0.292154,0.329304,0.678544,0.221944,1.44953,0.128172,2.35865
0.284577,0.761861,1.09511,0.497263,0.128806,0.224681,0.0541966,0,0.545222,0.203057,0,0.0697758,0.0808521,0.705672,0.396627,0.160323,0.953208,0.251298,0.436575,0.120551,0.268764,1.01254,0.0734587,3.09971
0.391297,0.700096,0.901373,0.341927,0.613433,0.0571522,0.0392606,0,0.0383033,0,0,0.102156,0.113874,0.199142,0.272211,0.164023,1.7175,0.0216572,0.412026,0,0.0188813,0.844327,0.0227038,3.17947
0.849656,0.486668,0.837122,0.0446345,0.999456,0.0261862,0.301672,0,0,0,0.122487,0.0571542,0.245572,0.138432,0.252807,0.0218991,2.15212,0.0396363,0.373791,0,0,1.7318,0.0770374,2.64731
0.855155,0,0.568249,0,1.91404,0.0244621,0.428541,0,0.226609,0,0.70937,0.0324163,0.247644,0.0111377,0.171609,0.0192952,2.74278,0.0367023,0.168041,0,0.0601398,2.09584,0.184975,1.85563
0,0,0,0.740347,1.84298,0.101866,0,0.0393521,0.36638,0.0982608,0.606481,0.0380168,0,0,0.0183655,0.500247,2.62896,0.0890183,0,0.00866225,0.116018,1.77623,0.149184,1.84602
0,0,0.433832,0.25939,1.11328,0.117487,0,0,0.193172,0.610484,0.414832,0.0441631,0.272002,0,0.502248,0.0900019,2.09969,0.0245882,0.262402,0.0716638,0.0820991,1.33335,0.255135,2.47939
0,0.0595239,0.79346,0.0498428,0.327757,0.137355,0,0,0.0722712,0.816364,0.138102,0.206056,0.3103,0.0214821,0.803795,0.0100774,1.59522,0.075548,0.314177,0.244645,0.0923805,1.25792,0.161044,2.71065
0,0.10359,1.33447,0.0234131,0.236198,0.402041,0,0,0.460468,0.892754,0,0.0449085,0.319324,0.0404299,1.00961,0.00473375,0.965129,0.169891,0.426386,0.328546,0.24599,1.66201,0.0428837,2.51239
0,0.415967,1.74548,0.033168,0.255956,0.684669,0,0,0.669797,0.861888,0,0.0416849,0.174642,0.137843,1.05443,0.0106937,0.457689,0.234455,0.120104,0.808213,0.580408,1.57534,0.0345532,2.20208
0.000274137,0.371797,1.6268,0.0475905,0.0436734,0.952325,0.0426226,0,0.484809,0.835591,0,0.0366244,5.42385e-05,0.336949,1.20088,0.0227521,0.0755126,0.328447,0.072031,1.0178,0.393867,1.16163,0.0517076,1.86012
0.0476173,0.6607,1.1656,0,0.767233,0.600405,0,0,0.0123463,0.480077,0.354761,0.461083,0.0128251,0.229453,0.759136,0,1.15783,0.200112,0,1.59082,0.0298409,0.565591,0.294844,1.8301
0.207266,0.39587,0.445943,0,1.51261,0.527693,0,0,0,0.269979,0.499838,0.711009,0.0558244,0.140735,0.546419,0,1.7607,0.165742,0,1.87199,0.0228186,0.280924,0.328282,1.71544
0,0.0489156,0,0,2.18282,0.349846,0.00602982,0,0,0.125736,0.52353,0.734002,0,0.0194031,0.459477,0.00795839,1.99857,0.105283,0.00129156,2.05727,0.0286066,0.265251,0.187997,1.78304
0,0,0,0,2.24389,0.308343,0.119702,0.130668,0.00374176,0.0544201,0.814293,0.29878,0,0,0.531821,0.0089544,1.6624,0.13679,0.0256398,2.54513,0.0486861,0.16711,0.239791,1.95308
0,0.000789947,0.0184574,0,1.13204,0.361385,0,0.152901,0.0351881,0.188243,1.10128,0.0364733,0,0.104928,0.54614,0,0.456407,0.21979,0,2.50488,0.232005,0.141309,0.452696,2.46711
0.179761,0.0119745,0.334308,0.0514243,0.299679,0.56827,0,0,0.385012,0.549681,0.511524,0.0463628,0.0484163,0.118052,1.03017,0.0103972,0.168469,0.273528,0.0387763,2.32297,0.378583,0.278873,0.427757,2.6272
0.221208,0.381567,0.592567,0.0576655,0.851725,0.476213,0,0,0.697074,0.38908,0.311797,0.0403571,0.0595795,0.189249,1.37959,0.011659,0.365503,0.209528,0.0911488,2.11948,0.409742,0.213736,0.314236,2.27217
0.250647,0.750021,1.00668,0,1.14428,0.239095,0,0,0.637924,0.0157233,0.27847,0.0353217,0.0675083,0.273579,1.24348,0,0.379562,0.129715,0.127579,2.03292,0.374833,0.141172,0.271951,2.16609
0.307626,0.726709,0.947928,0,1.24133,0.150847,0.032844,0,0.444332,0.148593,0.0813696,0.100583,0.0958746,0.206712,0.957707,0,0.733241,0.0479376,0.13311,2.26552,0.269882,0.130339,0.116882,2.2069
0.35996,0.604966,0.316479,0,2.08868,0.0979424,0.0450056,0.027595,0.306948,0,0,0.245522,0.234807,0.196951,0.130343,0,2.45518,0.29566,0.243452,1.93584,0.151308,0.0317547,0.00358592,1.91735
0.419305,0.517992,0.085336,0,2.23635,0.0716,0.0142875,0.053876,0.129355,0,0,0.285332,0.21881,0.169657,0.0673349,0,3.09901,0.322809,0.0492743,1.56096,0.0637647,0.0948088,0.00362084,1.76371
0.0672164,0,0,0,2.42498,0.0432328,0,0,0,0.00130407,0.444843,0.564331,0.117796,0.0114341,0.0632407,0,3.31696,0.161958,0.0316731,1.17197,0.0638555,0.491022,0.111714,1.85308
0.0269855,0,0,0.0495904,2.17973,0.0365386,0.0105371,0.429258,0,0.251935,0.47665,0.0504682,0.0865214,0,0.0676184,0.0630015,2.97608,0.0575991,0.002257,0.811222,0.280686,0.563129,0.119413,2.07672
0.0558102,0,0.00925644,0.805291,1.15464,0.401187,0.0216681,0.378916,0,1.34276,0.388454,0.163014,0.152988,0.108977,0.00185031,0.617618,1.61252,0.391719,0.191371,0.674526,0.336058,0.820388,0.272772,2.28752
0.302498,0,0.593626,0.706709,0.334557,0.419779,0.0329695,0,0.517717,1.36392,0.0281194,0,0.320832,0.16236,0.653892,0.362394,0.772057,0.479841,0.387076,0.922336,0.485792,0.981216,0.465529,2.00933
0.187452,0.603467,0.949963,0.729115,0.124004,0.289466,0.0738025,0.0408133,0.576317,1.17392,0.0257637,0.0193997,0.359856,0.176754,0.918798,0.352446,0.388949,0.431173,0.390068,1.17046,0.319687,1.05843,0.426685,1.89491
0.179643,0.636177,1.13398,0.58742,0.119375,0.258116,0.259134,0.19442,0.842678,0.851058,0.0248989,0.172748,0.341372,0.402298,1.06598,0.228974,0.129975,0.340489,0.241578,1.21179,0.419872,1.25103,0.41458,1.52663
0.171259,0.251098,0.991804,0.280266,0.123477,0.233628,0.0598383,0.536241,0.482061,0.521554,0.338224,0.23628,0.106146,0.382996,1.94927,0.0903609,0.54502,0.241041,0.0357876,1.22664,0.240474,1.22615,0.258538,1.1853
0.39054,0.248909,0.785658,0,0.0501761,0.117097,0.00391691,1.62982,0.509004,0,0.259362,0.374677,0.123803,0.397662,1.99513,0,0.596911,0.0251924,0.00284548,1.60455,0.25091,1.09211,0.194326,0.905212
0.523015,0.465586,0.848113,0,0.039438,0.0822934,0,2.13958,0.561921,0,0.1794,0.463901,0.302331,0.472654,1.80063,0,0.666274,0.0172227,0,1.71705,0.284736,1.31655,0.048076,0.118901
0.147493,0.089485,0.57727,0,0.0825038,0.0738023,0,2.09139,0.400022,0,0.522452,0.3799,0.128029,0.347171,1.72227,0.00796768,0.633539,0.0154457,0,1.89673,0.224931,1.48344,0.301276,0.0973712
0,0.00530151,0.317248,0.214816,0.035979,0.0866034,0.142601,2.06346,0.225433,0,0.701786,0,0,0.160994,1.87957,0.310148,0.325234,0.0225161,0.0305445,1.85355,0.145781,1.49174,0.327163,0
0.555639,0.25411,0.19139,0.658424,0.298248,0.0109562,0.0709906,0.84865,0.225216,0.0198324,0.349139,0.119747,0.149654,0.33913,2.64395,0.230445,0.0984728,0.0174369,0.0452371,1.46821,0.0833314,0.892171,0.529671,0.030692
0.718039,0.0465689,0.885704,0.44926,0.399151,0.0646895,0.32728,0.0629865,0.522144,0.0472619,0.372099,0,0.193394,0.122836,2.30108,0.244892,0.116351,0.0215935,0.348215,1.67434,0.205358,0.886712,0.509755,0.369271
0.739118,0.307976,0.940173,0.811811,0.435901,0.150616,0.150346,0.125683,0.731037,0.0625165,0.335661,0.000898901,0.199071,0.114907,1.30179,0.31384,0.12857,0.0475832,0.21941,1.77942,0.361103,1.14013,0.448967,1.63069
0.839916,0.571679,1.10213,0.975602,0.125253,0.136694,0.0327017,0.319109,0.639553,0.0538072,0.0238158,0.00425705,0.22622,0.536144,0.416543,0.449354,0.358355,0.0760654,0.254851,1.96498,0.315263,0.36457,0.170824,2.30925
1.06188,0.690317,1.09095,0.661431,0.0194509,0.0503226,0.0167003,0.341292,0.398034,0,0,0.0677656,0.286004,0.665325,0.329464,0.379603,0.669163,0.0228671,0.293796,1.73239,0.196208,0.140573,0.00171727,2.75586
1.26548,0.654329,0.911969,0.398713,0,0.0550545,0.237235,0.359046,0.0962497,0,0,0.406664,0.390961,0.576292,0.275411,0.278069,0.454473,0.0115221,0.385583,1.72454,0.0474457,0.270849,0.00357738,2.86524
1.7828,0.117194,0.622912,0,0,0.0475689,0.196702,0.373236,0.147459,0,0.0353681,0.610571,0.938623,0.271323,0.253593,0.0949726,0.617158,0.00995544,0.179935,1.43364,0.0754911,0.974554,0.109712,2.35995
1.29318,0.183162,0.319411,0.00557176,0,0.264268,0.115178,0.420574,0.0990717,0,0.186308,0.741962,0.739945,0.390362,0.0964206,0.00671083,0.972231,0.0828607,0.0348968,1.64174,0.0682579,1.50756,0.1001,1.219
0.607022,1.09316,0.196207,0,0.0503617,0.106415,0.127397,0.478535,0,0,0.0117207,0.938903,0.199282,0.553889,0.0592537,0.0249056,0.656663,0.0227264,0.361137,2.10961,0.0266941,1.45162,0.114613,0.853239
1.19125,0.974855,0,0.161636,0.344784,0.0616333,0.191004,1.03659,0.0690018,0.177593,0.0477573,0.0571148,0.602011,0.407091,0.143401,0.284601,0.409672,0.0613481,0.422714,2.05966,0.059396,1.36651,0.0692104,0.936468
0.707191,0.736056,0,0.129908,0.943069,0.0178751,0.143399,1.1563,0.385497,0.288575,0.0096457,0.0948297,0.631878,0.209371,0.322267,0.120437,0.517597,0.0795508,0.429378,2.09935,0.197193,1.69769,0.177145,1.02536
0.401461,0.706314,0.191846,0.119961,0.938982,0.0149041,0.0707825,0.834511,0.618055,0.267096,0.00401545,0.140821,0.342798,0.223481,0.613776,0.0285913,0.53638,0.0279768,0.575487,1.85802,0.304666,2.08834,0.249843,0.575107
0.312963,0.901445,0.833101,0.289034,0.435943,0.0501476,0.105201,0.305416,0.479857,0.168447,0,0.0132132,0.232532,0.35299,1.11393,0.0832485,0.400369,0.0573084,0.694298,1.58151,0.243286,2.35479,0.185954,0.169302
0.452651,0.734434,1.28728,0.340804,0.0956748,0.150106,0.625001,0,0,0.144586,0,0,0.20501,0.234359,1.67009,0.109879,0.051331,0.234581,0.715398,1.63854,0,2.15126,0.0425383,0.526584
1.20436,0.447154,0.748807,0.0694975,0.10948,0.00929491,0.620929,0.258732,0,0.0449845,0.187472,0,1.2028,0.492143,0.967694,0.0224068,0.022476,0.00194528,0.296641,2.6922,0.00246379,0.396149,0.04868,0.914073
1.7249,0.695026,0.178994,0.02186,0.0906315,0.0162638,0.501554,0.236643,0,0.105449,0.173623,0,1.28087,0.770185,0.777387,0.00441974,0.0186064,0.00340377,0.235575,2.7841,0.00802086,0.0248253,0.0454125,1.01785
1.88593,0.802944,0.00067862,0.0415734,0.0776481,0.0180756,0,0.37869,0,0,0,0.000136883,1.4403,0.92403,0.678011,0.00840545,0.015941,0.00378295,0,2.86783,0.0188026,0,0.00166637,0.798305
1.7749,0.307357,0.106958,0.0744651,0.0557242,0,0,0.220616,0.479477,0,0,0.121319,1.06687,0.729174,0.818083,0.0150556,0.01144,0.157079,0,3.12617,0.259132,0,0.00565864,0.744752
1.0325,0.0971283,0.444918,0.0948182,0.399862,0.114959,0.0818863,0.141037,0.815948,0.231713,0.000491695,0.300098,0.877335,0.367594,1.51933,0.0191707,0.182524,0.269818,0.0175397,3.09659,0.421687,0.127288,0.00813978,0.942989
0.113918,0.420864,0.5534,0.125273,0.79084,0.429456,0.00497554,0.0700845,0.716318,0.438758,0.0121735,0.242267,0.601374,0.53998,1.81016,0.0253282,0.433021,0.232978,0.110342,2.88732,0.407604,0.241026,0.20895,1.0122
0.00226559,0.764289,0.9102,0.315168,0.332714,0.207753,0,0.319625,0.665722,0.609311,0.0139676,0.00832888,0.442264,0.608699,1.8281,0.0958202,0.258811,0.175325,0.129622,2.72659,0.378224,0.334717,0.231227,1.1167
0.220363,0.907964,1.24511,0.38783,0.0746212,0.339888,0.689952,0.220649,0,0.0360463,0.00240642,0.0076927,0.186675,0.303932,1.85549,0.125041,0.0153195,0.408984,0.322082,2.93813,0.0471769,0.323643,0.0398372,0.922367
0.809914,0.685176,1.19235,0.0125115,0.0446437,0.304357,0.603365,0.143681,0,0.0115494,0,0.0844681,0.650631,0.264915,1.5816,0.0232941,0.00916524,0.407745,0.264766,3.19475,0.0735098,0.103696,0.00187522,0.471411
1.39193,0.395835,0.622679,0,0.00912722,0.0637238,0.351256,0.30433,0,0,0,0.211881,1.78687,0.112595,0.794035,0.0946757,0.00491667,0.0259756,0.147433,3.18259,0.0967041,0,0.00192939,0.533294
1.7458,0.193296,0,0,0,0.0564295,0.148828,0.370998,0,0,0,0.0642194,1.76459,0.396349,0.235864,0.120447,0.062192,0.0118098,0.0421275,3.11148,0.058199,0,0.00148833,0.565683
1.88226,0.160243,0,0,0,0.0320659,0.0316674,0.374306,0.0526925,0,0,0.214941,1.40932,0.865751,0.254539,0.0831959,0.11264,0.0067109,0.00678304,3.03741,0.0417118,0,0.000587723,0.656186
1.59021,0.210125,0.0362856,0.15709,0.107883,0.635886,0,0.45471,0.0475441,0.249041,0.148777,0.208349,0.787194,1.07745,0.40888,0.216268,0.15132,0.231355,0.716035,2.37181,0.0579462,0.136807,0.193341,0.870575
0.395564,0.036359,0.629924,0.627831,0.127695,0.834458,0,0.191798,0.0535545,0.868311,0.35268,0.456321,0.478315,0.843547,1.18357,0.236489,0.185965,0.306749,0.880768,1.69483,0.0599143,0.506309,0.38715,0.682467
0.253273,0.578496,0.729212,0.458571,0.237345,0.54347,0,0.122172,0.348159,1.16095,0,0.00390712,0.35027,0.216466,1.32395,0.163761,0.211191,0.242087,0.970432,1.72115,0.195394,0.699923,0.117429,0.878669
0.177336,0.712069,1.35045,0.835588,0.173473,0.333548,0,0.29743,0.356333,0.756087,0,0.00479478,0.333752,0.272648,1.18028,0.294128,0.168244,0.142385,1.00274,2.07409,0.218839,0.523047,0.0956667,0.864247
0.255997,0.741554,1.43184,0.75648,0.121303,0.1401,0,0.319174,0.229788,0.260771,0,0.0927402,0.294383,0.424068,1.18337,0.254356,0.208692,0.0437189,1.14487,2.3801,0.118288,0.263251,0.130901,0.734174
0.63263,0.6615,1.15796,0.670604,0.16871,0.0271886,0.263883,0.255805,0,0.174368,0,0.0496762,0.17039,0.253415,0.471258,0.24697,2.15055,0.0591592,0.875854,1.91094,0.00347159,0.30061,0.37922,0.266435
0.869906,0.271496,0.689025,0.599274,0.57119,0.0554624,0.522832,0,0,0.720061,0.0676397,0,0.234297,0.167541,0.348883,0.22512,2.83387,0.167419,0.550869,0.575988,0.287393,0.81534,0.0862203,0.386484
0.941963,0,0.32121,0.410368,0.528023,0,0.469983,0,0.0774725,0.95317,0.209537,0,0.253705,0.0772344,0.281103,0.158789,2.89621,0.0689277,0.354604,0.274561,0.406867,1.46073,0.0643448,0.553554
0.000344689,0,0,0.042346,0.532301,0,0.0966797,0.269236,0.145628,1.15222,0.400425,0,0.0672863,0.211912,0.228908,0.0312049,2.94746,0.0871898,0.0393606,0.333058,0.417199,1.59528,0.114033,0.574673
0,0,0.00426663,0.0206053,1.12016,0,0,0,0.109589,1.6646,0.515142,0,0,0.262923,0.226048,0.0150344,2.55025,0.119364,0.0948966,0.275451,0.513328,2.01512,0.126251,0.643846
0,0,0.329488,0.321366,0.763671,0,0,0,0.0410674,1.64448,0.386033,0,0,0.0860265,0.281842,0.0946623,2.1798,0.038727,0,0.602301,0.502607,2.13105,0.164633,0.734597
0,0,0.980282,0.169724,0.516558,0,0,0,0.0586552,1.28695,0.402991,0,0,0.0705799,0.581534,0.0436862,2.24373,0.0080994,0,1.07323,0.243523,1.93264,0.239021,0.733844
0,0,2.03531,0.357576,0.236652,0,0,0,0.108618,0.89302,0.553126,0,0,0.0412221,1.13421,0.163809,2.25228,0,0.0635981,0.949131,0.159206,1.84918,0.351451,0.476035
0,0.0187527,2.4553,0.244193,0,0,0,0,0.161933,0.367443,0.228693,0,0,0.00533419,1.42967,0.091074,2.21445,0,0.0700619,0.53671,0.148501,2.12606,0.29468,0.312634
0.000511699,0.00486413,2.49532,0.217694,0,0.0189918,0.0760069,0.144225,0.145791,0.178203,0,0,0.133275,0.0013836,1.59754,0.0920694,1.39534,0.0594055,0.197828,0.0643543,0.218786,2.35816,0.355792,0.24711
0.000354481,0.00923634,2.24808,0.270442,0.0477434,0.0923765,0,0.305967,0,0.522121,0,0,0.2846,0.00183235,1.48984,0.102338,0.691147,0.0852367,0.273367,0.136525,0.299829,2.44305,0.254511,0.515304
0,0.011501,2.42347,0.106543,0.165405,0.0436388,0.0625647,0.37286,0,0.544335,0,0,0.100207,0.259239,1.81083,0.142621,0.626745,0.112006,0.278985,0.166373,0.369138,2.26075,0.253137,0.540204
0,0.0738559,2.07922,0.495055,0.457099,0.0335687,0.0200022,0.125844,0,0.404166,0,0,0.00113947,0.402668,2.07609,0.465016,0.409679,0.640548,0.267009,0.0561525,0.19981,2.40398,0.266282,0.534476
0,0.0336201,1.84854,0.930012,0.00698144,0.0860707,0.0857303,0,0.00640694,0.31773,0,0,0.0249238,0.235138,2.32848,0.515879,0.0173464,0.0473469,0.729239,0.000750566,0.122395,2.36577,0.151065,0.338189
0,0.0044872,1.67176,0.981845,0.0227854,0.121767,0.135378,0,0,0.242274,0,0,0.0815978,0.163023,2.28297,0.583977,0.0242126,0.027646,0.689842,0.0261367,0.0405417,2.39552,0.0406219,0.362879
0,0,1.65888,0.807533,0.0312042,0.132506,0.14644,0,0.0752126,0.303327,0.0761126,0,0.0835888,0.164311,2.09641,0.478692,0.361059,0.0277315,0.628078,0.0292702,0.0548511,2.38025,0.0186538,0.329276
0,0,1.97741,0.578661,0.0438619,0.14302,0.142142,0,0.336205,0.260235,0.0459508,0,0.0648668,0.163815,1.7334,0.380685,0.527742,0.029932,0.535821,0.0173971,0.192854,2.312,0.0272198,0.357406
0,0,2.14655,0.377956,0.107755,0.0740798,0.0123949,0.133836,0.201489,0.237403,0.0257779,0,0.0494286,0.115805,1.48472,0.252859,0.6471,0.0155038,0.636833,0.0396074,0.182751,2.29542,0.0648322,0.310976
0,0.180373,1.7422,0.341466,0.119404,0.0332807,0.0201967,0.170363,0,0.402765,0.11258,0,0.00666442,0.0546188,1.54554,0.345706,0.607788,0.00696513,0.635124,0.0375007,0.151682,2.38257,0.18533,0
0,0.504748,2.05553,0.717572,0.0568568,0.0197967,0,0,0,0.383316,0,0,0.0904468,0.143575,2.0212,0.291295,0.0116726,0.00761643,0.483458,0,0.214633,2.2131,0.0303771,0.10199
0,0.341953,2.13421,0.603293,0.0595957,0,0,0,0.0662536,0.347139,0,0,0.0574575,0.0972683,2.27654,0.214388,0.0359057,0.000551751,0.373179,0.011005,0.214322,2.31977,0.0394855,0.113496
0,0.200781,2.05503,0.279342,0.0851943,0.0216453,0,0,0.163523,0.439287,0,0,0,0.057112,2.39274,0.115107,0.0831481,0.0908813,0.284336,0,0.119957,2.49938,0.0193865,0.113426
0,0.143582,2.07741,0.0516174,0.104313,0.0327358,0,0,0.21558,0.482253,0,0,0,0.524229,2.09538,0.0208161,0.139113,0.11592,0.236269,0.127813,0.125292,2.48284,0.258048,0.0185478
0,0.242631,2.24663,0.0262849,0.114463,0.0448548,0,0.0438758,0,0.467446,0,0,0.0646545,0.740521,1.93048,0.242036,0.023499,0.0729169,0.03747,0.666335,0.0310042,2.17373,0.35481,0.0246252
0,0.439151,2.33933,0.174199,0,0.0775133,0.0843672,0.261494,0,0.449176,0.0285655,0,0.0450811,0.569979,2.11396,0.681014,0.013593,0.056232,0.0471499,0.935601,0.0635898,1.8785,0.326256,0.0412033
0.0144127,0.2346,1.63349,0.432995,0,0.0177189,0.138307,0.112364,0,0.183875,0.0901624,0,0.0615106,0.399075,2.26084,0.841965,0.0471598,0.00628772,0.0849334,0.631082,0.0506508,2.0142,0.285248,0.0592119
0,0.267685,1.91039,0.860247,0,0.0143605,0.05694,0.0775129,0.00126077,0.155565,0,0.00202779,0.122883,0.151625,2.14437,0.28051,0.554818,0.0231519,0.049688,0.224931,0.110156,2.31513,0.425527,0.0716793
0,0.140339,2.10005,0.67459,0,0.00909136,0,0.0544813,0.210024,0.148345,0,0.00362183,0.301064,0.0399192,2.18199,0.232127,0.550953,0.0311226,0.018722,0.018776,0.339607,2.469,0.0484415,0.19913
0,0.0917946,2.22795,0.550408,0,0,0,0.0594014,0.342678,0.149395,0,0,0.325092,0.0609476,2.0258,0.192606,0.483344,0.0087815,0.0215277,0.0212193,0.354542,2.53049,0.00211485,0.332296
0,0.060464,2.28518,0.303081,0,0.00724986,0.0369787,0.0990277,0.426777,0.150021,0,0,0.345016,0.412622,1.74971,0.109363,0.532643,0.0438022,0.0232076,0.0217982,0.343018,2.58982,0.00150895,0.383469
0,0.0815249,1.86863,0.22677,0,0,0.0454255,0.310253,0.238642,0.209644,0,0,0.248517,0.49748,2.00962,0.0763177,0.22417,0.0132585,0.00972996,0.0682934,0.150233,2.79307,0.000854387,0.340737
0,0.284498,1.49048,1.12011,0.0263566,0.0748392,0.0378687,0.143992,0.211597,0.488075,0,0,0.011304,0.298125,2.15697,0.709086,0.00541095,0.0412887,0.32577,0.0416218,0.141781,2.58757,0,0.618825
0,0.144007,2.07613,0.658247,0.0142481,0.0942168,0.157797,0.0689593,0.684415,0.278229,0.0967602,0,0.0111892,0.0509978,2.39407,0.608111,0.149332,0.0469544,0.515553,0.0376245,0.361763,2.25924,0.0598073,0.884769
0,0.132022,2.1352,0.330704,0.0463457,0.0677942,0.17076,0.120804,1.00353,0.263112,0.192595,0,0.00257972,0.046,2.51316,0.48734,0.222855,0.0355188,0.578597,0.0423276,0.513598,2.19471,0.119043,0.993384
0,0.16939,2.02144,0.19286,0.0687263,0.0357981,0.137095,0.193708,1.03087,0.214171,0,0,0,0.0529953,2.42124,0.445048,0.269899,0.0863385,0.61246,0.0487301,0.530657,2.18131,0,0.986209
0.00953605,0.280581,2.25795,0.105226,0.0387895,0.0398096,0.199353,0.236861,0.214981,0.189567,0,0,0.0203443,0.0868593,1.94865,0.45719,0.806055,0.0480092,0.79894,0.109889,0.107924,2.27878,0.013297,0.630052
0,0.236362,1.16913,0.750279,1.00128,0.482933,0.120036,0,0.0760581,0.207439,0,0.124382,0,0.0672329,0.649228,0.279902,2.19106,0.163759,0.778788,0.00556198,0.0181726,2.61657,0.180435,1.11027
0,0,0.053775,0.976041,2.06752,0.246756,0.0981034,0,0,0.10803,0,0.48557,0.0635782,0.0736687,0.0934867,0.326463,2.79932,0.0721182,0.61989,0.0284691,0.121241,1.23103,0.0819939,1.82122
0,0,0,0.563292,2.09349,0.149245,0.0207933,0,0.0208234,0.0287602,0,0.199647,0.0594428,0.126084,0.0673376,0.18655,2.87442,0.0312346,0.518273,0.0426903,0.377403,0.783301,0.0666583,1.8494
0,0,0,0.0465515,2.405,0.0941236,0.0218523,0,0.378489,0,0,0.236171,0.0280816,0.160861,0.0733638,0.0165242,2.82571,0.0512638,0.455367,0.0853723,0.364489,0.700802,0.052118,1.85351
0,0,0,0.0575824,2.38105,0.0360658,0,0.0228879,0.341864,0,0.348419,0.241748,0,0.182595,0.110258,0.0170605,2.53241,0.0845162,0.361848,0.0719848,0.141348,0.761542,0.311748,1.93516
0,0,0,0.0717472,2.40534,0,0,0,0.244886,0.359337,0.732314,0.296527,0,0.168912,0.122441,0.559092,1.9485,0,0.0909171,0.430113,0.112334,0.843839,0.394456,2.0046
0,0,0,0.00949646,2.19059,0,0,0,0.131455,0.978034,0.629005,0.247502,0,0.150134,0.0980093,0.804599,1.87775,0,0.0453862,0.703088,0.0523544,0.91017,0.346123,1.98435
0.000165722,0,0,0.0194879,2.12776,0.184011,0,0,0.117355,1.89006,0.463901,0.0597482,0.0323505,0.082131,0.14681,0.958753,1.59534,0.0689423,0.0568329,0.760309,0.0516456,1.23291,0.320761,1.89589
0.000248826,0,0,0,1.88621,0.0561193,0,0,0.118812,2.12859,0.394824,0,0.048573,0.0852256,0.275248,0.728813,1.54364,0.0315443,0.0448452,0.401682,0.0558312,1.58062,0.416703,1.35577
0,0,0,0,1.32306,0,0,0,0.140959,2.08353,0.344463,0,0.382398,0.137539,0.848327,0,1.96983,0.13318,0.0119805,0,0.134217,1.87297,0.088517,1.30563
0,0,0.350316,0,0.53039,0,0,0,0.234851,1.82309,0.437445,0,0.943505,0.108695,1.09451,0.0238907,2.10547,0.120701,0.323726,0,0.108607,1.55848,0.195297,0.304739
0,0.0206636,0.411806,0,0.642836,0,0.00722406,0,0.420835,2.17895,0.845383,0,0.238646,0.184881,0.996636,0.0244535,1.91449,0.115871,0.00294109,0.0166305,0.164598,2.14131,0.479121,0.393463
0,0,0.245533,0,0.719544,0,0,0.0898647,0.306612,1.94284,0.857137,0.282422,0.14176,0.367547,0.840756,0.101851,2.05188,0.115897,0.101338,0.101096,0.100453,2.18545,0.351709,0.521055
0.0193813,0,0.299898,0.0011675,0.745556,0,0,0,0.232203,0.841065,1.12323,0.158382,0.0364563,0.704742,0.831423,0.521235,1.89822,0.0121418,0.363615,0.0203454,0.0812678,1.84612,0.389859,0.283446
0.0654999,0,0.319973,0.0144794,0.687981,0,0,0,0.186279,1.49383,1.08027,0.0684118,0.121503,0.700857,0.631771,0.531826,1.70438,0,0.551949,0.030534,0.0447285,1.8996,0.459833,0.430987
0,0,0.400046,0.0343227,0.694615,0,0,0,0.1548,1.89687,0.767502,0.00545074,0.257203,0.6155,0.435679,0.641947,1.45026,0,0.668148,0.0136653,0.0351639,1.90029,0.244411,0.565283
0,0,0.374002,0.0480646,0.681107,0,0,0,0.124549,1.851,0.684883,0,0.294197,0.390085,0.422606,0.591405,1.46701,0,0.761367,0.00122087,0.028292,1.91797,0.167852,0.574
0.197988,0.0256218,0.522711,0.0100489,1.06437,0,0.0340192,0,0.0942797,1.37866,0.691114,0,0.201031,0.150735,0.403888,0.423546,1.58765,0,0.839067,0,0.0464745,1.92778,0.17524,0.57892
0.65091,0,0.446512,0.0128898,0.720649,0,0.0212446,0,0.182444,1.83627,0.741206,0.0885038,0.21695,0,0.715908,0.370564,1.27208,0.851991,0.73566,0,0.0884514,1.99284,0.523667,0.786019
0,0,0.101534,0,0.697293,0,0,0,0.202693,2.2291,0.6516,0.290175,0.123285,0,0.669497,0.389206,1.35996,0.728247,0.550471,0,0.107594,2.24668,0.448526,0.734966
0,0,0,0,0.657699,0,0,0,0.14887,2.46889,0.57701,0.0215835,0.075166,0,0.542511,0.305936,1.28195,0.638177,0.563144,0,0.199813,2.37893,0.474627,0.506872
0,0,0.0799378,0,0.616664,0,0,0,0.1128,2.57705,0.503445,0,0.121629,0.398655,0.538574,0.0790867,1.15057,0.585829,0.485596,0.00215841,0.149122,2.39492,0.404117,0.182674
0,0,0.0538067,0.121768,0.622649,0,0,0,0.106005,2.5992,0.42309,0,0.226262,0.507751,0.63518,0.0485021,1.04212,0.454162,0.428722,0.00482801,0.0445944,2.30575,0.501306,0.0271229
0,0,0,0.366259,0.62605,0.0139961,0,0,0.154686,2.49314,0.257531,0,0.627595,0.383855,0.679724,0.167925,1.16301,0.104004,0.221399,0.100293,0.0509941,2.1642,0.219292,0.0461245
0.0155187,0,0,0.507127,0.805014,0,0,0,0.473247,1.89629,0.671703,0,1.06897,0.258225,0.687094,0.543592,1.74068,0.0492252,0.144844,0.103372,0.115606,2.25633,0.299291,0.0391222
0.0529984,0,0,0.451413,0.971003,0,0,0.0044249,0.496103,1.40331,0.901402,0,0.500534,0.199867,0.0127247,0.506515,2.2958,0.0122983,0.191194,0.198927,0.118208,2.59371,0.381423,0.135341
0,0,0,0.462083,0.691308,0,0,0.00760337,0.371278,1.91748,0.475716,0,0.269756,0.151325,0.0136852,0.3988,2.17602,0.0173623,0.31745,0.184277,0.109937,2.74292,0.213509,0.228544
8.88085e-05,0,0.0233304,0.38873,0.600644,0.00893469,0,0,0.327386,2.03702,0.228147,0,0.538936,0.0878973,0.0550172,0.285589,2.77522,0.0301658,0.533964,0,0.461689,2.28736,0.0761173,0.186944
0.000411006,0,0.0660682,0.386526,0.541045,0,0,0,0.292443,2.14667,0.11329,0,0.770792,0.0820205,0.108415,0.259598,2.72151,0.00180214,0.547697,0,0.395905,2.28526,0.0277653,0.101281
0,0,0.153496,0.195517,0.669078,0,0,0,0.306727,2.29934,0.0420211,0,0.573311,0.662229,0.282962,0.133858,2.30583,0.00698858,0.413866,0,0.194323,2.17045,0.0102986,0.0632497
0.000212526,0,0,0,0.757375,0.044365,0,0,0.330559,2.39589,0.0398189,0,0.330499,0.689596,0.956237,0.170173,1.20781,0.149441,0.169222,0,0.110145,2.13115,0.00975887,0.169603
0,0,0,0,0.697197,0.0552452,0,0,0.277494,1.80226,0.174545,0,0.202072,0.612789,1.04317,0.44794,1.33571,0.275576,0.289364,0.129281,0.0952574,1.69228,0.0875948,0.0866719
0,0,0.139353,0,0.805364,0.0662733,0,0,0.167293,1.20643,0.375417,0.109396,0.207728,0.0764676,1.37076,0.428988,1.60916,0.244679,0.301416,0.160946,0.0531357,1.48582,0.232044,0.741572
0,0,0.155641,0,0.734737,0.0520598,0,0,0.374375,1.80179,0.102478,0.00688581,0.157117,0.0130939,1.36838,0.464442,1.55876,0.150136,0.309451,0.223093,0.089899,1.60603,0.0498818,1.06317
0,0,0.202219,0,0.858823,0,0,0,0.467067,1.83664,0.238994,0,0.162193,0.00883722,1.26468,0.361382,1.59176,0,0.339834,0.223424,0.115758,1.55734,0.0585728,1.14197
0.0322354,0.0124701,0,0,1.29733,0,0,0.213578,0.374493,1.53777,0.383309,0,0.244745,0.0035471,1.14498,0.0989875,1.92004,0.0116262,0.475971,0.0522693,0.165539,2.05612,0.116513,0.248502
0,0.365723,0.260906,0.00220712,0.539821,0,0.426197,0.58339,0.0481196,0.735723,0.472236,0,0.572945,1.03347,1.72348,0.0871894,1.29974,0.0196976,0.55364,0.540719,0.043223,1.91711,0.118012,0
0,0.0504209,0.630528,0,0,0,0.608794,0.913893,0,0.389928,0.29334,0,0.600859,1.14724,1.92902,0.269509,0.296414,0.0100984,0.682072,0.815387,0.0174794,1.64863,0.07369,0.107963
0,0,0.810647,0,0,0.00899447,0.488879,1.31849,0.219128,0.166879,0,0,0.400327,1.46247,1.88405,0.123827,0.0384105,0.0018824,0.703566,1.0579,0.0733799,1.60527,0.00136425,0.19165
0,0,0.971694,0,0,0.00926576,0.324664,1.60237,0.232655,0,0,0,0.00460309,1.60702,1.5719,0.0170044,0.0153278,0.133118,0.541531,1.2507,0.0826555,1.39654,0.316878,0
0,0,1.07775,0,0,0.00282017,0.318124,1.80132,0.187878,0,0,0,0,1.2907,1.31754,0,0.449102,0.000590218,0.20569,1.13109,0.0672293,0.942994,1.01886,0
0.222066,0,1.03486,0,0,0,0.278626,1.85445,0.191614,0,0,0,0.0598106,0.775884,1.20506,0,0.516281,0,0.392052,0.705536,0.0481021,1.2716,0.925282,0
0,0,0.986619,0,0,0.000948329,0.267421,1.87735,0.284341,0,0,0,0,0.207537,1.10513,0.0393684,0.490067,0.000198471,0.595641,0.714427,0.0645897,1.39729,0.614755,0.867856
0,0,0.865011,0,0,0.0129359,0.268427,1.70359,0.435048,0,0,0,0,0.111467,1.06453,0.12699,0.361458,0.00270728,0.47003,0.621534,0.0988237,1.25472,0.228098,2.12847
0,0.105078,0.763471,0.18337,0.0454912,0.0841368,0.26958,1.71538,0.349533,0.0339136,0,0,0,0.211008,0.865126,0.439174,0.176598,0.0176085,0.462707,0.630143,0.0793986,0.727091,0,2.56949
0,0,1.08696,0.17711,0.11227,0.145889,0.285385,0.877323,0.000857131,0.210098,0,0,0,0,1.21752,0.269882,0.0230487,0.0305323,0.494827,0.279235,0.000194703,0.872284,0.0568567,2.4527
0,0,0.970062,0.0400525,0.109613,0.0479083,0.273739,0.76473,0,0.368019,0,0.382432,0,0,1.42169,0.22391,0.0230655,0.0120461,0.545299,0.215929,0.000777689,1.26964,0.050179,2.08051
0.00260734,0.000911068,1.01702,0.01778,0.00535173,0,0.0977742,0.53088,0,0.254906,0.243381,0.521977,0.000515867,0.00800954,1.43625,0.179322,0.0135541,0.00729534,0.455352,0.116858,0.000351764,1.93336,0.0963666,1.63315
0.000420254,0.00666423,0.943775,0.00997254,0.0617111,0.000782933,0.206725,0.850309,0,0.0663437,0.283776,0.327586,8.3148e-05,0.0821585,1.35488,0.0960433,0.41171,0.00366725,0.502807,0.260055,0.00541452,2.096,0.143729,0.905532
0.000684003,0.00513906,1.2782,0.0283899,0,0.0210506,0.282776,0.835275,0.00341149,0.119044,0.0701672,0.338185,0.000135331,0.280742,1.43544,0.0685012,0,0.00440557,0.616039,0.269278,0.0313415,1.6816,0.74097,1.29154
0.000359407,0,1.38424,0.0894274,0.0214076,0.0669971,0.31852,0.789782,0.0131592,0.097015,0,0.0305677,7.11094e-05,0.442435,1.50878,0.121041,0.0358067,0.0140215,0.568588,0.25034,0.00810158,1.03935,1.20702,0.963996
0,0,1.43724,0,0.266304,0.088551,0.593573,0.505235,0.397438,0.212973,0.00317804,0,0,0.416303,1.51828,0,0.21316,0.0185324,0.624451,0.111213,0.19622,1.72343,0.976292,0.543177
0,0,1.63906,0.00159136,0.525594,0,0.395194,0.742198,0.404382,0.05917,0.429593,0,0,0.383221,1.20077,0.000321747,0.66529,0,0.498682,0.512236,0.0918579,2.32117,0.524734,0.000463104
0.00124087,0,1.01643,0.237405,0.543375,0,0.0890888,1.24147,0.0904407,0,0.284215,0.075417,0.000245508,0.311342,0.749881,0.076542,0.903562,0,0.186051,1.90406,0.0205442,2.47915,0.0697153,0.0198148
0.00415176,0.0046929,0.783016,0.154781,0.427235,0,0.0617658,0.370931,0,0,0.131423,0.539955,0.000821434,0.318654,0.896533,0.049903,0.914182,0,0.0663183,2.43845,0,1.8299,0.0322093,0.139124
0.00390803,0.00623865,0.860952,0,0.361514,0,0.0953918,0.270449,0,0.0662242,0.100464,0.709905,0.00077321,0.246183,1.08694,0,0.729578,0,0.219819,2.76873,0,0.835005,0.0277923,0.182801
0.00138325,0.00840295,0.156262,0,0.47274,0,0.633342,0.229486,0.0560803,0.228512,0.0729489,0.792741,0.000273679,0.168202,0.984705,0,0.860111,0,0.547803,2.8135,0.0307143,0.462983,0.0211424,0.383055
0,0,0.0691319,0,0.566525,0.0812038,0.47582,0.33957,0.023068,0.0159368,0.0679287,0.865794,0,0.192104,0.742784,0.0113828,0.983568,0.0169947,0.433743,2.64285,0.0346205,0.370911,0.0211938,0.706728
0,0,0,0.0394696,0.506549,0.128532,0.334042,1.22268,0,0,0.298032,0.755353,0,0.255566,0.177833,0.103403,0.756403,0.0268997,0.378499,2.92944,0.00209408,0.408815,0.0730421,0.643706
0,0,0.302013,0.0549773,0.461961,0.117765,0.185639,1.16449,0,0.118733,0.517915,0.270721,0,0.304546,0.108006,0.0802634,0.609358,0.0246463,0.262887,3.16622,0.00187075,0.443919,0.126931,0.393422
0,0,0.779065,0.0584043,0.467798,0.0314002,0,0.829301,0,0.189739,0.51509,0.0740995,0,0.311128,0.542446,0.0118084,0.611642,0.00657158,0.041323,3.31475,0.00217219,0.411206,0.126239,0.193944
0,0.0541578,1.04162,0.0765995,0.288527,0,0,0.761783,0,0.0808619,0.373419,0.173085,0,0.227716,0.769758,0.0154872,0.404453,0,0,3.41353,0.00225539,0.298622,0.0915179,0.217966
0,0.204243,0.766299,0,0,0,0,1.26549,0.0056506,0.162403,0.0853732,0.289065,0.115838,0.200171,0.684166,0.0698188,0.30973,0.000520936,0,3.42275,0.031961,0.212743,0.0999162,0.354789
0.000197303,0.0170195,0.701754,0,0,0.0877841,0.166196,1.44757,0.0330616,0.172987,0.178666,0.368713,0.0844824,0.158836,0.30304,0.0847967,1.62331,0.0183719,0.0779945,3.16303,0.185689,0.289917,0.119536,0.523492
0.000612117,0.00857847,0.553301,0.105774,0,0.0899658,0.114499,1.18059,0,0,0.186675,0.86635,0.0357268,0.258492,0.297246,0.171758,2.4703,0.0188284,0.10452,2.37417,0,0.372489,0.0480047,0.51702
0.126412,0.00670965,0.471849,0.200635,0,0.0414376,0.079846,0.799698,0,0.056136,0.109691,0.785617,0.0670096,0.333268,0.429254,0.138064,2.50707,0.00867225,0.018162,1.72619,0,1.24403,0.0268833,0.333156
0.673017,0.008384,0.229673,0,0.00076063,0,0.00475912,0.811217,0,0.0545142,0.216349,0.698142,0.181268,0.364197,0.226539,0.0226898,1.93183,0.00101686,0.00101938,2.06407,0.945436,0.715551,0.133725,0.179392
0.638695,0.00518913,0.257587,0,0.134027,0.0683598,0.110896,0.680841,0.0681865,0.0463398,0.183587,0.549891,0.172024,0.278861,0.492734,0,1.19178,0.0378499,0.0237535,2.37465,1.40912,0.0254562,0.113475,0.141746
0.346077,0,0,0,0.172583,0.443378,0.198207,0.856464,0.15007,0.126901,0.227851,0.625903,0.0932113,0.021351,0.466878,0,0.318883,0.582649,0.0424552,2.72237,1.43527,0.0572628,0.0558419,0.338773
0.000362907,0,0,0,0.0943409,0.665456,0.19091,0.779236,0.143988,0.0920734,0.72067,0.572379,7.18018e-05,0.00430346,0.494835,0,0.0467356,0.530951,0.0408921,2.87317,1.0521,0.0347119,0.356715,0.327373
0,0.00952665,0.150468,0,0.127099,1.01722,0.0201368,0.655552,0.0345161,0.53977,0.465988,0.308309,0,0.0721982,0.44126,0,0.026093,0.59497,0.00431322,2.62566,0.389722,0.731994,0.622431,0.108216
0,0.404674,0.401713,0,0.140751,1.06977,0.0493876,0.172978,0.380925,0.436521,0.0655688,0.116427,0,0.243865,0.567665,0.00994944,0.0288959,0.384658,0.036424,1.65271,0.0865294,1.78651,0.503972,0.0821052
0,0.583069,0.122929,0.0639788,0.152062,0.915021,0.0644021,0.0486862,0.329669,0.507761,0,0.196201,0,0.326026,0.468087,0.0222848,0.205554,0.339713,0.0262196,0.696759,0.0748862,2.7156,0.234344,0.138165
0,0.464572,0.00209523,0.0966206,0.571066,0.17986,0,0.0522762,0.137357,0.81526,0,0.278875,0,0.333812,0.141403,0.0195351,0.548017,0.150549,0,0.144009,0.0312015,3.32474,0.131438,0.0717354
0,0.295925,0,0.0989629,0.546482,0.0180205,0.0519749,0.173346,0,0.939618,0,0.597499,0,0.297411,0.0842664,0.0200087,0.506238,0.00378744,0.0217153,0.272812,6.46355e-06,3.37069,0.520627,0.36006
0.334702,0.10296,0.0133029,0.607301,0.545387,0.0219173,0.437562,0.141634,0,0.914548,0.463979,0,0.270852,0.151036,0.0371448,0.195801,0.552227,0.00458695,0.178142,0.44286,0,2.25847,1.5907,0.663765
0.473491,0.0139982,0.00745784,0.118589,0.206812,0.0690508,0.743071,0.421045,0,0.762336,0.461819,0.0320477,0.382498,0.101105,0.00149078,0.0382344,0.66596,0.0144513,0.43083,0.430358,0,1.75534,1.62596,0.745238
0.220935,0.0165496,0.00576712,0,0.138999,0.0621823,0.562301,0.614553,0.15078,0.652565,0.48097,0.603579,0.178149,0.0944208,0.0134716,0,0.867391,0.0130138,0.603334,0.276623,0.0342505,1.6134,1.16598,2.01227
0.178638,0.493463,0.0155242,0.043032,0.150618,0.11556,0.165499,0.578269,0.396606,0.28281,0.443079,0.985574,0.126316,0.188955,0.0200968,0.0765594,1.28919,0.226715,0.541585,0.258028,0.0900915,1.38101,0.432889,2.53375
0.0541899,0.586841,0.0247211,0.0466847,0.368644,0.15931,0,0.268914,0.503456,0.0901874,0.321601,0.585797,0.0145953,0.17028,0.00494161,0.158155,1.31569,0.259231,0.473715,0.0591937,0.114363,1.00243,0.607435,2.51073
0.260512,0.413775,0.169789,0.0440945,0.356546,0.307063,0.215546,0.437208,0.303082,0.087964,0.748942,0.216829,0.0701655,0.116666,0.158559,0.180927,0.682473,0.114898,0.554262,0.131202,0.0688468,0.877126,0.78596,2.79845
0.108697,0.0191894,0.328427,0.0532047,0.175533,0.34396,1.16732,0.337521,0.344253,0.0671389,0.759145,0.469625,0.0292761,0.00493981,0.338158,0.164686,0.29977,0.128705,0.946494,0.307774,0.0781992,1.10159,0.482898,2.63921
0,0,0.392001,0.0846703,0.0157618,0,1.10224,0.474168,0.393933,0.500842,0.241956,0.589873,0,0.0442638,0.391943,0.0834945,0.0836541,0,0.879605,0.590076,0.0894843,2.15373,0.126951,2.09406
0,0,0.667282,0.0818166,0.0615487,0,0.483259,0.647119,0.838223,0.437171,0.378485,0.513246,0,0.188672,0.358619,0.016542,0.20559,0,0.389135,0.629176,0.405404,2.74848,0.0927595,1.229
0,0.237814,0.619815,0.0477234,0.110715,0,0,0.149672,0.937039,0.273869,0.488666,0.592757,0,0.424517,0.263156,0.00964889,0.309037,0.00362595,0.048201,0.611233,0.440819,2.94816,0.119782,0.968205
0.111405,0.346942,0.0745,0.0517702,0.140242,0.0516014,0,0.148554,0.753947,0,0.187893,1.06457,0.0300054,0.456356,0.0224987,0.0104671,0.662835,0.0107994,0.00775603,0.587387,0.319874,2.90179,0.546656,0.985038
0.480631,0.226029,0.00870398,0,0.187554,0.138958,0,0.22341,0.392218,0,0.381718,0.987231,0.129451,0.266682,0.0107334,0.0125262,0.856201,0.0290819,0.00393425,0.57274,0.0902184,3.02053,0.862333,0.82101
0.849114,0.00901558,0.0845547,0.0377745,0.252281,0.0806894,0,0.339432,0.00961696,0,0.271705,0.77169,0.228692,0.159215,0.0885936,0.146939,0.859894,0.0168871,0.0038576,0.423658,0.00218455,3.08358,0.686292,0.440258
0.793253,0.00878924,0.0314451,0.276783,0.181674,0,0.0360412,0.235418,0.0136455,0,0.460969,0.294894,0.5617,0.133309,0.0242018,0.278847,0.790114,0.00173115,0.105094,0.0869136,0.0766392,3.1709,0.21316,0.166597
0.542318,0.0119825,0.135958,0.220107,0.0434825,0.197223,0.0688547,0.2608,0.0669496,0.019109,0.421231,0.462284,0.400415,0.0987239,0.158128,0.187554,0.770821,0.0687462,0.0437717,0.372487,0.384732,2.77661,0.120408,0.449051
0.638267,0.0184803,0.473308,0,0.218734,0.522697,0.165918,0.177095,0.168406,0,0.367762,0.271457,0.171906,0.00366622,0.891399,0,0.311198,0.183427,0.0394335,1.2067,1.25357,1.09422,0.227313,0.433335
0.517794,0.525327,0.163989,0,0.123801,0.734619,0.11338,0.226922,0.12713,0,0.470135,0.541238,0.13946,0.190096,0.613251,0,0.14199,0.271149,0.169775,1.80346,1.28186,0.00923725,0.290589,0.624652
0.401061,0.515141,0.0280254,0.0388457,0.055168,0.757405,0.499323,0.167956,0,0,0.0793494,0.900058,0.108005,0.145684,0.42352,0.0532809,0.0405308,0.269477,0.336648,2.39251,0.587211,0.0587706,0.0490457,0.853237
0.183723,0.310982,0.451154,0.0823824,0.0746154,0.958787,0.392324,0,0.0321977,0.0302154,0,0.952698,0.147667,0.0884586,0.355833,0.0468868,0.045807,0.339783,0.159724,2.69149,0.289057,0.283366,0,1.23299
0.00388757,0.473024,0.536404,0.057554,0.112655,0.420478,0.111012,0,0.15144,0.0765458,0,0.754016,0.319846,0.134551,0.405546,0.0116365,0.051482,0.122972,0.0451956,2.65477,0.345393,0.408695,0,1.62469
0.00365284,0.408144,0.430595,0,0.117893,0.143042,0.591817,0.132275,0.0488704,0.247254,0.185341,0.42467,0.180056,0.11483,0.633462,0,0.0980351,0.0414132,0.221915,2.77746,0.406765,0.381675,0.114559,1.25446
0.00205097,0.271559,0.325733,0,0.0941201,0.0835841,0.384993,0.251177,0,0.300677,0.24134,0.481957,0.000405789,0.0753471,0.753041,0,0.0994186,0.030098,0.111477,3.17237,0.297931,0.226546,0.059148,0.990496
0.00133798,0.271642,0.136984,0,0.176069,0.0453453,0.272928,0.601488,0.00649223,0.227587,0.367734,0.702907,0.000264722,0.204834,0.738713,0.00350139,0.0609627,0.0164725,0.0584602,3.49005,0.144798,0.115611,0.0901248,0.90298
6.65315e-05,0.359233,0.031843,0,0.12824,0.174393,0.145661,0.670657,0.066971,0.225318,0.388579,0.519001,1.31634e-05,0.272963,0.654129,0.00323915,0.0444023,0.256215,0.0312,3.45008,0.376779,0.0530456,0.0952334,0.761582
0,0.531943,0.37266,0,0.0692447,1.01405,0,0.0993567,0.355874,0,0.100895,0,0,0.487116,0.806632,0.00148386,0.015173,0.387266,0,3.34597,0.248124,0,0.0623632,0.329502
0.539421,0.0973792,0.662537,0.0501973,0.137668,0.759735,0,0.117589,0.246999,0,0,0.345446,0.145286,0.38831,0.760705,0.0101491,0.0291425,0.325377,0.00269286,3.36182,0.714117,0,0,0.354074
0.683497,0,0.452541,0.0725941,0.162633,0.130508,0.464144,0.211885,0.0953842,0.00221623,0,0.768237,0.184091,0.0469838,0.711349,0.0146773,0.0333881,0.254541,0.18701,3.44631,0.535721,0.00121745,0,0.578254
0,0.180678,0.768382,0.0434551,0.181111,0.105986,0.81786,0.251392,0.0495161,0,0.0311577,0.561942,0,0.0810238,0.911705,0.00878591,0.0371815,0.0844664,0.33297,3.8722,0.278105,0,0.0192585,0.650034
0,0.400188,0.13962,0,0.248141,0.112851,0.809653,0.340874,0.445715,0.105251,0.0785521,0.129009,0,0.240176,0.763308,0,0.057322,0.0598985,0.329629,3.97755,0.101247,0.0247789,0.0502786,0.411315
0.0992776,0.130961,0,0,0.356474,0.134595,0,0.593257,0.58576,0,0.210838,0.461123,0.0267391,0.476537,0.483676,0,0.144682,0.0284153,0.345246,3.45991,0.475531,0,0.341693,0.417355
0.378294,0.000293471,0.00669634,0,0.231366,0.163925,0.131599,0.559302,0.50107,0,0.325412,0.615061,0.101888,0.506296,0.257876,0,0.123352,0.0343457,0.984595,2.98863,0.576524,0,0.2593,0.426029
0.479747,0,0.0152709,0.0190612,0.208247,0.147285,0.32665,0.381435,0.239729,0,0.280112,0.566025,0.261064,0.384851,0.308689,0.00385387,0.115747,0.0308245,1.66547,2.32973,0.522395,0,0.259429,0.358625
0.535181,0,0.129062,0.0996621,0.298787,0.0185487,0.761928,0.354703,0.0500962,0,0.0885263,0.835001,0.261923,0.333435,0.597977,0.02015,0.119089,0.0317213,2.03202,2.07257,0.281363,0,0.107644,0.378594
0.630236,0.00553571,0.333042,0.0324959,0.098648,0,0.913942,0.388009,0,0.12404,0.390273,0.956469,0.333966,0.0010982,0.576631,0.00657014,0.111608,0.0346285,1.26095,2.79368,0.0273347,0.0292022,0.0956486,1.50403
0.00212564,0.0149712,0.315783,0,0.0354742,0.609347,0.341888,0.529526,0,0.34339,0.353678,0.97664,0.000420562,0.0131067,0.481932,0,1.70781,0.545177,0.494839,2.16073,0.544637,0.0808426,0.0882823,1.44691
0.00277373,0.0138806,0.182919,0,0.0412116,0.412636,0.322151,0.673111,0,0.299869,0.507851,0.999281,0.000548787,0.0104802,0.368303,0,2.87409,0.370662,0.625754,1.43734,0.620412,0.0705968,0.126903,1.21335
0.00163745,0.0129903,0.0183144,0,0,0,0.436725,0.851748,0,0.220673,0.681198,1.08133,0.000323972,0.00539901,0.191224,0,3.29295,0,0.619611,1.49765,0.567533,0.0519521,0.231887,1.08951
0.258442,0.108378,0.0314502,0.00939077,0.0842826,0,0.76437,0.788104,0,0.0933142,0.714995,0.457359,0.0696079,0.0292988,0.211055,0.00189866,3.23348,0,0.6894,1.60359,0.579678,0.0219685,0.177911,1.06944
0.266535,0.235254,0.0385824,0.0253532,0.287528,0,0.401863,0.352583,0,0.0390784,0.6261,0.297546,0.0717876,0.0654154,0.224209,0.0343157,2.8842,0,0.357164,1.57911,0.609737,0.350867,0.296769,0.950535
0.125516,0.120996,0.0291667,0.363176,0.192772,0,0.216192,0.327985,0,0.0453447,0.567489,0.170277,0.0340045,0.0324303,0.214949,0.491561,2.58001,0.00231878,0.361035,1.77191,0.530632,0.407129,0.353822,0.750158
0.0029298,0.020845,0.0137908,0.379698,0.163041,0.0290577,0.0262025,0.329208,0.13597,0.0130877,0.368196,0.519368,0.023361,0.00413532,0.18011,0.513924,2.75215,0.0167653,0.0731568,2.32009,0.420728,0.117509,0.229532,0.874453
0.32278,0.0172564,0.0195655,0.0688315,0.0816408,0.157884,0,0.45021,0.247117,0.00247758,0.0608124,0.850039,0.0868361,0.00342341,0.134135,0.022192,2.87254,0.171702,0,2.7677,0.421453,0.0222451,0.0384664,1.08039
0.0701867,0.281738,0.0246079,0,0.0887072,0.191794,0,0.726952,0.312407,0,0.125167,0.756833,0.0189039,0.0789014,0.149057,0,2.58054,0.165187,0.0573096,2.72761,0.468072,0,0.0319047,1.05884
0.0658196,0.628953,0.018837,0,0.246814,0.122797,0,0.436647,0.23139,0,0.563616,0.470933,0.0473755,0.177851,0.190046,0,2.36789,0.0471177,0.221799,2.22642,0.74183,0,0.139748,1.12524
0.00178562,0.426151,0.00339965,0.120659,0.245844,0.563672,0,0.156025,0.109897,0,0.402142,0.36009,0.000353289,0.119983,0.212643,0.163313,2.4189,0.205941,0.345239,1.61767,1.08212,0,0.100883,1.10248
0.00245523,0.360037,0,0.233085,0.33633,0.723899,0.104755,0,0.0906148,0,0.344657,0.377148,0.000485771,0.101196,0.22021,0.315481,2.48321,0.242417,0.457098,1.24879,1.08342,0,0.0876853,1.1147
0.00130588,0.674,0.00316366,0.0908782,0.202297,0.387688,0.160342,0,0.0976613,0,0.496167,0.36196,0.000258371,0.190567,0.203368,0.123004,2.449,0.115834,0.279686,1.25929,1.03144,0.0154758,0.133798,1.06109
0,0.940515,0.0171994,0.0583766,0.117004,0.929404,0,0.0702352,0.0574104,0,0.37973,0.358236,0,0.267183,0.159503,0.0118028,2.52152,0.33697,0,1.8475,0.811594,0,0.0970723,1.08548
0,0.789106,0.0574675,0.0788442,0,1.02867,0.0852108,0.110034,0.0135183,0.0250942,0.253067,0.637677,0,0.228951,0.181208,0.015941,2.66789,0.370871,0.0182518,1.6707,0.609955,0.225309,0.0667913,1.2751
0.0380114,0.718348,0.0252,0.0274655,0,0.371437,0.207768,0.134969,0.0435925,0.0324647,0.375705,0.658024,0.0102379,0.204321,0.196043,0.00555308,2.92743,0.292085,0.0445031,1.45314,0.798216,0.291486,0.0965433,1.20149
0.143223,0.554103,0.0130279,0,0.0323539,0.240442,0.250877,0.150308,0.0716267,0.028575,0.461819,0.589139,0.0385753,0.156953,0.215323,0,2.99012,0.177092,0.0537368,1.26069,0.981129,0.256562,0.116665,1.10437
0.000866486,0.562823,0.00106956,0,0.135276,0.168998,0.173361,0.00856814,0.0686861,0.0252855,0.441216,0.418488,0.000171436,0.159033,0.230831,0,2.80315,0.0363886,0.0371333,1.00291,1.00409,0.227027,0.11119,0.985183
0.00228346,0.658476,0.00517699,0,0.352124,0.110075,0.154702,0,0.0344832,0.0344719,0.430966,0.394467,0.00127164,0.18602,0.243517,0,2.72203,0.0262222,0.0331367,0.867024,0.825758,0.309507,0.108602,1.03736
0.00244184,0.448592,0.0140634,0.0188559,0.349352,0.0324126,0.134126,0,0.0194396,0.0382801,0.439785,0.467672,0.00655306,0.125775,0.237106,0.00607936,2.78173,0.0109077,0.0287292,1.00296,0.741283,0.3437,0.274406,1.07392
0.00218834,0.266609,0.0111707,0.193586,0.156409,0.229703,0.132381,0,0.0690259,0.0921289,0.45018,0.697104,0.0030454,0.0738917,0.207556,0.0624144,2.87023,0.0825848,0.0283554,1.24105,0.976453,0.0430762,0.280445,1.11998
0.00230688,0.0410812,0.00596463,0.0926697,0.403201,0.41493,0.116376,0.0289909,0.132799,0.0310469,0.461741,0.804543,0.000456421,0.00974424,0.184706,0.125429,2.96946,0.156345,0.0784181,1.38009,1.2326,0.00730923,0.267695,1.07941
0.00237428,0.0147908,0.179458,0.0843993,0.570948,0.139298,0,0,0.14149,0,0.794324,0.793014,0.00391694,0.0032256,0.244177,0.114235,2.90476,0.0535366,0,1.56167,1.20946,0,0.198227,0.983925
0.000308552,0.0160306,0.0301561,0.167232,0.89698,0.0290427,0,0.0272095,0.136084,0,0.943892,0.781491,0.00835485,0.00637691,0.213056,0.0534953,2.85445,0.0108387,0,1.67546,1.17258,0,0.234149,1.01868
0,0.0155615,0.0342502,0.338665,0.695867,0,0,0.021821,0.12703,0,0.868747,0.862662,0.00762187,0.00627389,0.215283,0.104305,2.74516,0.000415483,0,1.70137,1.16255,0,0.215571,1.23463
0.000293533,0.0132344,0.0323761,0.504095,0.0396393,0,0,0,0.115505,0,0.707398,0.930968,0.00325879,0.00541261,0.191706,0.155489,2.43627,0.00803875,0,1.37913,1.16642,0,0.176079,1.51721
0.00132208,0.0120101,0.174669,0.637201,0.0651928,0.0181322,0,0,0.134296,0,0.584204,1.01469,0.000619455,0.00298193,0.20804,0.203954,2.57998,0.0105271,0,1.14133,1.22515,0,0.146733,1.43794
0.00200291,0.0111172,0,0.909221,0.0952701,0.109831,0,0,0.142517,0,0.397234,1.07214,0.00226299,0.00764541,0.127,0.293143,2.74664,0.0270938,0,1.12955,1.25265,0,0.101838,1.22397
0.00210506,0.00995484,0,0.511817,0.140419,0.212919,0,0,0.121929,0,0.423483,1.04038,0.00486235,0.0130307,0.127554,0.165016,2.70379,0.0610488,0,1.1831,1.17301,0,0.146072,1.15972
0.00174105,0.00596357,0,0.0721058,0.198202,0.320318,0,0,0.200654,0,0.495183,0.857233,0.00727804,0.0140095,0.148857,0.0232477,2.63906,0.162193,0,1.35044,1.0791,0,0.253643,1.11588
0.00246338,0.00214311,0,0.0527813,0.489989,0.24973,0.19965,0,0.178828,0,0.430618,0.559914,0.00910689,0.0122034,0.175962,0.0170173,2.61969,0.238935,0.0427643,1.49283,1.00391,0,0.269999,1.19523
0.00368689,0.00734095,0.444129,0,0.360737,0.113581,0.2477,0,0.102323,0.145243,0.454805,0.629778,0.00708789,0.0103575,0.330907,0,2.45187,0.176585,0.0530565,1.48098,1.07023,0.0341938,0.28405,1.31477
0.00162021,0.0182187,0.27951,0,0.0352304,0.130702,0.0951505,0,0.0542382,0.216804,0.56106,0.652052,0.00407461,0.0100467,0.296464,0,2.33853,0.0292943,0.0203809,1.44589,0.918682,0.0510411,0.303383,1.31005
0.000342575,0.172996,0.0765667,0,0.0928847,0.309899,0.0781499,0,0,0.31003,0.530187,0.587254,0.00638903,0.047651,0.235472,0,2.32081,0.0867626,0.32974,1.47503,0.573877,0.0729889,0.324985,1.29494
0,0.0196047,0.0757564,0,0.235467,0.387721,0.213558,0,0,0.166416,0.444705,0.848486,0.00901961,0.00388927,0.210356,0,2.4817,0.118012,0.38354,1.49935,0.513599,0.0391786,0.267441,1.39117
0,0.017573,0.26872,0,0.309126,0.199926,0.230609,0.0408464,0.21639,0,0.449423,0.839289,0.0100535,0.00348622,0.235625,0,2.52842,0.0561968,0.255292,1.53097,0.603462,0,0.280182,1.43216
0,0.00619169,0.330573,0,0.483244,0.058486,0.147437,0,0.317502,0,0.575795,1.06782,0.00743121,0.00142751,0.261483,0,2.43422,0.0125802,0.201837,1.40043,0.79753,0,0.258697,1.17583
0,0.00488375,0.0314082,0.0698126,0.0310118,0,0,0,0.0446057,0,0.542848,1.12615,0.00468608,0.0172331,0.175624,0.014115,2.16302,0.00102197,0.0133729,1.26642,0.781982,0,0.150292,1.25336
0,0,0,0,0,0,0,0,0,0,0,0,0,0,0,0,0,0,0,0,0,0,0,0
0,0,0,0,0,0,0,0,0,0,0,0,0,0,0,0,0,0,0,0,0,0,0,0
0,0,0,0,0,0,0,0,0,0,0,0,0,0,0,0,0,0,0,0,0,0,0,0
0,0,0,0,0,0,0,0,0,0,0,0,0,0,0,0,0,0,0,0,0,0,0,0
0,0,0,0,0,0,0,0,0,0,0,0,0,0,0,0,0,0,0,0,0,0,0,0
0,0,0,0,0,0,0,0,0,0,0,0,0,0,0,0,0,0,0,0,0,0,0,0
0,0,0,0,0,0,0,0,0,0,0,0,0,0,0,0,0,0,0,0,0,0,0,0
0,0,0,0,0,0,0,0,0,0,0,0,0,0,0,0,0,0,0,0,0,0,0,0
0,0,0,0,0,0,0,0,0,0,0,0,0,0,0,0,0,0,0,0,0,0,0,0
0,0,0,0,0,0,0,0,0,0,0,0,0,0,0,0,0,0,0,0,0,0,0,0
0,0,0,0,0,0,0,0,0,0,0,0,0,0,0,0,0,0,0,0,0,0,0,0
0,0,0,0,0,0,0,0,0,0,0,0,0,0,0,0,0,0,0,0,0,0,0,0
0,0,0,0,0,0,0,0,0,0,0,0,0,0,0,0,0,0,0,0,0,0,0,0
0,0,0,0,0,0,0,0,0,0,0,0,0,0,0,0,0,0,0,0,0,0,0,0
0,0,0,0,0,0,0,0,0,0,0,0,0,0,0,0,0,0,0,0,0,0,0,0
0,0,0,0,0,0,0,0,0,0,0,0,0,0,0,0,0,0,0,0,0,0,0,0
0,0,0,0,0,0,0,0,0,0,0,0,0,0,0,0,0,0,0,0,0,0,0,0
0,0,0,0,0,0,0,0,0,0,0,0,0,0,0,0,0,0,0,0,0,0,0,0
0,0,0,0,0,0,0,0,0,0,0,0,0,0,0,0,0,0,0,0,0,0,0,0
0,0,0,0,0,0,0,0,0,0,0,0,0,0,0,0,0,0,0,0,0,0,0,0
0,0,0,0,0,0,0,0,0,0,0,0,0,0,0,0,0,0,0,0,0,0,0,0
0,0,0,0,0,0,0,0,0,0,0,0,0,0,0,0,0,0,0,0,0,0,0,0
0,0,0,0,0,0,0,0,0,0,0,0,0,0,0,0,0,0,0,0,0,0,0,0
0,0,0,0,0,0,0,0,0,0,0,0,0,0,0,0,0,0,0,0,0,0,0,0
0,0,0,0,0,0,0,0,0,0,0,0,0,0,0,0,0,0,0,0,0,0,0,0
0,0,0,0,0,0,0,0,0,0,0,0,0,0,0,0,0,0,0,0,0,0,0,0
0,0,0,0,0,0,0,0,0,0,0,0,0,0,0,0,0,0,0,0,0,0,0,0
0,0,0,0,0,0,0,0,0,0,0,0,0,0,0,0,0,0,0,0,0,0,0,0
0,0,0,0,0,0,0,0,0,0,0,0,0,0,0,0,0,0,0,0,0,0,0,0
0,0,0,0,0,0,0,0,0,0,0,0,0,0,0,0,0,0,0,0,0,0,0,0
0,0,0,0,0,0,0,0,0,0,0,0,0,0,0,0,0,0,0,0,0,0,0,0
0,0,0,0,0,0,0,0,0,0,0,0,0,0,0,0,0,0,0,0,0,0,0,0
0,0,0,0,0,0,0,0,0,0,0,0,0,0,0,0,0,0,0,0,0,0,0,0
0,0,0,0,0,0,0,0,0,0,0,0,0,0,0,0,0,0,0,0,0,0,0,0
0,0,0,0,0,0,0,0,0,0,0,0,0,0,0,0,0,0,0,0,0,0,0,0
0,0,0,0,0,0,0,0,0,0,0,0,0,0,0,0,0,0,0,0,0,0,0,0
0,0,0,0,0,0,0,0,0,0,0,0,0,0,0,0,0,0,0,0,0,0,0,0
0,0,0,0,0,0,0,0,0,0,0,0,0,0,0,0,0,0,0,0,0,0,0,0
0,0,0,0,0,0,0,0,0,0,0,0,0,0,0,0,0,0,0,0,0,0,0,0
0,0,0,0,0,0,0,0,0,0,0,0,0,0,0,0,0,0,0,0,0,0,0,0
0,0,0,0,0,0,0,0,0,0,0,0,0,0,0,0,0,0,0,0,0,0,0,0
0,0,0,0,0,0,0,0,0,0,0,0,0,0,0,0,0,0,0,0,0,0,0,0
0,0,0,0,0,0,0,0,0,0,0,0,0,0,0,0,0,0,0,0,0,0,0,0
0,0,0,0,0,0,0,0,0,0,0,0,0,0,0,0,0,0,0,0,0,0,0,0
0,0,0,0,0,0,0,0,0,0,0,0,0,0,0,0,0,0,0,0,0,0,0,0
0,0,0,0,0,0,0,0,0,0,0,0,0,0,0,0,0,0,0,0,0,0,0,0
0,0,0,0,0,0,0,0,0,0,0,0,0,0,0,0,0,0,0,0,0,0,0,0
0,0,0,0,0,0,0,0,0,0,0,0,0,0,0,0,0,0,0,0,0,0,0,0
0,0,0,0,0,0,0,0,0,0,0,0,0,0,0,0,0,0,0,0,0,0,0,0
0,0,0,0,0,0,0,0,0,0,0,0,0,0,0,0,0,0,0,0,0,0,0,0
0,0,0,0,0,0,0,0,0,0,0,0,0,0,0,0,0,0,0,0,0,0,0,0
0,0,0,0,0,0,0,0,0,0,0,0,0,0,0,0,0,0,0,0,0,0,0,0
0,0,0,0,0,0,0,0,0,0,0,0,0,0,0,0,0,0,0,0,0,0,0,0
0,0,0,0,0,0,0,0,0,0,0,0,0,0,0,0,0,0,0,0,0,0,0,0
0,0,0,0,0,0,0,0,0,0,0,0,0,0,0,0,0,0,0,0,0,0,0,0
0,0,0,0,0,0,0,0,0,0,0,0,0,0,0,0,0,0,0,0,0,0,0,0
0,0,0,0,0,0,0,0,0,0,0,0,0,0,0,0,0,0,0,0,0,0,0,0
0,0,0,0,0,0,0,0,0,0,0,0,0,0,0,0,0,0,0,0,0,0,0,0
0,0,0,0,0,0,0,0,0,0,0,0,0,0,0,0,0,0,0,0,0,0,0,0
0,0,0,0,0,0,0,0,0,0,0,0,0,0,0,0,0,0,0,0,0,0,0,0
0,0,0,0,0,0,0,0,0,0,0,0,0,0,0,0,0,0,0,0,0,0,0,0
0,0,0,0,0,0,0,0,0,0,0,0,0,0,0,0,0,0,0,0,0,0,0,0
0,0,0,0,0,0,0,0,0,0,0,0,0,0,0,0,0,0,0,0,0,0,0,0
0,0,0,0,0,0,0,0,0,0,0,0,0,0,0,0,0,0,0,0,0,0,0,0
0,0,0,0,0,0,0,0,0,0,0,0,0,0,0,0,0,0,0,0,0,0,0,0
0,0,0,0,0,0,0,0,0,0,0,0,0,0,0,0,0,0,0,0,0,0,0,0
0,0,0,0,0,0,0,0,0,0,0,0,0,0,0,0,0,0,0,0,0,0,0,0
0,0,0,0,0,0,0,0,0,0,0,0,0,0,0,0,0,0,0,0,0,0,0,0
0,0,0,0,0,0,0,0,0,0,0,0,0,0,0,0,0,0,0,0,0,0,0,0
0,0,0,0,0,0,0,0,0,0,0,0,0,0,0,0,0,0,0,0,0,0,0,0
0,0,0,0,0,0,0,0,0,0,0,0,0,0,0,0,0,0,0,0,0,0,0,0
0,0,0,0,0,0,0,0,0,0,0,0,0,0,0,0,0,0,0,0,0,0,0,0