Track URI,Track Name,Album Name,Artist Name(s),Release Date,Duration (ms),Popularity,Explicit,Added By,Added At,Genres,Record Label,Danceability,Energy,Key,Loudness,Mode,Speechiness,Acousticness,Instrumentalness,Liveness,Valence,Tempo,Time Signature
spotify:track:1qYY9LCkc3cB9lI0bTE954,"Shades","Shades","Laughing Man;Viktor Udvari",2019-05-06,522150,0,false,bvalkin,2019-09-10T10:56:07Z,"dub techno,minimal techno","Berg Audio",0.76,0.637,11,-14.769,0,0.0538,0.00973,0.852,0.0348,0.692,124.999,4
spotify:track:5FI6ez26R7pj8VppyfW1gc,"Glitter","Elements : Mihai Popoviciu","Mihai Popoviciu",2022-06-10,498905,27,false,bvalkin,2023-04-14T13:32:58Z,"dub techno,tech house,minimal techno,deep house","Berg Audio",0.809,0.753,11,-12.315,1,0.0587,0.00101,0.905,0.0586,0.96,127.004,4
spotify:track:1pv8qLntCowkgWgyNYqOap,"Md","Top Secret","Micronica",2022-03-04,471457,23,false,bvalkin,2022-05-21T14:39:48Z,"minimal techno,dub techno","Micronica Records",0.793,0.605,2,-12.493,1,0.0431,0.0131,0.9,0.099,0.0957,124.007,4
spotify:track:6xhnv7MpF5nj19vILJpbNi,"Artefacts","Pale Blue EP","Diego Krause",2018-11-19,420952,0,false,bvalkin,2019-09-01T08:10:49Z,"minimal techno,dub techno","Rawax",0.81,0.759,1,-11.211,1,0.0603,0.0000601,0.903,0.106,0.711,126.001,4
spotify:track:17t97eG3rOrfJbiDXoybXS,"Closer","Closer to Distance","Malini;Mikhu;Lorik",2017-12-25,503232,0,false,bvalkin,2021-12-19T15:42:45Z,"minimal techno","Studio 405",0.811,0.666,9,-10.749,0,0.0556,0.0348,0.93,0.107,0.233,124.005,4
spotify:track:5hBG6WZWicRoD95sT91tdj,"Crawling","Disk 12","DiSKOP",2018-12-28,480015,20,false,bvalkin,2023-08-27T09:23:09Z,"acid techno,breakbeat,acid house,minimal techno","WHITELOOPS",0.857,0.395,10,-11.668,0,0.176,0.00135,0.918,0.0375,0.313,124.976,4
spotify:track:4suI15mC4jmxFAlIr9FHU3,"Trombon","Trombon EP","Techu",2023-01-11,468480,19,false,bvalkin,2023-03-09T16:16:16Z,"minimal techno,dub techno","1309866 Records DK",0.808,0.686,2,-9.801,1,0.0468,0.0118,0.877,0.0823,0.279,125.001,4
spotify:track:5tcj3ikm90N07mqQGXC2vu,"At Seventeen","""Construction Tools"", Vol, I,II & III","iO (Mulen)",2019-12-16,432573,0,false,bvalkin,2020-07-19T10:28:45Z,"minimal techno,dub techno","Berg Audio",0.804,0.904,10,-9.738,0,0.104,0.00212,0.909,0.0617,0.236,128.994,4
spotify:track:3EGRoaXanHo1rs7r1k5D6e,"Mirror","Mirror (Including Anas M & Komey Remixes)","Sergey Grit",2022-02-25,433920,17,false,bvalkin,2022-06-18T18:20:03Z,"minimal techno","Worst Date Records",0.81,0.497,7,-13.646,1,0.0607,0.00384,0.877,0.101,0.397,125.024,4
spotify:track:0H5nCdFU9lRXxVJhngPY7W,"Solstice","Disk 08","DiSKOP",2018-11-30,472916,18,false,bvalkin,2023-01-15T12:48:54Z,"acid techno,breakbeat,acid house,minimal techno","WHITELOOPS",0.812,0.675,0,-11.885,1,0.0653,0.000174,0.961,0.104,0.366,125.985,4
spotify:track:3AdjaH72Xz0SZvuvGCUPGp,"Lu","Top Secret","Micronica",2022-02-25,450602,18,false,bvalkin,2022-05-21T14:52:56Z,"minimal techno,dub techno","Micronica Records",0.813,0.787,1,-10.382,0,0.0705,0.0206,0.944,0.0795,0.409,125.003,4
spotify:track:4O6aFTVJScCFm8e2lQtIvJ,"Big Beat Manifesto","Big Beat Manifesto","Eden Burns",2020-09-25,470074,31,false,bvalkin,2023-12-22T01:14:55Z,"acid house","Public Possession",0.796,0.859,2,-10.003,1,0.0462,0.00205,0.759,0.264,0.557,126.025,4
spotify:track:2OrKZGAsORg56SoefEaQIL,"Energy","Disk 01","DiSKOP",2016-12-09,487622,21,false,bvalkin,2023-01-15T11:29:53Z,"acid techno,breakbeat,acid house,minimal techno","WHITELOOPS",0.807,0.732,7,-11.085,1,0.0897,0.00035,0.862,0.0946,0.537,126.018,4
spotify:track:5kbbzDiHg0XSE4VqRxT9IT,"Flight Pattern","Mushroom Valve","Urulu",2018-05-28,349640,33,false,bvalkin,2023-08-26T10:58:26Z,"lo-fi house","Voyage Recordings",0.804,0.779,1,-8.853,1,0.037,0.00007,0.844,0.0564,0.657,125.012,4
spotify:track:2BrAQ8ZyHrCSw2V3e9rIKu,"Paradox","Paradox","Techu",2023-07-21,438095,17,false,bvalkin,2023-08-27T08:59:42Z,"minimal techno,dub techno","Micronica Records",0.804,0.737,2,-9.719,1,0.0456,0.000781,0.855,0.103,0.175,126.022,4
spotify:track:4np6ktfmYb1UVgaIHiPYvz,"Report","Directions, Vol. 1","iO (Mulen)",2019-07-29,450484,21,false,bvalkin,2023-08-26T08:29:59Z,"minimal techno,dub techno","Berg Audio",0.805,0.904,4,-10.548,0,0.119,0.0019,0.912,0.119,0.427,127.997,4
spotify:track:1A7OnYJNwqgseSYf4cEJvW,"Into Magic","Futurist","Eric OS",2023-03-31,302036,22,false,bvalkin,2023-08-18T12:38:52Z,"acid house","Limousine Dream",0.794,0.785,10,-9.539,0,0.0666,0.00772,0.849,0.148,0.51,129.992,4
spotify:track:2PrGk1pYygqmIBMam2Zc7J,"Berlin Bound - Michael James Remix","Evolution","Phreaks of Visions;Michael James",2019-12-16,457324,0,false,bvalkin,2020-03-31T16:16:47Z,"minimal techno","Lolife",0.805,0.867,5,-8.011,1,0.0905,0.0256,0.921,0.0666,0.784,127.014,4
spotify:track:1aAyxL3KvCeK3XZtQzMU6B,"Luzern by Night","Space Camp","David Jach;F.eht",2019-06-14,390060,14,false,bvalkin,2019-12-03T14:09:40Z,"dub techno,minimal techno,lo-fi house","Samani",0.804,0.848,10,-8.468,0,0.0569,0.0491,0.851,0.0854,0.369,127.985,4
spotify:track:5tMX6pIl7lgZCWGgvSRZLs,"Riddle - Toman Remix","Riddle","Dimmish;Toman",2018-12-10,424402,25,false,bvalkin,2019-09-23T10:43:25Z,"tech house,minimal techno,latin house","No Art",0.809,0.825,6,-10.267,0,0.0567,0.00453,0.926,0.0971,0.257,127.005,4
spotify:track:2oasTbHMK6mhhb34viLKji,"Spacey","Twister E.P.","Dimmish",2019-07-08,449525,22,false,bvalkin,2019-09-23T11:00:34Z,"tech house,minimal techno","No Art",0.8,0.912,5,-9.246,0,0.144,0.000203,0.864,0.0388,0.756,126.044,4
spotify:track:70RRZIu8ytghwEvxGCpasV,"Released In Sodomy","Released In Sodomy","Dirty Culture",2018-12-20,487497,14,false,bvalkin,2019-09-27T14:03:58Z,"electro swing","Cyclic Records",0.808,0.72,1,-10.672,1,0.0797,0.000483,0.896,0.0936,0.64,126.009,4
spotify:track:1zLTeIJW4KSF0ioQxnMhAj,"Quattro, pt. 1","Quattro","Varhat",2016-12-14,495360,0,false,bvalkin,2019-11-01T14:32:13Z,"minimal techno","Howl",0.804,0.719,6,-10.61,1,0.0656,0.000162,0.93,0.0566,0.16,124.985,4
spotify:track:4KN5RYadecTTLJBaFFwZ8N,"Fantanized","Otopeni E.P.","Toman",2019-04-08,490338,21,false,bvalkin,2019-11-01T14:46:54Z,"tech house,latin house","No Art",0.81,0.933,11,-9.4,0,0.0615,0.000295,0.921,0.0648,0.723,126.007,4
spotify:track:1ym44V2e0InzzC5wdym3ZR,"Peace","P.O.D Records: 5 Years, Pt. 1","Politics Of Dancing",2019-08-02,399314,22,false,bvalkin,2020-02-10T19:42:31Z,"minimal techno","Politics Of Dancing Digital",0.809,0.769,8,-12.699,0,0.0717,0.00441,0.867,0.0484,0.592,125,4
spotify:track:4yTneOgOOoRI0HPdFMvZ06,"New Life","Little 'i'","Low",2012-09-05,432366,0,false,bvalkin,2019-09-01T08:08:21Z,"slowcore,krautrock","Foul and Sunk",0.817,0.7,10,-10.545,0,0.0472,0.066,0.923,0.102,0.262,124.887,4
spotify:track:6OdLEWF9bxRQbbiEMlLib7,"Obsession","Take Care","Subjoi",2018-09-07,332754,0,false,bvalkin,2019-09-01T08:10:01Z,"lo-fi house","Lost Palms",0.805,0.729,5,-9.499,0,0.0538,0.146,0.857,0.11,0.3,121.987,4
spotify:track:0b5qkcpPOpn6AlbTSSH7M5,"Pale Blue","Pale Blue EP","Diego Krause",2018-11-19,461904,0,false,bvalkin,2019-09-01T08:10:50Z,"minimal techno,dub techno","Rawax",0.812,0.782,2,-9.291,1,0.0579,0.000452,0.945,0.104,0.594,126.033,4
spotify:track:79c1jaR9PNfFzxJET7IfA4,"Heritage","Pale Blue EP","Diego Krause",2018-11-19,422857,0,false,bvalkin,2019-09-01T08:10:52Z,"minimal techno,dub techno","Rawax",0.809,0.689,8,-10.128,0,0.0887,0.0107,0.903,0.163,0.659,126.103,4
spotify:track:0RCY6Kjna5ppy2pMRbIwNW,"Calypso - Original Mix","Calypso (Original Mix)","Markus Homm",2018-06-22,468500,21,false,bvalkin,2019-09-01T08:10:58Z,"dub techno,tech house,deep house","Brise Records",0.813,0.758,4,-9.137,0,0.0663,0.0000499,0.92,0.101,0.177,122.988,4
spotify:track:4yKTlZ98KQO46zETZUisyk,"Holiday - Ben Rau Meta Remix","Holiday (Ben Rau Remixes)","Roy Ayers;Terri Wells;Ben Rau",2018-12-01,496500,24,false,bvalkin,2019-09-01T08:11:11Z,"jazz funk,acid jazz,funk,soul jazz,post-disco,philly soul,tech house,disco house","BBE Music",0.809,0.914,7,-7.344,1,0.0557,0.00275,0.886,0.101,0.452,125.997,4
spotify:track:2oX16KBDaFqWJN69cr64OD,"Abotha - Mihai Popoviciu Remix","Abotha","Benno Blome;Mihai Popoviciu",2015-11-16,409259,8,false,bvalkin,2019-09-01T08:11:28Z,"dub techno,tech house,minimal techno,deep house","Time Has Changed Records",0.811,0.672,9,-8.928,0,0.0672,0.000424,0.907,0.0733,0.381,122.003,4
spotify:track:6xoEETVITc1whBkUR5SgQl,"Mangrove - Original","Rack and Run EP","Nick Curly",2015-05-18,431500,0,false,bvalkin,2019-09-01T09:30:04Z,"tech house,deep house","8bit",0.846,0.914,6,-6.119,1,0.0407,0.0715,0.959,0.112,0.366,125.005,4
spotify:track:63nWJiMAQWODosjPh0SrqN,"E3","The Four Slip EP","Rich NxT;East End Dubs",2019-06-14,472440,0,false,bvalkin,2019-09-02T13:29:01Z,"tech house,minimal techno,house","Fuse London",0.808,0.678,6,-10.474,0,0.0631,0.000764,0.894,0.0952,0.638,127.002,4
spotify:track:3EOXdYMW3xP5Pe3Y210ceq,"Sunset","Va: 01","Schrill",2018-07-30,430380,17,false,bvalkin,2019-09-10T09:43:36Z,"lo-fi house,dub techno","Kooky Music",0.795,0.841,4,-7.858,0,0.047,0.000386,0.838,0.0683,0.335,125.999,4
spotify:track:0HfkevNDVBb1IIyfweYdbG,"Atlas","Reminders, Vol. 5","Chris Stussy",2019-07-12,368005,0,false,bvalkin,2019-09-10T09:58:28Z,"house,tech house","Talman Records",0.807,0.761,10,-12.369,0,0.0851,0.0286,0.868,0.102,0.84,125.923,4
spotify:track:6ZAkeXoKQI7uvDwFiLyTIS,"Megan - Original Mix","Megan","Stefano Andriezzi",2019-06-21,375937,12,false,bvalkin,2019-09-10T09:59:27Z,"minimal techno,acid techno","Deep Base Records",0.795,0.772,6,-11.797,0,0.0857,0.00873,0.839,0.11,0.615,127.978,4
spotify:track:3GAB0SXTWZLhS6eW2MC20W,"Air","Space Conquest","Janeret",2019-04-08,480000,0,false,bvalkin,2019-09-10T10:03:21Z,"dub techno,minimal techno,lo-fi house","Berg Audio",0.804,0.526,10,-11.803,0,0.0492,0.00054,0.85,0.0697,0.653,124.993,4
spotify:track:2qUN6Not37j4ZuCLfmUvZ7,"Equinoxe","Nation House: Chalutier du Havre","Janeret",2016-05-12,401574,0,false,bvalkin,2019-09-10T14:01:34Z,"dub techno,minimal techno,lo-fi house","La Chinerie",0.793,0.829,11,-9.999,0,0.087,0.00629,0.922,0.0811,0.442,127.026,4
spotify:track:1ObJvawdSHnZzxUIRAQKB5,"Varazslat","Second Chapter","Viktor Udvari",2017-06-19,460800,12,false,bvalkin,2019-09-10T16:13:32Z,"dub techno,minimal techno","CMOK",0.801,0.683,6,-9.53,0,0.0567,0.000799,0.739,0.0625,0.381,125.011,4
spotify:track:2uussxp8alwBGG1bzMkyqx,"SFX / ORY","SCENARIO#9","Sebo K",2018-02-23,397400,26,false,bvalkin,2019-09-11T07:24:50Z,"minimal techno,tech house","Scenario",0.804,0.762,1,-13.689,0,0.0747,0.09,0.867,0.0981,0.661,125.002,4
spotify:track:05XOD1DkUO2yWmjfqkR8t8,"Paradise (feat. Insight)","Paradise (feat. Insight)","Rossi.;Insight",2019-06-07,179527,41,false,bvalkin,2019-09-11T07:28:00Z,"house,tech house","SIKR",0.807,0.759,11,-8.111,0,0.15,0.0103,0.237,0.0993,0.349,127,4
spotify:track:5WDQOef6IXuDkLNm8sz2fi,"New Life","Little i EP","Fresh & Low",2018-07-23,432366,39,false,bvalkin,2019-09-17T09:19:42Z,"jazz house,lo-fi house,chicago house","Re:Fresh Musik",0.817,0.7,10,-10.545,0,0.0472,0.066,0.923,0.102,0.262,124.887,4
spotify:track:5nhzB671phAf95uaTpR6MN,"HONOLULU","HONOLULU","FEEL [IT]",2019-01-27,464516,0,false,bvalkin,2019-09-17T09:24:55Z,"","FEEL [IT]",0.806,0.827,7,-8.412,1,0.0496,0.0171,0.834,0.119,0.301,124.025,4
spotify:track:36fkLtiyMx9mxLMXjfc6Gs,"Polar","Oceanum","Ennio Skoto",2019-05-31,418560,0,false,bvalkin,2019-09-17T09:42:40Z,"minimal techno,tech house","Island Beats",0.812,0.703,1,-9.703,1,0.0524,0.00345,0.916,0.0633,0.556,124.995,4
spotify:track:3lUYwKKb7ZYxPcahaVuTbu,"Nothing in Particular","Atlantis","Jay Nortown",2019-07-12,373333,0,false,bvalkin,2019-09-17T09:43:04Z,"deep house","Island Beats",0.809,0.793,7,-10.139,1,0.0609,0.0233,0.872,0.173,0.526,126.006,4
spotify:track:4lle5Cc7FBdz0R8Eq7AKiG,"The Swindle","The Swindle","Mihai Popoviciu",2015-11-13,479201,0,false,bvalkin,2019-09-17T09:45:42Z,"dub techno,tech house,minimal techno,deep house","Poker Flat Recordings",0.809,0.687,4,-7.716,1,0.0779,0.000492,0.886,0.0615,0.712,122.005,4
spotify:track:046sZF14pXDXKXcgzg1Qgr,"Izé","Sláinte","Viktor Udvari",2018-05-07,393442,10,false,bvalkin,2019-09-22T09:22:15Z,"dub techno,minimal techno","Samani",0.813,0.671,5,-9.606,0,0.0492,0.000313,0.897,0.0691,0.474,122.018,4
spotify:track:00vaCgIzkWCHSl4vZeZevW,"Système Solaire","Systeme Solaire EP","Ben Rau",2019-07-26,489000,0,false,bvalkin,2019-09-23T10:42:39Z,"tech house,disco house","INKAL",0.807,0.826,4,-8.695,0,0.0569,0.189,0.857,0.154,0.378,125.003,4
spotify:track:5nUS4bSN0cFZB0knxyM4LZ,"Bass Control","Criminal Stuff","iO (Mulen)",2013-10-16,448683,21,false,bvalkin,2019-09-23T10:44:19Z,"minimal techno,dub techno","Artreform",0.825,0.757,6,-8.995,1,0.0456,0.0158,0.941,0.132,0.277,122.994,4
spotify:track:56dqdixcUAhGzQ7zGWPgns,"Out There","Out There EP","Ben Rau",2019-09-13,440000,0,false,bvalkin,2019-09-23T10:53:42Z,"tech house,disco house","INKAL",0.808,0.906,0,-6.994,1,0.0639,0.00101,0.869,0.0959,0.697,125.997,4
spotify:track:0WaGT9rmffNUjjGlWwDwMF,"Expand","Systeme Solaire EP","Ben Rau",2019-07-26,439500,0,false,bvalkin,2019-09-23T10:56:53Z,"tech house,disco house","INKAL",0.786,0.769,4,-8.655,0,0.103,0.0525,0.914,0.494,0.47,126.031,4
spotify:track:07QTvj3huGCcNZ5oONvyFu,"Brain Tornado","Double M EP","Dimmish",2019-03-18,416655,19,false,bvalkin,2019-09-23T11:00:49Z,"tech house,minimal techno","e1even records",0.812,0.859,0,-9.627,1,0.0866,0.000729,0.938,0.058,0.815,125,4
spotify:track:7yJ0CuqsZMHVItMQRLiid9,"Fury's Laughter - Extended Mix","Fury's Laughter (Extended Mix)","S.A.M.",2019-06-17,481158,29,false,bvalkin,2019-09-23T15:42:36Z,"tech house,house","Spinnin' Deep",0.733,0.736,6,-8.661,0,0.0645,0.00136,0.91,0.109,0.61,128.003,4
spotify:track:2bt2ZuMXfB7QbBBV1mJy0Z,"All Things Go - Original Mix","All Things Go EP","Emanuel Satie",2015-03-09,410216,28,false,bvalkin,2019-09-30T15:31:24Z,"melodic house,tech house","Gruuv",0.896,0.474,6,-6.618,1,0.0562,0.000546,0.52,0.0836,0.521,121.988,4
spotify:track:5NLTORqMlwLKIea310hHhX,"Rain","Musica Lunar","Prodot",2019-08-21,423679,8,false,bvalkin,2019-10-28T17:43:44Z,"minimal techno","Musica Lunar",0.789,0.813,1,-13.386,1,0.0607,0.00232,0.938,0.112,0.198,128.031,4
spotify:track:6XpVdfBQEz1cLM69OOuHcp,"Wink - No Rules (UK) Remix","Strix EP","Prodot;No Rules (UK)",2017-08-29,404516,9,false,bvalkin,2019-10-28T17:48:25Z,"minimal techno,tech house","Ladeep",0.799,0.965,1,-10.083,1,0.0742,0.0434,0.917,0.0883,0.335,124.045,4
spotify:track:4ltjZhKhGKwQWiriY3GsF1,"Brick","Neue","Prodot",2018-12-10,455744,8,false,bvalkin,2019-10-28T17:48:56Z,"minimal techno","Rationalism Records",0.802,0.551,6,-10.503,0,0.114,0.0131,0.902,0.108,0.491,128.02,4
spotify:track:69z0RFU38FlguC3OqjRO0u,"Alright","Alright","S.A.M.",2019-07-01,479828,0,false,bvalkin,2019-10-28T18:51:34Z,"tech house,house","PIV Records",0.808,0.516,11,-10.836,0,0.0802,0.00859,0.843,0.0847,0.631,125.999,4
spotify:track:12NdN17WK14sPES52OriMv,"Spiral","Spiral","AWSI;Prodot",2019-03-15,427086,0,false,bvalkin,2019-10-29T12:53:28Z,"minimal techno,tech house","AWSI",0.804,0.672,6,-7.891,1,0.0823,0.000316,0.889,0.0785,0.592,127.014,4
spotify:track:219J1uBxrICSHVSsZHZeXM,"Hope","Memories, Pt. II","Code Deploy",2017-05-29,519508,0,false,bvalkin,2019-11-01T13:32:34Z,"dub techno,minimal techno","Berg Audio",0.788,0.775,6,-10.796,0,0.138,0.0108,0.897,0.103,0.223,126.021,4
spotify:track:6Cj3pqkzV6JlfI3Zg0jGKM,"Swerve - Original Mix","Swerve EP","Archie Hamilton;Benson Herbert",2018-09-14,442225,0,false,bvalkin,2019-11-01T13:50:22Z,"tech house,minimal techno","Moscow Records",0.81,0.643,1,-10.428,1,0.0581,0.000838,0.882,0.0699,0.683,124.996,4
spotify:track:5VOxs6X2qCyR0TBLHc1TtU,"Instate - Original Mix","The Wasteline EP","Rich NxT",2014-06-20,360737,0,false,bvalkin,2019-11-01T13:59:48Z,"tech house,minimal techno","Fuse London",0.812,0.71,11,-8.917,0,0.0475,0.0000682,0.91,0.463,0.708,123.991,4
spotify:track:6whOFbjqn59QAGQ3WQn0yN,"Mind Blank - Original Mix","Works On Sunday EP","Archie Hamilton",2015-08-17,523561,0,false,bvalkin,2019-11-01T14:39:06Z,"tech house,minimal techno","Fuse London",0.81,0.779,1,-12.542,1,0.0704,0.000528,0.857,0.0795,0.568,125.001,4
spotify:track:5JcTPYvJmKbgQa9tffD3fg,"Stick Out","Stick Out EP","iO (Mulen)",2016-07-29,545806,17,false,bvalkin,2019-11-01T14:50:24Z,"minimal techno,dub techno","Memoria Recordings",0.793,0.728,5,-9.579,0,0.0483,0.00946,0.892,0.106,0.0529,123.998,4
spotify:track:1d4vblQr49X3kvyeq9v4qd,"Focus","Home","Mihai Popoviciu",2016-07-27,437593,0,false,bvalkin,2019-11-08T13:11:11Z,"dub techno,tech house,minimal techno,deep house","Bondage Music",0.811,0.761,8,-8.856,0,0.0561,0.00854,0.948,0.0681,0.724,123.008,4
spotify:track:5ojDFLRmp2PQuvLwyc8Wtn,"Cassandra - Original Mix","Cassandra","Donato Dozzy",2015-09-18,449032,34,false,bvalkin,2019-11-28T08:45:44Z,"dub techno,minimal techno,ambient","Claque Musique",0.811,0.675,6,-11.423,1,0.0719,0.027,0.87,0.0755,0.642,123.993,4
spotify:track:43XEYFomgrPaNXxqLheCgQ,"Jam on the moon - Limitu & Jesse Maas Remix","Jam on the moon","Alessio Viggiano;F.eht;Limitu;Jesse Maas",2018-08-30,348100,19,false,bvalkin,2019-12-04T09:05:03Z,"minimal techno,dub techno,lo-fi house,tech house","Blind Vision Records",0.806,0.721,11,-8.786,0,0.0445,0.00019,0.867,0.0991,0.74,127.009,4
spotify:track:4bAYL09yxKIf1YNx1HwoBZ,"You Know It's Alright","You Know It's Alright / Pearl Leaf","Mryn",2018-04-27,663625,0,false,bvalkin,2019-12-04T15:52:59Z,"lo-fi house","Valby Rotary",0.842,0.737,7,-10.558,1,0.0574,0.000963,0.818,0.0764,0.187,123.025,4
spotify:track:2TMTqyY5dck7Ac7fNVjpC8,"Black Men & White - Original Mix","Lasting EP","AWSI",2018-09-28,530458,8,false,bvalkin,2019-12-06T14:55:31Z,"minimal techno,tech house","Ladeep",0.809,0.868,1,-8.757,1,0.0609,0.0231,0.886,0.0706,0.647,127.017,4
spotify:track:1qyXeXjdcH6Xw4eGNvSSQq,"Jus Dance (Christian Nielsen Remix) [Mixed]","Ibiza Appreciation 18 (DJ Mix)","Mr. V",2018-10-24,337439,0,false,bvalkin,2020-01-09T16:17:49Z,"funky house","Lazare Hoche",0.806,0.717,8,-7.263,0,0.0694,0.00635,0.628,0.0837,0.818,124.988,4
spotify:track:76p01107IKsCVwbSrTdqRM,"Pacific","PIV Spring Sampler","Prunk",2019-05-10,321928,0,false,bvalkin,2020-01-11T22:01:35Z,"house,lo-fi house,tech house","PIV Records",0.81,0.918,7,-9.741,1,0.0643,0.00158,0.888,0.0738,0.668,125.996,4
spotify:track:2cQXPqngh2HA0NnI1Jtl1c,"No Way!","PIV ADE SAMPLER 2019","Prunk",2019-10-18,340327,0,false,bvalkin,2020-01-11T22:02:13Z,"house,lo-fi house,tech house","PIV Records",0.804,0.882,7,-9.078,1,0.0609,0.0117,0.856,0.112,0.275,126.009,4
spotify:track:4QEiHucPgkmL30LE52deHG,"Bocado","Bocado EP","Prunk;Aron Volta",2019-10-04,432818,0,false,bvalkin,2020-01-11T22:03:14Z,"house,lo-fi house,tech house","PIV Records",0.797,0.93,5,-8.13,0,0.0617,0.000451,0.887,0.0539,0.263,126.127,4
spotify:track:0xN6re4hdDxQabFRfY8IfO,"Sleepy Rhythm","Bocado EP","Prunk;Aron Volta",2019-10-04,398364,0,false,bvalkin,2020-01-11T22:03:33Z,"house,lo-fi house,tech house","PIV Records",0.793,0.924,9,-8.866,1,0.0742,0.0143,0.932,0.101,0.747,127.051,4
spotify:track:5S8cqMnTVUV3f5JiTjpMl4,"What Is This","Who Said That","James Dexter",2017-08-24,410000,24,false,bvalkin,2020-01-11T22:07:02Z,"tech house,minimal techno","Cyclic Records",0.814,0.841,7,-10.652,1,0.132,0.000143,0.788,0.0901,0.714,123.011,4
spotify:track:7FjjcTtudATOjWY8hKWdwD,"A New Day","Collection I","Jesse Maas",2018-09-19,443825,6,false,bvalkin,2020-01-21T18:43:59Z,"tech house","hedZup records",0.81,0.781,0,-9.709,1,0.0506,0.0161,0.92,0.119,0.596,126.025,4
spotify:track:52vIroGBQ0huJSJFMNBTSQ,"The Inner Truth","Collection I","Kerouac & Smile",2018-09-19,376320,6,false,bvalkin,2020-01-21T18:44:50Z,"minimal techno","hedZup records",0.811,0.72,8,-8.813,0,0.0586,0.00126,0.884,0.0721,0.433,124.996,4
spotify:track:4Gb7a65Xi5GxaEw2vOjgTo,"Planet 34","PIV Spring Sampler","Jesse Maas",2019-05-10,367629,0,false,bvalkin,2020-01-21T18:45:41Z,"tech house","PIV Records",0.792,0.836,11,-10.702,0,0.0655,0.0345,0.799,0.0647,0.715,126.014,4
spotify:track:3Tcf8TRUzxWZdQR8xMyGqV,"Thank U - Rossi. Remix","Thank U EP","LEON (Italy);Rossi.",2019-10-18,406305,19,false,bvalkin,2020-02-10T19:19:29Z,"tech house,house","Moan",0.809,0.903,2,-8.959,1,0.0531,0.00968,0.836,0.0622,0.881,127.005,4
spotify:track:4VyMOtII9DNZQa3QwDuHLT,"Dub Inventions: A1","Dub Inventions EP","Rossi.",2018-10-26,418080,21,false,bvalkin,2020-02-10T19:22:30Z,"house,tech house","LowerHand Records",0.812,0.827,7,-7.293,1,0.0606,0.00702,0.882,0.0411,0.671,125.016,4
spotify:track:4dTzOp6G8jYlba3FgZFLUf,"One Morning In Staines","One Morning In Staines","Charlie Banks",2019-07-26,495238,0,false,bvalkin,2020-02-10T19:24:56Z,"tech house,minimal techno","Moss Co.",0.81,0.871,9,-10.244,1,0.0815,0.00066,0.867,0.417,0.381,125.995,4
spotify:track:5Z76074clRPE8ZeL05zD5j,"Telegram - Original Mix","Driven EP","Archie Hamilton",2017-04-03,464746,0,false,bvalkin,2020-02-10T19:27:08Z,"tech house,minimal techno","Fuse London",0.81,0.78,0,-9.09,1,0.0637,0.00314,0.914,0.124,0.726,125.976,4
spotify:track:6H4mPbpdKsEBxN8F8dpkRR,"Catch This","Catch This EP","Aron Volta",2019-04-08,438400,0,false,bvalkin,2020-02-10T19:27:57Z,"tech house","PIV Records",0.758,0.848,8,-8.929,0,0.0525,0.0146,0.861,0.105,0.267,123.994,4
spotify:track:6JulrBaVVA3Yoc8QsFnycn,"Citron","""Construction Tools"", Vol, I,II & III","Traumer",2019-12-06,381639,0,false,bvalkin,2020-02-10T19:40:24Z,"minimal techno,dub techno,tech house","Berg Audio",0.804,0.776,11,-8.99,0,0.0695,0.0116,0.867,0.0557,0.904,126,4
spotify:track:0aaTrekfgJgLiH00lnPKm7,"Freya","Cantec De Leagane / Freya","Dave Pad;Anjei",2017-03-24,284878,34,false,bvalkin,2020-02-10T19:43:23Z,"dub techno,deep house,organic house,lounge","Anjunadeep",0.64,0.667,11,-10.19,0,0.0379,0.000211,0.899,0.0748,0.288,122.994,4
spotify:track:5hr3RYHIuoHcEUQlJz9pkx,"Distance","Closer to Distance","Malini;Mikhu;Lorik",2017-12-25,501508,0,false,bvalkin,2020-02-10T19:44:52Z,"minimal techno","Studio 405",0.808,0.709,7,-10.967,1,0.0507,0.0195,0.905,0.0587,0.588,124.01,4
spotify:track:3kJUIF5JCUW16yTRcgZNC7,"Classroom","Classroom","Traumer",2016-03-07,516496,0,false,bvalkin,2020-02-10T19:50:03Z,"minimal techno,dub techno,tech house","Gettraum",0.805,0.46,1,-10.943,1,0.054,0.0155,0.846,0.0722,0.185,126,4
spotify:track:6mFd2NwKbeU7t9Wnjx2V14,"Detune - AWSI Retuned Remix","En Efecto","Lautaro Scavuzzo;AWSI",2020-01-20,448000,0,false,bvalkin,2020-02-17T11:36:05Z,"minimal techno,tech house","Island Beats",0.803,0.63,4,-10.5,1,0.0966,0.0211,0.897,0.0888,0.476,129.011,4
spotify:track:0swfXEGZvntDJ5quBCEWYx,"Luna Llena","Be Water","Mark Alow",2017-06-16,419399,5,false,bvalkin,2020-02-18T15:09:33Z,"organic house,tribal house,deep house","Akbal Music",0.811,0.468,10,-10.994,0,0.0507,0.0021,0.882,0.0762,0.211,121.001,4
spotify:track:7xDrGu61LdqobB6sZ0VqM2,"Rabona","Taps / Rabona","E. Myers",2017-07-14,330461,8,false,bvalkin,2020-02-24T16:25:59Z,"","Unknown Label",0.66,0.622,9,-8.397,0,0.027,0.0000253,0.83,0.0924,0.294,130.002,4
spotify:track:1UBTF840gTUTQquwK34wib,"Arcade","Arcade","Hector Couto",2019-10-11,365500,8,false,bvalkin,2020-03-07T17:13:11Z,"tech house","Roush Label",0.792,0.913,1,-8.535,1,0.0824,0.00596,0.9,0.0846,0.409,126.987,4
spotify:track:2tA5avvrOQkjNiJg6y6az4,"Orion - Luci's Travel","Alma Sounds","Luciano",2016-07-11,875102,0,false,bvalkin,2020-04-03T15:58:30Z,"latin house","Cadenza records",0.81,0.528,8,-12.098,1,0.0435,0.00106,0.909,0.0886,0.646,126.995,4
spotify:track:2TUSbKRL9amtnbH5bwYnt0,"Track Ten","Back To Basics (Part 1)","Juan Atkins",2004-04-02,361400,32,false,bvalkin,2020-04-03T11:25:14Z,"dub techno,techno,minimal techno,chicago house","Parlophone UK",0.552,0.767,0,-14.412,0,0.0343,0.00909,0.82,0.118,0.617,131.242,4
spotify:track:1vpHrftvMztdhsxVoCQMCo,"Funky Mood","Funky Mood","UGLH",2011-12-01,452765,0,false,bvalkin,2020-04-07T17:26:28Z,"","Back And Forth",0.902,0.632,7,-11.867,1,0.142,0.00132,0.841,0.082,0.511,122.99,4
spotify:track:6fPq1hr3halmX7Q8bSWH8K,"Sundance","PIV ADE SAMPLER 2019","NTFO",2019-10-18,460815,0,false,bvalkin,2020-04-17T08:07:04Z,"deep house,minimal techno","PIV Records",0.801,0.814,10,-11.124,0,0.0737,0.00145,0.908,0.0853,0.38,124.989,4
spotify:track:6rlHMxDbOQsZPxLjCaBnP4,"Gingo Biloba","Gingo Biloba","Andrey Pushkarev",2013-04-15,508750,20,false,bvalkin,2020-04-17T14:33:02Z,"dub techno,minimal techno","Circus company",0.811,0.865,0,-9.002,1,0.0785,0.0857,0.933,0.0456,0.838,121.008,4
spotify:track:6SIGZ4x7IVP9qbHjZxpVA1,"Fresh","Traxmas","High Fidelity",2018-12-21,300983,5,false,bvalkin,2020-04-18T16:43:59Z,"acid jazz","Trax Records",0.75,0.632,5,-11.03,1,0.0491,0.0316,0.874,0.111,0.506,122.044,4
spotify:track:77o4ceN125GjPAXEZ5r3oh,"Passing By - Roger Gerressen Remix","Moment of Serenity","Havantepe;Roger Gerressen",2019-08-12,383606,0,false,bvalkin,2020-04-20T15:29:36Z,"dub techno,minimal techno,dub","Berg Audio",0.808,0.544,7,-13.788,0,0.0789,0.13,0.934,0.111,0.941,126,4
spotify:track:4zRw2xBPx0Y1n7oN6INFh7,"Reflect","Recall","Pablo Bolivar",2009-06-18,392000,33,false,bvalkin,2020-04-20T15:59:11Z,"dub techno,minimal techno,chicago house,deep house,organic house","Regular Label",0.811,0.529,0,-10.339,1,0.0789,0.00758,0.877,0.0897,0.691,119.997,4
spotify:track:3d4I4djaDbYmpK1d973UUL,"Planitz Proposal","Planitz Proposals","Langenberg",2010-12-17,523259,0,false,bvalkin,2020-04-20T16:00:18Z,"dub techno","Mild Pitch",0.764,0.484,10,-12.015,0,0.0496,0.193,0.923,0.11,0.139,117.98,4
spotify:track:4wUPAvahUzLMWBdUYMzdNw,"Basic Needs","Eldorado House Heaven - The Summer Collection","Jussi-Pekka",2006-06-03,348398,0,false,bvalkin,2020-04-20T16:04:11Z,"dub techno","Laka-Tosh-Music",0.691,0.759,4,-13.046,0,0.0437,0.0000251,0.884,0.114,0.148,121.987,4
spotify:track:048txVhdADqphnbaBFtwQz,"lantern (Marko Furstenberg reshape)","lantern","Shinsuke Matsumoto",2011-05-11,521066,0,false,bvalkin,2020-04-20T16:06:09Z,"dub techno,dub,minimal techno","AY",0.575,0.615,7,-12.601,1,0.0335,0.00127,0.675,0.352,0.111,107.013,4
spotify:track:6TElrFvVH8aqryNfL0tLOn,"No Image","Columbian Blue","Markus Homm",2015-02-11,486187,0,false,bvalkin,2020-04-20T16:07:47Z,"dub techno,tech house,deep house","Bondage Music",0.812,0.46,11,-15.097,0,0.182,0.0000212,0.885,0.0885,0.665,123.006,4
spotify:track:6DdDzmbmL6MAHFebFm1JBM,"Plankton","Deep Sea Exploration","Dublicator",2013-03-07,478536,0,false,bvalkin,2020-04-20T16:09:10Z,"dub techno,dub,minimal techno","Avantroots",0.36,0.669,11,-12.838,0,0.0333,0.0203,0.921,0.174,0.23,123.01,4
spotify:track:5QrE2bWl9pjS7xqC5rKrHP,"Supreme Blue","Colour Planet Corporation","Eduardo De la Calle",2016-05-27,367294,0,false,bvalkin,2020-04-20T16:10:19Z,"dub techno,minimal techno","Forbidden Colours",0.711,0.66,11,-10.773,0,0.0453,0.0219,0.919,0.116,0.0921,126.001,3
spotify:track:7viD5dkEm7eaeGuvi4ZWBv,"Delirio","Delirio","Hraach",2015-03-30,416131,42,false,bvalkin,2020-04-22T12:44:25Z,"organic house,tribal house,downtempo,deep house","DeepClass Records",0.809,0.706,7,-9.339,0,0.0484,0.0297,0.903,0.0635,0.761,120.008,4
spotify:track:2wL7FC6nS8jMeakZhPrMRc,"Ease My Mind (feat. The Smoothness)","Ease My Mind EP","Archie Hamilton;The Smoothness",2020-05-22,491374,0,false,bvalkin,2020-05-30T13:55:50Z,"tech house,minimal techno","Moscow Records",0.803,0.677,6,-12.229,0,0.0526,0.000838,0.911,0.0992,0.484,126.998,4
spotify:track:0VJhzgI8tD07XPPWUPKp1j,"Timewriter","Timewriter EP","Chris Stussy;Toman",2020-07-10,379135,0,false,bvalkin,2020-07-20T20:12:09Z,"house,tech house,latin house","Locus",0.804,0.882,1,-10.418,1,0.059,0.00299,0.886,0.0871,0.499,127.02,4
spotify:track:0aM1woscdL19B2iBkLNsRm,"Shine Bright","PIV Spring Sampler","Kolter;Leon Hagen",2019-05-10,351511,0,false,bvalkin,2020-07-27T15:29:45Z,"house,tech house,lo-fi house","PIV Records",0.828,0.653,10,-10.308,0,0.0967,0.012,0.853,0.0766,0.366,127.005,4
spotify:track:3cKS5lTbRVVPkd5QYBjpam,"What U Want - Chris Stussy & Djoko aka Kolter Remix","Remixed","Enrico Mantini;X Woman;Chris Stussy;Kolter",2020-02-14,526855,0,false,bvalkin,2020-08-12T10:34:48Z,"lo-fi house,house,tech house","PURISM Wave",0.727,0.81,1,-10.036,1,0.167,0.0854,0.287,0.073,0.702,124.978,4
spotify:track:71vLXAxoLgTKzykP9TBpgz,"For Your Health","KOLTERCAMP, Vol. II","Kolter",2020-07-15,396361,7,false,bvalkin,2020-08-12T10:40:42Z,"house,tech house,lo-fi house","DJOKOCAMP",0.797,0.838,8,-8.331,0,0.0492,0.0103,0.685,0.0666,0.912,132.021,4
spotify:track:2G1YwmMvGn9VZI4cRagTtj,"Honorus","KOLTERCAMP, Vol. II","Kolter",2020-07-15,518396,8,false,bvalkin,2020-08-12T10:43:25Z,"house,tech house,lo-fi house","DJOKOCAMP",0.806,0.685,11,-10.816,0,0.0602,0.0269,0.898,0.213,0.182,124.997,4
spotify:track:2RR47Gjs1h1qhcKFUEchWv,"Rise Together","Washed Away EP","Kolter",2019-11-18,315737,0,false,bvalkin,2020-08-12T10:37:40Z,"house,tech house,lo-fi house","PIV Records",0.807,0.754,8,-9.617,1,0.072,0.0172,0.902,0.0741,0.609,126.008,4
spotify:track:0ZynC2ICh21Atgi9whPdR9,"Graceful","KOLTERCAMP, Vol. II","Kolter",2020-07-15,371901,7,false,bvalkin,2020-08-12T10:42:52Z,"house,tech house,lo-fi house","DJOKOCAMP",0.818,0.652,6,-10.817,0,0.133,0.00637,0.741,0.14,0.695,131.011,4
spotify:track:0ki209ZxLDCqRw6zUv6OD5,"Ikarus","Endless Explorations","Kolter",2020-06-15,354098,13,false,bvalkin,2020-08-12T10:45:03Z,"house,tech house,lo-fi house","Berg Audio",0.803,0.844,11,-8.657,0,0.0486,0.015,0.737,0.124,0.62,127.009,4
spotify:track:4XBR4eWCjDH9NrzwVC0b7M,"Dialer","Reminders, Vol. 10","Kolter",2020-06-26,338725,8,false,bvalkin,2020-08-12T10:46:23Z,"house,tech house,lo-fi house","Talman Records",0.825,0.637,5,-13.461,0,0.0716,0.109,0.727,0.119,0.429,127.012,4
spotify:track:0washXlWqFEj5oCjNWwA2E,"Hooked on You","Hooked","Kolter",2020-05-29,383612,44,false,bvalkin,2020-08-12T10:35:04Z,"house,tech house,lo-fi house","Shall Not Fade",0.855,0.865,8,-7.493,0,0.0828,0.11,0.658,0.0651,0.781,130.992,4
spotify:track:3BIuqx09D432FYs30nstVe,"Washed Away","Washed Away EP","Kolter",2019-11-18,360934,0,false,bvalkin,2020-08-12T10:35:27Z,"house,tech house,lo-fi house","PIV Records",0.822,0.659,8,-8.716,1,0.15,0.00514,0.857,0.0279,0.44,129.011,4
spotify:track:7Li6ZhmefqnNZmJsnjXFv2,"Inside of You - Chris Stussy & Djoko aka Kolter Remix","Remixed","Enrico Mantini;Chris Stussy;Kolter",2020-02-14,399022,0,false,bvalkin,2020-08-12T10:36:45Z,"lo-fi house,house,tech house","PURISM Wave",0.822,0.693,6,-10.199,0,0.0813,0.0331,0.822,0.0724,0.702,125.975,4
spotify:track:4X3t0hoW66E6cJfUMDfZMm,"Acid Paradise","KOLTERCAMP, Vol. I","Kolter",2020-07-01,376320,14,false,bvalkin,2020-08-12T10:36:58Z,"house,tech house,lo-fi house","DJOKOCAMP",0.809,0.722,10,-11.713,0,0.0653,0.0089,0.895,0.0754,0.744,125.005,4
spotify:track:6mM7LJHKDVhduD428lv5OD,"Overflow","Overflow","Kolter",2020-08-07,196874,35,false,bvalkin,2020-08-12T10:38:42Z,"house,tech house,lo-fi house","Rawsome Deep",0.8,0.929,9,-6.94,1,0.0606,0.00153,0.904,0.0927,0.709,128.024,4
spotify:track:4n3Nhbk8yAkKP2Ywe0LrIO,"Spank the Wurli","KOLTERCAMP Vol. III","Kolter",2020-07-31,346081,6,false,bvalkin,2020-08-12T10:43:55Z,"house,tech house,lo-fi house","DJOKOCAMP",0.746,0.737,1,-9.733,1,0.107,0.00602,0.866,0.0812,0.686,128.991,4
spotify:track:71SItvFBcF7JIUdK4pd7Hg,"Archway - Silverlining Remix","Archway EP","TIJN & Daines;Silverlining",2019-02-08,521286,0,false,bvalkin,2020-10-25T11:59:46Z,"minimal techno,dub techno","Moss Co.",0.81,0.811,6,-11.342,1,0.0781,0.017,0.879,0.666,0.34,125.001,4
spotify:track:6ZIdSgKmqZX05H2l1qeK2S,"Calea mea - Original Mix","Sinewaves Are From God","Stoilku",2020-04-23,441808,12,false,bvalkin,2020-10-25T12:00:29Z,"minimal techno,dub techno","Salomon Records",0.802,0.421,6,-12.826,0,0.0776,0.00469,0.878,0.069,0.0635,122.995,4
spotify:track:7HRqONVpwskpMnQThxE4Yu,"Beliefs - Patryk Molinari Remix","Beliefs","Peppou;Patryk Molinari",2018-09-10,401710,0,false,bvalkin,2020-10-25T12:49:27Z,"minimal techno,nu disco,funky house,disco house","Antura Records",0.798,0.874,1,-8.799,1,0.0654,0.00683,0.892,0.0777,0.172,126.044,4
spotify:track:6TruBa7kh7zij2PSYTvdB4,"All She Wants Is - Markus Fix Remix","All She Wants Is","Karotte",2009-07-13,450333,0,false,bvalkin,2020-11-20T20:07:25Z,"minimal techno,techno","Break New Soil Recordings",0.812,0.47,1,-9.508,1,0.0525,0.00455,0.947,0.107,0.318,124,4
spotify:track:4dfZmvFyqlS6XHg4MyMAra,"Let's Talk","Signs","Parsec (UK)",2020-11-02,469935,6,false,bvalkin,2020-12-20T14:20:32Z,"minimal techno","Inermu",0.804,0.627,3,-11.2,0,0.0623,0.00635,0.849,0.101,0.71,128.028,4
spotify:track:0sKVQnfIBNTjEZy7XiknX7,"Reponce Profonde","Meuse EP","iO (Mulen)",2020-10-30,450468,24,false,bvalkin,2020-12-20T14:21:27Z,"minimal techno,dub techno","Cecille Records",0.804,0.839,7,-7.646,0,0.0425,0.00409,0.932,0.05,0.264,128.001,4
spotify:track:0CGeO5fyrBjq0xeWRKwQnH,"Metro","Down to Business, Vol. 2","KEPLER",2020-09-07,353893,5,false,bvalkin,2020-12-28T10:37:26Z,"","Vessel Records",0.804,0.759,4,-9.193,0,0.0668,0.0173,0.89,0.0593,0.55,131,4
spotify:track:2eHV1hHR0BVWG7tZblaWmg,"Evolution","Evolution","Phreaks of Visions",2019-12-16,440655,0,false,bvalkin,2020-12-29T20:42:04Z,"","Lolife",0.79,0.919,6,-10.457,0,0.0794,0.0316,0.719,0.593,0.301,125.021,4
spotify:track:0p5wjPVrbqDn050ExGzvDJ,"Amnesia","Amnesia","Kabbina",2020-08-07,409357,0,false,bvalkin,2020-12-29T21:04:32Z,"tech house","issues",0.809,0.336,11,-11.794,1,0.117,0.011,0.703,0.0699,0.317,126,4
spotify:track:5JTs7BHnTwBd8zOwoBRat3,"Desire","Amnesia","Kabbina",2020-08-07,365665,0,false,bvalkin,2020-12-29T21:05:13Z,"tech house","issues",0.81,0.666,9,-10.602,1,0.0514,0.000132,0.74,0.0619,0.678,128.007,4
spotify:track:5nhbOP4sRtqnhEm6JWvcBN,"Hypnotise - East End Dubs Remix","Momentum","Lauren Lo Sung;East End Dubs",2020-09-04,397322,0,false,bvalkin,2021-01-10T16:02:02Z,"tech house,house","Lolife",0.809,0.583,7,-9.226,1,0.0614,0.000741,0.915,0.091,0.577,127.004,4
spotify:track:151rvi7L8tu8XVooljPGV0,"First Plate 2","From the Heart, It's a Start, A Work of Art","Shinichi Atobe",2017-06-09,356198,17,false,bvalkin,2021-02-18T12:10:21Z,"dub techno,lo-fi house","DDS",0.913,0.95,7,-5.497,0,0.233,0.791,0.967,0.0928,0.329,123.636,4
spotify:track:2icwj6GbPxwzXQ1mdRqWXT,"Momentum","Momentum","Lauren Lo Sung",2020-09-04,422400,0,false,bvalkin,2021-04-02T09:11:48Z,"tech house","Lolife",0.806,0.826,11,-6.693,0,0.0839,0.000523,0.515,0.0877,0.486,124.973,4
spotify:track:7kn99anaTT2yy2i2uaOhBH,"Ventura","Ventura","Kolter",2021-04-02,351900,13,false,bvalkin,2021-04-02T09:16:37Z,"house,tech house,lo-fi house","Shall Not Fade",0.794,0.745,8,-8.927,1,0.0918,0.00471,0.818,0.112,0.648,126.03,4
spotify:track:0vE909GhT8Zq5ip1058BtG,"Diplo","Diplo","Traumer",2021-05-14,442947,6,false,bvalkin,2021-05-15T18:15:38Z,"minimal techno,dub techno,tech house","Adam's Bite",0.803,0.566,11,-11.608,0,0.0499,0.00831,0.918,0.0936,0.301,125.012,4
spotify:track:61dx4dVWwyYnPlFaPBAxmZ,"Prima","Diplo","Traumer",2021-05-14,453903,4,false,bvalkin,2021-05-15T19:09:11Z,"minimal techno,dub techno,tech house","Adam's Bite",0.811,0.63,1,-10.587,1,0.0571,0.00111,0.819,0.0687,0.629,125,4
spotify:track:4kAx3NX9Psu3f0s3uQydcS,"No Going Back","Little i EP","Fresh & Low",2018-07-23,450595,22,false,bvalkin,2021-08-15T17:09:15Z,"jazz house,lo-fi house,chicago house","Re:Fresh Musik",0.882,0.556,2,-8.453,1,0.176,0.000833,0.732,0.0708,0.6,124.88,4
spotify:track:2AVkUtmWTaZXHg908qMGbv,"Penthouse Boogie","Lavender","Kevin Over;Marlon",2018-10-26,348941,12,false,bvalkin,2021-08-15T17:10:36Z,"tech house,salsa","Champion Records",0.711,0.818,6,-10.36,0,0.0449,0.181,0.215,0.0715,0.332,127.005,4
spotify:track:6ES3m4pXpPQKIM4s2JqJCb,"Otro Mundo","Otro Mundo","Toman",2021-01-08,481860,20,false,bvalkin,2021-09-25T15:13:53Z,"tech house,latin house","No Art",0.809,0.847,11,-8.304,0,0.0386,0.000197,0.925,0.0704,0.586,128,4
spotify:track:30RxV868LEvXZvaG8UGHy9,"Assembling Pieces","Assembling Pieces","Traumer",2020-05-15,411147,21,false,bvalkin,2021-09-25T15:46:25Z,"minimal techno,dub techno,tech house","Berg Audio",0.803,0.641,11,-9.2,1,0.0831,0.00794,0.856,0.0538,0.389,126.002,4
spotify:track:4UjBi0eYbPmnK2u8Umaw2E,"E Fix","Numerous Agnomens Vol. II","Nu Zau",2018-09-25,525079,0,false,bvalkin,2021-10-02T13:29:28Z,"minimal techno","Aku",0.809,0.468,7,-15.395,1,0.066,0.00632,0.914,0.111,0.337,122.999,4
spotify:track:61heW4kxANGz6y3Yc6BaOj,"Sapphire - Mikhu Remix","Sapphire","Victor Montero;Mikhu",2019-12-23,449535,0,false,bvalkin,2021-10-02T13:54:17Z,"minimal techno","Studio 405",0.791,0.859,8,-10.867,0,0.0617,0.0949,0.921,0.109,0.76,126.026,4
spotify:track:6TomWo7OMmzLJ5isLaWPkm,"Check Check - Mihai Popoviciu Remix","Sender Flashbacks Vol #4","Benno Blome;Konrad Cadet;Mihai Popoviciu",2019-03-15,424646,5,false,bvalkin,2021-10-31T19:59:59Z,"dub techno,tech house,minimal techno,deep house","Sender Records",0.81,0.507,1,-11.014,1,0.0492,0.00133,0.92,0.0859,0.468,123.007,4
spotify:track:3R4TA6EQfsGSC5XKCxRz2I,"Ultramarin","Sender Flashbacks Vol #4","Kotelett;Zadak",2019-03-15,450699,5,false,bvalkin,2021-10-31T20:04:01Z,"indie dance","Sender Records",0.81,0.59,0,-13.226,1,0.0616,0.0228,0.93,0.113,0.132,120.997,4
spotify:track:6XGJbzogv6NNmHCap4OxA5,"CN Tower","Sender Flashbacks Vol #3","Jake Fairley",2013-04-29,390373,5,false,bvalkin,2021-10-31T20:13:17Z,"minimal techno","Sender Records",0.803,0.765,0,-9.591,1,0.0414,0.000995,0.887,0.0767,0.143,129.205,4
spotify:track:4ZC64n9iX8JBYbVFI7FRiO,"Passing By","Moment of Serenity","Havantepe",2019-08-12,409253,17,false,bvalkin,2021-12-12T12:14:25Z,"dub techno,minimal techno,dub","Berg Audio",0.729,0.678,5,-10.765,0,0.0438,0.0217,0.926,0.179,0.397,126.004,4
spotify:track:0rvI1gEhjihcbVO2nalYLp,"Melted","Perspective & Melted","Brawther;Traumer;Prince Morella",2022-01-07,390344,25,false,bvalkin,2022-01-08T15:30:19Z,"jazz house,rally house,dub techno,minimal techno,tech house,dub","Berg Audio",0.891,0.466,6,-10.309,0,0.125,0.00539,0.883,0.0523,0.948,124.009,4
spotify:track:2FJHQtSRI1RtQf59MhhaBg,"Deja vu","Take it back to basics","Nu Zau",2020-10-16,487752,13,false,bvalkin,2022-02-13T14:40:34Z,"minimal techno","Zau Nu",0.806,0.769,1,-12.564,0,0.0508,0.0138,0.868,0.108,0.671,123.994,4
spotify:track:6YZdnmVSX8NzVQ0f7otKI6,"Fade","Divided Mirrors","Laughing Man",2021-08-12,434895,4,false,bvalkin,2022-02-20T15:42:43Z,"dub techno","Laughing Man",0.82,0.786,1,-10.075,1,0.0575,0.00392,0.822,0.112,0.0914,126.991,4
spotify:track:5iLiKv58I9v5ERgYt1ADwC,"Indica Mornings - Ben Rau Remix","Stuttering Beauty","Ben Rau;Miffy & Miller;Nicolau",2016-06-06,412000,14,false,bvalkin,2022-04-01T20:14:46Z,"tech house,disco house,minimal techno","Draft",0.81,0.915,0,-9.724,1,0.0752,0.0448,0.927,0.107,0.417,123.999,4
spotify:track:5I1cqmfFVPk3xIFOqQ5Uc0,"Solid Moonshine - Original Mix","Phases Of Light EP","Fyrone",2019-08-23,431144,10,false,bvalkin,2022-04-06T05:01:50Z,"","Ladeep",0.803,0.797,6,-11.168,0,0.135,0.23,0.919,0.0736,0.355,125.997,4
spotify:track:3uZ5AhoW9HTwYJKntuDU5T,"Shades - Teluric Remix","Shades","Laughing Man;Viktor Udvari;Teluric",2019-05-06,449287,13,false,bvalkin,2022-04-06T05:11:16Z,"dub techno,minimal techno","Berg Audio",0.8,0.493,6,-11.036,0,0.136,0.00195,0.894,0.11,0.759,129.001,4
spotify:track:3oqT1ni0srnTPvCQVFa4yz,"Overcome","Overcome","Laughing Man",2020-05-05,495238,6,false,bvalkin,2022-04-06T05:33:42Z,"dub techno","Laughing Man",0.833,0.617,1,-9.606,1,0.149,0.00403,0.737,0.0868,0.231,126.008,4
spotify:track:5IsnQf79pG1xD6RtzOOFuG,"Good Morning","Divided Mirrors","Laughing Man",2021-08-12,411999,4,false,bvalkin,2022-04-06T06:11:22Z,"dub techno","Laughing Man",0.796,0.919,7,-9.119,1,0.0643,0.188,0.874,0.0955,0.797,127.009,4
spotify:track:457o5iisuqacHGvkVVZLrM,"Communication","Moments","Helly Larson",2019-01-14,429151,25,false,bvalkin,2022-05-21T14:38:22Z,"dub techno,deep house,dub","Sofa Sessions",0.787,0.548,7,-14.225,1,0.0458,0.0324,0.903,0.112,0.493,123.016,4
spotify:track:4ZFq5cbqGww4vcQa4TNsUC,"Looped Reflections - Laughing Man's Terminal Edit","Pal, Vol. 1","Vis;Laughing Man",2018-01-26,445529,6,false,bvalkin,2022-05-21T14:42:20Z,"dub techno","Pear",0.809,0.626,2,-12.373,1,0.05,0.0102,0.918,0.0928,0.0531,125.016,4
spotify:track:2bGgVaHEQIeKXKYhKL3U2i,"Floating in Space","Aurion","Helly Larson",2013-11-29,421463,35,false,bvalkin,2022-05-21T14:43:17Z,"dub techno,deep house,dub","MANDMS Music",0.865,0.263,2,-19.369,0,0.0756,0.00127,0.87,0.0743,0.855,123.005,4
spotify:track:0jlBmWPq3FDFPgOVAwcgXh,"Moving Dub - Deep Spelle Remix","Moments","Helly Larson;Riccicomoto;Deep Spelle",2019-01-14,475573,37,false,bvalkin,2022-05-21T14:43:43Z,"dub techno,deep house,dub","Sofa Sessions",0.865,0.421,11,-10.14,0,0.0748,0.0294,0.836,0.28,0.466,124.005,4
spotify:track:2cWDhpDPrGLxRuNabs4S7L,"On Falling","Night Liner","Helly Larson",2016-10-17,357057,37,false,bvalkin,2022-05-21T14:47:24Z,"dub techno,deep house,dub","Deep Site Digital",0.775,0.423,8,-11.572,1,0.0398,0.24,0.885,0.115,0.592,121.004,4
spotify:track:4cMoQ4Aq5NVVVNaGnT2YZi,"Planetarium","10 Years Sintope Sampler","NTFO",2018-08-20,578218,7,false,bvalkin,2022-06-18T18:19:01Z,"deep house,minimal techno","Sintope Digital",0.811,0.477,6,-15.261,1,0.0607,0.00213,0.95,0.0948,0.264,123.008,4
spotify:track:2S7DEhGRlWUbLfA80yTSzC,"Savon","Le Fit Club","Magic Pincher",2020-12-10,422857,0,false,bvalkin,2022-07-26T20:17:02Z,"","YYK No Label",0.809,0.832,2,-11.455,1,0.0545,0.000268,0.903,0.0931,0.638,126.009,4
spotify:track:06lPXlp3XGj4pWlHsQIEOq,"Insomnie","Le Fit Club","Magic Pincher",2020-12-10,420000,0,false,bvalkin,2022-07-26T20:17:31Z,"","YYK No Label",0.805,0.469,9,-11.325,0,0.0761,0.0000917,0.928,0.0982,0.532,128.009,4
spotify:track:7n8tF8oTK4wGFVi1I1iBgy,"Move Dub - Steve O'Sullivan Remix","Move Dub","R.Y.;A.C.;Steve O'Sullivan",2020-09-07,428800,20,false,bvalkin,2022-07-26T20:19:53Z,"dub techno,dembow,minimal techno","Berg Audio",0.811,0.624,1,-11.106,1,0.0531,0.0203,0.843,0.111,0.49,124.003,4
spotify:track:4E0ERam22sD5m6wCNHKAiC,"Foreal - Seb Zito Remix","Foreal EP","Enzo Siragusa;Nima Gorji;Seb Zito",2018-04-30,424503,0,false,bvalkin,2022-07-29T15:33:13Z,"tech house,minimal techno","Fuse London",0.805,0.878,1,-10.775,1,0.0691,0.0013,0.913,0.127,0.618,126.997,4
spotify:track:2QztGu0rZeiSLKCPUvcGld,"Soul Is Life - Mihai Popoviciu Remix","Soul Is Life / Mbaby","Eddie Richards",2014-05-12,423418,20,false,bvalkin,2022-08-07T14:46:25Z,"tech house,acid house","Storm Recordings",0.81,0.767,6,-9.627,0,0.0584,0.000082,0.893,0.0598,0.541,123.007,4
spotify:track:1hea8PbhMDM15ENdHCckSE,"Accomodation","Dream Mood, Pt. 6","Peshka",2018-08-03,624635,0,false,bvalkin,2022-08-09T09:44:18Z,"minimal techno","Dream Mode",0.807,0.7,1,-13.653,1,0.081,0.00469,0.853,0.301,0.629,122.992,4
spotify:track:09GUoBFkZmMNBQ2h4JFsZT,"House For All - Original Mix","House For All","Blunted Dummies",1993-02-26,234373,35,false,bvalkin,2022-08-09T09:48:07Z,"baltimore club,chicago house","Definitive Recordings",0.952,0.677,0,-19.287,1,0.0553,0.0618,0.731,0.126,0.437,120.088,4
spotify:track:7uTKidLC756IRkIHcexE4j,"Juicy Street","Ideal Juice Compilation","Djebali",2016-03-25,380268,5,false,bvalkin,2022-08-09T09:56:50Z,"","(djebali)",0.81,0.854,0,-8.318,0,0.0743,0.00117,0.914,0.093,0.599,123,4
spotify:track:5KIdA2tBiWnXRT2T9Wo4Vs,"Hostom ZZZ, pt. 3","HOSTOM ZZZ","Hostom",2016-05-20,404516,0,false,bvalkin,2022-10-09T09:18:12Z,"","Hostom",0.812,0.65,6,-10.397,0,0.0759,0.234,0.94,0.111,0.384,123.993,4
spotify:track:2eIHheTkRZGzq5j4jiJVT9,"Hostom001, pt. 2","HOSTOM001","Hostom",2015-10-26,526747,0,false,bvalkin,2022-10-09T09:33:26Z,"","Hostom",0.79,0.708,6,-11.498,0,0.0566,0.000319,0.725,0.106,0.405,125.005,4
spotify:track:2AlObmsvfdquvBLdGViQIp,"Hostom002, pt. 1","HOSTOM002","Hostom",2016-01-13,515905,0,false,bvalkin,2022-10-09T09:36:18Z,"","Hostom",0.809,0.64,8,-10.434,0,0.0516,0.000153,0.912,0.0743,0.307,127.013,4
spotify:track:2mv59YREbB2edRqpdXX9jZ,"Cotton Candy","Rave Vision","Djebali",2022-09-23,466229,6,false,bvalkin,2022-10-09T10:12:52Z,"","TRMNL",0.797,0.753,5,-9.07,0,0.0704,0.0276,0.937,0.0636,0.658,128.025,4
spotify:track:3R7gH9CbmCoXnKttJpDmNX,"Rave Vision","Rave Vision","Djebali",2022-09-23,421807,6,false,bvalkin,2022-10-09T10:16:00Z,"","TRMNL",0.796,0.683,1,-8.211,0,0.0665,0.00182,0.874,0.0914,0.346,127.995,4
spotify:track:4EPzWbCrwQrL2gsMV9IpTX,"Politics Of Dancing X Djebali","Politics Of Dancing X Djebali & Franck Roger","Politics Of Dancing;Djebali",2018-06-04,406451,5,false,bvalkin,2022-10-09T10:39:41Z,"minimal techno","P.O.D CROSS",0.806,0.675,1,-8.271,1,0.095,0.0788,0.87,0.0711,0.195,124.009,4
spotify:track:4VaCtM8YX6pIh7YYIOHXcx,"First New Dance - Original Mix","First New Dance","Arapu",2022-09-16,710639,18,false,bvalkin,2022-10-27T12:49:57Z,"minimal techno","Rawax",0.817,0.617,2,-10.898,1,0.052,0.0993,0.903,0.107,0.496,127.005,4
spotify:track:4JPQCXTf6FugwbQ1FXL7lP,"Apoplex","Apoplex","Jinger;Traumer",2022-09-02,416639,17,false,bvalkin,2022-10-27T12:52:10Z,"minimal techno,dub techno,tech house","Jinger",0.81,0.703,1,-10.672,0,0.0599,0.00413,0.915,0.108,0.126,124.992,4
spotify:track:4nkiLES9CY0vksXWwXW151,"Ra","Top Secret","Micronica",2022-11-14,426667,14,false,bvalkin,2022-11-19T17:51:31Z,"minimal techno,dub techno","Micronica Records",0.807,0.522,10,-11.405,0,0.0606,0.000412,0.904,0.124,0.492,126.026,4
spotify:track:6CR1HBCA2i3dI1WXsXg1kt,"Mindshift","DJ Deep Raw Cuts, Vols.1 & 2","DJ Deep",2019-07-01,322622,12,false,bvalkin,2022-11-19T18:05:10Z,"dub techno,chicago house","Deeply Rooted",0.794,0.606,7,-12.915,1,0.0446,0.00533,0.739,0.131,0.303,121.996,4
spotify:track:7DvnyHSrbSLVfac3tZVYO1,"Serious - Original Mix","The Brigade EP","Rich NxT",2018-03-05,446470,0,false,bvalkin,2022-11-22T07:43:59Z,"tech house,minimal techno","Fuse London",0.81,0.655,4,-12.085,0,0.0642,0.00019,0.938,0.113,0.214,126.001,4
spotify:track:1oc2532pBPnKLxUbJ7POEt,"Senses","Assembling Pieces","Steve O'Sullivan;Traumer",2020-05-15,416342,16,false,bvalkin,2022-12-22T08:25:39Z,"dub techno,minimal techno,tech house","Berg Audio",0.808,0.933,1,-10.986,0,0.0534,0.00244,0.91,0.0827,0.0362,128.032,4
spotify:track:0Ac8f5geLSPZuZIiOuSUJX,"Take It There","Directions, Vol. 2","Steve O'Sullivan",2019-07-29,432727,14,false,bvalkin,2022-12-22T08:29:08Z,"dub techno,minimal techno","Berg Audio",0.811,0.447,1,-12.637,1,0.058,0.000106,0.898,0.595,0.369,127.598,4
spotify:track:4A0EDHfIJSkCxxjZ9AbY73,"Mislead","Believe EP","Laughing Man",2022-10-28,300000,5,false,bvalkin,2022-12-28T12:14:16Z,"dub techno","Misplaced Recordings",0.796,0.907,6,-9.143,1,0.0681,0.00818,0.87,0.0755,0.867,127.984,4
spotify:track:0fsGUjer9Hin6ZOb7Ds7Ii,"Airflow","Crux / Airflow","iO (Mulen)",2015-11-16,608780,6,false,bvalkin,2023-01-05T17:13:10Z,"minimal techno,dub techno","Cardinal",0.812,0.934,1,-7.943,1,0.0708,0.0000499,0.857,0.0437,0.342,123.011,4
spotify:track:5q6UWi8kTuxp47qBu4W4ck,"Selfless State","Boogie Trippin EP","Chris Stussy",2018-06-08,373573,0,false,bvalkin,2023-01-05T18:37:44Z,"house,tech house","Robsoul",0.816,0.524,9,-10.939,1,0.0684,0.00034,0.815,0.103,0.547,123.998,4
spotify:track:0zgGQGX81xIbYwsphWxMYU,"Tunnelvision","Brooklyn Tears EP","Prunk;Chris Stussy",2017-08-25,375533,0,false,bvalkin,2023-01-05T18:59:26Z,"house,lo-fi house,tech house","PIV Records",0.808,0.659,10,-7.875,0,0.06,0.000283,0.94,0.0915,0.548,123.052,4
spotify:track:2R8jKFTRXlrQiyVAlESK0C,"Brooklyn Tears","Brooklyn Tears EP","Prunk;Chris Stussy",2017-08-25,358584,0,false,bvalkin,2023-01-05T19:09:27Z,"house,lo-fi house,tech house","PIV Records",0.838,0.795,4,-8.461,0,0.0706,0.000939,0.803,0.105,0.236,120,4
spotify:track:5gfpOfgzmOkIbQDmuMhToU,"Flashback - Original Mix","Flashback EP","Rhadow",2012-06-27,437524,8,false,bvalkin,2023-01-05T19:19:02Z,"","Dorcas",0.808,0.718,4,-9.352,1,0.06,0.00147,0.933,0.0842,0.582,123.003,4
spotify:track:5uSuWFMv3z6V1Ah2nragRa,"Confusion - Original Mix","Wild Thing EP","Archie Hamilton",2018-01-12,452622,0,false,bvalkin,2023-01-07T16:22:43Z,"tech house,minimal techno","Moscow Records",0.811,0.805,7,-9.19,1,0.053,0.000102,0.903,0.066,0.621,126.009,4
spotify:track:5xkZgeLjNpjgRJEi2baguM,"Wild Thing - Original Mix","Wild Thing EP","Archie Hamilton",2018-01-12,491927,0,false,bvalkin,2023-01-07T16:30:23Z,"tech house,minimal techno","Moscow Records",0.808,0.765,9,-10.139,0,0.0619,0.000567,0.817,0.0259,0.614,126.037,4
spotify:track:6F2BT7bzTLRyuJLTnUwj00,"Ricochet - Original Mix","Dubinnovation","Enzo Siragusa;Archie Hamilton",2017-06-30,428999,0,false,bvalkin,2023-01-07T16:31:12Z,"tech house,minimal techno","Moscow Records",0.809,0.884,0,-9.324,1,0.0556,0.000171,0.95,0.0609,0.292,125.99,4
spotify:track:62q6jcbHb9rKineV6QIfDx,"Believer - Original","Believer EP","Johnny D",2015-01-26,825531,0,false,bvalkin,2023-01-07T16:42:13Z,"chicago house","8bit",0.819,0.636,8,-12.888,0,0.0499,0.00187,0.302,0.0812,0.796,125.997,4
spotify:track:1gttBHTr2i7TOSmrnSnGNW,"The Message - Original Mix","The Message","Archie Hamilton",2017-03-24,518640,16,false,bvalkin,2023-01-07T17:00:43Z,"tech house,minimal techno","Be Chosen",0.81,0.6,4,-12.026,1,0.0512,0.003,0.924,0.0946,0.748,125.004,4
spotify:track:6kuc4vOw53Mln9YI0Vk3rK,"Paradise - Original","Paradise - EP","Steffen Deux",2017-07-17,458736,0,false,bvalkin,2023-01-07T17:03:57Z,"tech house","8bit",0.806,0.954,10,-7.34,0,0.0422,0.0292,0.901,0.0731,0.515,124.002,4
spotify:track:3qk2YLhuJ9Qu3a9T2zW3wi,"Latitude Zero - Sublee 44.4268 N Remix","No Sweat EP","Proudly People;Sublee",2021-06-25,190866,14,false,bvalkin,2023-01-07T17:10:51Z,"tech house,minimal techno","Futura",0.803,0.863,1,-7.286,1,0.0431,0.117,0.904,0.1,0.742,126.995,4
spotify:track:2wIdcBvSajkX00rksGKCaJ,"Nene","Feel","Retza",2021-10-08,384000,0,false,bvalkin,2023-01-07T17:13:28Z,"organic house","SATYA",0.805,0.595,2,-11.353,0,0.052,0.0222,0.922,0.112,0.463,125.026,4
spotify:track:2JirFa98ZLQYZ823lmLWfq,"Junktion","Junktion","Ludowick",2020-02-27,525406,8,false,bvalkin,2023-01-07T17:16:34Z,"dub techno,minimal techno","Navidu Music",0.805,0.571,1,-13.11,1,0.0973,0.0363,0.924,0.108,0.151,124.999,4
spotify:track:4VncS5zrTnrUsEK66eYvkF,"Tars","Dreams","Mielafon",2022-04-18,441300,12,false,bvalkin,2023-01-07T17:18:18Z,"dub techno,minimal techno","Crossfade Sounds",0.721,0.414,2,-9.594,1,0.0572,0.215,0.887,0.0963,0.333,124.029,4
spotify:track:03fF86uquiqMjstKl0oxeE,"Deep In Dub (Zzzzra Minimal Techno)","Minimal Techhouse Journey","Dubacid;Zzzzra",2008-12-14,444473,0,false,bvalkin,2023-01-07T17:19:05Z,"dub techno,acid house,dub,minimal techno","Worldwide Exclusive Records",0.682,0.375,7,-19.602,0,0.0411,0.863,0.877,0.115,0.311,124.987,4
spotify:track:6R7o7tp5juUvawLgTccgL4,"Aircross","C4","Etzu Mahkayah;Anas M",2020-10-12,408188,16,false,bvalkin,2023-01-07T17:32:37Z,"dub techno,minimal techno","Conceptual",0.805,0.702,11,-11.646,0,0.0495,0.00196,0.899,0.0624,0.44,127.004,4
spotify:track:3iDZTY777Tvw05xjM4Quz8,"MOi 07 A","MOI 07","Moi",2017-10-09,548579,11,false,bvalkin,2023-01-08T11:35:06Z,"minimal techno,dub techno","MEMSTREAM",0.803,0.551,6,-11.163,1,0.128,0.00478,0.891,0.108,0.553,126.008,4
spotify:track:30raEd3JWAaHz4FzG7L36O,"MOi 07 B","MOI 07","Moi",2017-10-09,503817,12,false,bvalkin,2023-01-08T11:38:38Z,"minimal techno,dub techno","MEMSTREAM",0.808,0.51,11,-9.974,0,0.0889,0.00398,0.909,0.0782,0.587,125.997,4
spotify:track:6yUe3UJ6ZCjfe8JVAQobe8,"MOI006 A","MOI006","Moi",2017-02-03,518740,7,false,bvalkin,2023-01-08T11:39:54Z,"minimal techno,dub techno","Moi Recordings",0.748,0.78,7,-10.01,1,0.0529,0.0259,0.869,0.0649,0.359,127.013,4
spotify:track:4RzakBFfwC2d5WkWfHBla5,"Ritual of the Body - Club Mix","Ritual of the Body","Mr. Bard;Dj Steef",2021-04-30,346000,5,false,bvalkin,2023-01-08T11:50:00Z,"","Numoment recordings",0.795,0.797,0,-8.746,1,0.0684,0.00771,0.533,0.346,0.668,120.01,4
spotify:track:7n8Swu6RiPhtBgRlGUD7AT,"Don't Dribble - Radio Version","Pass It, Don't Dribble","Etzu Mahkayah",2020-07-20,206765,43,false,bvalkin,2023-01-09T16:20:29Z,"dub techno,minimal techno","MixCult Digital",0.805,0.546,7,-10.112,0,0.0619,0.0169,0.923,0.0815,0.451,125.007,4
spotify:track:3AivobcVMXk1N4Es3qz37h,"Vacum","Ti Gde","Nicolas Barnes",2022-06-24,400000,15,false,bvalkin,2023-01-09T17:05:49Z,"dub techno,minimal techno,dub","Apnea Label",0.807,0.651,4,-13.146,0,0.0594,0.00487,0.831,0.097,0.415,124.996,4
spotify:track:0cqigu3Mxr2UU47MZuZ35H,"A","MOI008","Moi",2018-07-31,514968,5,false,bvalkin,2023-01-15T10:49:00Z,"minimal techno,dub techno","Moi Recordings",0.804,0.783,2,-10.062,1,0.0932,0.00058,0.881,0.0777,0.492,126.999,4
spotify:track:1HL6CYg4nDO7gvCxuxAyrZ,"Boost","Disk 06","DiSKOP",2018-11-16,446984,13,false,bvalkin,2023-01-15T11:10:13Z,"acid techno,breakbeat,acid house,minimal techno","Blackloops",0.796,0.815,6,-12.447,0,0.0835,0.00174,0.917,0.048,0.424,129.015,4
spotify:track:664XhLJqunGleFoqKGVm98,"Worldwide","Disk 03","DiSKOP",2018-10-26,480468,12,false,bvalkin,2023-01-15T11:10:19Z,"acid techno,breakbeat,acid house,minimal techno","Blackloops",0.8,0.751,6,-13.986,1,0.0715,0.0779,0.933,0.0872,0.611,127.963,4
spotify:track:55tT3N9ND06hUhZHBdGJpZ,"High Hill","Disk 03","DiSKOP",2018-11-09,452905,12,false,bvalkin,2023-01-15T11:23:01Z,"acid techno,breakbeat,acid house,minimal techno","WHITELOOPS",0.807,0.776,10,-8.959,0,0.0806,0.000151,0.907,0.0375,0.651,124.008,4
spotify:track:280cFwcQoqTD5QHctY9RSx,"Heartbreaker","Disk 07","DiSKOP",2019-08-23,472630,7,false,bvalkin,2023-01-15T11:28:28Z,"acid techno,breakbeat,acid house,minimal techno","Blackloops",0.805,0.938,8,-7.316,1,0.0609,0.000396,0.856,0.0642,0.93,130.002,4
spotify:track:7iUxHYCYe2fhlJ7YbBZ9Nh,"Deeply","Deeply","Frink",2017-12-11,388096,39,false,bvalkin,2023-01-15T13:01:51Z,"dub techno,deep house,minimal techno","Affinity Lab",0.813,0.634,6,-11.769,0,0.0646,0.031,0.886,0.0742,0.734,124.003,4
spotify:track:0EFDZgG8w6bpZirlS620EU,"Scania - S.A.M. Reshape","Scania","Malin Genie;Per Hammar;Samuel Andre Madson",2019-06-07,449603,12,false,bvalkin,2023-01-19T09:22:58Z,"dub techno,lo-fi house,minimal techno","Malin Genie Music",0.806,0.944,6,-9.718,1,0.0425,0.000989,0.876,0.0891,0.255,124.997,4
spotify:track:40EcyIQoY1429p3gGiI63l,"Bloom","Bloom","Malin Genie",2018-03-05,274283,35,false,bvalkin,2023-01-19T15:13:24Z,"dub techno,lo-fi house,minimal techno","Malin Genie Records",0.808,0.845,1,-8.128,1,0.0414,0.0202,0.941,0.0767,0.665,126.044,4
spotify:track:4UolDJX4PKcMSoC9VPWHj1,"After Storm","After Storm","J. Nandez",2017-11-30,463999,7,false,bvalkin,2023-02-01T08:38:02Z,"tech house","HOF Deep Mind",0.806,0.567,10,-10.83,0,0.0612,0.00606,0.909,0.133,0.33,121.998,4
spotify:track:2wpZN1Ip5frfHARyXHRCb8,"003_Police","Captured","Traumer;Brako",2023-02-24,449280,22,false,bvalkin,2023-03-05T20:06:23Z,"minimal techno,dub techno,tech house","Brako (BRK)",0.762,0.527,8,-11.27,0,0.0424,0.0456,0.716,0.134,0.318,124.992,4
spotify:track:1ErKNs1SMOa9KL7YMXNVCU,"002_Police","Captured","Traumer;Brako",2023-02-24,423750,11,false,bvalkin,2023-03-05T20:06:42Z,"minimal techno,dub techno,tech house","Brako (BRK)",0.807,0.694,1,-10.741,1,0.0562,0.000515,0.864,0.0642,0.72,127.992,4
spotify:track:21mprR2ry3jZAFTPEot3Lr,"49.3","49.3","Thomas Andrew",2020-11-06,443414,4,false,bvalkin,2023-03-09T16:17:17Z,"","La Vie En Rose",0.815,0.812,0,-8.756,1,0.067,0.00396,0.745,0.14,0.53,123.011,4
spotify:track:6yc4v3pUY3apSOysgpBxU6,"Maraboutage","Cluborama","Shonky",2010-07-28,445280,26,false,bvalkin,2023-03-09T16:17:43Z,"","Freak n'Chic",0.774,0.751,1,-10.516,1,0.0521,0.000102,0.913,0.067,0.627,123.98,4
spotify:track:5SKTyFibP0h1NuQBxzFokO,"Wellington","Trombon EP","Techu",2023-01-11,434285,6,false,bvalkin,2023-03-09T16:28:45Z,"minimal techno,dub techno","1309866 Records DK",0.787,0.678,11,-9.38,1,0.0392,0.00193,0.892,0.112,0.376,126.004,4
spotify:track:3MZeXMeGlwLNrROR73BPsc,"Take Over","Trombon EP","Techu",2023-01-11,426666,6,false,bvalkin,2023-03-09T16:29:04Z,"minimal techno,dub techno","1309866 Records DK",0.809,0.595,1,-11.421,0,0.0515,0.0046,0.863,0.105,0.0613,126.007,4
spotify:track:4Hh4sQCglt6Pk11B4agztI,"Spre Nicaieri","Regasire EP","Techu",2020-07-14,533333,11,false,bvalkin,2023-03-09T16:35:29Z,"minimal techno,dub techno","1309866 Records DK",0.8,0.512,10,-10.177,0,0.0838,0.00123,0.852,0.159,0.363,126.039,4
spotify:track:05Mp0EXiIUzouHyB5zu6yz,"Target - Original Mix","Sirena EP","Nicolas Barnes",2021-11-22,430081,5,false,bvalkin,2023-03-10T16:16:49Z,"dub techno,minimal techno,dub","Minordub",0.81,0.433,1,-16.233,1,0.0656,0.0454,0.911,0.112,0.495,124.983,4
spotify:track:6h74UyFJrWjTDOPzU9gKDq,"Ban","Concrete Jungle","Nicolas Barnes",2021-08-09,468293,5,false,bvalkin,2023-03-10T16:23:50Z,"dub techno,minimal techno,dub","Crossfade Sounds",0.81,0.74,2,-14.582,0,0.0578,0.313,0.947,0.0979,0.531,123.01,4
spotify:track:5Gzqq6A5hegfY0SlGVxtEq,"Year Since","Year Since LP","Nicolas Barnes",2023-02-03,391692,5,false,bvalkin,2023-03-10T16:24:46Z,"dub techno,minimal techno,dub","ECOUL SND",0.69,0.534,10,-13.185,0,0.0452,0.382,0.896,0.112,0.221,124.97,4
spotify:track:0NHpqIvdAbW5aXZOpDfPDJ,"Awake","Year Since LP","Nicolas Barnes",2023-02-03,445445,4,false,bvalkin,2023-03-10T16:25:54Z,"dub techno,minimal techno,dub","ECOUL SND",0.756,0.701,6,-14.24,0,0.0527,0.244,0.918,0.111,0.133,124.995,4
spotify:track:1D45Zp0p9FSNw2cZlTMwF2,"Break From Life","Year Since LP","Nicolas Barnes",2023-02-03,414721,4,false,bvalkin,2023-03-10T16:26:15Z,"dub techno,minimal techno,dub","ECOUL SND",0.704,0.603,5,-11.515,0,0.0832,0.0332,0.764,0.112,0.62,125.011,4
spotify:track:6yGN1M06M4NMCXeczMXkoV,"Dune Sea","Year Since LP","Nicolas Barnes",2023-02-03,440659,5,false,bvalkin,2023-03-10T16:27:05Z,"dub techno,minimal techno,dub","ECOUL SND",0.765,0.576,2,-12.506,1,0.0695,0.149,0.82,0.1,0.521,122.012,4
spotify:track:1e1ZtR1fjFbGrXYZU1vdoL,"Great Notice","Year Since LP","Nicolas Barnes",2023-02-03,430078,4,false,bvalkin,2023-03-10T16:27:38Z,"dub techno,minimal techno,dub","ECOUL SND",0.743,0.663,10,-12.478,0,0.0778,0.421,0.832,0.111,0.387,125.004,4
spotify:track:4N4AuITamOD7SYKOk6mXPi,"Head Under The Waves","Archive B","Microlot",2022-04-07,385573,13,false,bvalkin,2023-03-10T16:28:46Z,"dub techno","spclnch",0.791,0.475,11,-14.684,0,0.0875,0.0514,0.908,0.111,0.327,122.006,4
spotify:track:0LwQ3yZyVOnUhfJjXtQLBW,"Sirena - Original Mix","Sirena EP","Nicolas Barnes",2021-11-22,460798,5,false,bvalkin,2023-03-10T16:29:13Z,"dub techno,minimal techno,dub","Minordub",0.811,0.272,10,-15.287,0,0.239,0.000529,0.877,0.108,0.346,124.971,4
spotify:track:7k4pU2Rr9oBZXDPZQ1uwWL,"Pushin","Concentrate EP","Janeret;Kolter;Janeko",2022-09-16,431183,0,false,bvalkin,2023-03-10T18:55:24Z,"dub techno,minimal techno,lo-fi house,house,tech house","Yoyaku",0.807,0.816,11,-7.309,0,0.0504,0.0243,0.943,0.0299,0.378,127,4
spotify:track:0fmCB92t0EQ0mjR5660FOC,"Tangomango - Soundopamine Remix","Afrodisiak","Nopame;Soundopamine",2018-03-10,409180,11,false,bvalkin,2023-03-16T14:21:50Z,"","Everyday Paradise",0.813,0.819,6,-12.284,0,0.0524,0.0000803,0.876,0.0653,0.598,122,4
spotify:track:04X6BpOcHdjsmfZ0gTIxxC,"Anatomy - Soundopamine Remix","The Maze (Remixes)","Life on Planets;Soundopamine",2018-04-27,377704,7,false,bvalkin,2023-03-16T14:22:10Z,"indie soul","Wolf + Lamb Records",0.809,0.524,0,-11.948,1,0.0603,0.00154,0.332,0.0889,0.506,121.994,4
spotify:track:3ogIpgRj7oMGMynUWSEzsx,"Outerspace - Soundopamine Remix","Kidz of Hypnos","Q;Soundopamine",2022-09-09,567619,5,false,bvalkin,2023-03-16T14:22:42Z,"dub techno","kontrapost",0.809,0.669,10,-11.652,0,0.0596,0.00119,0.874,0.085,0.211,126.012,4
spotify:track:03J1haSsXvZEX2sNFNpXSa,"Ia-o la Padure","New World Disorder","Soundopamine",2021-07-28,480500,5,false,bvalkin,2023-03-16T14:23:02Z,"","Everyday Paradise",0.809,0.651,5,-15.135,1,0.0435,0.562,0.95,0.118,0.699,119.997,4
spotify:track:2TkXR38ch7SLddETc9zwWY,"Dopamin","Ecoul Snd V.a 3","Bulat",2022-12-23,464507,5,false,bvalkin,2023-03-16T14:32:02Z,"indie dance","ECOUL SND",0.81,0.473,6,-12.827,1,0.0696,0.028,0.804,0.091,0.513,124.013,4
spotify:track:37SD5XfpvFPcXXYS4U1ZQ0,"Mini Drive","Improvise at Noon","Rioleval",2021-02-26,217819,38,false,bvalkin,2023-03-16T14:32:44Z,"lo-fi house,jazz house","SoSure Music",0.786,0.642,8,-11.117,0,0.0579,0.0261,0.842,0.0507,0.447,126.984,4
spotify:track:2FwKcbtuPXlgvFF4r9Z8hX,"District","District","Traumer",2023-02-24,444375,37,false,bvalkin,2023-03-24T11:49:18Z,"minimal techno,dub techno,tech house","Berg Audio",0.814,0.694,2,-9.717,0,0.0595,0.000932,0.867,0.0665,0.315,128.003,4
spotify:track:5FmcjcyQGAJ1qLBsoi2q1E,"QR - Radio Version","Fear Of Light","Nicolas Barnes",2023-05-05,331428,6,false,bvalkin,2023-05-08T09:51:48Z,"dub techno,minimal techno,dub","MixCult Digital",0.896,0.499,8,-14.571,1,0.0879,0.0275,0.66,0.111,0.363,125.034,4
spotify:track:7ooGUndNjHyZPElnjkaP4S,"For the First Time - M.a.s. Zizu in Evolution","For the First Time","Nancy Martinez;M.A.S.",2001-07-01,536759,5,false,bvalkin,2023-05-21T06:32:27Z,"freestyle,hi-nrg,chicago house,french rap","Dream Beat",0.786,0.676,10,-10.06,0,0.0573,0.000181,0.926,0.0817,0.161,126.996,4
spotify:track:2X5itB9OVFg8Y6vAhhCF8x,"Persona","Perfect Tool EP","Anton Bykov",2018-11-05,370484,3,false,bvalkin,2023-05-21T06:32:32Z,"tech house","Deep Tech Records",0.728,0.818,7,-7.47,1,0.155,0.0109,0.6,0.0893,0.417,125.039,4
spotify:track:7neCNwej9qMwqzKSANRAk4,"Missed Call","Space Runner","Mateo Dufour;Cosenza",2021-12-31,374069,0,false,bvalkin,2023-05-21T06:32:46Z,"tech house","KEY Records",0.803,0.84,10,-8.9,0,0.0429,0.00107,0.934,0.121,0.637,128.993,4
spotify:track:1n08icLHZNvLJ03UdsIuQS,"What U Want - Chris Stussy & Djoko a.k.a Kolter Remix","What U Want","Enrico Mantini;X Woman;Chris Stussy;Kolter",2022-10-14,526643,46,false,bvalkin,2023-05-21T06:32:53Z,"lo-fi house,house,tech house","PURISM",0.729,0.827,1,-11.234,1,0.175,0.144,0.387,0.0774,0.707,124.988,4
spotify:track:5mrZkownT1wEALUBUW9x3A,"Close to the Edge","Close to the Edge","Dan Ghenacia;Shonky",2012-05-22,403813,35,false,bvalkin,2023-05-21T07:33:42Z,"","Apollonia",0.775,0.725,3,-6.082,0,0.0409,0.000782,0.186,0.0756,0.668,124,4
spotify:track:346rJZ6EJP6ccXjHiCS7FB,"Rose's Night Out - Mateo Dufour Remix","Rose's Night Out","Nathan Alzon;Mateo Dufour",2021-12-10,193546,0,false,bvalkin,2023-05-25T12:57:57Z,"tech house","Deeperfect Records",0.795,0.928,4,-7.63,0,0.0489,0.0209,0.825,0.107,0.81,129.009,4
spotify:track:6IkKBCXPSuuwtTPMxqMw8E,"What's In Your Head - Ali Nasser's Timeless Remix","10 Years Of Moscow","Archie Hamilton;Ali Nasser",2020-05-15,626340,0,false,bvalkin,2023-05-25T13:16:02Z,"tech house,minimal techno","Moscow Records",0.807,0.66,2,-8.847,1,0.0607,0.000752,0.891,0.0691,0.552,123.003,4
spotify:track:2wCwkqxcsJVlq07Z2W3ZhK,"I Want You","I Want You E.P.","Tommy Vercetti;Abi",2019-12-16,200096,39,false,bvalkin,2023-06-01T11:38:51Z,"tech house","No Art",0.798,0.871,5,-9.227,0,0.0791,0.000192,0.824,0.0695,0.243,123.991,4
spotify:track:4IrWyzZjRb0XqUOOXwONgK,"Blissed Out","Dobr","NTFO",2019-05-27,430875,19,false,bvalkin,2023-06-08T19:06:26Z,"deep house,minimal techno","Bondage Music",0.811,0.66,6,-12.403,1,0.0656,0.0029,0.955,0.0791,0.39,125.006,4
spotify:track:2GURxlUYjJmVTiQp9CruWP,"Improvise at Noon","Improvise at Noon","Rioleval",2021-02-26,232320,37,false,bvalkin,2023-06-08T19:19:17Z,"lo-fi house,jazz house","SoSure Music",0.835,0.658,8,-8.387,1,0.116,0.00401,0.873,0.081,0.634,125.001,4
spotify:track:7MeVaYFQnInhZ8hSL7Bnd4,"Emergency Grooves","Smoke","Silat Beksi",2023-06-01,469500,13,false,bvalkin,2023-07-07T12:15:08Z,"minimal techno,dub techno","Silat Beksi Music",0.807,0.86,1,-9.23,1,0.0495,0.000106,0.916,0.113,0.655,127.008,4
spotify:track:6iAaDgqD4byZIVg8eU9xqy,"Zoom","Smoke","Silat Beksi",2023-06-01,426750,6,false,bvalkin,2023-07-07T12:16:57Z,"minimal techno,dub techno","Silat Beksi Music",0.81,0.628,11,-9.704,0,0.0719,0.00553,0.911,0.156,0.856,124.007,4
spotify:track:6FhBs4Oejgnki8eupQCcoT,"MOi 10 B","MOI010","Moi",2023-03-17,513757,5,false,bvalkin,2023-07-07T12:18:46Z,"minimal techno,dub techno","Moi Recordings",0.787,0.756,9,-10.781,1,0.0854,0.00436,0.891,0.0845,0.569,128.02,4
spotify:track:4Yv0pCrrD4D72aD9FHZe5C,"Inner Voice","Inner Voice","Nicolas Barnes",2023-07-03,430080,5,false,bvalkin,2023-07-07T12:19:58Z,"dub techno,minimal techno,dub","Crossfade Sounds",,,,,,,,,,,,
spotify:track:5jzWQ1VKQ2k26dZYdyEor8,"Escape Artist - Daniel Broesecke","Escape Artist EP","Techu;Daniel Broesecke",2023-06-19,434761,16,false,bvalkin,2023-07-07T12:20:58Z,"minimal techno,dub techno","Juuz Records",0.807,0.5,10,-10.06,0,0.0541,0.00263,0.811,0.0933,0.364,126.004,4
spotify:track:07WaZBcsLmHim6QpJ0PXti,"Turbulente - Original Mix","Escape Artist EP","Techu",2023-06-19,430080,16,false,bvalkin,2023-07-07T12:24:03Z,"minimal techno,dub techno","Juuz Records",0.807,0.633,1,-10.634,1,0.0421,0.000331,0.914,0.11,0.306,125.009,4
spotify:track:7wlpS0QrMiCj596SOEGm7H,"Reusable","Inner Voice","Nicolas Barnes",2023-07-03,460800,4,false,bvalkin,2023-07-07T12:30:57Z,"dub techno,minimal techno,dub","Crossfade Sounds",0.807,0.622,4,-13.246,0,0.139,0.0156,0.818,0.115,0.543,124.996,4
spotify:track:32eJw3LMkhaikLg9GXjYE4,"N&B","Kintsugi","Imbue",2022-06-10,454000,4,false,bvalkin,2023-07-07T12:42:05Z,"","Personality Disorder Music",0.804,0.674,6,-10.567,0,0.0477,0.00383,0.934,0.0854,0.704,129.004,4
spotify:track:5MrUyTBmNMdwj8DM1Z5Rg2,"2am","Moment of Serenity","Paolo Rocco;Lessi S.",2019-08-12,387100,13,false,bvalkin,2023-07-09T07:09:05Z,"tech house,dub techno,minimal techno","Berg Audio",0.808,0.65,10,-9.001,0,0.0493,0.0153,0.949,0.0775,0.145,124.002,4
spotify:track:7s4HUbND2K6Jsai15mLbX1,"Bread Butter Noodles Spice","Bread Butter Noodles Spice","Boulderhead;Overnite Oates",2023-02-17,389752,17,false,bvalkin,2023-07-10T08:09:09Z,"acid house","Limousine Dream",0.854,0.593,6,-11.074,1,0.129,0.00182,0.604,0.14,0.734,134.008,4
spotify:track:5JVmpBzMrSLbhRjjsHzwOR,"Una Y Nada","Una Y Nada","Toman",2022-02-25,451398,0,false,bvalkin,2023-07-15T21:57:33Z,"tech house,latin house","KEY Records",0.805,0.9,10,-10.053,0,0.0614,0.000354,0.788,0.0602,0.776,128,4
spotify:track:2JA8PUiR0OpFls6UOlsutp,"Mr. Mailman","Magic Plush","Plush Managements Inc.;Bea",2021-05-12,262677,33,false,bvalkin,2023-07-29T06:29:51Z,"neomelodico","Plush Records Inc.",0.784,0.576,2,-12.942,1,0.066,0.111,0.843,0.11,0.277,127.015,4
spotify:track:3z5PgrfbHhRngxeyMOm7yZ,"Futurist","Futurist","Eric OS",2023-03-31,301749,7,false,bvalkin,2023-08-18T12:38:22Z,"acid house","Limousine Dream",0.731,0.806,3,-9.533,0,0.0411,0.000254,0.468,0.395,0.933,127.001,4
spotify:track:5oxBGHrlOQrXdOlL6FdPrG,"A Night At Tropicana Club","Just Remember","Jeff The Fool;Wilt",2022-04-01,309367,12,false,bvalkin,2023-08-18T12:38:41Z,"jazz house,lo-fi house,acid house","Thé Chaud",0.82,0.475,1,-10.898,0,0.106,0.198,0.782,0.0855,0.317,131.991,4
spotify:track:6q5ej6FokWqs9QB8VGeIyY,"Don't Push It Too Far","Danc'n In The Garage","Sweely",2022-06-17,340000,26,false,bvalkin,2023-08-19T12:43:45Z,"lo-fi house,jazz house,house,acid house","Limousine Dream",0.802,0.964,9,-11.004,0,0.0466,0.00516,0.878,0.0463,0.96,130.007,4
spotify:track:3zgAdK0Xmh8FDTTGSbtziF,"Danger","Nocturnal EP","Eddie Richards",2019-01-11,404000,18,false,bvalkin,2023-08-20T14:08:00Z,"tech house,acid house","Sweatbox Records",0.807,0.873,6,-8.557,1,0.0464,0.000825,0.865,0.0596,0.412,125.023,4
spotify:track:0u1mVmMlzGZFJ4hCYbfGOP,"Immortal Techniques","ZFVA002","TooRare;Evaporate",2023-08-18,441132,0,false,bvalkin,2023-08-22T20:39:41Z,"dub techno,minimal techno","Evaporate 蒸發",0.807,0.75,11,-13.22,0,0.0618,0.0129,0.824,0.0626,0.327,126.995,4
spotify:track:0Io3kPnHphRLvrjTVSYQSt,"Rare Pleasures","Rare Pleasures","TooRare",2023-06-26,487807,6,false,bvalkin,2023-08-22T20:41:12Z,"dub techno,minimal techno","Conceptual",0.801,0.558,11,-10.875,0,0.0582,0.000723,0.635,0.0941,0.388,126.009,4
spotify:track:0dbHRAi8iEFm0OrbTG2D7x,"Heart Rate Expire","Elements : Dan Goul","Dan Goul",2021-01-25,475081,14,false,bvalkin,2023-08-26T08:40:45Z,"dub techno","Berg Audio",0.811,0.792,6,-8.686,1,0.0508,0.00271,0.906,0.0427,0.795,126.007,4
spotify:track:1zbbUHYGzGqRF1nI6I3v7i,"Crop Circles","Elements : Dan Goul","Dan Goul",2021-01-25,464517,7,false,bvalkin,2023-08-26T10:44:39Z,"dub techno","Berg Audio",0.837,0.552,4,-8.462,0,0.113,0.0018,0.903,0.0789,0.495,123.997,4
spotify:track:1IAt0ls7F0tw6sgZMd8fsT,"Slate Range","Monumental Change","Matt Thibideau",2023-07-28,420983,12,false,bvalkin,2023-08-26T10:48:43Z,"dub techno","Berg Audio",0.799,0.495,6,-9.533,1,0.137,0.00205,0.902,0.0991,0.81,126.008,4
spotify:track:6rOTTGE9VIWhSUDOm1gsNE,"Artist","Field of Possibilities, Pt. 3","TM Shuffle",2019-02-11,361773,5,false,bvalkin,2023-08-26T10:50:47Z,"dub techno,dub","Berg Audio",0.761,0.66,11,-11.034,0,0.0575,0.0262,0.897,0.228,0.708,129.986,4
spotify:track:2QznXDOcv7XuuigfiMLoCF,"Warm Darkness - Original Mix","Cinematique EP","Vinyl Speed Adjust",2020-05-08,444209,7,false,bvalkin,2023-08-26T10:55:21Z,"minimal techno,dub techno","Pleasure Zone",0.81,0.596,11,-12.482,1,0.0846,0.000266,0.93,0.0915,0.371,126.014,4
spotify:track:2s4SVMmLfz0RB4UIG7V2qI,"Orion","Greetings from Namek","Urulu",2016-10-10,331202,26,false,bvalkin,2023-08-26T11:00:04Z,"lo-fi house","Voyage Recordings",0.792,0.765,5,-11.027,1,0.0478,0.132,0.858,0.0713,0.462,122.006,4
spotify:track:2nfH0yiryC6Ntm3G9d2k7x,"Tochigi Descent","Tochigi Descent - EP","Urulu",2017-01-09,338552,24,false,bvalkin,2023-08-26T11:00:23Z,"lo-fi house","South Street",0.796,0.716,10,-12.128,0,0.0671,0.137,0.886,0.189,0.603,125.008,4
spotify:track:0dvLqiCMd6Ys2pMQGDa1vW,"Spellbound","Spellbound EP","Eric OS",2023-06-07,407460,12,false,bvalkin,2023-08-26T11:09:46Z,"acid house","EYA Records",0.806,0.735,3,-9.296,0,0.0574,0.00698,0.925,0.0679,0.963,128.007,4
spotify:track:1u228gPBJyXDRFLAtNqGtx,"Lost And Found","Numero Uno","Eric OS",2022-07-13,372000,0,false,bvalkin,2023-08-26T11:10:25Z,"acid house","Terrazzoo",0.798,0.772,10,-11.046,0,0.0484,0.00129,0.893,0.105,0.876,129.991,4
spotify:track:74V0p6Iz5A0Qju3QwWCh50,"Aquarius","Aquarius","Techu",2023-08-19,441906,14,false,bvalkin,2023-08-26T11:18:16Z,"minimal techno,dub techno","Micronica Records",0.81,0.783,10,-9.803,0,0.0421,0.00465,0.912,0.114,0.426,126.014,4
spotify:track:4HPTn6wc9mlKDgzkoH55TB,"Shiitake","Liminal Space","Eric OS",2023-04-17,359651,18,false,bvalkin,2023-08-27T08:46:45Z,"acid house","Space Trace",0.81,0.737,1,-11.338,1,0.0725,0.002,0.858,0.0779,0.729,129,4
spotify:track:0GKqnBkRaam6j53t2QxMD5,"The Five Dimensional Door","Futurist","Eric OS",2023-03-31,394181,7,false,bvalkin,2023-08-27T08:47:53Z,"acid house","Limousine Dream",0.77,0.659,1,-10.118,1,0.0674,0.0000979,0.887,0.0678,0.276,126.022,4
spotify:track:1Aww69vH2HiHMK7CptRCKu,"Safari - Original mix","Safari","Techu",2023-05-18,449523,4,false,bvalkin,2023-08-27T08:58:59Z,"minimal techno,dub techno","LOK Records",0.807,0.78,0,-11.911,1,0.0481,0.00181,0.906,0.0596,0.136,125.988,4
spotify:track:61vKAD3QpVOIztg7nZT1dc,"Reflux - Original Mix","FA001","Techu",2020-10-31,161424,19,false,bvalkin,2023-08-27T09:04:42Z,"minimal techno,dub techno","Faze Audio",0.797,0.46,7,-16.305,1,0.055,0.00292,0.916,0.11,0.0935,126.001,4
spotify:track:6HZAqzN528XjmL3JufUZT3,"B","MOI008","Moi",2018-07-31,499873,7,false,bvalkin,2023-08-27T09:10:54Z,"minimal techno,dub techno","Moi Recordings",0.794,0.848,1,-10.602,1,0.068,0.003,0.831,0.113,0.348,127.006,4
spotify:track:7zhUWdsS5aAV9RXPT5Djum,"MOI004 A","MOI004","Moi",2016-04-22,609761,10,false,bvalkin,2023-08-27T09:11:16Z,"minimal techno,dub techno","Moi Recordings",0.808,0.575,9,-10.166,1,0.0588,0.00425,0.881,0.0889,0.208,126.019,4
spotify:track:0ccbZIj9JHrVcadtETb6e4,"Pavonine","WHITELOOPS18","DiSKOP",2023-03-10,483794,6,false,bvalkin,2023-08-27T09:17:52Z,"acid techno,breakbeat,acid house,minimal techno","WHITELOOPS",0.804,0.908,1,-9.68,1,0.0677,0.00329,0.876,0.0495,0.23,127.011,4
spotify:track:3ge1eYDqPD6AqAHdoTbYjM,"Blow Up","Disk 13","DiSKOP",2019-03-08,454779,5,false,bvalkin,2023-08-27T09:20:02Z,"acid techno,breakbeat,acid house,minimal techno","WHITELOOPS",0.798,0.96,7,-6.762,1,0.0841,0.00105,0.923,0.0274,0.368,128.02,4
spotify:track:6PSO5iDbYFb2V74IQ2QHff,"Boss 303 - Silat Beksi Remix","Humble Pie","Monteki;Silat Beksi",2020-04-10,427619,24,false,bvalkin,2023-08-27T09:26:14Z,"minimal techno,dub techno","HEISENBERG",0.807,0.488,7,-11.222,1,0.0588,0.0008,0.883,0.086,0.669,126.017,4
spotify:track:6XyGDtduTY0R87tKm4UyFm,"Boundaries","Approximate Pi","Silat Beksi;Balinsky",2023-08-02,420803,4,false,bvalkin,2023-08-27T09:26:53Z,"minimal techno,dub techno","Silat Beksi Music",0.804,0.566,4,-10.84,1,0.0466,0.000122,0.859,0.0814,0.483,127.999,3
spotify:track:0SsB1Jn8Qmd7K1fDwkBZR3,"Acid Rain","Disk 06","DiSKOP",2018-11-16,469370,5,false,bvalkin,2023-08-27T09:30:28Z,"acid techno,breakbeat,acid house,minimal techno","WHITELOOPS",0.799,0.97,8,-7.943,1,0.0604,0.02,0.903,0.0747,0.892,127.002,4
spotify:track:1tk4Sazctee7spUXx4LDe1,"Tangeray","VA Nomer Tri","Ruven Medici",2021-11-18,472615,5,false,bvalkin,2023-08-27T09:31:56Z,"minimal techno","HEISENBERG",0.797,0.894,1,-9.633,1,0.0562,0.0722,0.911,0.105,0.72,130.008,4
spotify:track:0SwnqPMbXTufRLHtWXv3wn,"Under The Influence","Under The Influence","Ruven Medici",2021-12-10,420923,4,false,bvalkin,2023-08-27T09:32:57Z,"minimal techno","HEISENBERG",0.801,0.913,0,-11.58,1,0.049,0.0388,0.942,0.0782,0.491,129.997,4
spotify:track:2vamw9aLDnfYZgtMXJh9Xh,"Bloomer","Disk 02","DiSKOP",2017-03-03,461163,4,false,bvalkin,2023-08-27T10:09:59Z,"acid techno,breakbeat,acid house,minimal techno","WHITELOOPS",0.811,0.856,9,-10.888,1,0.0653,0.00309,0.961,0.0742,0.615,124.991,4
spotify:track:3yM2lOWxIRz1UZjRxa7VCw,"Soleness","Disk 01","DiSKOP",2018-07-26,446527,6,false,bvalkin,2023-08-27T10:10:53Z,"acid techno,breakbeat,acid house,minimal techno","Blackloops",0.794,0.815,10,-8.856,0,0.0655,0.00185,0.907,0.0492,0.753,129.024,4
spotify:track:5oApTR4tJc8qqKi5GwoQ5t,"Piton","Disk 02","DiSKOP",2018-10-19,439488,7,false,bvalkin,2023-08-27T10:11:44Z,"acid techno,breakbeat,acid house,minimal techno","Blackloops",0.81,0.652,10,-9.767,0,0.0525,0.000482,0.931,0.0313,0.471,127.018,4
spotify:track:5s5RKNozjSH616u91ZiqY7,"Kick It","Kick It EP","Archie Hamilton",2022-07-08,422250,11,false,bvalkin,2023-08-27T11:58:11Z,"tech house,minimal techno","Dansu Discs",0.799,0.943,0,-8.663,1,0.062,0.00629,0.854,0.0983,0.838,128.027,4
spotify:track:7mfUF8hpKVnVAMjTpBSVsi,"Automatic","Blue Monday EP","Locklead",2022-07-29,533153,0,false,bvalkin,2023-08-27T11:58:34Z,"house","Locus",0.718,0.818,0,-7.331,1,0.0366,0.00602,0.625,0.0893,0.783,129.032,4
spotify:track:48ut6j0loWCy7vJEc32VNG,"Simetric","Simetric","Mihai Popoviciu",2022-01-07,397150,12,false,bvalkin,2023-08-27T12:04:38Z,"dub techno,tech house,minimal techno,deep house","Berg Audio",0.81,0.744,0,-10.551,0,0.0657,0.00142,0.833,0.105,0.657,126.011,4
spotify:track:3sdSN9PHrmBdGeya1OGdNJ,"We Go A Deep Way - HouseRiders Remix","We Go a Deep Way","Jeff Fontaine;HouseRiders;Deep Spelle",2013-03-25,141160,18,false,bvalkin,2023-08-27T12:07:35Z,"dub techno,deep house","Itom Records",0.814,0.336,9,-13.148,0,0.0884,0.00623,0.938,0.0738,0.74,124.987,4
spotify:track:23uz0IDjX5qLjeBNgncKKR,"Bass Invasion","Bass Invasion EP","Joey Jackson",2023-07-13,518976,5,false,bvalkin,2023-08-31T17:58:24Z,"","Squid Ink Records",0.809,0.702,10,-12.187,0,0.0484,0.000361,0.862,0.0571,0.528,127.001,4
spotify:track:74jxpittE186JLGaNJqiqk,"Hesitation","04","Zky",2023-06-04,430080,0,false,bvalkin,2023-09-01T16:12:21Z,"minimal techno","4142534 Records DK",0.802,0.677,7,-11.963,1,0.0494,0.00193,0.878,0.0671,0.789,125.01,4
spotify:track:1Cq3QIdsUlTbRkmrMVqbHv,"She Likes To Dance","She Likes To Dance","Jizz",2020-08-31,336385,34,false,bvalkin,2023-09-15T15:14:40Z,"rally house,tech house","OVRDOSE DEEP",0.789,0.822,10,-8.191,0,0.0721,0.00806,0.736,0.115,0.831,127.009,4
spotify:track:7BawkoKkLJQlBE4eKWb3DR,"I Want I Need","Bass Invasion EP","Joey Jackson",2023-07-13,411496,4,false,bvalkin,2023-09-16T13:30:54Z,"","Squid Ink Records",0.806,0.472,11,-13.173,0,0.0612,0.000653,0.847,0.0827,0.928,126.989,4
spotify:track:2Uk1jhZFYKBtSnmNUs0qiY,"Weiss - Original Mix","Stretch ep","Cosenza",2019-11-20,491428,5,false,bvalkin,2023-11-03T17:43:55Z,"","Blind Vision Records",0.805,0.885,1,-9.64,1,0.0688,0.0903,0.908,0.0845,0.955,126.058,4
spotify:track:2vCcWz41JENXKwb6ijJJX5,"Shimmer","Shimmer","The Checkup;Project89",2020-06-19,402144,0,false,bvalkin,2023-11-03T17:44:12Z,"tech house","Avotre",0.8,0.69,6,-11.683,1,0.0542,0.00448,0.86,0.0711,0.382,125.997,4
spotify:track:2aXxoQ3iLYqKhuGBMlSGCd,"Dublearic Rhythm","Somehow","Mihai Popoviciu",2020-03-27,414720,14,false,bvalkin,2023-11-03T17:44:26Z,"dub techno,tech house,minimal techno,deep house","Gruuv",0.811,0.802,4,-11.396,0,0.0689,0.0043,0.93,0.0663,0.427,125.005,4
spotify:track:7dtcYabF15GECxVIswTPrs,"Bright","Bright","Janeret",2016,399047,17,false,bvalkin,2023-11-04T10:10:24Z,"dub techno,minimal techno,lo-fi house","Joule",0.802,0.839,4,-9.598,0,0.0605,0.00454,0.873,0.0671,0.963,125.005,4
spotify:track:7nnE9yOGuPhPtFMnhm6gRu,"Come the Morning - Havantepe Remix","Come the Morning","Malin Genie;Selidos;Havantepe",2019-12-16,392812,26,false,bvalkin,2023-11-04T10:23:39Z,"dub techno,lo-fi house,minimal techno,dub","Berg Audio",0.801,0.711,11,-9.277,1,0.0591,0.0162,0.938,0.111,0.854,128.031,4
spotify:track:0yq1olwlJUTN2YgQJD4qtU,"Pulsaţii Profunde - S.A.M. Remix","Pulsaţii Profunde","Teluric;S.A.M.",2018-05-15,478000,19,false,bvalkin,2023-11-05T19:31:16Z,"dub techno,minimal techno","Joule",0.857,0.636,10,-10.638,0,0.0772,0.0241,0.903,0.087,0.317,125.021,4
spotify:track:3tH1PbPq9B2pbJ3zPjXp1h,"Social - Original Mix","Keep The Groove EP","Arapu",2011-03-23,343411,16,false,bvalkin,2023-11-14T18:09:49Z,"minimal techno","Ginkgo Music",0.857,0.761,11,-7.558,0,0.0579,0.0432,0.903,0.0766,0.245,123.001,4
spotify:track:3ez7O75n46Yr5PUOzbc74L,"Bring the Acid","Bring The Acid","Immobile Disco",2003-01-01,457931,5,false,bvalkin,2023-11-17T18:54:46Z,"dub techno","Rhythm Syndicate",0.799,0.796,1,-12.302,1,0.0546,0.00988,0.883,0.345,0.347,127.855,4
spotify:track:4SCeFrbCprgdXwqi9M2a1a,"Poison Ivy - Original Mix","Poison Ivy","HIGHTS",2022-03-28,237674,38,false,bvalkin,2023-11-24T23:13:35Z,"tech house","Obvious Records",0.788,0.936,11,-5.163,1,0.0646,0.00643,0.738,0.0948,0.761,129.007,4
spotify:track:1d4AOyRUtwCntTuBEWoSlc,"Mr DJ","The Jam EP","Archie Hamilton",2023-12-01,193846,12,false,bvalkin,2023-12-01T15:10:48Z,"tech house,minimal techno","Dansu Discs",0.811,0.887,11,-8.772,0,0.048,0.000115,0.696,0.35,0.94,127.986,4
spotify:track:51ZorZsuLEztq8aIfIJpVt,"Metròpolis - Original Mix","Metròpolis","Guido Santiago",2023-11-14,393750,8,false,bvalkin,2023-12-01T15:13:37Z,"minimal techno","ZET Music",0.803,0.814,5,-8.817,0,0.0578,0.0022,0.908,0.109,0.579,128.005,4
spotify:track:5PaAL13mnI6yUdgVQlJUNS,"HTC - Original Mix","Koi No Yokan","Techu",2023-12-05,478000,5,false,bvalkin,2023-12-21T03:57:15Z,"minimal techno,dub techno","LOK Records",0.81,0.877,1,-8.128,1,0.0466,0.0299,0.834,0.131,0.507,126.001,4
spotify:track:514mlcNU2XQ5eRmhfTeaKo,"Keep Bustin' - Short Version","Keep Bustin' (Short Version)","Kolter",2023-12-15,199384,21,false,bvalkin,2023-12-21T20:02:50Z,"house,tech house,lo-fi house","Koltrax",0.787,0.932,1,-10.389,1,0.0695,0.0695,0.851,0.116,0.654,130.015,4
spotify:track:6ElN3mAOpNZ1c6zWTFXleh,"Flirt","Meuse EP","iO (Mulen)",2020-10-30,454687,18,false,bvalkin,2023-12-22T19:35:59Z,"minimal techno,dub techno","Cecille Records",0.837,0.859,1,-7.774,0,0.0837,0.0148,0.88,0.0603,0.533,127.005,4
spotify:track:1ZgJns2dkQS22MmpOwqxPI,"Feel The Music","Eightone 8","Eddie Richards",2003-06-16,403826,24,false,bvalkin,2023-12-24T04:21:35Z,"tech house,acid house","Visitor",0.805,0.856,10,-9.835,0,0.0586,0.00178,0.934,0.545,0.874,126.022,4
spotify:track:2V2IEPLE7sKDxXjK0Dfwmo,"Aaaiii - Re-Edit","Yeyo / Aaaiii","Eddie Richards",2014-07-07,525245,16,false,bvalkin,2023-12-24T04:24:38Z,"tech house,acid house","Storm Recordings",0.804,0.742,7,-10.145,1,0.0513,0.0402,0.923,0.254,0.312,125.98,4
spotify:track:33AoRc2zt4bhjbHHdlHOul,"Medown - Remastered","9660 EP","Eddie Richards",2003-05-05,360818,22,false,bvalkin,2023-12-24T04:27:25Z,"tech house,acid house","Household Digital",0.801,0.905,2,-10.087,1,0.0717,0.00619,0.963,0.0781,0.593,130.011,4
spotify:track:5oqAzyukSoNM2j3007uvPt,"Schillerkiez - Burnski Remix","Schillerkiez","Dj Honesty",2016-02-08,393535,43,false,bvalkin,2023-12-24T23:57:35Z,"dub techno","Vessel Records",0.817,0.426,9,-11.014,0,0.0605,0.00222,0.8,0.101,0.113,127.024,4
spotify:track:5bwJ7MsYzajvIBtxvzwMyx,"Moment - Losoul Remix","Bass Culture Limited, Vol.1","Dj Honesty;Losoul",2021-02-12,684363,17,false,bvalkin,2023-12-25T00:12:06Z,"dub techno","Bass Culture Records",0.793,0.758,9,-11.227,0,0.0615,0.218,0.823,0.125,0.117,125.989,4
spotify:track:7F65u5JutGuhy9K7JASNL2,"Xstasy","Smith","Dj Honesty",2023-11-24,396666,5,false,bvalkin,2023-12-25T00:13:08Z,"dub techno","Eclipser Chaser",0.736,0.878,7,-12.525,1,0.0513,0.000065,0.92,0.133,0.197,126.006,4
spotify:track:3R3nx3W6ZVxozixSjxubBT,"Blueshift","Blueshift","Zorg",2020-12-17,495112,0,false,bvalkin,2023-12-25T00:14:24Z,"gabber","Snaza",0.809,0.628,11,-12.806,0,0.0538,0.0557,0.892,0.0782,0.254,125.003,4
spotify:track:5t76MwfzKQRzcZ19Xis9Ji,"Ghost - Zorg Remix","Like Really EP","Miroloja;Swoy;Zorg",2022-03-28,440547,0,false,bvalkin,2023-12-25T00:15:22Z,"dub techno,minimal techno,gabber","OLO Records",0.807,0.453,1,-14.517,1,0.0575,0.000177,0.862,0.112,0.875,127.017,4
spotify:track:43zNOqRlVuyMiWw0NUz2bR,"Like Really","Like Really EP","Miroloja;Swoy",2022-03-28,472600,0,false,bvalkin,2023-12-25T00:16:28Z,"dub techno,minimal techno","OLO Records",0.804,0.463,4,-15.756,0,0.0609,0.0142,0.791,0.111,0.441,126.006,4
spotify:track:787BnnXEc77OMX0IE0wnPs,"Released Dubb - Mihai Popoviciu Radio Edit","Released EP","Per Hammar",2015-09-28,171063,32,false,bvalkin,2023-12-25T00:17:34Z,"dub techno,minimal techno","Danse Club Records",0.811,0.802,5,-11.284,1,0.0536,0.000301,0.936,0.114,0.933,123.995,4
spotify:track:3tHlPwSqBpnSxTeseFwzNY,"Rustik - Original Mix","Not Allowed VA 020","Etzu Mahkayah",2021-04-16,403215,36,false,bvalkin,2023-12-25T00:18:31Z,"dub techno,minimal techno","Not Allowed",0.808,0.446,6,-11.853,0,0.0689,0.0373,0.796,0.107,0.418,125.001,4
spotify:track:7FsTo5kG4OHqBozb7nQbjD,"Desp","Desp","Zenniv",2023-07-20,493622,5,false,bvalkin,2023-12-25T00:44:52Z,"minimal techno","Micronica Records",0.81,0.472,7,-13.418,1,0.0563,0.0034,0.91,0.114,0.514,125,4
spotify:track:1AfbYBk8Gfnlp8dRYyjI5T,"Mount Gnom","""Construction Tools"", Vol, I,II & III","Mihai Popoviciu",2019-12-06,415819,12,false,bvalkin,2023-12-29T01:35:09Z,"dub techno,tech house,minimal techno,deep house","Berg Audio",0.809,0.69,8,-8.608,0,0.0905,0.000987,0.869,0.0594,0.18,124.993,4
spotify:track:3fpeoneiZ3XHdM4zknyCcV,"What Is The Point","ENDZ026","Vlad Arapasu",2019-07-21,534634,9,false,bvalkin,2023-12-29T01:35:28Z,"minimal techno","Eastenderz",0.809,0.417,7,-14.822,1,0.0736,0.00619,0.864,0.143,0.701,122.999,4
spotify:track:3ZYOwmTAkBqbVVWkuerrGD,"Friki","Era E.P.","Locklead",2022-03-25,261023,0,false,bvalkin,2024-01-20T18:52:17Z,"house","Dark Side Of The Sun",0.8,0.876,1,-9.218,1,0.0463,0.000533,0.883,0.0723,0.915,127.01,4
spotify:track:4ixwmtLlJDGVJ1iPw8lUz7,"Gone","Gone","James Dexter;Frink",2019-05-13,402485,19,false,bvalkin,2024-01-20T18:52:34Z,"tech house,minimal techno,dub techno,deep house","Cyclic Records",0.809,0.81,1,-10.114,1,0.0438,0.00206,0.901,0.0855,0.532,124.01,4
spotify:track:4X3aquet9jgeVwRZRBEeKG,"Soul","Illusion","Swoy",2023-03-31,510041,15,false,bvalkin,2024-01-25T20:44:25Z,"minimal techno","Why So Series",0.809,0.56,10,-11.91,0,0.0894,0.000251,0.787,0.109,0.543,125.002,4
spotify:track:5O6DInwmvKeBLiT9I6v9Jv,"Tristesse","Azul","Mihai Popoviciu",2021-05-28,427837,14,false,bvalkin,2024-01-25T20:44:44Z,"dub techno,tech house,minimal techno,deep house","Bondage Music",0.81,0.7,4,-11.45,0,0.0672,0.00285,0.866,0.146,0.966,126.011,4
spotify:track:7eLE3JW70yzpXsCw3U4nOz,"Allure","Allure","Sarge Malone",2022-07-15,291025,10,false,bvalkin,2024-01-25T20:46:41Z,"house","Sarge Malone",0.751,0.986,0,-6.986,0,0.0915,0.0234,0.851,0.0792,0.777,127.012,4
spotify:track:7MV8yoA8mAanN9r04K8WSj,"Dezarhiva","Phantom Circle","Livio & Roby;Premiesku",2016-10-14,434285,0,false,bvalkin,2024-01-25T20:47:59Z,"minimal techno,dub techno","Desolat",0.806,0.884,7,-11.24,1,0.0881,0.00515,0.914,0.0549,0.149,123.993,4
spotify:track:3q1kZZXt2fNme2uMDXATwS,"Controlled Movements","Paradise Lost EP","Archie Hamilton",2015-05-01,465196,8,false,bvalkin,2024-01-25T20:48:14Z,"tech house,minimal techno","NG Trax",0.81,0.837,4,-12.245,0,0.0597,0.00553,0.907,0.11,0.227,124.996,4
spotify:track:33EwjkX7x94iDapZhZyZF9,"Oh Oui - Original Mix","Back In The Day EP","Mancini",2017-02-06,394146,4,false,bvalkin,2024-01-25T20:48:37Z,"minimal techno","Downhill Music",0.814,0.839,6,-9.566,0,0.0701,0.000519,0.897,0.0643,0.402,123.034,4
spotify:track:1IhwOwUA8eykOgdFLBDn9u,"Lip Service - SIT Remix","NoHamilton EP","Archie Hamilton;Noha;SIT",2018-07-27,544934,0,false,bvalkin,2024-01-25T20:49:45Z,"tech house,minimal techno,dub techno","Moscow Records",0.808,0.675,11,-11.219,0,0.0511,0.0134,0.867,0.0661,0.392,126.007,4
spotify:track:2TOYzz7W1KfyQJNc9Ux9cP,"Sine Up Here","Concentrate EP","Janeret;Kolter;Janeko",2022-09-16,439256,0,false,bvalkin,2024-01-26T19:52:39Z,"dub techno,minimal techno,lo-fi house,house,tech house","Yoyaku",0.889,0.806,1,-6.679,0,0.171,0.00205,0.893,0.0615,0.883,132.023,4
spotify:track:67IFCYGr9zHOLxlcv3orhd,"Transmit","Trans","Etzu Mahkayah",2023-03-18,439680,8,false,bvalkin,2024-01-26T19:55:32Z,"dub techno,minimal techno","Amaylia Records",0.769,0.752,1,-11.924,0,0.0467,0.0516,0.81,0.0969,0.0814,125.011,4
spotify:track:0OYeUk93RxOE7Xzl6LY1kF,"Transverse","Trans","Etzu Mahkayah",2023-03-18,393750,7,false,bvalkin,2024-01-26T19:56:03Z,"dub techno,minimal techno","Amaylia Records",0.806,0.763,7,-10.508,1,0.0499,0.00448,0.864,0.111,0.403,128.002,4
spotify:track:4UcWzbFHfv6O8spokwBQ1I,"Methodolgy - Anas M Remix","Myth","Etzu Mahkayah;Anas M",2021-04-30,425625,25,false,bvalkin,2024-01-28T06:37:20Z,"dub techno,minimal techno","Simple Things Records",0.804,0.569,7,-14.356,1,0.0664,0.374,0.93,0.0934,0.296,128.001,4
spotify:track:1FwdK1mMwTZdsN7zyCmI5K,"Undelivered Package","Photograph","Andrey Pushkarev",2023-05-26,483966,6,false,bvalkin,2024-01-28T06:39:49Z,"dub techno,minimal techno","Luck Of Access",0.625,0.297,2,-20.678,1,0.0367,0.719,0.934,0.106,0.291,121.007,4
spotify:track:5alrKbDVm63N1L121ZaSzL,"Biotopia","Biotopia","D I N",2023-07-22,431000,12,false,bvalkin,2024-01-28T06:42:06Z,"minimal techno","Micronica Records",0.804,0.921,11,-8.278,0,0.0459,0.00329,0.847,0.117,0.339,127.008,4
spotify:track:4zFhmw5hbj1zCgj7NJ3VcQ,"Funk Foot - Original Mix","Vol. 9","Deep Spelle",2015-11-04,440487,31,false,bvalkin,2024-01-28T06:44:00Z,"dub techno,deep house","Cyclic Records",0.871,0.516,1,-10.862,1,0.0667,0.00253,0.881,0.0622,0.796,123.011,4
spotify:track:08znYBBTIR3N27KQjg0Qr3,"Irisation","Numerous Agnomens, Vol. I","Pharba",2020-12-29,451615,6,false,bvalkin,2024-01-28T06:46:45Z,"dub techno,minimal techno","Joule",0.811,0.519,1,-9.939,1,0.0769,0.000175,0.895,0.0899,0.391,122.005,4
spotify:track:05YFybQwLzGVOIcH1duIam,"Refraction","Constructions Tools : The Essentials","Pharba;JustMe",2020-04-27,489527,4,false,bvalkin,2024-01-28T06:47:17Z,"dub techno,minimal techno","Berg Audio",0.81,0.744,11,-11.296,0,0.0694,0.00846,0.85,0.105,0.413,126.005,4
spotify:track:7gA5ZNRjJYBS8bAQkdQRiU,"Mesura - Swoy Remix","Mesura EP","Victor Aguero;Lee Onel;Christopher Rod;Swoy",2018-01-01,508124,14,false,bvalkin,2024-01-28T06:48:30Z,"minimal techno","PIV",0.81,0.917,7,-8.611,1,0.0543,0.00442,0.845,0.0391,0.823,124.994,4
spotify:track:34568VTZNf9ocTXL83OuFw,"Frame","Photograph","Andrey Pushkarev",2023-05-26,379475,5,false,bvalkin,2024-01-28T07:20:04Z,"dub techno,minimal techno","Luck Of Access",0.811,0.645,11,-12.659,0,0.134,0.00293,0.915,0.0771,0.109,124,4
spotify:track:7gNDKpYJsYghRejiGH7HaL,"Slingshot","Def Not / Slingshot","Techu",2024-02-02,400750,11,false,bvalkin,2024-02-03T13:30:47Z,"minimal techno,dub techno","HEISENBERG",0.807,0.646,2,-9.862,1,0.0577,0.0292,0.809,0.108,0.508,126.999,4
spotify:track:5nHpvzyYqWqYP83uDLoSiV,"Solar","NRMND002 EP","Mara Lakour",2018-05-01,430800,14,false,bvalkin,2024-02-04T08:51:35Z,"lo-fi house","Normandy Records",0.809,0.654,7,-8.585,0,0.0745,0.00899,0.767,0.0845,0.891,125,4
spotify:track:3lOf8S6yBMvxkCTOnjJEe9,"Different Angle","Different Angle","Mihai Popoviciu",2024-02-02,427377,15,false,bvalkin,2024-02-05T14:02:40Z,"dub techno,tech house,minimal techno,deep house","Berg Audio",0.809,0.678,8,-9.682,0,0.0726,0.0000512,0.933,0.128,0.876,126.035,4
spotify:track:4Rx98tVmrwOKSkFbsV4osV,"Good Times","À Paris EP","Gabriel Belabbas",2023-08-04,358028,32,false,bvalkin,2024-04-12T12:53:47Z,"acid house","Positive Future",0.798,0.657,0,-10.062,1,0.0499,0.000222,0.919,0.166,0.414,133.007,4
spotify:track:3VpJzrnkgDFmmqm3wTttBF,"Imagine That","Somewhere New","Lola Palmer",2021-05-07,387840,32,false,bvalkin,2024-04-12T08:11:01Z,"dub techno,minimal techno","Berg Audio",0.809,0.657,1,-11.024,1,0.051,0.00879,0.926,0.0872,0.57,125.016,4
spotify:track:4ZUTAVhKKuus1obKFOF1Kt,"Can't Escape - Giammarco Orsini Remix","Mysteries of the Universe","Chris Stussy;Giammarco Orsini",2022-06-03,382768,18,false,bvalkin,2024-04-12T08:14:21Z,"house,tech house,acid house,minimal techno","Up the Stuss",0.721,0.771,7,-11.648,1,0.0405,0.00226,0.698,0.0771,0.665,128.004,4
spotify:track:5NNyvxfiTpmDrPMuRB2R2I,"Tevoim - Original Mix","RITM TIMPAN EP","Sepp",2018-11-01,712272,5,false,bvalkin,2024-04-12T08:16:52Z,"minimal techno","Rawax",0.803,0.942,6,-9.194,0,0.0396,0.0000075,0.803,0.116,0.134,123.938,4
spotify:track:1aYO2zOsCD0Z6LRYQkpEU1,"Dawn Broke","Approach","NTFO",2019-03-29,440528,11,false,bvalkin,2024-04-12T08:17:53Z,"deep house,minimal techno","Organic-Music",0.812,0.575,9,-14.509,0,0.0629,0.000594,0.937,0.1,0.456,123.011,4
spotify:track:0dNKe8MgcW88WOl6QnjgVM,"Conrado - iO (Mulen) Remix","Conrado EP","Montei;iO (Mulen)",2024-04-12,447500,4,false,bvalkin,2024-04-12T08:29:51Z,"acid house,minimal techno,dub techno","VELVET",0.799,0.931,1,-9.808,1,0.0528,0.00318,0.859,0.0594,0.6,129.002,4
spotify:track:00jb75ogtWUHtVMOkFZYIH,"Pressure Kicks in","Pressure Kicks In","JNJS",2023-06-23,210000,11,false,bvalkin,2024-04-28T11:25:07Z,"","elrow Limited",0.798,0.772,11,-6.97,0,0.0652,0.00211,0.637,0.0909,0.609,130.025,4
spotify:track:3gQhX94pJ43scRg6rkHMm1,"Forest Life","Forest Life","suki",2020-03-31,403278,26,false,bvalkin,2024-04-28T11:28:24Z,"acid house","anyoneknowsuki",0.795,0.797,6,-10.053,0,0.112,0.0141,0.844,0.0602,0.828,125.999,4
spotify:track:4HJ0JlW9gIdB4tJEdhmpF1,"Descent - Original Mix","Yojimbo","JNJS",2023-04-24,453609,13,false,bvalkin,2024-04-28T11:32:05Z,"","Movin",0.805,0.644,5,-10.618,0,0.0488,0.000276,0.825,0.101,0.627,127.004,4
spotify:track:07wYHawKJbPaNPh49um2JX,"So Sick And Tired","Deadline EP","JNJS;Jay Nortown;Jacobo Saavedra",2024-04-25,374000,12,false,bvalkin,2024-04-28T11:32:24Z,"deep house","VELVET DGTL",0.803,0.695,4,-11.001,0,0.0621,0.000207,0.773,0.0785,0.199,128.003,4
spotify:track:7dDBPFMmAugiDNMUHcc8ia,"Hyperfunk","Hyperfunk","Antonio",1998-09-11,376035,24,false,bvalkin,2024-05-19T11:23:46Z,"uk garage,uk funky,breakbeat","Locked On",0.809,0.737,0,-11.936,1,0.0554,0.0069,0.889,0.0573,0.632,125.084,4
spotify:track:1W98uoqZg5OJOs683NgXKJ,"Hooligan 69","Reggae Owes Me Money","Ragga Twins",1991-04-10,248320,27,false,bvalkin,2024-05-19T11:25:07Z,"jungle,drum and bass,uk garage,ragga,bassline,breakbeat","Shut Up And Dance Music",0.861,0.496,11,-16.999,1,0.116,0.0629,0.0592,0.103,0.633,127.003,4
spotify:track:7MFHddy2SwIWbOLRl3MC9K,"Open Minded","Full Moon Fever","Julian Anthony",2024-02-12,351601,18,false,bvalkin,2024-06-04T18:51:35Z,"acid house","X-Kalay",0.859,0.804,6,-8.994,0,0.0745,0.0115,0.833,0.0927,0.699,128.985,4
spotify:track:5sXTRk4u5Za7ky3tP0fd1b,"Korab","Dinaridic","Etzu Mahkayah",2024-05-31,434645,7,false,bvalkin,2024-06-06T11:53:00Z,"dub techno,minimal techno","Amaylia Records",0.799,0.544,2,-9.964,1,0.0607,0.00121,0.813,0.114,0.109,126.993,4
spotify:track:6nnrYrfoJ1yOLrnXGVGdge,"Rtanj","Dinaridic","Etzu Mahkayah",2024-05-31,413860,8,false,bvalkin,2024-06-06T11:53:28Z,"dub techno,minimal techno","Amaylia Records",0.789,0.736,8,-9.436,0,0.0481,0.00407,0.817,0.0923,0.197,127.009,4
spotify:track:6BYTiagrBkaEGSGZe35Xv2,"Solitude","Elements : Mihai Popoviciu, Vol. 2","Mihai Popoviciu",2024-02-23,487619,5,false,bvalkin,2024-06-25T08:12:18Z,"dub techno,tech house,minimal techno,deep house","Berg Audio",0.809,0.825,9,-10.803,0,0.0451,0.00111,0.945,0.0856,0.679,126.005,4
spotify:track:2Hu8GlKGie9mDAww4NBKMd,"Fonk!","Fonk! EP","KAIR",2024-05-03,400500,10,false,bvalkin,2024-07-07T10:30:03Z,"","5511 Records",0.795,0.81,1,-8.255,1,0.0411,0.013,0.932,0.0653,0.531,129.971,4
spotify:track:0UAx7pbR1s9BeCsRJeySPE,"Vem Mulher","Fonk! EP","KAIR",2024-05-03,380125,7,false,bvalkin,2024-07-07T16:40:45Z,"","5511 Records",0.797,0.9,1,-8.294,1,0.0478,0.0191,0.875,0.0634,0.633,130.004,4
spotify:track:1s5KUmPVOps2sJsV4SQbeO,"Distance","Elysus","Admo",2023-06-30,409846,21,false,bvalkin,2024-07-15T16:27:51Z,"acid house","Haŵs",0.802,0.623,11,-9.986,0,0.0577,0.00721,0.92,0.0682,0.521,130.017,4
spotify:track:4lkIicXndZ7a3VHE3Sht0F,"Smooth Summer Nights","Love Addiction","Bioground",2005-08-08,413920,5,false,bvalkin,2024-07-15T16:33:11Z,"deep house","Plastic City",0.79,0.645,8,-5.182,1,0.0408,0.073,0.935,0.0865,0.19,125.007,4
spotify:track:5xOc07WGsSNFDHzJj30mH2,"Time For Freakness","Time for Freakness","Sweely",2024-01-22,349555,0,true,bvalkin,2024-07-15T18:29:39Z,"lo-fi house,jazz house,house,acid house","Pager Records",0.848,0.584,10,-14.651,0,0.124,0.0417,0.558,0.0808,0.787,126.97,4
spotify:track:77dpikBMc0OflcBnswLHv5,"Bad Manners","Take A Trip 001","Lost.Act",2024-02-21,434095,17,false,bvalkin,2024-07-16T08:57:01Z,"minimal techno","TAKE A TRIP",0.803,0.537,11,-12.223,0,0.0581,0.0017,0.855,0.107,0.235,124.012,4
spotify:track:6LguN6wDZNmPTzm5aiNWdW,"Avenue","Barefooter","iO (Mulen)",2024-07-19,459344,6,false,bvalkin,2024-07-24T07:33:31Z,"minimal techno,dub techno","MULEN",0.914,0.8,11,-9.857,0,0.209,0.00645,0.919,0.115,0.313,121.992,4
spotify:track:5rrS6tyQ3akIx5BK14Nl6n,"Bird's-eye","Barefooter","iO (Mulen)",2024-07-19,426885,6,false,bvalkin,2024-07-24T07:33:56Z,"minimal techno,dub techno","MULEN",0.775,0.657,1,-8.915,0,0.0525,0.000936,0.828,0.0759,0.621,122.008,4
spotify:track:6XVWLjiZhrvtZFh5LKuksY,"Lucid Dreaming","Barefooter","iO (Mulen)",2024-07-19,472508,5,false,bvalkin,2024-07-24T07:36:40Z,"minimal techno,dub techno","MULEN",0.787,0.738,10,-9.261,0,0.0722,0.0113,0.902,0.118,0.42,124.002,4
spotify:track:0l1rhx0Ea6lXCHvXLYyoxH,"Midnight Beach","Barefooter","iO (Mulen)",2024-07-19,378536,6,false,bvalkin,2024-07-24T07:38:23Z,"minimal techno,dub techno","MULEN",0.843,0.634,6,-10.059,0,0.0939,0.000665,0.929,0.131,0.22,122.984,4
spotify:track:4WXk9KjFvQIF8g9XiKlQ0y,"Under the Bridge","Barefooter","iO (Mulen)",2024-07-19,434636,5,false,bvalkin,2024-07-24T08:07:03Z,"minimal techno,dub techno","MULEN",0.819,0.772,0,-8.737,1,0.0512,0.00474,0.93,0.0492,0.482,123.997,4
spotify:track:4re6QVGNSNpDZSDpKch39c,"Crisp","Dub Ass","iO (Mulen);Silat Beksi",2024-07-26,460800,6,false,bvalkin,2024-07-28T11:06:31Z,"minimal techno,dub techno","MULEN",0.806,0.911,10,-7.742,0,0.0567,0.000329,0.927,0.0639,0.491,124.98,4
spotify:track:031MRnGJqlmhd27mWgog2P,"Ju - Traumer Sunset Mix","Ju (Traumer Sunset Mix)","antraum;Anton;Traumer",2024-06-28,349606,46,false,bvalkin,2024-08-17T07:30:12Z,"minimal techno,dub techno,tech house","omakase_dgtl",0.803,0.713,11,-9.755,0,0.0585,0.000548,0.828,0.0605,0.684,126.997,4
spotify:track:2IT6SByM5z4H4Z5TAm5rLq,"The Story Of Us - Original Mix","Letter For Poly","Cornucopia",2017-08-04,465026,0,false,bvalkin,2024-08-19T07:07:27Z,"organic house,progressive house","Tale & Tone",0.871,0.777,10,-7.207,0,0.0452,0.0115,0.836,0.0872,0.488,120.006,4
spotify:track:4KVgUYybueThEzTFps5WhW,"Letter For Poly - Original Mix","Letter For Poly","Cornucopia",2017-08-04,532062,0,false,bvalkin,2024-08-19T07:07:31Z,"organic house,progressive house","Tale & Tone",0.819,0.946,8,-7.184,0,0.0489,0.0324,0.794,0.0521,0.818,119.995,4
spotify:track:0wMJpaD9hxT79kq4OAHb3J,"Whore House","1972","Da Sunlounge",2008-09-09,355373,16,false,bvalkin,2024-08-23T22:04:34Z,"funky house","Myna Music",0.858,0.539,6,-9.951,1,0.057,0.00082,0.822,0.0498,0.645,124.998,4
spotify:track:66tHnHUtVGwOs5hS82UhwN,"Hear Dis Sound - Per Hammar Remix","Hear Dis Sound - 20 Year Anniversary Remixes","H-Foundation;Hipp-E;Halo Varga;Per Hammar",2022-08-09,458203,15,false,bvalkin,2024-08-25T07:44:31Z,"progressive house,dub techno,minimal techno","Muted Noise",0.795,0.883,6,-9.074,0,0.0647,0.00151,0.816,0.0802,0.652,127,4
spotify:track:0XMkBfnBqmBIOuGRqOMGbX,"Hear Dis Sound - Original 1999 Mix","Hear Dis Sound - 20 Year Anniversary Remixes","H-Foundation;Hipp-E;Halo Varga",2022-08-09,554458,13,false,bvalkin,2024-08-27T06:32:42Z,"progressive house","Muted Noise",0.755,0.943,11,-6.251,0,0.0483,0.0186,0.888,0.0823,0.396,125.017,4
spotify:track:5KdBLfkuQDaOdPEYBj9bIZ,"Senior - Radio Underground","Senior (Radio Underground)","Joakim Adelardo",2021-11-14,123945,17,false,bvalkin,2024-08-27T08:57:36Z,"dub techno","Kok",0.809,0.608,6,-10.778,1,0.0609,0.00379,0.909,0.0884,0.795,125.046,4
spotify:track:45OWxlE1aKg6CBfgeBuIL9,"Fairground - Jesse Maas Remix Edit","Circus EP PT1","Elleot;Jesse Maas",2020-07-10,200000,27,false,bvalkin,2024-08-27T08:59:06Z,"tech house","Do Not Sleep",0.809,0.811,1,-6.338,0,0.057,0.0000854,0.92,0.0938,0.661,126.024,4
spotify:track:5QOMJLGa650HNxSLcFtf83,"Camille - DJ Honesty Remix","Camille EP","Politics Of Dancing;Dj Honesty",2021-01-22,360956,26,false,bvalkin,2024-08-27T09:26:45Z,"minimal techno,dub techno","Politics Of Dancing Digital",0.809,0.667,4,-11.218,0,0.0658,0.015,0.941,0.0767,0.234,127.005,4
spotify:track:3OMJmqNHe6NYBt1HKWu860,"Feel It","Feel It","Rossi.",2023-09-01,420465,30,false,bvalkin,2024-09-02T06:45:46Z,"house,tech house","Beeyou Records",0.8,0.694,6,-11.919,0,0.0518,0.00032,0.727,0.045,0.354,128.998,4
spotify:track:2skWsDVCQQlpMPCVnp7Xzj,"Lijnbaan Dubb","Scania","Malin Genie;Per Hammar",2019-06-07,515497,26,false,bvalkin,2024-09-04T20:02:58Z,"dub techno,lo-fi house,minimal techno","Malin Genie Music",0.807,0.738,0,-10.646,1,0.0437,0.0156,0.94,0.0674,0.676,127.008,4
spotify:track:4KrItd9kdGehmpFfdjmKix,"Lystopad","Lystopad EP","Per Hammar",2024-08-16,461810,8,false,bvalkin,2024-09-04T20:03:29Z,"dub techno,minimal techno","Les Enfants Records",0.804,0.711,4,-12.834,0,0.0589,0.00608,0.872,0.0613,0.482,128,4
spotify:track:5YFfNPkDnCqxgk49GYZKmr,"It's My Beat - Extended Mix","It's My Beat","Robbie Doherty",2023-03-10,393506,33,false,bvalkin,2024-09-09T08:15:17Z,"tech house,house","PIV",0.842,0.981,8,-6.952,1,0.0681,0.0146,0.213,0.13,0.91,129.988,4
spotify:track:4zVqejdqmpH7ruCeyZ90j5,"Blast","Illusion","Swoy",2023-03-31,470656,14,false,bvalkin,2024-09-11T06:25:14Z,"minimal techno","Why So Series",0.809,0.691,1,-13.907,1,0.0575,0.0158,0.862,0.0985,0.308,124.995,4
spotify:track:5Qizlw34GcAayL5dlXrCjq,"Tira A Roupa - Putaria Mix","Origins EP","Beltran;Mc Jajau",2024-03-08,337500,53,false,bvalkin,2024-09-13T17:32:33Z,"tech house,brega funk,brazilian funk,funk de bh,funk carioca","Hot Creations",0.931,0.863,4,-7.142,0,0.0785,0.0249,0.0517,0.0533,0.865,127.992,4
spotify:track:6tAdGCzNa2TtvVv8XntoA8,"Do it Again","Sounds from the Far East","Shinichiro Yokota",2015-03-23,346382,37,false,bvalkin,2024-09-15T19:56:27Z,"lo-fi house","Rush Hour",0.803,0.684,11,-10.484,1,0.0466,0.0158,0.905,0.245,0.52,117.642,4
spotify:track:549fPrO5vP6mjUn86nQX8Y,"Bloody Mary","Bloody Mary / Flowless","Mihai Popoviciu",2024-09-15,423307,6,false,bvalkin,2024-09-15T20:24:11Z,"dub techno,tech house,minimal techno,deep house","Rate",0.807,0.799,11,-11.14,0,0.0897,0.000978,0.921,0.363,0.63,126.987,4
spotify:track:2RrCuubApn6VHxTBD5swzX,"No Turning Back","No Turning Back","LUCASMB",2023-07-14,332598,4,false,bvalkin,2024-09-16T07:56:18Z,"tech house","Playmobil",0.806,0.986,7,-4.469,1,0.0688,0.00063,0.646,0.0613,0.432,127.004,4
spotify:track:6DpXfzQyAWqATyHFJKbswD,"Bad Ass Green Go","Bad Ass Green Go EP","ACA (YU)",2023-03-10,332250,5,false,bvalkin,2024-09-16T07:56:44Z,"tech house","Techaway Records",0.804,0.968,6,-5.325,1,0.0492,0.00551,0.942,0.0594,0.863,129.994,4
spotify:track:54sSbnjaTNLmwqgZif3Wtz,"Congarama - Glenn Gonzalez Remix","Congarama","Anthony Selvaggio;David Pinto;Glenn Gonzalez",2020-12-23,545810,22,false,bvalkin,2024-09-16T07:57:34Z,"breakbeat,minimalism","Pixbae Records",0.803,0.9,6,-7.44,1,0.0492,0.00251,0.873,0.0726,0.424,127.997,4
spotify:track:6zCwTAPPSRopcZtm9axG4I,"Asid Droppa - Karl Lingard Remix","Asid Droppa","Brown Vox;Karl Lingard",2022-10-14,330000,4,false,bvalkin,2024-09-16T07:57:59Z,"tech house","Jamaha",0.805,0.759,9,-9.773,0,0.0542,0.016,0.923,0.11,0.517,129.016,4
spotify:track:2wRPfLcpVDEoPA645ejdhA,"Messenger","Stay Bad EP","Somersault",2022-09-30,460638,6,false,bvalkin,2024-09-16T07:58:37Z,"uk garage","Pitch BLK",0.805,0.83,10,-9.263,0,0.0534,0.0257,0.864,0.23,0.147,126.993,4
spotify:track:3PlxEybxPbMWZrGASDwvDp,"Waitin' - Edit","Waitin' (Edit)","Mihai Popoviciu",2024-01-26,225000,36,false,bvalkin,2024-10-13T08:17:22Z,"dub techno,tech house,minimal techno,deep house","Berg Audio",0.805,0.824,8,-10.418,0,0.0508,0.000296,0.768,0.0665,0.928,127.993,4
spotify:track:6zKLupeCQhDRbfDRUnjh2G,"Montparnasse 2 Am","Inside","Pulshar",2010-10-08,302626,39,false,bvalkin,2024-10-17T21:31:57Z,"dub techno,dub","Desolat",0.811,0.479,10,-11.931,1,0.0582,0.003,0.807,0.153,0.358,102.007,4
spotify:track:5SPfPNbexC5zebXiOglXGi,"Night Flight - Psychemagik Remix","Night Flight (Lexx & Psychemagik Remixes)","Quintus Project",2011-11-04,848280,0,false,bvalkin,2024-10-17T21:43:18Z,"","Derwin Recordings",0.591,0.833,10,-9.687,1,0.0375,0.362,0.9,0.683,0.302,93.008,4
spotify:track:2ii0zzp9VWSE1KKHIVYtEQ,"Bermuda Triangle","Echowaves","Stojche",2024-10-11,421935,6,false,bvalkin,2024-10-23T04:26:40Z,"dub techno","Luck Of Access",0.804,0.604,7,-8.095,1,0.092,0.0000854,0.869,0.0922,0.175,124.006,4
spotify:track:6cno51HIxRin5WpFNZIZfq,"Move Dub - Traumer Remix","Move Dub","R.Y.;A.C.;Traumer",2020-09-07,401311,16,false,bvalkin,2024-10-30T12:40:07Z,"dub techno,dembow,minimal techno,tech house","Berg Audio",0.803,0.666,3,-9.762,0,0.0606,0.0103,0.846,0.447,0.712,122.003,4
spotify:track:0ldRRmhjSI3X2v2uq8ReVj,"July Apointment","Liquid Echo Voice","Nicolas Barnes",2024-11-15,429250,6,false,bvalkin,2024-11-16T09:47:39Z,"dub techno,minimal techno,dub","Greyscale",0.795,0.774,1,-10.821,1,0.107,0.00814,0.916,0.108,0.185,123.996,4
spotify:track:1vB82fr7FCfQRj79TqXm4X,"Talking Whatever","Who Said That","James Dexter",2017-08-24,423000,15,false,bvalkin,2024-11-16T19:50:17Z,"tech house,minimal techno","Cyclic Records",0.807,0.789,7,-10.42,1,0.0702,0.00892,0.895,0.113,0.818,124.005,4
spotify:track:3Zraqp2eVHCLFLGc6JKNTb,"Scania","Scania","Malin Genie;Per Hammar",2019-06-07,460795,14,false,bvalkin,2024-11-16T21:25:50Z,"dub techno,lo-fi house,minimal techno","Malin Genie Music",0.792,0.887,11,-8.556,0,0.152,0.0664,0.875,0.0883,0.0977,133.002,4
spotify:track:1HHOpbjJ2FxyPJ0S9zkJDi,"The Foolish & The Senseless Alike","Vixere II/II","Malin Genie",2021-01-01,335728,26,false,bvalkin,2024-11-16T21:35:59Z,"dub techno,lo-fi house,minimal techno","Malin Genie Music",0.786,0.739,10,-10.564,0,0.0487,0.688,0.863,0.103,0.467,131.009,4
spotify:track:6oDiv45dkPnv2qhHxdFX1o,"Rhythm Spirit","Together","Terry Francis;Ricardo Afonso",2017-03-10,485581,26,false,bvalkin,2024-11-17T21:09:56Z,"tech house,acid house","Hallucienda",0.833,0.975,0,-8.635,1,0.0504,0.000044,0.901,0.0749,0.971,129.011,4
spotify:track:3AEVZqZ0HjNtUteLHzPzJT,"Helicopter - Eddie's Smooth Landing Mix","WMC Essentials, Vol. 1","Eddie Richards;Terry Francis",2015-04-20,361979,21,false,bvalkin,2024-11-17T21:11:31Z,"tech house,acid house","Household Digital",0.799,0.951,8,-9.641,0,0.0538,0.000107,0.914,0.062,0.445,126.998,4
spotify:track:2POc6PH2HjqZmcfln38f5U,"Deep Revolution","Deep Revolution","Deeplomatik",2024-08-15,360960,18,false,bvalkin,2024-11-18T12:36:00Z,"tribal house","SpekuLLa Records",0.805,0.802,7,-7.321,1,0.0919,0.0116,0.877,0.164,0.226,125.018,4
spotify:track:0XzsGMNZlnruOS2yNQ8mzt,"Zero-G","Zero-G","Havantepe",2024-09-12,526813,6,false,bvalkin,2024-11-23T18:05:05Z,"dub techno,minimal techno,dub","spclnch",0.709,0.905,11,-11.516,0,0.0694,0.0567,0.85,0.121,0.35,126.001,4
spotify:track:0vUVlpr146JJkQGmcikEV5,"Strong Force","Zero-G","Havantepe",2024-09-12,428656,6,false,bvalkin,2024-11-23T18:05:10Z,"dub techno,minimal techno,dub","spclnch",0.787,0.897,6,-10.446,0,0.0812,0.0282,0.847,0.378,0.469,133.99,4
spotify:track:29Qc1fI5V0lBEk4KeWRDWT,"Bim Bam Boum - Mihai Popoviciu Remix","Bim Bam Boum (Mihai Popoviciu Remix)","OLIVIER ROMERO;Mihai Popoviciu",2024-11-08,375000,14,false,bvalkin,2024-12-26T13:41:46Z,"dub techno,tech house,minimal techno,deep house","Gettraum",0.802,0.962,0,-9.907,1,0.0482,0.00282,0.908,0.0748,0.69,128.017,4
spotify:track:1QdUBOrL6zSMI0930GvKpU,"Spring Jenny","Dublicity","iO (Mulen)",2013-07-15,437489,16,false,bvalkin,2025-02-21T07:22:12Z,"minimal techno,dub techno","NM2",0.748,0.84,10,-6.179,0,0.121,0.00848,0.926,0.0978,0.258,124.001,4
spotify:track:1ncvl38fp4hEks7xxLL7Vl,"Appease - Edit","Elements : Janeret","Janeret",2024-12-13,229000,9,false,bvalkin,2025-03-08T14:24:39Z,"dub techno,minimal techno,lo-fi house","Berg Audio",0.77,0.736,8,-8.309,1,0.0444,0.00793,0.9,0.0979,0.373,126.01,4
spotify:track:2Lrf6pJDwEWCxqlDEvKsdp,"Scape - Edit","Elements : Janeret","Janeret",2024-12-13,237000,8,false,bvalkin,2025-03-08T14:24:53Z,"dub techno,minimal techno,lo-fi house","Berg Audio",0.798,0.798,7,-9.319,1,0.056,0.00108,0.875,0.0915,0.481,126.993,4
spotify:track:3HRmHXDeHBAIHrwCaNxruG,"Step Forward","Step Forward","Lola Palmer",2025-02-21,391389,8,false,bvalkin,2025-03-08T14:25:02Z,"dub techno,minimal techno","Gettraum",0.796,0.816,9,-11.966,1,0.047,0.000164,0.893,0.111,0.722,130.004,4
spotify:track:2LAPedrCEg2WasN9sUYgYk,"Nimrod","Cataflex EP","Frits Wentink;Malin Genie",2024-07-05,366666,0,false,bvalkin,2025-03-08T14:25:14Z,"lo-fi house,dub techno,minimal techno","Bobby Donny",0.826,0.778,10,-7.523,0,0.158,0.0974,0.867,0.103,0.281,126,4
spotify:track:7FmF8AqMzU3rx6yeNU6lcS,"PlayBooyz","PlayBooyz","FeR BR",2024-12-27,394726,28,false,bvalkin,2025-03-23T11:24:22Z,"tech house,techno","MUSE",0.806,0.75,7,-5.835,1,0.0432,0.00193,0.431,0.0632,0.529,126.993,4
spotify:track:3KuwKWY8mdqjp7qX6lNb3d,"Fukai","Fukai","antraum;Traumer;Anton",2025-03-28,291840,30,false,bvalkin,2025-04-04T20:47:41Z,"minimal techno,dub techno,tech house","omakase_dgtl",0.809,0.555,7,-9.229,1,0.046,0.00293,0.918,0.1,0.432,124.996,4
spotify:track:2XiisSnxw9dsAdWLfqFwCN,"Hachi - Short Version","Hachi (Short Version)","Traumer;Anton;antraum",2023-10-06,230625,44,false,bvalkin,2025-04-04T20:48:54Z,"minimal techno,dub techno,tech house","omakase_dgtl",0.797,0.477,11,-11.592,0,0.0813,0.0957,0.822,0.595,0.353,127.995,4
spotify:track:4CeoeHADKYHZPd93JpsNoy,"Tribal Dub","Tribal Dubs","Steve O'Sullivan",2024-06-18,394776,4,false,bvalkin,2025-04-05T09:09:56Z,"dub techno,minimal techno","Phonogramme",0.807,0.824,5,-10.893,0,0.0492,0.000289,0.949,0.125,0.284,129.501,4
spotify:track:7zGqw5oOuEXJXKk9n7djqy,"Elevator Funk","Elevator Funk","Steve O'Sullivan",2022-01-07,412242,13,false,bvalkin,2025-04-05T09:11:07Z,"dub techno,minimal techno","Berg Audio",0.812,0.746,11,-10.867,0,0.0539,0.000653,0.934,0.509,0.24,124.003,4
spotify:track:4AEwefBAClusqaRLcC9uYv,"Composition","Native Beat EP","Maco;Steve O'Sullivan",2022-09-07,579220,5,false,bvalkin,2025-04-05T09:11:48Z,"dub techno,minimal techno","BienAimer Music",0.804,0.502,10,-15.039,0,0.0636,0.00542,0.947,0.0773,0.213,129.996,4
spotify:track:0YhcH9G4kuDponO4UuEAhX,"Midnight Sensation","Midnight Sensation","Constratti",2025-03-20,457187,10,false,bvalkin,2025-04-05T09:12:14Z,"minimal techno","Micronica Records",0.803,0.808,10,-12.02,0,0.0507,0.0453,0.877,0.0887,0.396,126.001,4
spotify:track:372lx0llLcXjBFX9vRo4ce,"Why You Leam?","Disk 19","DiSKOP",2023-03-11,510491,13,false,bvalkin,2025-04-05T09:14:16Z,"acid techno,breakbeat,acid house,minimal techno","WHITELOOPS",0.784,0.8,7,-6.983,1,0.0952,0.0153,0.883,0.117,0.416,126.027,4
spotify:track:4RYp6XFCFfYaYRSTvwJuHj,"MOi 09 A","MOI009","Moi",2023-03-17,450015,5,false,bvalkin,2025-04-05T09:14:47Z,"minimal techno,dub techno","Moi Recordings",0.805,0.75,7,-11.969,1,0.0947,0.0287,0.957,0.0748,0.36,128.006,4
spotify:track:2mvCaYIbZa3Ap8qXKBDM2L,"MOi 09 B","MOI009","Moi",2023-03-17,484259,5,false,bvalkin,2025-04-05T09:15:00Z,"minimal techno,dub techno","Moi Recordings",0.806,0.876,0,-11.468,1,0.0428,0.00304,0.943,0.0789,0.27,127.005,4
spotify:track:6gGeJ2OpGA3DqYXM4aAcQ6,"Get The Clock","On A Grind","Reboot",2025-04-04,391863,6,false,bvalkin,2025-04-07T15:38:40Z,"tech house","Occult Vision Recordings",0.804,0.718,10,-9.977,0,0.0564,0.00191,0.856,0.134,0.158,125.005,4
spotify:track:3n7E6opL8VXk3hwbnjx9iE,"Duality - BDTom Remix - Mixed","Spclnch Podcast #80 (DJ Mix)","Basicnoise;bdtom",2024-07-19,301500,10,false,bvalkin,2025-04-12T06:34:46Z,"dub techno,dub","spclnch",0.819,0.485,1,-17.026,1,0.19,0.0287,0.932,0.101,0.448,120.989,4
spotify:track:5Kq89zsXQxpYoMT5qcMvdl,"Static Motion - Mixed","Spclnch Podcast #80 (DJ Mix)","Basicnoise",2024-07-19,309421,9,false,bvalkin,2025-04-12T06:35:06Z,"dub techno,dub","spclnch",0.863,0.509,7,-13.245,1,0.0516,0.000618,0.9,0.147,0.463,121.048,4
spotify:track:18N2UtxodbJjSYUVvRXaq7,"Southern South","Datsha","Amine Laje;Traumer",2025-03-20,503298,14,false,bvalkin,2025-04-12T06:43:22Z,"minimal techno,dub techno,tech house","Rotary Phono Lab",0.74,0.716,6,-11.589,1,0.0465,0.0219,0.919,0.0913,0.481,102.001,4
spotify:track:2tywH2uvP0HjiEmBkipw5x,"Shut Up And Stay Home","TSOL - The Sound Of Limo","Sweely",2022-05-27,381701,22,false,bvalkin,2025-04-13T18:27:13Z,"lo-fi house,jazz house,house,acid house","Limousine Dream",0.794,0.681,11,-9.457,0,0.0535,0.0287,0.865,0.0998,0.424,132.001,4
spotify:track:5ea7mHM2bMafX2vRdjJfbi,"Bog","Top Secret","Micronica",2024-11-23,400000,6,false,bvalkin,2025-04-18T16:03:34Z,"minimal techno,dub techno","Micronica Records",0.81,0.655,1,-10.908,1,0.0697,0.000397,0.856,0.0318,0.714,125.992,4
spotify:track:44G9q2BSFvbCwlyR9amGwv,"Elephant Footsteps","Sukhumvit Groove EP","Saktu",2025-02-21,368000,7,false,bvalkin,2025-04-18T16:04:26Z,"minimal techno","Micronica Records",0.805,0.698,8,-10.472,1,0.0503,0.000185,0.841,0.06,0.3,126.007,4
spotify:track:6CEoQr8WCAxBeZg6mnoX79,"Does It Feel Good Baby - No Ears dub","Does It Feel Good Baby","Rob Mello",2010-05-17,539545,4,false,bvalkin,2025-04-20T09:08:27Z,"","Crosstown Rebels",0.802,0.917,10,-9.643,0,0.0934,0.00105,0.902,0.0526,0.515,126.007,4
spotify:track:3fw08hBfkLcMnxFA7vfvRv,"Fernweh - Mixed","DUBLUCID Session 005 (DJ Mix)","DP-6",2025-04-15,167183,5,false,bvalkin,2025-04-22T09:39:44Z,"dub techno,deep house","Giuliano Rodrigues",0.803,0.853,6,-9.255,1,0.0632,0.00895,0.875,0.0721,0.548,125.014,4
spotify:track:3Zczr1SgQua8MjMCd1bQIm,"Context","Context / Second","Pablo Bolivar;Celestial Sphere",2025-04-11,593354,11,false,bvalkin,2025-04-22T10:21:20Z,"dub techno,minimal techno,chicago house,deep house,organic house","Seven Villas",0.632,0.616,6,-12.062,1,0.0559,0.119,0.882,0.109,0.41,125.809,4
spotify:track:5SywWu5utkU1J7lnFAWXG2,"Neptune","Archive B","Ludowick",2022-04-07,410322,5,false,bvalkin,2025-04-22T10:35:07Z,"dub techno","spclnch",0.811,0.535,9,-11.614,1,0.0856,0.0074,0.901,0.0838,0.778,124.008,4
spotify:track:6QdBBxqSjmsR25aW6Cx19p,"Flex","Tape From the Dub #01","DP-6",2025-03-03,377631,6,false,bvalkin,2025-04-22T10:39:13Z,"dub techno,deep house","Crossfade Sounds",0.813,0.53,1,-12.835,1,0.0719,0.0019,0.888,0.071,0.388,122.007,4
spotify:track:31tbL3q6ZR8fkAxUDZsEJM,"Vivipera","Archive B","Dott. Santafeo;Gek",2022-04-07,371200,6,false,bvalkin,2025-04-22T10:43:11Z,"dub techno,dub","spclnch",0.633,0.615,0,-13.34,0,0.036,0.783,0.91,0.118,0.736,74.996,4
spotify:track:3Tohr7MpuZIqP0fkBzka9U,"Psk","Numerous Agnomens, Vol. I","Gunnter",2020-12-29,409272,12,false,bvalkin,2025-04-27T10:46:55Z,"dub techno","Joule",0.797,0.871,8,-8.961,0,0.0742,0.0282,0.832,0.117,0.428,124.004,4
spotify:track:2KaAD61OOGuDsaVHiLJpot,"Debut","Debut","iO (Mulen)",2024-07-19,441692,4,false,bvalkin,2025-04-27T10:53:47Z,"minimal techno,dub techno","MULEN",0.774,0.881,6,-8.186,0,0.0917,0.00981,0.837,0.0635,0.509,121.999,4
spotify:track:2zbGAT0zvvqOfKu9ICnBvJ,"Free Your Mind","Free Your Mind","Eden Burns",2023-05-19,307948,27,false,bvalkin,2025-05-04T16:37:21Z,"acid house","Public Possession",0.804,0.671,10,-12.638,0,0.0549,0.0186,0.771,0.0842,0.291,124.013,4
spotify:track:2zXXK781G17sfamp9TbOOi,"Vibe Unlocked","Somnia","Silat Beksi",2025-04-23,549000,8,false,bvalkin,2025-05-06T20:06:14Z,"minimal techno,dub techno","Silat Beksi Music",0.776,0.767,10,-9.669,0,0.0463,0.00577,0.631,0.115,0.389,125.992,4
spotify:track:0jihHA5z3a0iH7cl2Vs2Zz,"Wacky","Interphase","Silat Beksi",2025-03-26,519000,6,false,bvalkin,2025-05-06T20:07:16Z,"minimal techno,dub techno","Silat Beksi Music",0.814,0.516,7,-11.666,1,0.0665,0.0000333,0.906,0.0892,0.784,125.989,4
spotify:track:2MjP0iPANW6vM8JsiHpg0D,"Steezy","Interphase","Silat Beksi",2025-03-26,428000,12,false,bvalkin,2025-05-06T20:07:26Z,"minimal techno,dub techno","Silat Beksi Music",0.81,0.753,9,-8.503,1,0.0605,0.000112,0.9,0.0653,0.461,126.007,4
spotify:track:7JA4INE7hjJDaFKfnuG0dG,"What is a disc jockey","Star Worms","Silat Beksi;Fedo",2023-06-22,438625,6,false,bvalkin,2025-05-06T20:09:00Z,"minimal techno,dub techno","Silat Beksi Music",0.806,0.516,11,-12.126,0,0.0709,0.000432,0.852,0.0787,0.559,126.998,4
spotify:track:5CeifjzNFPlBO0tvOpJvQn,"Groove with It","Groove with It","Deep Spelle",2016-01-04,415000,33,false,bvalkin,2025-05-07T10:28:01Z,"dub techno,deep house","Blend It Records",0.815,0.578,6,-10.65,0,0.056,0.0000231,0.791,0.0489,0.513,123.014,4
spotify:track:6p3W9ntnkKWNbw4ac8jtvZ,"La Musique","La Musique EP","Giuliano Lomonte",2022-05-27,535916,16,false,bvalkin,2025-05-17T11:53:17Z,"minimal techno","point of view",0.812,0.698,3,-12.151,0,0.0424,0.185,0.869,0.11,0.654,125.983,4
spotify:track:6oNKhBsUA3yMPyLzBV7Kub,"Where are you now","10 years Anniversary VA","Giuliano Lomonte",2025-01-17,275681,13,false,bvalkin,2025-05-17T11:56:45Z,"minimal techno","UVAR",0.805,0.789,4,-11.328,0,0.0588,0.0413,0.823,0.0845,0.555,127.014,4
spotify:track:4gc0ph6QRC9nyv5Qr0lXmG,"Lose Myself","Top Secret","Micronica",2025-05-21,433000,12,false,bvalkin,2025-05-23T17:41:14Z,"minimal techno,dub techno","Micronica Records",0.807,0.486,11,-12.693,0,0.0623,0.013,0.845,0.0541,0.526,124.984,4
spotify:track:5Ir0rVfSXnBu70zNIJnGrc,"Long Gone - Original Mix","VA","Techu",2025-05-20,428822,9,false,bvalkin,2025-05-23T17:41:25Z,"minimal techno,dub techno","PhonicHouse1 Records",0.806,0.612,1,-10.189,1,0.0469,0.0119,0.847,0.107,0.644,125.993,4
spotify:track:1VKy4gz7jzzwGmRTJS8BoY,"Black Soul","Black Soul","Matichap",2023-08-04,208372,33,false,bvalkin,2025-06-20T06:45:58Z,"acid house","elrow Limited",0.797,0.748,6,-9.083,0,0.047,0.000459,0.887,0.0552,0.658,129.008,4
spotify:track:4qcmWMX3Chn5nBRdHX6mKH,"Be Your Love","Be Your Love","Undrsound Soul",2025-04-21,291926,24,false,bvalkin,2025-06-20T06:46:37Z,"dub techno","GNTLMN",0.78,0.458,0,-13.366,0,0.0646,0.0133,0.862,0.111,0.11,120.993,4
spotify:track:2dO6sZDQ4oTvuADqxhFx9E,"Gigantic Impossibly Large - NYC Dub","Gigantic Impossibly Large","Secretsundaze",2019-08-30,353560,19,false,bvalkin,2025-07-18T16:14:54Z,"acid house","Live at Robert Johnson",0.815,0.54,10,-8.432,0,0.0622,0.0132,0.854,0.106,0.462,120.007,4
spotify:track:51tOx03Ja3wohLnm93RX6c,"Space Machine","Top Secret","Micronica",2025-07-18,414500,5,false,bvalkin,2025-07-19T17:12:33Z,"minimal techno,dub techno","Micronica Records",0.798,0.659,10,-9.992,0,0.053,0.000365,0.904,0.0933,0.318,124.999,4
spotify:track:6gUUedp4qpqg0qyDr9wxOQ,"Sleeping Dogs","The Big Con","Markus Homm;Brad Brunner;AG Swifty",2023-01-13,416975,12,false,bvalkin,2025-07-23T09:44:33Z,"dub techno,tech house,deep house","Sublease Music",0.81,0.611,1,-10.167,1,0.0589,0.0000706,0.933,0.079,0.354,125.006,4
spotify:track:6bi3VxaFshREoToxbh2zbN,"Temptation","What I Need","Mihai Popoviciu",2025-07-11,377952,13,false,bvalkin,2025-07-25T08:54:28Z,"dub techno,tech house,minimal techno,deep house","Sublease Music",0.808,0.847,11,-8.603,0,0.0487,0.000501,0.911,0.123,0.97,126.996,4
spotify:track:4zOjZ7xcTL49nm7RuBZhTu,"Buenos Momentos - Original Stereo Mix","Iberican Vibes EP","Ceballos;Indart;DJ Chus",2002-06-11,492434,4,false,bvalkin,2025-07-26T12:50:03Z,"tribal house,italo dance,latin house,afro house,afro tech,tech house","Doubledown Recordings",0.802,0.965,0,-10.154,1,0.049,0.00787,0.816,0.0309,0.816,126.023,4
spotify:track:6ZLJBU3aETqPKvYTUxtbuG,"Momentos Oscuras - Iberican dark mix","Iberican Vibes EP","Ceballos;DJ Chus;Indart",2002-06-11,469733,4,false,bvalkin,2025-07-26T12:54:39Z,"tribal house,italo dance,latin house,afro house,afro tech,tech house","Doubledown Recordings",0.804,0.779,7,-10.161,1,0.0836,0.0672,0.824,0.0685,0.495,126.007,4
spotify:track:2FiullV1hIEzSBiU0iWjTk,"Buenos Beats - Chu's Mucho Drums Mix","Iberican Vibes EP","Ceballos;DJ Chus;Indart",2002-06-11,374700,3,false,bvalkin,2025-07-26T12:54:48Z,"tribal house,italo dance,latin house,afro house,afro tech,tech house","Doubledown Recordings",0.803,0.972,2,-10.263,0,0.0465,0.00565,0.87,0.162,0.719,126.02,4
spotify:track:6pkG1sjxw172bOJBCzh7fI,"Lights Off!","Lights Off!","Loudeast",2001,438996,0,false,bvalkin,2025-07-26T13:31:32Z,"progressive trance,progressive house","EAMS",0.706,0.934,11,-10.743,0,0.0627,0.000211,0.902,0.206,0.566,126.058,4
spotify:track:3D0IlekbrEuKI5tGgFLjq1,"Water","The Four Elements","DP-6",2024-07-04,366101,5,false,bvalkin,2025-08-02T17:26:19Z,"dub techno,deep house","spclnch",0.782,0.655,11,-9.298,0,0.0516,0.00264,0.839,0.111,0.336,118.014,4
spotify:track:1ZjUzGoxnZrbmLqVqkilM4,"Wisdom Track","Error 502 EP","MOY",2020-02-07,365881,33,false,bvalkin,2025-08-03T10:22:43Z,"breakbeat,idm,acid house","Batrachian",0.787,0.637,4,-7.198,0,0.0463,0.0463,0.887,0.0967,0.214,130.011,4
spotify:track:24yTe3Z6IdhwdQSNw0NFqS,"Air","The Four Elements","DP-6",2024-07-04,392347,5,false,bvalkin,2025-08-03T11:38:28Z,"dub techno,deep house","spclnch",0.807,0.736,8,-11.491,1,0.044,0.00454,0.944,0.0724,0.0758,115.007,4
spotify:track:3eb4Bp8n7yNX5QJP1TLoux,"Mystic Dune","Core Dream","Nicolas Barnes",2025-08-04,459047,9,false,bvalkin,2025-08-11T14:08:14Z,"dub techno,minimal techno,dub","Crossfade Sounds",0.741,0.726,0,-15.136,1,0.0363,0.0143,0.882,0.111,0.215,125.983,4
spotify:track:0DYMARmblGcfTmWXc0zxcs,"Zwo Fremde","Zwo Fremde / Backside 50","Karo Zwo;Cab Drivers",2018-05-24,695279,6,false,bvalkin,2025-08-16T09:06:54Z,"dub techno,minimal techno","Cabinet Records",0.855,0.35,10,-11.229,0,0.102,0.0771,0.917,0.16,0.22,124.931,3
spotify:track:6pytHv9je2nzselStC7tek,"New Sensations","A Voyage to Arcturus","Vakula",2018-08-24,616861,13,false,bvalkin,2025-08-16T09:10:16Z,"dub techno","Apollo",0.409,0.74,0,-10.447,1,0.0861,0.0135,0.662,0.0805,0.212,120.008,4
spotify:track:0ohn5XS9oUmJl1qNk3YYAI,"People - Radio Edit","People (Radio Edit)","Elado",2025-07-11,212459,7,false,bvalkin,2025-08-17T10:35:39Z,"disco house","Big Baba records",0.831,0.552,11,-7.808,0,0.0789,0.000049,0.583,0.101,0.503,122.021,4
spotify:track:2zcAp6odim9hENzw125G7Z,"Currents","Paraglider","Dan Goul",2024-05-31,397500,22,false,bvalkin,2025-08-21T14:50:14Z,"dub techno","Berg Audio",0.804,0.784,10,-8.091,0,0.0702,0.00722,0.927,0.0644,0.55,127.995,4
spotify:track:3FBegEa3EnPxr1sFj7lqKx,"Rider On The Storm","Rider On The Storm","Gabriel Belabbas",2025-05-16,465838,24,false,bvalkin,2025-08-23T12:16:40Z,"acid house","Automatic Writing",0.794,0.566,0,-10.254,1,0.0557,0.0153,0.855,0.147,0.897,129.996,4
spotify:track:4Cb58N7QOOOyOvEeVRQyVB,"Stranger to No One","Stranger to No One","Cristi Cons;Traumer",2023-01-27,482986,9,false,bvalkin,2025-08-29T19:59:23Z,"minimal techno,dub techno,tech house","Fuse London",0.712,0.842,11,-9.837,0,0.0494,0.047,0.786,0.0672,0.597,126.019,4
spotify:track:2dO6sZDQ4oTvuADqxhFx9E,"Gigantic Impossibly Large - NYC Dub","Gigantic Impossibly Large","Secretsundaze",2019-08-30,353560,19,false,bvalkin,2025-09-01T13:56:55Z,"acid house","Live at Robert Johnson",0.815,0.54,10,-8.432,0,0.0622,0.0132,0.854,0.106,0.462,120.007,4
spotify:track:08I1kTrOZUCCEcsz8VR3H0,"Fallenquas","Black Man Of The Echo Tree","Byron the Aquarius",2023-01-16,236011,34,false,bvalkin,2025-09-05T19:57:58Z,"jazz house,nu jazz,jazz funk","House Of Underground",0.736,0.603,3,-12.26,0,0.0419,0.173,0.881,0.109,0.584,119.979,4
spotify:track:1thZ1SDtsHea52Jhr88Y73,"Lucy","Lucy EP","JNJS",2024-10-22,386976,17,false,bvalkin,2025-09-06T21:56:00Z,"","DIAS DE CAMPO RECORDS",0.803,0.693,1,-11.231,1,0.0579,0.000113,0.882,0.0905,0.615,128.997,4
spotify:track:4mOD43elLdG7BRfsUEgdwL,"Symmetry","Blessing","Silat Beksi",2023-05-11,459000,23,false,bvalkin,2025-09-06T21:59:14Z,"minimal techno,dub techno","Silat Beksi Music",0.806,0.525,6,-12.49,1,0.0801,0.00804,0.878,0.0694,0.334,126.012,4
spotify:track:3i9MaqlmyrrysyqsSqoIVO,"DMDU","Lifesaver 4 Compilation - 21 - Dedicated to Andrew Weatherall","Secretsundaze",2020-10-09,453630,12,false,bvalkin,2025-09-14T08:39:46Z,"acid house","Live at Robert Johnson",0.763,0.888,9,-9.892,0,0.0441,0.00511,0.815,0.0383,0.51,128.005,4
spotify:track:5E2XJo7gnIbk1tuQb0NJMo,"Dominanta - Edit","Dominanta (Edit)","Andrey Pushkarev;Mihai Popoviciu",2025-09-19,212459,24,false,bvalkin,2025-09-22T13:53:06Z,"dub techno,minimal techno,tech house,deep house","Berg Audio",0.811,0.75,1,-11.782,1,0.0536,0.0213,0.935,0.0459,0.446,121.993,4
spotify:track:5ima9ESGHzX4Y6u1cwUrDv,"Disposer","Skull EP","Per Hammar;Malin Genie",2019-10-07,512437,7,false,bvalkin,2025-09-23T09:37:26Z,"dub techno,minimal techno,lo-fi house","De Vloer",0.805,0.879,11,-10.2,1,0.0596,0.0000848,0.927,0.0762,0.844,128.054,4
spotify:track:1wTmBjU4b18UH5uAntRbGv,"Had To - Radio","Had To","Isaac Carter;Biyi",2025-04-11,182000,31,false,bvalkin,2025-09-26T18:05:36Z,"hip house","Ochi",0.816,0.777,11,-9.384,0,0.0811,0.0104,0.319,0.0819,0.45,127.987,4
spotify:track:01iS5TiHxjkvk6menKpKTm,"Sentient - Intro Dub","Sentient","DP-6",2025-08-22,339034,11,false,bvalkin,2025-09-26T18:57:00Z,"dub techno,deep house","DP-6 Records",0.804,0.538,6,-12.815,1,0.0709,0.154,0.879,0.102,0.412,126.001,4
spotify:track:5C0mGwWk1NhP3QHbCx2cCU,"Passage of Time","Passage of Time","DP-6",2025-09-19,361372,12,false,bvalkin,2025-09-26T18:57:21Z,"dub techno,deep house","DP-6 Records",0.804,0.755,6,-8.342,0,0.0449,0.00138,0.84,0.0565,0.455,128.008,4
spotify:track:6nu0yFxXuCpknz0Qz9MDuF,"Immersive","Immersive","Shapeless Lab",2025-09-05,417216,6,false,bvalkin,2025-09-26T18:57:48Z,"dub techno","DP-6 Records",0.695,0.643,10,-12.311,0,0.0405,0.017,0.833,0.1,0.345,123.007,4
spotify:track:7tPYiZD1LqvAwbs7lTQ5jW,"Submerged Souls","Microparanoias","Franky Carbone",2025-06-27,487869,4,false,bvalkin,2025-09-26T19:02:51Z,"dub techno,dub","Superordinate Dub Waves",0.863,0.504,6,-11.756,1,0.178,0.029,0.873,0.108,0.45,121.99,4
spotify:track:0DnUt04u42VJurRKf4aqeG,"Underwater Tunnel - Radio Mix","Alacazam","Nicolas Barnes",2025-08-15,207529,5,false,bvalkin,2025-09-26T19:04:04Z,"dub techno,minimal techno,dub","Conceptual",0.723,0.701,8,-11.623,0,0.115,0.178,0.844,0.12,0.46,126.026,4
spotify:track:1v3YK4rXTdnCLIjAAZimvJ,"Alacazam - Genning Remix","Alacazam","Nicolas Barnes;Genning",2025-08-15,384616,4,false,bvalkin,2025-09-26T19:04:15Z,"dub techno,minimal techno,dub","Conceptual",0.795,0.788,1,-8.756,1,0.0774,0.0721,0.937,0.0864,0.803,130.992,4
spotify:track:0K6y7FxBhpE9aG79DpdgCY,"Welcome to The","Connect Ten","Nicolas Barnes",2025-08-22,395520,6,false,bvalkin,2025-09-26T19:04:58Z,"dub techno,minimal techno,dub","Seven Villas",0.72,0.756,0,-10.774,1,0.0629,0.0068,0.879,0.107,0.575,124.993,4
spotify:track:3xrbgLPwAOx0YgnGlbcLB2,"Come the Morning","Come the Morning","Malin Genie;Selidos",2019-12-16,445080,29,false,bvalkin,2025-09-26T19:06:33Z,"dub techno,lo-fi house,minimal techno","Berg Audio",0.826,0.491,6,-8.356,1,0.0768,0.00296,0.89,0.262,0.381,128.001,4
spotify:track:0Q2EXcC4zkAaCCHXuPD2sK,"Sunrise","Aesthetic 03","Swoy",2019-08-26,572453,17,false,bvalkin,2025-09-26T19:07:00Z,"minimal techno","Aesthetic Digital",0.81,0.634,0,-10.944,0,0.0494,0.0039,0.858,0.0815,0.394,125.006,4
spotify:track:3BH9bM43hxmo5J5E7Nod5u,"Timeless","Timeless","Techu",2025-01-03,408218,6,false,bvalkin,2025-09-26T19:09:37Z,"minimal techno,dub techno","Micronica Records",0.808,0.604,1,-10.025,1,0.0699,0.00499,0.909,0.111,0.312,126.995,4
spotify:track:7k3CGpbWLLMWUB9XvmZ650,"Celestial Drift","Lure of the Space Goddess & Celestial Drift","Daniel Stefanik",2025-10-03,487619,7,false,bvalkin,2025-10-03T05:54:56Z,"dub techno,tech house,minimal techno","Berg Audio",0.971,0.626,4,-11.552,0,0.114,0.000639,0.899,0.146,0.212,125.994,4
spotify:track:5Injh8zSdt3ydjUrOIVlfY,"Specia","Jinger 001","Jinger;Traumer",2021-03-15,423877,11,false,bvalkin,2025-10-09T15:01:12Z,"minimal techno,dub techno,tech house","Jinger",0.808,0.683,7,-12.687,1,0.0818,0.0358,0.819,0.0886,0.546,123.99,4
spotify:track:10yDwfihDuUndzEr8MiaIs,"Deep Beat","Automatic House","Pancratio",2025-10-24,496096,21,false,bvalkin,2025-10-24T22:07:14Z,"acid house,minimal techno","Faith Beat",0.805,0.947,7,-8.428,0,0.0542,0.00181,0.895,0.0425,0.248,128.002,4
spotify:track:0Y8Xm8RyB5q0yVGN078rnt,"Teleferico","Generation Drive","Per Hammar",2025-07-04,422879,24,false,bvalkin,2025-10-25T14:51:24Z,"dub techno,minimal techno","Sushitech Records",0.807,0.933,6,-9.797,0,0.0594,0.0114,0.921,0.0591,0.738,127.997,4
spotify:track:4P89aFSuIXqVCZfQQpe3xh,"Believe in Me","Believe in Me EP","Baris Bicakci",2006-03-15,468300,5,false,bvalkin,2025-10-25T14:51:46Z,"","BRTraxx",0.796,0.994,1,-11.009,1,0.0462,0.0000146,0.912,0.0946,0.761,129.006,4
spotify:track:5mFYr907LybcG6iawKXAXK,"Texture","Flashback","Carlo Gambino",2022-07-22,432000,15,false,bvalkin,2025-10-25T15:56:49Z,"","Tanny Records",0.862,0.758,2,-7.89,1,0.102,0.119,0.419,0.0937,0.255,125.026,4
spotify:track:3SWrKAeiYcHwHlV1UCJUUZ,"Paraglider","Paraglider","Dan Goul",2024-05-31,480937,25,false,bvalkin,2025-11-12T07:55:39Z,"dub techno","Berg Audio",0.798,0.729,6,-10.183,0,0.0348,0.00209,0.898,0.114,0.492,127.993,4
spotify:track:1DvZTrX9mown3bDyvyODfp,"Hamu","Omakase 007","antraum;Traumer;Anton;HAPPIE",2025-10-31,264375,28,false,bvalkin,2025-11-29T12:04:22Z,"minimal techno,dub techno,tech house,acoustic pop","omakase_dgtl",0.768,0.514,7,-10.488,1,0.0495,0.000018,0.614,0.0482,0.502,128.037,4
spotify:track:5ufIC8cnFVB3KWAiwMRQXI,"First Stroke - Edit","On Dat Soul","Demuir",2021-10-29,241918,34,false,bvalkin,2025-11-29T11:44:25Z,"funky house,disco house,chicago house","ORIGINS RCRDS",0.965,0.706,9,-7.183,0,0.26,0.00187,0.619,0.103,0.494,125.981,4
spotify:track:0JRJSRLvqGwsKI8dkhun89,"Love Story - Mixed","Global Underground #48: Guy J - Córdoba (DJ Mix)","Cornucopia",2025-11-28,471793,36,false,bvalkin,2025-11-29T11:50:05Z,"organic house,progressive house","Global Underground",0.706,0.803,9,-8.903,0,0.0548,0.0511,0.856,0.0619,0.437,116.093,4
spotify:track:6smfOFjNAXrrzaMVUg4Hfr,"Remember Me","Remember Me / Early Morning","Cornucopia",2025-02-28,459666,34,false,bvalkin,2025-11-29T11:50:25Z,"organic house,progressive house","Early Morning",0.728,0.934,9,-6.981,0,0.0414,0.0015,0.87,0.0246,0.422,117.997,4
spotify:track:0zFdcDi8cEafuB524HwqCX,"After the Afterparty","After the Afterparty","DP-6",2025-11-14,324502,14,false,bvalkin,2025-11-29T12:07:41Z,"dub techno,deep house","DP-6 Records",0.807,0.735,1,-9.773,0,0.0546,0.000297,0.843,0.11,0.459,125.003,4
spotify:track:42H4QpXwjoQ28LZl0lmafd,"God Damn Jazzy - Original Mix","Boutique From Detroit EP","Sepp",2011-04-22,392382,15,false,bvalkin,2025-11-29T12:26:59Z,"minimal techno","Crossworld Records",0.804,0.611,2,-10.464,0,0.0526,0.0198,0.839,0.123,0.801,122.016,4
spotify:track:2NxyC6xwEciUeN4LKROXek,"Tinto!","Set You Free","Tino",2025-08-25,465840,27,false,bvalkin,2025-12-06T22:04:03Z,"acid house","Move Like Me",0.797,0.867,1,-9.042,1,0.0599,0.00141,0.914,0.0545,0.527,125.018,4
spotify:track:0LB4fb0opqNZfRGlmo7oYL,"Everlast","Trippin","Janeret;Miroloja",2025-12-05,454687,21,false,bvalkin,2025-12-07T13:08:09Z,"dub techno,minimal techno,lo-fi house","JMR",0.798,0.975,7,-8.138,1,0.0583,0.015,0.796,0.0854,0.58,128.014,4
spotify:track:4b1J1kM3Cg8S8gLCnlDNad,"Rising Sirius","Rising Sirius","DP-6",2025-12-12,409925,16,false,bvalkin,2025-12-12T18:53:58Z,"dub techno,deep house","DP-6 Records",0.811,0.82,6,-8.189,1,0.0565,0.0187,0.916,0.0731,0.768,123.004,4
spotify:track:5hQVgEzreQ9h3eKmPgZ8IK,"India In Me","23 Seconds","Cobblestone Jazz",2007-10-15,814178,35,false,bvalkin,2025-12-20T11:50:33Z,"minimal techno","!K7 Records",0.795,0.712,10,-11.703,0,0.0566,0.0066,0.913,0.17,0.551,130.356,4
spotify:track:1xgte7LoEvmh9MOEGm1HjI,"Waiting","Deeparture","Helly Larson",2015-02-16,405594,33,false,bvalkin,2025-12-20T11:56:36Z,"dub techno,deep house,dub","Lucidflow",0.728,0.436,3,-15.486,0,0.0553,0.158,0.884,0.297,0.462,121.021,4
spotify:track:7hu2SoYVr7vCc1BVPe0ArT,"Park of Cultures","Echoes From Iconia","Basicnoise",2025-10-23,380437,4,false,bvalkin,2025-12-20T11:57:36Z,"dub techno,dub","spclnch",0.764,0.707,2,-14.461,1,0.0485,0.258,0.832,0.114,0.435,128.995,4
spotify:track:1cB5o33gbwVpZ4gDgxUFxw,"Playgrounds","Echoes From Iconia","Basicnoise",2025-10-23,388041,4,false,bvalkin,2025-12-20T11:57:52Z,"dub techno,dub","spclnch",0.71,0.578,8,-13.358,0,0.0671,0.276,0.858,0.121,0.316,129.015,4
spotify:track:5kQZgP5znikVJTfbiDo3F7,"Ones in a Moon Dub - Edit","Simbioza","Andrey Pushkarev;Thor",2025-10-03,280082,15,false,bvalkin,2025-12-20T11:58:23Z,"dub techno,minimal techno","Berg Audio",0.797,0.693,10,-12.405,0,0.0466,0.00151,0.86,0.0925,0.248,127.003,4
spotify:track:7ocKAmvP14dzFh7iwSIDDk,"Nothing Personal","Mate","Silat Beksi",2021-10-01,449516,20,false,bvalkin,2025-12-21T15:39:44Z,"minimal techno,dub techno","Constant Black",0.809,0.616,5,-11.394,0,0.041,0.00839,0.93,0.13,0.604,124.022,4
spotify:track:4xslbtVbhpCFQEvXSsjtFf,"Dema - Delano Smith Transit Dub","Dema Remixes","Jay Tripwire;Boddhi Satva;Delano Smith",2010-03-02,394146,31,false,bvalkin,2025-12-21T15:43:12Z,"acid house,dub techno,jazz house,gnawa,afro house,afro tech,kuduro,tribal house,chicago house,deep house","Grooveland",0.732,0.457,9,-15.707,0,0.11,0.249,0.89,0.0963,0.328,122.999,4
spotify:track:6dfQj305IkidvbNDMz63xr,"Cola Beach","Cola Beach / Dolphin Splash Keyboards","Youandewan",2020-09-25,358153,40,false,bvalkin,2025-12-21T15:44:35Z,"lo-fi house","Pure Shores",0.806,0.681,0,-11.787,1,0.0653,0.0481,0.75,0.125,0.436,129.999,4
spotify:track:4hHEZV0A3ZE6dlh6CwifcO,"You Are Always in My Heart - Mixed","RE2025VIEW, Mixed (DJ Mix)","DP-6",2025-12-26,250523,22,false,bvalkin,2025-12-26T13:22:02Z,"dub techno,deep house","DP-6 Records",0.803,0.689,11,-10.926,0,0.0436,0.0171,0.84,0.0954,0.491,126.014,4
spotify:track:2jqXDn42TSc7gEpTB4iHeH,"Air Race","Midnight District EP","Affani",2025-12-11,408839,6,false,bvalkin,2025-12-26T13:23:58Z,"gnawa","LClub Music",0.799,0.915,8,-10.577,0,0.0577,0.00613,0.912,0.0664,0.618,126.998,4
spotify:track:1zIfYjTdNfvaePufT2joL3,"Caveman","Re2025view","DP-6",2025-12-26,374816,4,false,bvalkin,2025-12-26T13:25:49Z,"dub techno,deep house","DP-6 Records",0.794,0.603,0,-9.664,1,0.099,0.0112,0.92,0.108,0.417,134.002,4
spotify:track:0LrCsBInaUwuahGHnA6YQH,"Khosta","Re2025view","DP-6",2025-12-26,402634,4,false,bvalkin,2025-12-26T18:28:27Z,"dub techno,deep house","DP-6 Records",0.81,0.831,9,-8.835,0,0.0755,0.00774,0.924,0.0726,0.7,125.01,4
spotify:track:4YHfEECG1lP4AAzVZrms2b,"Kintsugi","Re2025view","DP-6",2025-12-26,376395,4,false,bvalkin,2025-12-26T18:36:11Z,"dub techno,deep house","DP-6 Records",0.806,0.976,6,-6.705,0,0.0524,0.00101,0.871,0.0651,0.653,127.997,4
spotify:track:14QZ8mQgZRDdEet5kbLnpk,"Turquoise","Turquoise","DP-6",2025-03-28,370311,5,false,bvalkin,2025-12-26T18:52:08Z,"dub techno,deep house","DP-6 Records",0.786,0.902,6,-6.585,1,0.0428,0.000495,0.83,0.117,0.19,119.999,4
spotify:track:2p4KXvlHsAz0esGpxLl04I,"Winds of Saturn - Second Cloud Deck - Mixed","RE2025VIEW, Mixed (DJ Mix)","DP-6",2025-12-26,214282,18,false,bvalkin,2025-12-26T19:13:50Z,"dub techno,deep house","DP-6 Records",0.805,0.696,2,-9.105,0,0.0516,0.251,0.884,0.0952,0.516,126.021,4
spotify:track:6m2DHA7qWSUftcDpgBPgPT,"Stay","Somewhere New","Lola Palmer",2021-05-07,421912,19,false,bvalkin,2025-12-27T08:51:05Z,"dub techno,minimal techno","Berg Audio",0.828,0.598,10,-10.805,0,0.0696,0.0164,0.881,0.113,0.377,125.998,4
spotify:track:55XToa02KZkFr4z4LV0KJl,"Hereby We","Ukraine Compl.","iO (Mulen)",2022-05-06,390687,19,false,bvalkin,2025-12-28T11:43:06Z,"minimal techno,dub techno","Cecille Records",0.803,0.918,5,-5.381,0,0.049,0.00447,0.863,0.0672,0.171,127.996,4
spotify:track:1FFpQ2EH4fnXHkCl1NCgY4,"Poverty Point - Mixed","Spclnch Podcast #80 (DJ Mix)","Ludowick",2024-07-19,364960,7,false,bvalkin,2026-01-01T18:26:32Z,"dub techno","spclnch",0.815,0.649,1,-13.239,1,0.048,0.0142,0.912,0.134,0.905,121.007,4
spotify:track:5Vj75JmRh0Rv7zBSj9NLui,"The Ghetto","Metropolis","Ludowick",2021-11-25,374640,4,false,bvalkin,2026-01-01T18:36:43Z,"dub techno","spclnch",0.869,0.459,1,-12.295,1,0.0971,0.171,0.718,0.132,0.411,123.002,4
spotify:track:3863ohJTQhUmJsRuFmusJb,"Volipe Pulse","Lunar Echoes","Julian Reyes",2025-12-23,123870,13,false,bvalkin,2026-01-01T19:08:54Z,"","10941942 Records DK",0.812,0.77,2,-10.531,0,0.068,0.000664,0.954,0.0397,0.202,123.984,4
spotify:track:1itnNcgoQn32GUHBe0yZoR,"Small Dawg","Satori","Silat Beksi",2026-01-13,454000,25,false,bvalkin,2026-01-16T22:33:23Z,"minimal techno,dub techno","Silat Beksi Music",0.854,0.705,9,-8.922,0,0.0648,0.00103,0.626,0.0964,0.801,127.02,4
spotify:track:0jGqxrICVvBIZwq1qyDDAr,"Poverty Point","Archive E","Ludowick",2023-07-18,397412,0,false,bvalkin,2026-02-14T22:07:30Z,"dub techno","spclnch",0.813,0.794,1,-9.095,1,0.042,0.0106,0.934,0.0708,0.908,124.002,4
