TIME,27.7576,30.2811,32.8045,35.3279,37.8513,40.3748,42.8982,45.4216,47.945,50.4684,52.9919,55.5153,58.0387,60.5621,63.0856,65.609,68.1324,70.6558,73.1792,75.7027,78.2261,80.7495,83.2729,85.7964,88.3198,90.8432,93.3666,95.89,98.4135,100.937,103.46,105.984,108.507,111.031,113.554,116.077,118.601,121.124,123.648,126.171,128.695,131.218,133.741,136.265,138.788,141.312,143.835,146.358,148.882,151.405,153.929,156.452,158.976,161.499,164.022,166.546,169.069,171.593,174.116,176.64,179.163,181.686,184.21,186.733,189.257,191.78,194.304,196.827,199.35,201.874,204.397,206.921,209.444,211.967,214.491,217.014,219.538,222.061,224.585,227.108,229.631,232.155,234.678,237.202,239.725,242.249,244.772,247.295,249.819,252.342,254.866,257.389,259.912,262.436,264.959,267.483,270.006,272.53,275.053,277.576,280.1,282.623,285.147,287.67,290.194,292.717,295.24,297.764,300.287,302.811,305.334,307.858,310.381,312.904,315.428,317.951,320.475,322.998,325.521,328.045,330.568,333.092,335.615,338.139,340.662,343.185,345.709,348.232,350.756,353.279,355.803,358.326,360.849,363.373,365.896,368.42,370.943,373.466,375.99,378.513,381.037,383.56,386.084,388.607,391.13,393.654,396.177,398.701,401.224,403.748,406.271,408.794,411.318,413.841,416.365,418.888,421.411,423.935,426.458,428.982,431.505,434.029,436.552,439.075,441.599,444.122,446.646,449.169,451.693,454.216,456.739,459.263,461.786,464.31,466.833,469.357,471.88,474.403,476.927,479.45,481.974
0.000000000,1696.5,170.259,212.795,739.687,1167.56,1995.88,2036.17,1276.53,1196.35,1675.6,1258.71,1756.82,7001.1,17676,27869.3,26057,12668,2374.7,660.543,1245.51,722.598,318.256,610.047,893.547,675.131,437.229,561.703,603.697,722.232,661.374,701.915,1373.09,1057.32,234.012,1344.15,2597.2,238.41,7279.28,26461,33958,39672.5,41709.7,17290.1,136.267,4515.95,4026.04,56.5805,2248.71,4038.51,1261.63,257.712,1151.26,1287.04,2305.54,2144.08,353.233,532.726,1922.96,1038.73,122.564,2016.65,2057.02,301.974,7815.03,23497.1,27909.7,16490.2,5623.88,2362.88,1264.23,352.092,965.163,1557.8,902.023,1250.5,2303.5,1785.71,621.011,336.101,496.927,1526.32,2713.07,1563.85,973.422,3143.46,2999.92,2108.11,8025.28,16063.3,77203.8,186317,176962,69153.7,18216.9,8032.73,3480.98,5801.3,3389.26,1609.16,3978.18,3988.86,1235.97,413.304,244.27,1000.9,2581.68,1746.23,335.144,1796.17,2411.13,590.255,1047.78,2471.86,2332.15,7579.85,20808.8,26526.3,15386.8,2640.04,287.104,1665.45,749.126,28.8942,954.425,1310.46,482.841,538.577,2303.42,3478.89,2224.34,357.499,166.57,999.274,941.506,120.961,790.389,2510.8,967.19,1916.78,14985.8,23600,22713.8,28439.7,22863.2,4798.61,548.009,3354.73,1583.22,273.511,2445.86,3344.06,1854.19,1580.66,1256.28,568.517,566.475,496.98,234.473,178.259,454.538,481.728,408.113,636.778,527.196,1932.94,8264.58,15278.2,14996.1,8614.71,2633.2,312.713,676.19,719.827,232.444,986.448,2249.61,2077.65,1266.5,1467.76,1450.64,888.292
1.486077098,2000.75,327.37,388.823,807.704,1038.18,2309.76,2136.65,1167.89,1003.21,1819.23,1131.08,1359.32,7783.8,21014.3,36505.2,36034.2,16514.7,2180.49,528.333,1524.37,747.505,211.865,655.59,1021.91,797.597,358.688,751.63,1240.61,1394.37,733.008,608.913,1828.99,1313.09,69.2896,1525.58,3649.47,418.875,10119.2,41722.3,37849.8,42052.6,66054.2,29238.7,1241.23,8095.03,6204.12,415.024,3722.37,6619.97,1950.71,282.315,2590.69,3320.15,4472.82,3322.01,413.783,697.316,2909.49,1612.93,112.451,3095.39,3145.66,25.1283,10806,34864.1,40057.9,20511.4,5353.15,2342.21,1387.66,175.353,1051.4,2010.18,722.34,1258.21,3164.32,2510.14,1111.76,617.34,387.757,1762.46,3766.76,1580.65,694.17,3594.21,3440.4,912.805,10318.6,12198.8,87102.6,294687,267560,68099.1,18176.6,8274.78,2510.41,6890.7,3395.82,964.825,4768.39,5569.71,1127.59,437.509,717.011,1838.76,3700.72,2355.67,51.963,2429.59,3327.82,404.823,1170.75,2966.78,1686.17,7983.48,28058.5,39403.1,23265,3585.85,496.616,2829.7,1406.43,259.84,1719.74,2025.12,469.043,488.092,3314.74,5792.24,4035.51,648.509,381.553,1894.98,1842.52,564.62,1638.3,4415.04,2777.09,4404.26,27152,34248.1,19548.7,39286,37329.9,6198.36,1063.46,4485.68,2036.11,73.5244,3436.96,4561.1,1566.62,1871.95,2293.21,1219.14,841.018,558.546,246.328,111.213,554.435,485.683,327.049,690.599,422.824,1761.94,10812.9,21332.6,19888,10748.8,3156.28,110.433,852.103,900.907,87.3051,1136.8,2848.51,2582.89,1059.55,1766.8,2435.44,1691.23
2.972154195,1805.52,583.162,752.405,750.009,814.093,2363.78,1899.8,941.477,673.892,1764.19,908.26,884.558,7778.08,21383.3,41052.2,43633.6,18963.1,2003.33,408.949,1701.94,679.877,102.773,626.965,1001.32,833.837,226.347,869.863,2104.73,2279.72,761.031,473.564,2253.38,1363.18,18.5037,1729.4,4481.28,1325.42,13598.3,60928.1,38072.6,36124.5,97502.8,44756.4,5198.48,11720.1,9039.84,1637.46,5363.41,9255.7,3408.77,952.799,4817,6349.42,7037,4379.09,673.177,1026.68,3897.59,2334.25,498.562,4312.76,4382.5,525.143,13842.2,45014,49863.3,22107.7,4358.04,1954.42,1408.8,47.5266,1069.47,2304.89,542.843,1188.85,3938.04,2911.6,1553.44,1053.61,190.485,2052.67,4726.75,1400.64,379.056,4011.83,3277.18,273.473,10862.7,9782.24,84459.5,427023,368552,51316.2,19744.4,7046.23,1823.15,7102.46,3227.6,454.171,4768.3,7236.01,1201.41,616.104,1561.19,2701.27,4430.58,3059.97,58.8107,3142.98,4061.95,416.617,1359.15,3246.67,848.288,7652.94,32682,50647.7,30939.6,5226.9,1216.51,4147.78,2349.19,845.938,2629.48,2783.64,473.699,501.485,4074.18,8169.41,6380.94,1410.03,979.04,3022.18,2829.63,1365.44,2988.57,6815.29,5204.41,8670.73,42903.6,48512.5,9655.88,53057.2,54423.6,8243.94,1924.26,5489.76,2440.79,173.827,4266.65,5816.96,990.624,2092.03,3558.66,2069.47,1013.89,524.439,257.321,55.7231,606.164,445.498,198.483,686.361,285.485,1451.62,12541.4,26093,22395.7,11602.6,3519.07,33.4501,994.821,1066.93,2.42255,1243.53,3069.09,2885.32,689.628,1891.94,3621.62,2529.9
4.458231293,1226.11,910.487,1356.47,597.148,643.526,2099.86,1435.32,680.188,315.073,1594.79,634.741,514.688,7101.99,18536.3,40132.6,46504.6,19485.8,1903.93,373.184,1796.8,520.371,28.6149,563.985,815.718,783.64,110.833,950.615,3036.16,3199.93,813.109,434.875,2490.54,1302.17,61.3838,1766.63,5347.05,2569.81,16793,80294.7,40973.9,29520,133980,59435.2,10523.1,15427.5,11776.4,3286.94,6759.76,11356.3,5452.28,2548.33,7545.87,9593.78,9435.86,5038.18,1000.21,1517.33,4795.33,2865.94,1257.85,5612.68,5358.17,1783.13,16518.7,50614.9,54798.7,20749.2,3151.76,1217.38,1456.76,19.6608,906.79,2552.64,415.165,1108.46,4448.3,2916.79,1698.02,1696.73,104.989,2508.84,5292.77,1205.58,258.614,3832.55,3353.89,126.454,9340.69,10248.2,77026,572129,472802,29452.7,22318.1,5233.44,947.71,7359.39,2648.75,177.197,4286.7,8410.55,1854.55,1133.98,2832.12,3137.44,4593.61,3762.37,481.561,3673.43,4621.98,606.289,1510.53,3425.58,186.402,6651.42,33619.4,56605.9,36543.8,7409.85,2259.57,5301.4,3535.86,1603.15,3364.45,3575.9,522.363,542.203,4463.91,9864.34,8762.23,2783.67,1937.34,3903.65,3864.83,2339.53,4224.36,9396.09,8134.07,13182,57899.5,68196.9,753.319,72325.3,69935.5,10339.6,2947.84,6384.72,2514.4,492.664,5027.38,6729.38,558.634,2237.2,4776.12,2937.49,1053.27,391.278,297.399,61.0335,561.35,402.683,70.9037,661.717,154.143,1095.3,13263.8,27878.7,21906.7,10656,3794.96,129.097,978.517,1295.39,72.6549,1169.31,2979.53,2772.86,417.09,1776.77,5011.9,3041.08
5.944308390,669.972,1263.74,2193.65,483.995,566.606,1602.8,906.511,450.733,89.9015,1369.56,381.429,351.361,6036.14,13345.4,34482.3,43332.6,18331.9,1769.18,421.605,1902.2,303.926,2.21407,578.415,458.206,751.225,56.9917,930.191,3881.64,3989.38,855.87,485.651,2694.13,1009.55,185.059,1858.12,5519.6,4267.97,18692.4,93400.2,54562,35717.2,169885,67308,15582.5,18723.2,13125.1,4960.52,7442.7,12229.9,7579.79,4785.76,10287.2,12021.2,10670.9,5470.4,1069.78,2050.61,5744.94,2750.05,2138.36,7180.89,5455.37,3189.38,18994.6,48603.9,54109,17118.1,2154.53,399.42,1691.93,74.3216,603.947,2872.81,420.653,928.2,4663.92,2694.73,1499.21,2684.97,323.924,2784.03,5591.07,1045.89,173.161,3659,3241.33,398.402,7265.38,11784.8,77134.6,711960,573980,18291.1,23457.5,3896.45,631.519,6944.05,2395.72,117.47,3502.63,8981.52,2791.77,2034.78,4731.41,2836.12,4323.36,4460.73,993.822,3869.52,5135.85,778.781,1502.49,3765.21,33.0745,4870.43,31708.7,54482.6,38429,10047.7,2952.6,5929.69,5100.21,2065.06,3602.78,4621.19,547.319,435.387,4852.32,9777.84,10715.9,4820.66,2821.75,4247.3,4712.06,3088.23,5101.74,11109.8,11136.7,16335.3,66847,92529.1,5007.17,97559,78795.1,11832.7,4186.55,6411.67,2554.01,810.696,5444.03,7436.94,433.797,2111.5,5933.13,3500.17,927.378,195.896,398.888,213.022,412.368,387.18,57.6822,688.501,47.2694,824.842,13202.7,25485.1,19194.4,7899.93,4130.49,352.888,752.863,1609.03,400.613,876.043,2690.86,2318.66,294.463,1498.58,6773.45,2937.78
7.430385488,500.437,1607.65,3247.71,559.882,489.315,1100.79,450.466,279.126,92.251,1124.93,211.249,380.384,4851.04,7560.13,26174.4,35007.2,15930.5,1559,562.695,1924.86,224.208,31.4753,706.864,131.15,867.625,82.2696,678.393,4724.99,4451.78,792.471,752.46,2735.09,701.555,277.288,1944.15,4921.37,5702.92,18991.3,94463.8,82886.6,67677.3,196534,64777.2,19285,19629.4,13133.9,5847.59,7149.86,11512.6,9257.14,6792.15,12224.1,13136.1,9871.55,5977.81,712.403,2794.57,6516.36,2080.3,2971.73,8431.4,5035.9,3879.16,20923,39202.5,48304.2,13139.1,1547.39,143.904,2056.67,163.796,456.691,3000.25,754.25,706.714,4395.13,2866.55,1259.38,4218.6,878.36,2534.9,5704.36,1127.04,102.533,3466.8,3301.77,641.672,5812.02,12136.9,90399.9,827952,666160,27111.2,21497.2,3392.86,755.493,6160.52,2654.53,115.776,2901.31,9136.8,3225.38,3221.32,7560.5,1947.73,4351.96,4820.68,1250.35,3958.42,5237.04,975.275,1316.3,4272.03,718.265,2625.79,28586.2,44226.2,36322,12548.7,2762.53,6221.42,6466.96,2208.34,3207.15,5926.71,798.682,204.16,5628.66,7439.24,12170.1,7198.56,3056.12,4151.44,5021.59,3330.31,5250.67,11666.1,12784.1,17305.9,66221.6,117100,32432.3,125308,77779.2,12274.3,4855.66,5852.54,2372.37,980.047,5307.73,8178.96,648.922,1542.14,7156.62,3689.59,674.075,42.0923,710.036,652.026,195.993,428.515,274.322,763.477,1.16429,824.317,12646.3,19287.5,15582.7,4238.53,4578.55,572.585,508.323,1889.68,900.492,558.749,2183.64,1996.39,177.226,1414.91,9086.03,2401.21
8.916462585,746.637,1966.97,4589.11,875.968,312.478,728.084,194.808,143.332,273.326,913.195,137.216,500.939,3666.48,2981.89,17721.1,24041.8,12904.6,1240.01,723.291,1868.39,336.306,114.255,921.044,139.576,1152.68,347.026,262.163,5763.5,4698.06,534.677,1418.84,2574.91,415.926,290.45,1852.53,4145.71,5696.4,17900,81916,122619,130048,205746,52740.8,20081,17576.7,12069,5256.1,6275.9,9038.29,10319.7,7545.91,12658.8,13054,7114.95,6774.38,197.555,3874.45,6848.89,1193.71,3563.73,8960.47,4382.65,3500.66,21741.3,25718.9,39369.6,10988.9,1389.42,843.336,2379.99,301.98,476.786,3097.21,1199.26,475.11,3683.23,3848.17,1705.6,6682.39,1645.88,1735.43,5943.65,1295.57,89.5657,3005.14,3899.13,587.85,5246.98,11060.4,109851,907102,743269,51027.4,17116.7,3583.68,715.956,5843.89,2897.5,143.221,2540.68,9490.06,2593.15,4572.25,11758,1434.06,5143.16,4581.28,1243.65,3605.06,5163.04,1029.98,1138.27,4619.52,2284.09,738.979,25664.4,29281.5,31177.3,14186.8,1885.48,6004.39,7334.33,1991.66,2576.7,6974.74,1683.29,212.428,7053.02,3724.7,13479.2,9306.07,2448.54,3781.39,4501.16,3161.63,4379.24,11280.9,12139.9,15754.5,56273.7,134835,84700.9,149055,66752,11602.8,4293.91,5150.03,1868.1,987.497,4539.19,8764.81,1528.09,648.332,8766.31,3971.41,598.936,306.255,1383.29,1273.43,121.213,501.478,685.588,857.966,74.8141,1172.72,11755.6,11341.6,12225.7,1212.34,4960.77,710.429,366.852,2082.92,1457.33,255.01,1672.31,1989.49,63.0481,2000.93,12202.4,2123.78
10.402539683,904.693,2559.5,6301.87,1322.68,128.198,429.445,121.101,83.4757,488.52,766.12,104.656,595.514,2539.45,565.307,10998.5,13511.2,9794.79,856.446,794.191,1715.92,619.132,284.422,1204.78,484.851,1537.89,1058.28,13.7226,7335.77,5164.25,266.341,2510.24,2138.04,244.349,201.803,1619.62,3296.87,4252.74,15520.5,59707.9,164038,214820,193621,36351.6,16362.4,14450.4,9397.5,3883.9,4741.58,5829.51,10323.8,6881.23,11420.8,12411.4,3728.56,7830.73,82.8536,4876.54,6779.63,504.418,3792.52,8711.48,3502.89,2469.78,20782.2,13130.2,30108.3,11991.2,1724.12,2095.8,2646.69,499.576,698.187,3023.32,1647.74,202.494,2884.3,5213.76,3786.29,10589,2527.52,1136.45,6023.27,1426.27,63.7655,2851,3985.31,598.97,5117.54,10588.3,120418,944729,798609,74033.1,13025.6,3868.41,910.732,5047.34,3337.49,138.239,2487.47,9738.12,1605.86,6151.44,17797.2,2801.42,6234.71,3880.56,894.415,3102.13,4644.99,1054.99,985.518,4861.18,3964.61,10.5351,23848.8,14911.6,25052,14309.1,896.768,5220.04,7470.64,1644.48,2042.41,7520.98,2994.84,857.752,9174.79,783.349,15403.1,10476.9,1480.11,2889.98,3695.2,2333.37,3253.18,9391.3,10245,11546.4,41047.2,139129,152868,161570,49303.1,9662.47,3074.74,4084.08,1382.95,695.107,3561.72,8519.04,3365.59,40.9645,11235,5459.13,1244.07,1391.55,2305,1869.37,275.17,655.385,1139.76,969.822,229.723,1736.69,10615.8,4371.47,9867.75,68.5159,4986.28,798.106,333.499,2180.4,1823.46,124.024,1373.76,2010.36,165.657,3545.65,16383.9,3134.67
11.888616780,626.733,3805.62,8312.83,1712.84,38.924,226.178,114.251,89.9605,585.259,671.963,96.3382,613.119,1500.28,101.455,6710.56,5777.2,6832.44,576.282,697.63,1525.06,888.375,558.469,1526.54,966.651,1942.8,2170.34,416.735,9744.81,6429.1,416.297,3545.7,1700.23,98.8639,84.235,1362.61,2202.12,2609.61,11589.3,35451.6,196005,303165,163536,21042.3,9762.76,10655.6,6394.24,2035.35,3067.39,3060.45,8924.81,5522.21,9254.78,12023.3,1593.34,8858.12,707.471,5333.66,6440.27,308.053,3678.09,7619.51,2684.76,1574.51,17487.5,5671.44,23401,15918.6,2474.65,3100.64,2899.16,755.489,918.223,2793.8,1950.86,12.6796,2217.94,6091.68,8165.95,16238.6,3663.18,1459.37,5716.38,1408.32,120.49,2554.47,3893.49,558.337,4944.26,12101.4,111041,942788,825604,81025.6,11205.2,3808.14,955.601,4380.27,3342.28,238.364,2477.4,9457.59,1558.27,8279.44,25761.6,7273.29,6823.61,2941.4,352.232,2591.38,3779.16,1034.5,928.417,5185.47,4668.22,662.756,23460.5,5922.61,20180.9,12615.4,208.855,4309.73,6647.47,1442.49,1774.11,7631.12,4143.19,2136.35,11621.6,1102.59,18774.4,10559.1,760.352,1635.67,2799.24,1370.68,1919.59,6951.62,7586.95,6142.82,25768.3,127655,220065,159109,30764.6,6667.91,1879.32,2907.69,899.172,392.415,2415.7,7581.01,5542.33,504.717,14993.9,9454.6,3161.29,3263.14,3133.29,2303.48,669.353,906.707,1335.23,1150.8,414.272,2197.43,9290.61,485.699,8841.14,1042.52,4405.5,922.168,422.279,2126.35,1865.15,204.84,1255.12,1900,565.075,5812.43,21813.4,6344.53
13.374693878,200.567,5773.36,10441.3,1988.19,48.9781,104.902,97.4159,141.329,552.133,580.491,108.452,590.136,674.808,650.477,4413.09,1610.78,4275.2,492.738,522.429,1241.85,1029.91,996.909,1650.97,1419.41,2322.77,3201.53,1841.13,13184.7,8655.47,1263.43,4116.35,1363.99,27.4559,27.0354,929.939,1405.37,1388.32,6667.28,16190.4,211964,374276,124139,10264.1,3930.41,6269.83,3994.18,668.736,1494.07,1166.97,6944.15,4243.71,7273.03,12846.6,2029.17,9218.45,1921.93,5400.53,5504.05,736.709,3558.46,5599.8,2320.91,1417.57,12136.4,4669.57,21687,21122.9,3279.4,3409.15,3125.2,959.797,1029.76,2461.6,1884.54,98.7755,1717.3,5893.83,14667.9,23552.8,5337.88,2474.58,5252.24,1091.84,264.954,2326.18,3229.19,856.843,4433.39,14455.8,83851.1,907912,818154,68821.7,11706.3,3438.93,795.401,3661.84,3011.85,471.406,2103.37,8925.64,2747.29,11000.8,35644.9,14787,6330.54,2052.54,31.5123,1964.38,2841.91,938.681,945.223,5592.97,4098.11,2153.13,24147.9,4987.73,17920.4,9376.66,45.3907,3662.74,4905.17,1621.42,1864.49,6968.03,5026.83,3562.64,13485.8,6097.94,24323.5,10032.5,455.62,626.542,1906.91,547.512,862.808,4803.72,4400.8,1958.31,14070.6,104192,268794,143739,15672.8,3675.5,766.863,2113.8,478.646,145.829,1319.94,6435.2,6982.04,2345.28,20089.8,16658.3,6589.82,5172.67,3641.88,2522.16,1057.18,1258.43,1222.25,1248.04,712.057,2237.53,7854.01,471.062,9224.79,3184.07,3247.39,1192.23,545.119,1850.1,1713.53,355.881,1168.02,1777.93,962.499,8179.47,28572.6,11788.6
14.860770975,140.306,7836.23,12524.7,2273.45,90.4877,41.0779,68.0974,189.05,482.899,405.904,179.484,536.16,250.839,1311.44,3305.06,280.8,2493.37,481.113,456.113,844.177,1029.56,1524.72,1520.24,1639.98,2653.07,3507.23,4306.22,17756,11256.1,2503.63,4301.17,1066.14,14.2582,18.2223,655.559,801.688,612.422,2713.13,5239.55,212111,415356,86194.4,4669.03,963.786,2540.78,2206.65,104.044,549.234,226.268,5188.01,3524.93,6258.83,15272.4,5339.3,8510.15,3112,5304.37,3944.48,1623.73,3377.62,3440.54,2102.83,1895.73,6772.98,8110.89,25572.4,26165.1,3596.64,3128,3094.42,1043.51,1091.54,1923.06,1538.44,480.14,1373.47,4685.53,22116.4,31802.8,7729.38,3483.55,4633.08,775.552,438.515,2107.52,1915.98,1815.44,4288.69,13954.1,52534.8,849391,778578,45845.3,12006.3,3115.62,1244.52,2189.46,2808.01,648.021,1703.03,8057.38,4348.39,14378.8,46857.6,23759.6,4830.3,1389.19,165.874,1350.42,1775.56,1004.38,1090.71,5398.31,3247.45,3274.21,25701.5,11907.7,17596.5,5916.68,586.319,2778.03,3128.87,1986.39,2241.3,5320.21,5761.94,4451.15,13902.2,15618.1,31804.1,9787.77,403.773,97.9826,1175.38,162.255,354.129,2902.9,1793.83,301.612,7073.96,76131.8,290421,121416,6299.85,1884.87,95.5711,1352.87,319.473,75.4019,630.921,5022.58,7481.62,4848.69,25615.9,27096,11083.3,5989.67,3999.76,2255,1369.38,1593.49,920.401,1140.89,1151.53,1805.28,6420.84,3720.44,10927.2,4968.03,2121.88,1440.41,599.202,1433.88,1450.03,467.77,1007.35,1735.32,1009.91,10200.4,36322.8,18409.6
16.346848073,620.787,9378.38,14459.4,2550.17,97.6997,23.3441,56.6463,174.561,415.632,194.853,301.957,446.689,108.257,1571.3,2997.57,606.371,1468.07,374.977,593.166,430.792,903.42,1889.58,1313.23,1440.74,2960.18,2883.06,7208.07,23225.8,13566.8,3369.47,4261.7,914.11,23.3884,8.63055,554.489,331.428,360.403,656.768,1144.48,204253,425317,58372,2648.57,227.116,669.72,1022.09,33.1076,124.796,125.595,4316.27,3319.98,6245.7,18814.6,10747.9,6843.36,3777.1,4844.41,2355.3,2442.88,3112.01,1570.29,2027.5,2414.61,2884.51,12727.3,34462.3,29784.4,3113.38,2619.38,2698.1,968.294,980.954,1316.86,1129.92,917.969,1095.93,3104.86,28759.3,40385.4,10155,3698.21,4319.13,375.083,718.275,1416.91,1181.88,2128.97,5292.02,9085.29,29957.8,781386,718618,24591.8,9361.4,3468.57,1579.72,1228.4,2028.82,912.272,1098.13,7624.71,5016.19,17667.6,58568.2,31848.6,3053.97,869.182,530.776,904.859,951.461,941.307,1222.96,4509.27,2876.11,3217.35,27740.3,24320.4,17821.1,3123.16,1411.65,1900.06,1567.68,2277.47,2533.91,3383.06,5982.33,4469.62,12599,28130.2,39983.3,10022.4,446.413,21.5827,803.13,66.7526,236.883,1365.55,696.303,259.493,3643,52063.5,286664,100801,1969.57,1134.3,49.8363,631.966,404.415,43.5918,314.141,3660.75,7455.93,6396.95,30545.1,40032.2,15348.8,5211.71,4276.27,1563.18,1559.9,1774.3,542.315,895.481,1538.33,1108.58,5126.2,8775.08,13788.9,5392.03,1378.83,1446.49,636.249,885.956,1232.3,403.818,837.579,1601.07,754.113,11565.3,44296.3,24614.2
17.832925170,1233.9,10167,16174.7,2636.03,101.556,35.0439,62.3721,117.475,314.544,86.4655,331.964,407.528,40.6859,1425.45,3269.8,1557.08,953.302,207.263,686.099,205.58,644.079,2113.46,964.491,1051.67,2998.73,1799.26,9588.81,29040.4,15141.3,3195.62,4291.99,870.95,42.0526,4.90649,401.566,230.098,325.085,86.7163,509.378,197515,413756,43208.6,2236.66,200.24,97.1487,522.728,126.364,73.0392,340.532,4253.57,3586.4,6408.77,22674.7,16723.6,4714.9,3681.76,4065.08,1074.73,2822.14,2590.89,455.381,1988.69,2390.05,839.783,16045,46128.5,31508.5,1962.53,2110.99,2048.25,743.39,720.03,807.651,710.787,1234.78,779.965,1893.6,33046.6,48740.2,11481.5,3280.8,4158.3,143.556,649.618,1040.56,613.292,1583.4,6564.46,3031.75,20563.1,718927,654356,13011,4524.03,4435.67,1116.32,650.586,1489.88,798.889,683.905,7364.16,4610.23,19668.6,69918.1,36847.9,1782.61,456.61,867.584,560.134,409.21,809.675,1059.36,3533.02,2656.8,2213.63,29753.5,38574.6,17437.7,1355.61,1657.63,1403.03,520.084,2216.24,2450.6,1758.78,5411.62,3791.78,10062.5,41039.2,47468.1,9947.58,624.911,318.866,557.842,110.403,198.056,663.184,382.282,488.415,2053.91,37063.1,267600,88158.8,553.185,764.773,135.621,380.493,406.972,34.201,168.161,2578.55,7528.76,5726.46,34324.3,53769.4,17999.2,3491.75,4148.55,869.975,1441.86,1824.87,216.124,689.31,1569.64,518.524,4019.14,13992,17334.3,4551.87,920.792,1254.45,524.319,522.124,938.986,235.964,682.533,1272.9,462.755,12001.9,51678.4,28914.2
19.319002268,1374.01,10533.8,17501.7,2415.66,135.778,68.9034,66.1178,51.0781,245.551,24.0458,275.517,407.238,2.45422,1098.31,3891.63,2518.69,678.699,83.006,634.963,109.074,468.43,2049.06,641.858,695.01,2647.37,817.772,10860.2,34291.1,15848.7,2116.32,4370.92,892.802,46.5192,29.1179,265.436,288.949,217.407,98.6527,879.887,195787,395082,37123.6,1872.8,275.756,5.50976,316.108,123.698,57.5195,590.7,4701.3,4022.99,5764.27,26267.4,21665.1,2768.6,2923.25,3154.94,334.891,2580.65,1995.74,74.1606,1662.78,1855.24,145.061,17345.6,57570.5,31380.6,820.779,1455.19,1488.13,383.673,417.683,470.099,330.127,1368.19,455.893,1313.96,34395.3,56228.9,11095.4,2835.71,3881.26,103.914,522.725,626.712,181.497,1228.13,6150.69,89.2987,20506.4,672125,600684,10495.4,784.639,4559.19,727.365,195.48,1011.98,581.984,534.986,7016.24,3737.16,19683.5,79799.4,38150.8,1149.01,180.626,1022.49,291.101,155.685,616.502,558.505,2942.14,1970.2,1159.06,31259.8,50999.2,16257,458.988,1176.25,1043.31,124.229,1720,2065.42,729.255,4234.7,2756.27,7286.3,51415.2,53600.6,8549.07,998.082,739.942,463.196,84.4765,133.508,370.583,196.737,525.191,1110.53,30476.3,245820,84052.2,304.402,428.827,66.2191,355.295,331.813,16.2972,80.6535,2116.59,7400.02,3269.04,36898.9,65823.7,18603.2,1816.65,3487.81,415.06,1137.08,1714.11,83.8053,480.535,1344.15,181.546,3082.95,18204.8,20699.1,3307.87,558.2,980.514,307.739,274.427,682.794,81.5858,473.149,934.935,242.549,11392.1,57804.2,30766.9
20.805079365,833.287,11109.8,18146.9,2008.87,180.465,110.556,71.1269,16.6941,185.609,7.37529,212.856,375.713,22.2163,789.413,4518.91,3314.8,451.721,59.5686,557.119,62.628,377.839,1850.21,396.786,436.703,2110.33,243.117,11042.6,38032.1,15703.3,918.834,4366.39,930.578,42.9003,95.6826,211.115,256.28,86.4356,198.674,1572.33,196917,378913,35727.8,1015.77,392.365,42.2279,180.303,90.9989,34.7731,816.89,5042.22,4456.52,4011.56,29676.9,24223.8,1532.11,1980.35,2364.61,29.9591,1909.77,1682,9.79102,1101.57,1390.81,75.7752,17046,66375.1,29868.9,281.17,745.616,1014.27,143.721,159.136,242.624,122.595,1248.24,288.163,1063.3,33567.6,61893.7,9651.14,2490.78,3607.5,238.516,283.103,304.746,88.7089,1052.35,4024.53,1049.36,24332.4,641928,564552,12190.9,145.26,3111.71,631.311,119.23,546.559,326.237,684.693,6568.87,2884.67,18226.4,86873.1,37005.5,789.955,131.306,902.158,163.57,61.2502,348.346,175.681,2426.75,1166.76,754.157,31452.4,60013.7,14272.7,136.236,690.809,617.366,8.13038,1358.57,1383.53,187.546,3127.59,1677.18,5098.74,57292.2,58256.1,5864.89,1599.91,1075.22,371.856,40.897,73.6993,209.619,88.6332,378.083,428.529,28771.4,229343,84634.7,470.108,155.782,3.18443,302.756,259.188,85.4817,69.3952,1935.53,6911.38,825.137,37968.1,74104.9,17655.2,795.975,2648.58,164.887,778.534,1577.37,82.7227,260.295,1137.95,52.5098,2242.13,21115.4,22927.6,2386.37,248.323,696.441,140.828,113.14,492.074,13.7151,261.179,678.6,93.1845,10196.3,61766.7,31086.9
22.291156463,190.092,11790.1,18284,1583.6,213.293,132.523,84.0595,26.0585,136.675,18.9108,161.747,328.831,77.926,555.389,4958.98,3886.39,258.465,144.569,509.256,36.8018,377.296,1647.87,235.973,296.088,1632.81,93.1719,10418.9,39783.8,14918.6,320.937,4208.18,945.409,59.963,167.745,179.294,133.267,100.633,205.416,2544.03,198221,365038,37564.7,322.278,369.944,71.1085,113.641,93.1394,65.1901,796.75,5304.89,4617.86,2491.6,31982.5,24446.6,1101.24,1285.63,1752.96,20.384,1336.51,1510.53,66.8459,645.785,1307.17,174.276,15780.4,71819.2,27678.9,231.567,378.08,562.916,36.034,43.6773,133.224,60.8314,930.252,400.221,785.033,31918.3,64554.8,8685.09,2258.64,3241.97,449.838,160.526,158.275,7.45378,707.552,2388.87,3043.33,29665.6,621856,541787,15119.8,1579.08,1540.73,443.103,55.8765,350.371,163.256,1091.98,5774.92,2419.55,16857.2,90108.6,34941.1,468.599,300.162,653.412,104.941,32.1853,195.259,34.778,1754.49,871.394,734.741,30429.3,65277.1,12079.4,93.9743,524.911,319.945,15.8584,1094.4,830.519,54.8752,2280.98,876.227,3876.18,58905.1,60395.8,3520.96,2123.32,1405,207.333,57.3561,70.3833,110.608,7.69557,192.417,191.405,30268.6,217367,86789.5,730.449,28.8809,49.2189,160.699,242.64,166.093,110.4,1949.46,5939.08,9.16318,37046.5,78110.4,15927.9,383.115,2015.01,115.668,426.9,1479.74,191.4,114.26,966.218,135.304,1590.05,22668.9,23736.9,1904.01,88.0079,433.626,65.4443,65.2698,332.433,34.4622,124.045,522.911,8.9773,9013.76,63346.9,30780.1
23.777233560,146.544,12072.8,18311.9,1311.93,179.817,152.063,96.9389,46.4056,111.706,34.2983,123.94,297.087,111.602,408.427,5123.27,4334.16,116.121,309.076,495.683,24.0427,457.517,1438.81,190.54,274.463,1329.8,169.366,9486.72,39615.4,13677.1,495.961,3987.62,919.035,68.3751,325.272,99.4939,93.2464,111.501,113.479,3597.12,197156,352160,40150.5,60.9451,182.847,199.601,52.6259,139.502,131.138,580.047,5463.38,4423.21,2212.28,32465.3,23334.5,1094.33,956.183,1426.55,84.3463,1023.98,1470.31,123.323,440.794,1414.15,283.221,14635.3,73964.9,25582.2,269.804,304.128,303.505,9.05814,19.0785,66.1013,87.4481,619.718,644.024,424.522,30122.7,64598.2,8756.49,1862.99,3110.86,481.115,128.803,14.0408,107.717,275.363,2353.61,2892.3,35020.3,604903,524667,18042.2,2126.83,1156.43,135.186,247.071,111.083,114,1209.91,5308.8,1986.68,16303.6,90188.3,32770.7,194.479,477.347,455.769,80.7513,38.4678,90.7585,58.286,1217.63,956.032,632.753,28997.4,66771.9,10673.3,159.873,538.879,207.286,56.0749,951.027,562.706,103.443,1720.17,568.438,3381.38,57543.6,59837.3,2567.32,2281.86,1747.83,80.6847,116.139,89.8359,56.99,59.4483,104.307,179.331,32841.5,208266,87513.3,903.454,31.5014,126.286,99.7626,166.835,300.785,135.56,1881.33,4983.29,753.041,34556.5,78042.6,14293.1,300.06,1678.63,187.975,267.156,1360.29,333.906,56.919,833.775,372.298,1173.27,23191.1,23269.3,1681.63,91.6205,236.827,40.7584,71.7457,244.898,72.7281,69.0271,400.564,40.6864,8172.61,63165.5,30212.2
25.263310658,749.281,11851.7,18439.5,1278.86,85.4197,185.109,91.7689,69.3996,92.3388,40.3938,87.1292,295.362,91.7663,324.764,4993.94,4826.52,76.768,496.923,486.738,28.2924,541.846,1285.29,198.611,304.976,1170.57,302.873,8672.14,37899.5,12259.2,1024.73,3920.26,861.917,111.303,433.073,137.601,139.834,29.1271,23.8397,4331.52,191989,339168,40941.4,23.3202,45.6789,381.608,29.2856,130.511,262.487,281.287,5637.97,3971.19,3024.02,31184,21916.4,981.457,1036.98,1284.91,78.9096,914.636,1508.66,135.646,438.35,1416.8,442.516,14371.4,73656.5,23803.1,210.28,286.478,201.682,5.70861,31.0753,46.137,112.355,452.394,696.665,113.458,28635,63044.1,9317.66,1427.69,3180.24,300.83,99.1405,2.08715,189.586,54.9538,2895.92,1277.67,38319.7,586578,507081,20021.2,1080.85,1591.33,2.80809,373.146,57.5156,68.3668,992.426,5034.62,1636.36,16411.6,88189.2,31054.4,30.7461,464.375,357.599,64.4899,43.5522,49.4909,114.278,912.417,1025.58,367.761,27373.7,65567.3,10351,263.44,532.41,223.571,68.2453,919.821,478.439,136.581,1348.38,806.417,2950.94,54920.9,57043.8,2936.16,1987.13,2190.16,74.6999,213.206,88.2646,48.4558,201.427,183.432,129.837,34416.2,200518,85115.6,1017.1,48.486,162.522,93.5012,139.84,408.778,159.865,1663.23,4443.23,1816.26,31587.6,74665.7,13058.6,434.733,1516.91,259.229,251.124,1270.21,432.091,71.9191,720.992,628.75,1023.53,23102,21884.8,1472.24,144.684,137.733,23.4816,91.5912,190.207,87.7346,48.3359,285.993,188.453,7739.63,61988.8,29460.7
26.749387755,1336.88,11551.1,18560,1455.41,12.0484,189.323,84.618,79.7573,82.7527,27.3837,49.991,302.657,57.4222,246.909,4679.84,5401.92,227.725,606.25,475.692,55.9446,585.438,1194.88,188.153,309.686,1100.35,394.745,8069.18,35347.9,10750.7,1483.72,3875.79,971.182,178.159,569.686,178.707,172.934,46.2656,21.544,4301.66,182802,324426,39217.5,41.8535,140.922,389.337,60.9757,182.553,371.614,153.16,5640.87,3696.01,3815.93,28946.7,20675.6,577.076,1248.54,1201.45,18.4578,926.23,1431.82,177.329,474.294,1339.87,584.948,14869.9,72486.9,21818,105.81,228.67,176.617,0.548283,22.2259,58.6324,68.3973,416.653,476.587,3.31789,27653.3,61017.8,9211.13,1469.23,2958.1,181.311,116.259,31.9563,180.497,10.2401,2937.71,1098.49,37620,565185,486561,19906.6,501.309,1970.67,26.4437,327.263,89.8113,83.5732,709.651,4516.85,1698.28,16191.1,85287.7,30010,6.0491,284.755,333.728,31.3101,16.5326,60.8585,93.8757,782.909,917.051,135.632,25139.1,63246.1,10656.2,297.56,521.017,251.883,98.8633,837.338,505.144,81.6139,1120.27,1162.44,2232.5,52176.7,52991.3,3603.67,1612.21,2640.47,183.812,275.663,149.111,91.377,271.9,367.583,97.7106,34209.7,192178,79999.5,1035.48,33.201,233.108,95.3203,143.466,499.074,166.524,1473.77,4261.5,2181.46,28630.6,69560.2,11855.9,679.568,1404.1,286.803,259.632,1239.73,441.496,102.39,672.966,714.229,1197.48,22546.1,20015.7,1132.67,148.065,100.865,4.40737,80.8528,162.882,72.7884,30.9324,222.375,297.273,7556.96,60488.4,28429.4
28.235464853,1330.25,11353.5,18482.5,1817.88,10.2236,169.691,67.426,75.5184,73.0557,10.5218,21.3467,294.781,81.0128,151.982,4341.02,5942.26,584.499,592.656,443.735,102.733,609.151,1091.61,173.164,295.567,1060.98,394.659,7401.07,32932.3,9034.29,1596.51,3812.91,1244.23,267.969,636.37,298.659,162.083,125.644,113.136,3454.49,170612,307616,35507.6,163.952,275.013,309.527,165.465,222.029,424.162,245.117,5504.5,3809.59,3607.13,26634.6,19313.3,217.763,1283.27,1143.07,35.2732,816.661,1358.6,239.963,425.087,1305.88,571.721,15711.7,71430,19536.9,48.2755,168.18,162.164,1.08994,15.4864,55.7962,30.1902,378.18,206.782,111.185,27312.6,59033.9,7967.53,1758.04,2655.86,154.171,121.712,43.9867,278.624,32.0978,2350.51,2805.5,32621.4,541318,464219,16996.9,1551.15,1784.77,87.0124,385.921,96.0752,106.546,477.008,4018.58,1838.88,14867.9,82197.7,29756.1,58.8087,142.534,282.156,11.9417,3.43024,67.3305,49.1056,697.828,733.284,105.571,22202.6,60710.6,11051.9,217.664,549.044,209.188,163.8,780.344,441.836,38.3087,1060.35,1138.12,1630.93,49296,48741.7,3512.2,1708.46,2816.7,383.471,342.402,203.527,163.412,315.662,484.114,227.587,32248.1,182362,73384.6,883.79,50.3067,284.919,110.973,175.889,561.396,165.761,1439.88,4234.42,1679.38,25279,64546.4,10298.4,853.11,1248.05,325.429,273.935,1160.7,461.217,113.14,666.645,594.456,1646.35,21535.8,17832.3,788.168,80.3153,101.838,1.23171,47.0906,143.358,45.0084,26.6436,210.188,262.941,7685.61,58771.2,27032.4
29.721541950,781.496,10848.3,18255.4,2275.66,63.1777,133.444,43.7137,69.296,58.3215,2.4289,8.29137,258.373,184.962,55.3872,4092.18,6417.1,966.09,481.156,391.024,128.199,653.442,942.519,152.878,315.511,1033.11,288.067,6714.31,31129.1,7217.56,1284.83,3709.06,1579.56,402.852,597.508,403.299,226.132,91.9466,247.212,2227.06,157008,289735,30900.3,428.052,211.31,338.527,246.27,237.881,406.749,588.514,5262.62,3930.61,2433.26,24347.7,17951.5,188.796,971.816,1197.05,132.855,612.917,1252.68,299.269,384.191,1179.77,488.158,16767,70278.4,17668,43.9112,134.08,155.313,3.31463,9.85412,51.3389,10.6785,278.042,92.9979,255.228,28032.6,56805.9,6197.93,1729.94,2450.45,293.958,132.254,46.7917,293.398,329.624,1835.17,4124.74,26168.5,515704,441876,12729.7,2970.25,1307.86,400.776,304.687,123.77,166.511,515.766,3629.29,1614.51,12667.5,78937.1,30413.9,94.9996,126.841,208.153,3.60905,0.575441,64.2956,13.7642,615.157,626.939,185.512,19456.8,57791,11275.9,175.533,466.496,192.017,231.678,717.109,287.689,74.3092,1193.7,661.761,1498.34,46477.2,44780.6,2431.04,2217.85,2624.98,649.124,352.627,249.985,215.43,370.045,452.423,475.328,28926.7,171410,66550.9,567.36,146.318,212.819,185.735,243.956,486.953,253.756,1641.95,4030.5,832.84,21436.3,60437.5,8794.6,705.985,1189.51,359.132,247.473,1062.96,483.343,113.493,599.364,467.163,2023.2,20168.8,15605.4,529.365,9.53569,109.478,4.43388,34.8674,88.8288,44.4655,24.5885,222.401,128.207,8089.27,56822.9,25276.6
31.207619048,214.523,9546.25,18042.6,2689.09,90.5306,127.971,16.5773,59.0374,46.6279,1.06108,9.26341,229.114,285.012,2.28503,4003.53,6802.64,1140.75,376.235,306.024,127.531,646.711,812.56,108.402,395.123,1002.96,134.927,6331.67,30069.1,5696.37,771.087,3455.71,1950.19,460.804,549.314,385.931,297.708,55.3796,307.407,1163.66,144177,271833,26755,713.333,75.7906,362.132,257.568,279.523,280.768,1046.04,5128.63,3425.4,1170.75,21739.8,17159.4,363.037,556.754,1327.4,187.242,496.267,1044.85,331.266,306.772,1025.99,369.446,17668.5,68959.5,16663.4,51.9728,144.917,142.808,5.38601,7.35508,51.1124,7.08882,155.635,144.188,316.99,29566.3,54559.5,4642.07,1128.67,2512.4,554.913,80.3068,83.2242,183.435,703.96,2123.87,3221.18,21803,489853,420616,9821.38,2909,1294.65,724.022,166.919,132.731,176.125,754.311,3616.45,900.165,10291.7,75769.9,31523.8,110.438,179.182,143.695,3.29969,8.69292,58.4133,0.829309,509.787,702.506,178.588,17643.2,54385.2,11071.6,197.636,337.469,156.862,272.165,588.294,207.229,123.886,1349.94,245.839,1610.29,44551.3,40942.9,1114.19,2407.16,2351.97,824.802,294.736,298.634,210.925,389.77,355.801,637.194,25157.6,160074,60493,238.076,220.957,141.59,240.205,286.343,346.461,385.133,2065.44,3499.01,252.763,17816.8,57426.9,7951.82,331.37,1192.19,402.999,213.835,953.626,444.611,100.751,460.96,483.425,1968.32,18628.7,13605.6,343.353,20.1705,99.8399,8.0589,21.5877,55.0296,43.2636,22.6974,211.701,32.8404,8525.39,54856.6,23022.1
32.693696145,22.593,7554.34,17951.3,2890.71,75.813,152.793,6.36827,36.6484,40.6406,2.65543,14.8273,251.177,283.218,21.8532,4087.34,7102.99,999.199,326.993,212.558,94.6499,576.796,717.322,47.5135,524.187,947.841,34.4767,6483.29,29667.5,5071.36,285.592,3200.87,2117.71,464.859,398.735,389.1,230.416,135.126,237.39,569.079,134154,254433,24151.3,779.584,64.4189,228.299,325.748,192.567,226.787,1265.52,5143.2,2369.4,537.939,18810.4,17193,480.549,496.134,1356.44,192.744,385.886,863.06,278.889,195.981,896.431,249.245,18235.5,67369.5,16412.1,49.6988,194.825,112.761,9.95112,12.1032,37.8647,23.5514,83.5232,199.468,393.114,31118.6,52862,3771.62,346.15,2814.06,698.477,86,30.2079,230.265,701.699,2910.01,1046.34,20633.4,466304,401134,9631.94,1414.27,1770.73,626.146,186.273,68.0353,235.977,1058.13,3730.39,250.852,8597.24,72871.2,32446.6,189.828,174.152,120.586,14.1688,20.9105,49.2324,7.45557,400.563,912.991,69.0596,16576.2,50718.5,10425.3,244.621,215.036,111.9,238.104,487.026,135.677,166.896,1353.1,397.874,1737.07,43836.1,37253.5,409.998,1859.28,2245.39,704.641,296.606,232.233,232.903,274.193,342.611,529.11,21957.5,149023,55893,38.352,184.087,121.41,227.602,313.19,196.38,463.13,2535.11,2894.19,62.1589,15670.3,55162.1,8144.57,52.2025,1139.11,463.343,155.764,854.976,366.816,63.5571,306.472,606.882,1448.47,17144.5,11855.1,229.419,94.6322,93.1887,6.17063,17.9305,26.2164,41.2063,18.1967,172.684,47.6257,8779.91,53005.7,20363.5
34.179773243,133.309,5789.3,17775.1,2863.81,77.0767,175.847,5.31288,24.0036,53.7697,0.3384,16.0541,344.736,184.059,86.322,4430.89,7229.52,676.257,282.032,145.805,40.9511,460.121,632.663,18.1581,652.892,912.596,14.5661,7150.38,29553.5,5793.09,31.2088,3031.73,2052.24,364.714,268.117,315.005,142.24,210.932,162.698,594.188,127432,237625,23330.6,552.253,58.025,190.947,239.614,157.323,155.945,1272.3,4844.79,1582.12,451.33,16160.5,17770.9,540.331,796.675,1245.6,167.171,310.23,721.069,157.489,64.2058,870.057,152.006,18389,65378.4,16468.1,58.3063,232.381,86.3485,10.4356,13.2958,39.3963,35.2947,52.9754,178.257,623.934,31881.5,52051.2,3708.43,163.856,2921.15,818.339,67.9222,11.1203,235.669,669.591,3032.48,27.5375,21198.9,446962,384212,11022,189.121,1798.66,542.333,143.235,50.9679,238.467,1446.64,3607.47,255.024,8032.84,70177.6,32778.9,367.158,99.741,125.765,21.315,26.7558,50.4018,16.7556,343.104,1089.76,43.7374,15600.2,46956.3,9662.26,233.284,151.314,65.6103,143.054,400.349,98.1072,178.168,1265.83,959.067,2067.38,43754.5,34148.3,499.988,990.723,2084.54,483.649,216.05,204.79,156.418,182.57,321.642,230.121,19783,138810,52899.8,26.4497,72.3102,98.5582,197.673,290.22,95.2663,426.278,2821.43,2607.47,30.705,15673.6,53091.5,9267.6,9.2326,1055,523.068,120.858,760.004,256.949,18.1019,192.244,679.026,879.867,15707.7,10362.8,190.129,132.735,120.866,1.12543,18.4495,22.0062,28.737,5.93825,149.552,106.532,8906.3,51109.8,17765.1
35.665850340,265.876,5039.21,17395.5,2715.53,129.206,195.725,6.62129,23.6273,75.3669,4.66362,26.6515,522.247,122.927,180.933,5125.04,6967.69,448.821,215.718,97.2712,17.354,318.483,532.28,59.5081,745.908,913.247,48.899,7816.45,29961.2,7285.11,47.9831,2981.14,1909.96,274.367,86.5257,352.13,41.9103,244.916,213.907,1163.7,121730,224491,22124,139.314,36.5699,340.728,106.234,122.397,180.741,942.576,4319.06,1469.49,451.032,14297.4,18284.2,835.62,1120.01,1101.8,113.871,239.698,652.429,26.077,0.646519,984.639,163.479,17917.5,62862.9,16538.7,77.7002,254.474,57.4716,18.1046,22.3042,27.9467,59.7983,17.3431,137.333,908.412,31608.6,51965.5,4312.12,584.937,2997.26,805.112,80.1289,30.4256,184.798,724.463,2209.14,712.232,21346.4,432609,370451,11672.2,166.1,1085.57,544.533,101.604,34.5778,229.762,1610.85,3578.97,647.881,8299.12,67687.9,32384.6,531.252,50.3029,98.3369,43.3845,19.7115,64.3442,27.11,346.118,1203.69,181.67,14405,43187.3,8949.91,140.855,180.249,81.1021,27.2353,376.11,56.2612,109.894,1313.46,1346,2868.2,43428.9,32004.7,881.224,503.051,1655.15,268.999,166.113,129.924,55.9508,204.983,182.696,12.4374,17549.4,131696,50426.6,134.966,30.739,81.6142,110.637,321.82,37.318,283.859,2907.56,2737.86,13.7576,16659.6,51756.4,10403.6,86.4245,1006.49,612.095,162.34,582.06,195.448,5.6367,132.979,617.302,752.97,14028.5,9379.79,146.657,79.7394,250.129,48.3855,35.0557,40.5902,7.02527,2.96713,171.212,115.311,8939.8,49039.3,15850.3
37.151927438,340.136,5120.3,17055.1,2608.21,230.536,205.392,10.8167,31.568,101.543,28.8375,73.9524,758.085,267.35,396.634,5983.22,6321.32,420.873,144.531,66.8782,19.7787,198.96,412.749,151.423,795.64,971.334,81.4256,8074.74,31061.1,8592.65,218.303,3092.39,1871.67,188.019,112.996,576.808,79.8437,652.142,374.392,1421.45,116847,219554,17576.4,366.331,588.192,559.044,206.178,142.28,215.022,566.316,3624.02,1708.63,265.728,13441.8,18223.5,1462.75,1224.97,1015.12,68.4081,199.131,605.689,3.07097,54.2791,1139.79,479.826,16565.2,59613.4,16752.9,71.367,284.942,48.6994,32.9928,40.9301,7.7634,103.685,4.77259,165.537,919.774,30808.4,52196.2,5143.03,1008.72,3202.54,822.84,100.081,157.696,355.658,634.307,1708.61,1205.19,19497.4,424372,360977,9972.93,510.578,571.147,344.6,197.583,138.03,157.778,1672.9,3773.59,839.257,8519.97,65644.3,31429.4,522.513,43.3519,55.2819,90.4366,7.79677,83.3444,73.3019,444.743,1416.77,295.195,13526.8,39289,8062.13,176.782,299.862,124.295,22.5049,349.489,13.4382,42.0266,1545.72,1399.75,3867.27,42147,31193.7,903.718,510.041,1035.39,165.931,162.882,38.5299,65.0505,328.062,130.715,370.318,13697.5,130734,48515.3,228.179,108.136,180.758,70.0157,510.778,112.452,73.1177,3043.3,3060.19,60.5803,17034.7,51717.7,10686.3,105.256,1185.57,687.137,201.946,425.04,169.419,10.2026,127.877,544.07,1026.66,12015.2,9152.41,50.2474,100.376,528.033,168.784,74.2179,62.6074,1.86053,33.2197,264.542,72.5842,8730.07,46981,14860.8
38.638004535,417.559,5371.67,17118.9,2673.06,281.284,230.885,21.8084,43.7796,113.653,87.3027,184.012,1002.1,652.967,890.102,6691.68,5326.75,563.511,97.1526,47.7652,33.3412,111.976,284.712,248.686,810.795,1035.56,114.64,7863.05,32753.7,9307.35,357.688,3249.15,2203.24,324.094,262.141,702.056,563.568,1873.8,1439.04,932.789,116511,228143,9955.33,2827.91,2191.22,745.342,294.514,264.275,352.462,266.698,3320.54,1464.94,42.0508,13581.4,17606,1971.19,1276.4,909.352,45.7235,242.665,570.91,66.4107,177.655,1292.8,1162.97,13957.5,55867,17307.8,33.0677,358.944,74.9446,58.403,55.8489,0.792113,123.304,71.0075,334.82,548.983,30076.3,52760.1,5524.14,945.774,3926.23,944.296,205.654,273.091,464.473,584.145,2740.16,441.949,15597.3,424774,358450,6313.79,427.491,1005.83,141.416,229.365,181.118,205.453,1480.89,4714.02,539.95,7825.52,64817.8,30030.1,340.833,58.7146,57.959,131.927,5.13242,102.073,151.396,657.87,1912.2,279.742,13665.1,35500.3,6476.64,556.328,516.539,157.186,81.2352,328.372,26.5165,30.3681,1748.03,1564.51,4153.35,40168.8,31601.9,513.68,541.506,649.16,179.316,136.946,22.8699,129.228,477.132,605.675,1995.65,8816.45,139326,49329.7,553.744,575.069,505.028,305.456,634.495,287.303,42.4653,3503.64,3515.61,126.888,16638.4,53014.8,9842.14,154.491,1481.24,746.63,260.876,264.849,142.25,29.1117,188.41,618.611,1308.2,9788.8,9745.63,65.2251,425.233,855.895,329.205,162.635,103.898,21.6557,82.763,401.363,98.3721,8069.18,45368.5,14602.1
40.124081633,446.095,5631.04,17575.9,2914.48,238.042,293.818,37.5877,39.899,126.343,159.47,345.504,1229.74,1135.61,1727.21,6957.17,4104.04,747.708,77.1562,28.0108,42.4316,62.023,181.528,281.59,810.047,987.206,196.263,7287.97,34773.5,9885.18,292.1,3726.13,2671.51,542.465,617.225,971.625,1155.54,3357.89,4555.98,1312.05,127782,255436,5324.69,8326.49,3889.83,980.131,573.418,467.85,347.101,272.022,3627.39,624.805,102.812,15050.9,16543.3,1873.22,1536.82,736.068,32.6393,272.24,575.877,180.444,324.024,1374.34,1999.12,10230,52114.7,18317.8,41.8414,452.121,117.721,78.29,94.6228,12.3542,132.495,154.756,597.471,116.668,29936.5,54134.9,4941.94,908.505,4971.91,1092.51,255.066,639.963,467.57,655.517,4242.75,311.472,11537.7,437943,366976,3051.35,724.472,1564.61,108.587,182.867,384.792,156.834,1313.06,6037.92,540.881,6312.37,65880.9,28586.5,130.229,88.3635,76.4289,150.62,28.4593,160.859,240.922,923.138,2577.61,408.193,15086.5,32502.6,4056.16,1313.89,711.866,183.932,177.159,336.286,59.3591,63.4668,1720.79,2218.82,3171.67,38081.1,33266.9,215.322,293.867,582.092,226.954,137.076,120.675,261.216,582.887,1483.93,5233.51,7105.27,160849,57059.4,1927.43,1751.58,940.204,611.682,824.47,540.802,224.726,4153.38,4635.59,122.736,17052.8,55251.3,8232.73,452.078,1577.77,807.928,276.21,150.229,106.318,50.9956,279.539,858.532,1282.81,7644.13,11024.2,524.834,1016.6,1098.45,545.385,281.47,143.341,62.9613,153.381,520.949,276.652,7053.81,44447.9,14810.8
41.610158730,296.163,6402.8,17916.9,3225.79,189.534,336.546,67.3333,25.835,140.306,216.159,495.542,1450.85,1468.36,2720.67,6788,2745.03,870.26,67.5579,14.5292,36.9165,39.1805,116.198,239.423,743.616,848.425,299.501,6678.54,36572.8,11280.7,151.537,4427.13,3250.02,767.192,864.806,1451.11,1887.77,4187.43,9175.22,5724.97,158223,305115,12791,15333.2,4684.87,1533.02,1014.19,619.358,328.593,526.225,4162.69,208.484,823.502,18249.4,15270.7,1215.41,1840.65,570.023,10.5554,295.242,580.329,261.447,472.182,1369.4,2507.7,6190.94,48961.1,19826.3,178.481,457.871,187.267,120.704,101.835,45.4385,190.675,195.453,779.686,52.6848,30967.4,56647.8,3783.68,1778.41,5536.68,1378.53,381.851,853.857,733.107,939.361,4490.58,2931.54,11080.1,466994,391145,3202.33,2346.42,1391.41,205.05,321.51,443.733,162.723,1406.19,7173.19,1743.98,5418.69,68669.6,27979.9,28.7577,117.633,52.3182,212.888,74.2505,174.247,377.397,1285.04,2930.99,1010.67,17747.7,31028.1,1516.62,2177.88,728.119,259.689,255.235,309.38,130.507,148.461,1527.04,2919.18,1472.08,36358.8,36716.1,550.332,68.6544,534.941,246.46,223.988,281.2,463.576,787.102,2257.67,9524.15,14805.9,197326,76477.2,5284.56,3359.84,1232.9,954.079,1099.74,681.71,503.077,4977.67,6634.86,368.78,20158.9,57852.5,6725.56,978.799,1436.73,810.087,220.621,100.118,41.7281,99.2817,365.481,1071.48,1047.84,5789.08,12922.3,1659.53,1492.76,1241.51,797.987,365.47,171.933,112.127,257.748,583.432,497.17,6037.13,44197.8,15528.6
43.096235828,54.9798,7849.74,17861.9,3352.82,176.953,310.084,123.87,8.34846,170.299,255.669,529.755,1681.99,1512.3,3431.83,6516.2,1351.6,972.294,40.4565,4.54977,41.3224,53.4682,70.2459,213.419,534.443,712.406,339.003,6180.9,37980.9,13807.3,297.631,5367.65,3561.32,825.329,1149.81,1628.29,2668.54,4785.02,12368.8,15803.8,211568,379336,37637.8,20079.8,4993.59,2300.22,1119.5,846.682,233.049,765.781,4922.79,1122.05,2656.6,23050.3,14178.6,518.749,1824.08,504.128,1.46677,214.349,670.582,237.033,566.391,1387.13,2291.3,2996.42,47031.8,21896.8,381.377,355.648,300.585,127.026,111.859,101.379,221.392,243.263,771.604,509.212,33329.5,60341.1,3261.56,3414.87,5743.69,1467.61,488.879,1136.37,738.698,1408.42,3776.89,6915.23,17818.2,512437,432826,8855.82,4320.1,908.758,380.653,331.801,558.902,116.342,1563.15,8294.82,4006.97,6831.36,72573.7,28738.6,98.6733,135.749,37.188,252.018,171.835,169.931,429.976,1813.74,2697.46,1895.38,21631.3,31692.8,118.996,2619.81,650.179,357.191,204.088,377.077,115.202,214.771,1478.19,2817.35,211.887,35593.8,42419.9,1821.6,251.272,427.144,223.349,383.554,436.135,561.645,1123.26,2724.24,13246.1,35500.3,249798,109762,10511.7,4368.77,1546,1280.52,1200.94,785.173,699.557,5736.13,9218.24,1548.59,26063.5,60845.6,6075.65,1413.14,1225.81,624.309,202.569,54.1869,9.11632,210.064,521.285,947.294,927.412,4671.16,15398.3,3243.68,1502.68,1427.11,899.602,401.122,212.271,110.685,381.835,654.551,539.271,5357.4,44486.6,17012
44.582312925,82.9184,9368.35,17569.3,3044.15,202.088,212.906,212.821,11.0991,231.763,261.809,472.746,1821.28,1321.34,3616.82,6245.75,353.415,1079.44,20.6379,4.76882,69.3198,141.039,77.8326,241.006,249.404,630.601,255.228,5796.56,39487.2,16512.9,1034.33,6260.86,3546.18,689.889,1298.93,1763.83,2618.12,5804.23,12161.5,28846.5,284984,477063,76242.6,19557.4,5797.9,2412.59,1154.65,1018.89,129.987,1013.25,5724.9,3223.8,5687.47,28782.1,13912.1,286.531,1322.42,579.045,27.3085,123.559,780.232,166.56,636.797,1408.26,1535.42,1736.92,46657.7,24362.2,543.135,222.03,439.204,108.167,108,206.138,189.316,286.043,597.577,1172.65,36784.4,65058.8,4448.55,4803.58,5687.45,1380.9,509.595,1371.58,740.817,1398.45,3688.04,8548.31,32143.2,571179,489565,19560,4645.19,895.61,321.064,385.475,715.162,42.7599,1915.9,9414.82,6160.63,10796,77261.7,30738.8,280.065,118.101,34.3519,252.619,325.627,151.384,397.167,2379.8,2135.71,2477.51,26523.3,34843.5,790.7,2438.78,597.856,387.421,139.023,416.814,109.598,212.707,1647.31,1807.56,129.838,36631.3,50130.3,4059.22,762.978,300.396,160.066,519.789,636.443,546.758,1255.76,3290.21,14387.6,66422.9,317486,154679,15917.6,4212.81,2058.31,1224.5,1226.31,821.134,665.669,6474.82,11559.2,3854.82,32616.8,64954.2,6641.13,1372.54,1102.44,301.477,237.347,65.4672,54.6473,360.053,785.522,520.225,1063.1,4996.03,18219.8,4699.58,1158.43,1530.65,829.331,395.741,219.985,93.6498,445.302,810.456,343.133,5157.29,45271.8,19251.9
46.068390023,594.457,10139.4,17373.9,2297.95,227.741,123.097,288.823,53.5448,321.078,258.97,381.612,1825.78,988.634,3254.32,6104.94,80.4247,1168.77,57.5601,34.7687,133.96,308.862,174.028,299.665,50.9938,605.531,89.4875,5783.47,41324.7,18312.6,2086.27,6937.52,3367.87,444.565,1247.39,1688.29,2015.29,6340.89,9919.71,38251.3,369142,592904,116714,14374.8,6741.37,1749.95,1253.74,861.735,176.186,1167.71,7065.78,5340.01,9015.16,34374.3,15299.3,600.338,605.06,745.819,72.9246,123.003,890.485,98.2141,718.383,1357.5,738.833,2808.97,48022.5,26604.8,602.564,165.284,527.733,89.6644,94.564,320.297,178.527,248.367,438.455,1537.14,40677.7,70583.9,7378.03,4780.67,5916.29,977.761,680.883,1171.74,924.487,739.441,4811.14,6449.76,49431.9,637646,554652,31598.4,3050.98,1437.09,87.2162,541.191,664.881,63.292,2256.82,11191,6787.32,15713.6,82784.4,33251.6,433.891,81.305,11.9016,283.782,493.811,120.531,369.187,2669.53,1723.12,2351.76,31677.9,40453.4,3583.32,1835.85,518.182,382.952,55.3407,454.279,126.061,192.763,1829.23,611.677,1151.31,40504.8,58357.4,6841.45,1191,307.9,108.344,700.335,604.461,627.568,914.878,4132.21,12232.5,98923.4,397279,204584,18608.9,3623.74,2246.99,1007.03,981.998,905.634,354.67,7228.08,13366.4,6108.37,37653.1,70429.6,8384.6,859.327,1057.89,64.4574,298.338,138.848,182.671,549.619,1044.94,120.924,1425.62,7139.52,21081.3,5442.72,772.081,1369.45,703.808,301.92,221.201,56.8101,459.436,976.898,89.2995,5388.26,46734.9,21629.8
47.554467120,1198.33,10122.6,17362,1442.15,184.493,90.2055,294.301,167.341,440.003,246.272,300.732,1775.27,579.423,2550.91,6134.98,616.256,1205.53,161.885,102.856,244.135,519.936,376.715,390.384,18.9809,555.817,1.56645,6282.21,43395.1,18888.5,2729.27,7735.11,2922,243.646,1113.04,1172.16,1616.88,5206.77,8282.55,38487.5,451891,715475,145348,8431,6267.88,1266.7,897.704,779.362,221.503,1227.28,8921.74,6994.52,10852.8,39060,18798.1,1126.78,152.302,819.638,142.31,208.447,1027.01,110.648,817.562,1197.77,351.351,5763.01,50762.1,28009.7,572.653,163.562,546,110.244,128.877,369.947,182.76,158.509,430.948,1394.48,43980,76869.9,10760,3555.55,6364.17,563.523,553.303,1234.27,585.724,321.211,5525,3649.21,61639.2,706177,619475,39532.1,1504.58,1696.49,29.416,393.154,783.556,113.757,2593.35,13202.1,6157.41,19370.8,88920.8,35470.5,457.828,68.6661,1.37033,311.851,594.995,154.136,435.648,2539.44,1558.5,1746.31,35899.4,47894.4,7671.59,1149.11,352.207,379.107,9.35807,535.115,134.122,219.741,1737.68,60.2495,2689.68,47427.5,65442.2,9095.79,1366.54,503.795,242.07,631.995,622.085,486.1,558.952,4496.36,8381.31,122759,482906,250800,17033.9,3277.29,1780.25,808.664,635.455,852.205,94.5658,7669.44,15147.2,6551.63,40769.6,76496.8,10753.4,326.188,950.244,3.04335,363.999,285.17,388.116,780.881,1130.13,2.75181,1928.78,10919.3,23497.9,5297.96,471.111,1047.01,516.877,189.312,204.451,15.5137,462.437,1020.65,18.7915,5970.13,48893.2,23436.4
49.040544218,1215.34,10230.8,17406,823.091,114.53,62.1047,270.138,369.411,530.306,215.528,283.383,1758.15,208.963,1716.08,6351.91,1812.7,1126.98,282.709,217.042,437.589,690.543,591.634,527.805,159.679,503.283,29.8122,7114.34,45113.7,19080.1,2460.85,8765.95,2557.88,154.639,777.171,707.637,1201.05,3057.46,8067.3,30047.9,521999,827677,155522,4448.02,4526.65,822.643,574.754,558.438,280.762,1416.96,10572.8,8450.61,9923.72,42583.8,24054.4,1608.72,87.4435,699.013,267.469,442.527,1139.11,191.161,872.535,1113.15,435.284,9336.4,53927.9,28464.3,491.66,111.367,605.062,171.639,163.48,381.389,172.688,130.578,489.27,1023.71,45614.4,83330.9,13406.7,2354.18,6627.58,366.715,397.251,1078.72,345.14,199.141,4854.65,3426.49,64093.9,770600,676036,40287.9,1506.68,1296.4,26.8927,413.025,689.145,215.861,3120.33,14822.4,5242.58,20959.4,94424.6,37021.2,358.018,97.4204,30.3411,272.641,680.083,220.558,533.398,2233.69,1363.03,1282.39,38088.3,55855.7,11689.3,680.171,157.237,364.808,55.6546,584.699,194.49,295.721,1429.94,242.352,4300.29,55987.8,70467.3,9674.49,1483.77,874.251,404.651,501.121,522.73,305.056,329.15,3980.26,4891.77,132532,564189,286965,11961.7,3223.47,965.279,548.199,426.298,579.502,8.39943,7947.14,17226.8,4590.34,42944.9,81459,13080.1,55.2997,806.116,94.4682,439.904,449.454,572.404,1029.91,1040.75,141.61,2454.07,15509.7,25092,4446.87,224.654,771.248,288.776,90.9097,175.617,1.82141,455.316,931.01,175.146,6862.58,51412.4,24425.1
50.526621315,659.154,11104.8,17586.6,615.825,100.346,28.5421,248.77,582.865,603.756,154.369,342.976,1809.63,55.7185,946.367,6750.58,3381.59,879.791,397.355,399.893,626.284,778.171,768.359,622.322,430.307,525.806,76.2329,7757.82,46297.2,19480.3,1590.23,10122.7,2526.59,81.23,626.929,233.44,683.07,1589.55,7587.25,19494.1,569063,916071,148299,2634.16,2711.74,242.212,391.805,403.24,278.509,1559.98,11785.9,9770.14,6692.91,45023.3,29624.4,2084.72,219.363,541.208,351.127,692.986,1397.5,238.15,804.837,1382.52,678.608,11823.1,56959,27891.8,424.672,59.5749,641.276,293.129,224.585,286.176,218.755,205.164,467.651,779.484,45097.5,88827.3,14995.9,1898.36,6877.02,450.518,131.444,1083.39,147.064,62.4361,3648.5,5483.4,59598.8,823718,718171,35622.4,2528.21,733.579,29.4209,337.415,687.645,220.098,3641.31,16144.9,4578.3,21012.3,98091,37523.9,263.427,134.171,85.5569,215.734,679.54,383.378,591.433,1838.03,1082.22,1268.48,37760.1,63115.5,14084.7,503.05,101.605,221.897,167.357,797.665,195.883,277.895,1289.12,625.261,5699.67,63762.8,73276.3,8210.87,1800.86,1309.68,506.55,336.373,350.081,197.657,157.32,2879.2,2839.42,129354,631978,308943,6497.5,2824.3,409.361,323.195,234.326,325.984,67.4818,8280.97,19428.3,1768.02,44177.4,84554.5,14489.2,18.061,703.906,328.399,413.916,599.122,766.755,1035.04,1005.89,336.794,2766.55,19864.9,25772.3,3231.51,29.3298,636.339,100.936,13.3015,174.447,16.5764,377.908,861.23,360.798,7935.99,53725.7,24873.7
52.012698413,356.378,12417.2,18219.5,864.651,157.511,5.86342,216.168,752.18,654.368,84.8133,475.877,1892.2,236.312,456.147,7203.68,5015.32,578.134,480.239,664.807,702.333,766.693,861.117,613.701,739.142,683.828,57.7444,7908.64,47135.3,19801.9,1087.5,11366,3146.31,66.9986,580.518,65.3624,514.515,1186.31,5495.27,13150,589271,972879,131462,1495.77,1799.25,24.8031,206.826,329.49,237.926,1733.94,12272.2,10489.9,3266.75,46192.1,34175.4,2526.41,322.54,462.587,289.863,1044.22,1683.77,262.668,752.888,1959.6,874.182,12451,59039,26540.9,375.118,75.2361,623.514,411.684,289.897,154.268,288.258,426.59,351.083,712.487,42915.8,92243,15803.5,2047.7,7098.31,995.747,8.62682,1188.93,147.035,28.6318,3128.95,6461.71,55002.5,859518,743775,29983.7,2840.85,510.507,31.2177,256.452,767.642,118.104,4501.82,16865.3,4259.19,20345.6,99473.8,36844.4,251.479,134.571,170.219,135.403,624.519,649.067,568.678,1348.7,973.905,1386.52,35626.2,68213.9,14326.8,486.924,187.505,82.9542,336.081,1007.87,309.202,157.293,1399.63,861.091,6465.51,68906.5,73925.5,5595.48,2193.63,1565.13,612.604,136.3,260.262,76.2113,71.8612,1882.04,1816.78,119588,679592,317438,3185.26,1879.25,132.599,258.022,200.801,154.444,205.8,9298.75,20714.7,511.621,43389.5,86146.2,14391.9,24.043,778.825,609.055,300.942,688.842,904.858,819.924,993.723,478.882,2732.2,23129.4,25624.3,2053.7,42.3408,537.09,18.1559,6.57874,163.077,69.9942,236.699,899.491,397.729,8853.83,55494.8,25058.2
53.498775510,1025.73,13495.9,19472.2,1484.61,219.058,3.59361,198.869,825.028,655.76,38.652,633.56,2039.67,621.635,335.526,7711.21,6364.43,373.805,536.639,968.069,629.86,679.165,819.052,527.843,960.512,957.52,47.9463,7822.58,47804.2,19374.2,1548.55,12203.5,4489.63,120.632,636.694,251.881,599.736,1687.63,2787.95,11934.4,586420,999519,113437,502.7,1763.92,184.001,105.553,209.649,309.026,1615.6,12877.2,9517.91,1673.68,45983.6,37116.4,2693.96,368.587,434.487,177.04,1428.51,1968.05,257.19,770.547,2612.26,1077.91,11537.8,59732.7,24586.4,338.289,129.012,556.894,503.988,305.833,66.6526,294.607,766.892,372.5,593.21,40232.8,93189.8,15919.8,2094.8,7859.51,1904.73,96.4651,1021.35,533.342,255.503,3986.6,4341.88,54133.4,876777,755060,26599.6,1644.21,795.693,10.8501,414.013,649.92,30.5464,5274.11,17899.7,3774.1,19298.5,99052.4,35229.7,269.016,124.367,303.301,44.5242,588.893,885.435,468.39,840.273,1184.95,1193.24,32838.2,70318.4,12892.3,550.362,311.35,11.0685,483.933,1205.79,512.198,47.093,1587.24,1147.49,6085.89,71101.6,72458.8,3371.75,2062.76,1804.12,632.68,53.2529,113.6,3.76776,102.838,1438.15,951.81,109915,706549,315751,2476.5,871.598,68.7243,299.905,249.544,193.437,280.718,11190.5,20881.3,1578.6,40284,86622,13118.2,66.0135,1078.94,796.025,180.429,683.201,923.677,524.097,888.588,591.024,2324.54,24880.3,24988.3,1182.6,298.897,447.586,3.50714,48.2725,166.577,125.566,122.49,946.485,353.91,9247.79,56613.7,25126.2
54.984852608,2293.6,14134.8,21167.6,2225.01,209.477,19.7008,253.681,700.333,668.458,29.3979,766.786,2234.81,998.406,557.833,8237.97,7169.69,373.297,610.158,1182.73,490.23,506.363,726.364,346.085,1092.6,1190.02,165.991,7951.87,48395.6,17972.6,2610.98,12962.3,5943.35,348.905,789.531,538.5,598.208,2696.64,1701.73,11743.4,570567,1.00437e+06,99436.1,562.5,1770.34,350.519,154.847,256.34,328.609,1319.27,13595.7,7367.7,2044,45058.5,38341.6,2381.15,489.023,393.522,111.4,1618.37,2270.68,290.926,899.201,3020.91,1391.87,10122.8,59184.7,22104.5,312.117,132.757,540.273,453.278,324.284,11.9877,303.166,990.905,708.084,307.613,38286.9,92162.7,15028.7,2187.53,9101.49,2636.26,334.696,1217.24,690.298,476.482,5632.69,1533.31,54545.2,879987,757263,25251.4,236.14,1237.66,20.0158,349.702,729.911,7.19501,5800.92,19021.1,3532.12,17780.3,97883.1,33226.9,237.765,187.926,395.594,13.143,540.298,1086.42,274.699,501.255,1422.42,663.502,30216.5,69763.1,10710.7,675.398,363.671,5.82848,561.451,1464.85,655.415,14.3425,1636.09,1769.24,4512.49,71148.7,69475.2,2347.07,1312.06,2162.18,459.302,4.97361,67.1975,4.13523,133.593,1390.13,166.118,103877,717467,308689,2769.6,350.731,303.947,311.496,323.692,293.016,407.266,13157.3,21096.5,3454.48,36089.8,86304.7,11513.4,316.375,1369.25,896.478,60.7626,668.636,775.386,270.426,681.175,670.197,1694.26,25118.4,24372.2,693.037,580.786,400.821,47.8352,105.754,186.756,146.212,61.3021,902.805,418.83,8926.49,57154.4,25150
56.470929705,2967.94,14833.7,22567.8,2890.52,156.517,69.0195,302.548,488.476,664.262,64.3943,829.384,2425.64,1210.02,989.726,8677.79,7322.75,567.404,689.72,1259.35,330.799,331.181,607.639,155.83,1090.97,1332.32,400.563,8741.03,48528.3,16214.2,3499.48,13602.7,7165.43,704.508,801.274,912.511,671.456,3155.74,3017.01,8755.8,552791,998881,90800.5,2054.09,1373.14,550.178,259.25,283.124,307.503,1107.9,14031.2,5680.62,2947.02,44639.3,37985.5,1676.51,656.103,337.622,84.0691,1707.5,2343.7,456.32,1106.68,3151.93,1616.89,9140.03,58202.4,19199.1,312.953,146.714,470.503,365.361,255.847,33.8762,369.574,986.235,1139.65,64.766,37964,90088,12923.1,3062.56,9920.03,3235.66,640.166,1272.19,939.576,679.343,6492.13,1768.81,51429.3,875901,756849,23735.3,219.275,1316.63,12.992,424.98,673.983,76.8691,6137.83,19592,4249.77,16041.8,96501.1,31849.4,147.936,341.095,343.606,60.9201,623.154,990.746,192.958,393.14,1329.97,196.75,27816.9,68102.1,8596.22,731.937,344.42,60.3069,681.554,1498.87,828.196,93.3527,1554.04,2365.36,2555.09,69873.3,66673.5,2041.66,579.883,2389.42,276.002,8.57441,50.7589,3.75905,130.071,1370.72,86.2646,101721,718385,301034,2386.19,454.283,528.102,256.665,453.399,327.596,631.336,14522.2,21972.6,4298.69,32868.4,85206,10566.3,766.016,1485.08,942.313,1.96421,653.726,522.9,84.1345,522.075,591.212,1106.95,24129,24181.2,596.817,621.619,431.55,134.468,136.167,199.722,154.143,46.0794,784.69,586.214,8016,57162.1,25400.3
57.957006803,2288.74,15828,23026.1,3317.18,105.146,127.333,312.012,261.42,650.651,169.833,751.714,2550.75,1274.86,1341.72,8954.54,6928.41,759.733,822.497,1155.06,219.645,199.018,524.824,60.8026,885.639,1425.18,631.539,10143.5,48194.4,14482.5,3596.5,14243,7687.93,952.391,921.039,891.888,1014.79,2786.72,5319.16,3960.59,537503,994768,87451.7,3668.92,791.379,690.03,265.541,393.638,180.073,1128.92,14028.6,5596.46,3121.44,45634.7,36231.3,962.601,676.982,337.884,158.02,1493.53,2395.94,578.869,1241.45,3263.62,1409.73,8956.82,57779,16414.5,359.296,240.681,304.1,269.74,173.535,93.1324,418.211,886.071,1348.9,181.601,39131.2,88274.3,9970.97,4581.32,10085.9,3428.12,868.386,1392.96,843.425,1218.32,5673.78,5270.1,43951.7,870157,756900,21701.6,1662.3,914.847,81.9386,368.675,705.108,200.952,5939.72,19797.1,5641.33,14558.6,95489.4,31606.9,100.902,480.608,246.979,149.891,746.957,753.039,194.802,458.106,987.045,28.6153,25786.6,67011.9,7097.25,533.59,393.12,168.607,625.338,1571.69,767.431,277.956,1608.15,2268.77,1338.77,67847.9,65811.3,1700.45,643.753,2284.88,153.097,50.018,47.3394,3.60357,162.328,1102.53,783.485,101221,717175,293481,1278.24,938.193,545.453,276.743,444.315,362.02,945.771,14634.7,23387.2,3671.13,31179.7,83869.7,10880.6,1145.18,1478.92,865.203,44.1525,667.415,228.708,43.9933,501.758,310.328,681.551,22659.5,24393.6,846.445,397.731,556.336,182.906,147.243,211.129,121.72,93.6614,703.965,613.718,6833.03,56720.6,26268.4
59.443083900,931.007,16237.2,22762.5,3263.01,95.2373,128.248,336.899,66.5132,646.45,322.909,580.214,2501.91,1324.78,1392.1,8974.51,6282.81,725.603,1052.05,924.928,149.637,190.39,527.486,77.7107,536.853,1518.32,711.821,11619,47805,12774.2,3117.31,14239.5,7752.57,944.069,938.676,804.536,1061.52,2501.05,6078.48,1083.13,527389,996217,90425.3,3735.52,748.757,459.405,390.339,417.737,81.5609,1495.59,13553.5,6792.95,2794.74,47332.4,34085.7,482.056,428.968,459.665,250.657,1159.6,2348.53,596.354,1346.57,3277.84,895.488,9797.07,57935.1,14912.2,412.829,399.498,115.713,212.468,86.8064,209.005,384.342,781.822,1172.22,693.45,41502.4,87092.1,7549.53,5711.49,9568.98,3351.6,851.072,1528.09,510.451,1751.64,4569.3,8038.11,36989.7,864099,758520,20761.3,2836.25,516.102,208.703,220.625,843.217,219.885,5815.7,19317.1,6726.87,13768.4,95229.7,32676.2,189.901,490.471,171.778,210.373,863.237,555.707,172.897,710.361,664.983,38.1622,25214.3,66732.3,6757.77,238.401,459.09,283.569,525.11,1470.99,680.943,386.46,1916.68,1378.29,1258.81,66332.4,66943.2,1430.4,1583.34,1954.87,71.4163,94.5565,73.3237,6.92797,251.885,818.429,1428.09,101766,716519,287669,292.539,1268.91,454.86,288.163,369,401.647,968.347,14363.6,23643.7,2822.25,29847,83619.4,12240.1,1076.61,1559.06,607.25,166.862,708.523,82.8524,80.356,592.084,124.144,397.907,21412.9,24971.1,1212.47,160.733,648.155,189.272,159.226,188.612,70.2247,184.943,754.641,373.625,5813.64,56131,27616.4
60.929160998,78.0388,15229.3,22247.5,2687.38,124.927,77.974,365.921,1.78279,628.299,486.528,356.919,2299.97,1407.52,1099.25,8781.08,5578.44,469.346,1308.39,705.174,87.3736,315.017,633.08,171.018,239.214,1535.42,668.429,12599.3,47757.4,11167.3,2410.49,13538.1,7340.2,699.602,813.198,766.967,604.007,2845,4244.1,2116.12,525051,1.00351e+06,98458.7,2079.64,1202.24,128.35,444.539,365.714,10.6859,1890.51,13645.4,7417.17,2949.62,48529.1,32644.4,287.065,106.294,709.404,231.039,925.226,2182.65,484.519,1397.69,3136.03,404.863,11403.2,58678.8,15178.8,508.315,538.651,15.5821,159.913,33.5221,360.293,342.745,597.699,821.113,1223.02,44481.1,86798.6,6826.16,5152.74,9301.93,2619.32,942.526,1149.04,541.163,1448.84,5063.73,6484.57,35258,859079,761092,22221.3,2229.7,765.097,170.063,330.672,723.969,298.288,5303.78,19319.5,6211.06,13866.9,96033.2,34667.8,381.192,366.239,121.299,224.218,998.787,405.046,128.858,1023.48,663.151,51.5693,26611.4,67266,7596.67,72.119,469.496,383.302,349.91,1280.79,622.78,364.172,2242.87,486.227,1888.66,66368.2,69222.4,1858.45,2454.23,1757.67,28.0068,197.864,52.7335,11.4047,313.183,961.931,1189.77,103159,717344,284979,189.552,1044.15,497.082,172.64,275.463,479.763,687.542,13851.2,22338.7,2581.46,28493.6,84929.3,13999.2,670.693,1631.21,343.547,311.998,773.11,86.4434,144.956,737.727,301.995,217.435,20936,25738.2,1475.76,118.08,618.414,181.329,136.374,156.771,32.4281,276.148,874.71,75.3913,5314.63,55753.3,28854
62.415238095,137.04,13065,21738.5,1874.49,139.489,67.3522,311.427,58.8322,659.69,584.123,162.758,2063.16,1393.5,679.156,8376.33,5019.32,177.324,1407.3,597.416,38.4835,533.551,822.506,298.607,110.325,1416.41,593.674,12770.5,47955.5,10344.7,1673.82,12500.3,6495.73,326.362,760.573,436.608,291.276,2991.62,1689.79,5335.69,532777,1.01357e+06,108087,408.677,1316.66,58.0682,293.077,332.973,27.3979,2094.46,14441.8,6826.3,3884.6,48534.4,32603.2,286.459,93.835,879.932,185.263,718.864,2028.63,288.553,1365.53,2868.02,179.963,13263.1,59711.8,16989.3,676.235,575.383,5.08692,159.885,60.8527,447.348,308.337,359.109,623.732,1354.45,47205.4,87511.7,7934.8,3283.17,9178.64,1746.87,655.703,1099.29,267.237,822.09,6288.62,2340.74,38734.5,857286,763590,25195,654.442,1386.96,63.8674,206.436,849.163,215.057,4927.22,19269.8,4663.53,14888.9,97666,36952.6,521.6,234.911,80.7618,238.528,1003.98,394.674,128.404,1208.1,970.59,141.236,29421.2,68336.9,9262.6,98.9957,403.16,456.225,149.345,1126.57,504.66,321.707,2235.73,400.397,2593.32,68304.8,71364.1,3266.35,2448.98,1953.98,102.135,185.873,85.6171,17.9701,297.35,1354.18,385.318,104969,719199,286681,827.14,473.26,570.931,67.3869,126.802,570.743,267.993,13249.1,20187.6,2577.78,28541.9,86823,15533.7,356.654,1492.98,195.261,397.514,864.911,221.538,251.571,847.527,735.035,229.772,21428.5,26321,1624.07,227.62,503.489,153.012,99.7086,130.811,7.45517,345.235,937.606,20.3364,5475.15,55942.6,29212.8
63.901315193,467.767,11208.6,21133.5,1205.96,161.487,94.1571,195.862,259.749,745.887,504.557,38.024,2070.29,1055.64,358.721,7918.14,4751.31,80.6116,1145.15,700.185,71.9042,658.928,1029.67,488.579,192.629,1185.69,492.627,12363.3,47537.1,11217.4,1118.31,11133.8,5895.23,164.425,384.12,274.752,282.253,2226.08,971.023,7858.12,551913,1.01647e+06,117704,74.5843,1086.16,38.1371,213.67,253.379,52.6557,2255.04,15305.5,5915.76,5000.29,46897.1,34418.8,458.851,435.667,736.127,232.518,774.647,1721.92,170.764,1170.21,2720.39,168.343,14477.4,60802.5,19621.2,811.763,542.388,75.3825,172.828,125.798,530.617,209.193,196.078,639.409,1022.54,49263.8,87998.8,10485.3,1624.31,8845.33,1072.35,425.61,891.946,81.4623,505.367,6343.59,221.825,44118.1,858938,765147,27540.8,28.547,1561.64,39.8683,263.428,753.366,200.002,4791.14,18965.6,3296.15,17134.9,98089.4,39644.8,444.7,223.461,40.7548,176.165,1027.65,415.541,154.99,1280.53,1320.01,518.88,32003.9,69868.8,11059.8,182.482,360.854,438.672,50.8735,874.988,521.606,332.137,1823.11,1027.64,3313.14,71536.2,71919.4,5277.31,1740.94,2417.85,293.856,109.771,139.773,46.5562,242.281,1662.74,0.511948,108414,716323,295189,1458.34,177.792,381.543,98.5959,129.154,349.195,49.4171,12942.3,18309.3,2022.98,31334.4,87363.2,16763.2,250.375,1230.07,166.129,452.32,958.291,338.116,402.979,961.112,1000.17,616.932,22670.8,26353.6,1732.92,275.978,465.066,71.1248,51.9033,133.567,7.09877,368.937,917.601,294.469,6479.44,56136.7,28745.3
65.387392290,447.308,10351.9,20322.5,1161.94,322.065,166.642,83.2426,632.318,884.394,279.466,113.612,2313.21,595.075,229.675,7540.24,4907.55,193.458,665.016,998.451,258.426,571.156,1197.08,843.829,465.178,782.59,496.01,11917.3,46906.6,12399.7,712.152,9687.21,6409.93,244.649,102.543,390.754,420.19,1687.42,3076.53,10708.5,571927,1.00141e+06,128435,935.106,1041.02,37.5932,106.773,380.751,60.447,2682.5,16225.7,5011.36,5702.9,42990,37716.8,1275.4,942.27,383.119,423.338,1084.91,1351.86,111.833,991.294,2696.43,262.415,14727,61034.1,22426.8,842.646,441.578,264.237,196.661,143.094,648.12,127.497,99.2453,716.123,648.387,50515.8,86444.5,13516.3,806.647,8770.23,950.755,183.938,958.961,94.0338,218.511,5457.5,1980.68,50422.3,857931,761357,29651.3,1190.42,1359.81,51.5241,407.808,726.041,128.743,5149.04,19019,2343.09,19677.6,95907.8,42399.1,288.122,356.427,20.5873,77.534,1132.71,394.041,177.77,1349.69,1433.07,1153.26,33425.2,70780.9,12656.8,207.517,392.615,341.893,14.7874,673.627,583.578,427.616,1307.21,1653.56,4759.11,74991.9,68742.8,7333.31,970.192,2848.42,825.693,22.9748,374.497,136.908,190.621,2041.76,359.137,115340,701542,307135,2456.18,818.374,407.247,351.433,416.384,31.0904,106.898,14110.9,17139.8,962.892,33869.6,87130.6,17618.9,371.312,872.703,236.683,525.378,1015.91,371.474,542.919,1094.34,935.954,1427.53,23836.2,26038.5,1721.63,174.997,580.402,1.21198,6.50757,222.218,77.6986,242.987,969.516,786.611,8549.27,54946.7,27857.7
66.873469388,125.626,9891.55,19285.7,2113.95,660.812,307.584,81.4607,1218.09,1080.45,93.1551,512.507,2611.53,360.537,310.369,7238.54,5437.47,424.34,270.473,1377.64,615.151,365.951,1284.55,1409.74,857.436,350.688,602.052,12522.6,46484.9,11981.2,313.411,8551.71,8532.71,913.295,558.78,1284.32,940.517,2589.37,6316.59,16722.2,574763,966226,136493,1476.36,1760.13,479.206,571.693,987.745,372.449,4512.51,16529,4000.24,5226.33,37607.7,40707,3327.55,1431.41,111.345,719.954,1608.76,978.214,116.924,1029.72,2563.87,461.608,14281.7,59638,24286.1,802.193,342.038,610.906,216.876,131.865,791.337,151.646,45.8847,710.462,904.833,50020.7,82681.5,15151.7,609.634,8991.87,2176.3,334.874,1484.03,698.151,86.0158,5144.41,4345.36,56917.1,847537,746490,32622,2520.62,1325.09,11.5477,868.908,1031.23,159.529,7037.99,19297.6,1695.74,20275.3,91721.1,43795.9,463.847,576.747,72.805,65.1135,1242.21,403.366,173.571,1405.76,1319.77,1686.12,33377.4,69859.3,13823.4,226.247,330.01,335.838,56.5608,423.276,778.91,607.513,859.171,1845.49,7581.65,76411.6,62080.4,8125.26,469.148,2939.37,2121.42,343.652,1127.12,701.45,624.163,2913.18,783.009,121696,675312,311391,5136.71,2465.55,1215.42,1015.94,1318.86,263.237,919.547,17384.7,16594.3,151.162,32641,86845.4,18624.1,513.151,576.445,316.284,664.01,1005.92,317.828,678.574,1085.02,710.127,2311.55,24384,25342.7,1616.62,135.23,722.02,42.5019,54.7474,388.637,336.043,61.806,1214.31,1364.3,10979.3,51890.2,26233.7
68.359546485,21.7546,8873.38,18220.2,3745.88,1050.55,592.846,334.619,1964.09,1378.42,94.3462,1231.38,2863.61,442.168,499.108,7084.04,5941.51,668.042,127.505,1753.5,1148.35,153.663,1360.35,2064.55,1279.72,64.8912,777.559,14801.1,46550.3,9357.73,53.6393,8394.67,11281.1,2283.17,2104.13,3586.74,2968.73,5855.1,8752.5,24761.8,549590,914723,134071,1588.52,4471.61,2167.34,2112.74,1967.88,1059.54,7439.54,17362.1,2348.56,3773.47,31281.3,42208,6376.64,1751.15,5.83239,1121.36,2287.69,745.088,130.392,1190.97,2235.7,756.028,13057.7,57126.8,23836.4,819.42,307.236,1072.15,338.058,135.349,1068.67,218.807,24.9896,619.413,1765.24,47687.6,76708,14171.5,686.662,10429.1,4468.21,834.892,2060.35,2179.87,1036.51,7113.88,3875.93,60936.3,824077,718440,35020.7,2109.94,2337.65,537.255,2128.1,1446.9,367.583,9681.04,20888.5,1278.82,17884.2,85948.1,42946.5,1132.51,786.54,216.158,161.93,1493.12,396.603,203.925,1285.04,1185.08,1774.65,31565,67259.2,13779.4,303.037,153.421,433.51,121.885,264.414,1116.27,834.482,413.66,1682.58,10984.8,74910.7,52776.6,7084.12,168.578,3368.06,4177.73,1339.22,2364.76,2062.82,2216.37,5194.21,1014.4,121101,641008,298571,9578.6,4556.59,3211.37,2716.34,3098.32,1567.39,2873.12,21806.1,16962.4,254.484,27092.3,86619.6,20174.2,551.999,351.667,347.421,876.869,984.298,163.603,852.22,815.516,545.762,2726.16,24055.7,24298.6,1445.94,247.51,798.679,228.703,245.256,702.782,788.939,64.1619,1668.05,2059.98,12439.3,47141.9,23564.9
69.845623583,392.579,7120.52,17126.1,5111.54,1484.13,1117.57,823.717,2568.17,1887.11,394.423,2100.78,3023.28,672.802,731.281,6944.73,6060.42,860.9,206.796,2042.43,1820.21,95.3444,1444.43,2562.69,1656.92,57.4444,1053.11,17986,47090.3,5987.75,318.802,9126.64,13374.5,4716.76,4674.23,6437.08,6453.54,11920.3,11842.6,29211.7,498746,854325,115949,4183.63,9082.11,4440.07,4214.34,4150.92,2604.29,10145.3,18304,1155.18,2084.38,25411.1,41149.6,9177.23,2083.65,175.28,1628.91,2692.02,812.264,165.823,1303.83,1746.67,1053.4,11298.4,53928.1,20920.9,957.959,399.042,1619.14,595.77,300.81,1309.55,398.027,55.05,606.871,2559.87,43627.2,69524.1,10610.1,1841.86,12421.3,6575.95,2033.82,3679.49,3416.89,2519.52,10876.1,2883.19,58340.4,789341,680012,33308.5,1407.91,4667.43,1512.77,3031.27,2640.4,1205.74,12254.7,22710.9,2146.57,13178.4,79549.7,39289.1,2051.82,1010.14,442.564,405.83,1729.18,509.896,296.44,1028.82,1015.87,1323.64,28558.6,63258.2,12204.4,468.693,26.2068,637.638,175.559,280.074,1329.69,1096.3,62.0496,1609.64,13075.7,70418.9,42837,4831.67,407.751,4308.03,5952.6,3298.86,4757.86,4031.3,4518.27,8663.09,2397.55,109603,603149,267229,13744.5,7029.42,6718.64,5613.41,5413.25,3710.78,5910.01,25684.9,18645.7,1247.07,20439.6,85795.2,21722.2,606.975,151.351,373.587,984.662,983.975,22.2387,1053.69,434.083,487.566,2384.13,22843.3,23027.9,1231.71,358.032,815.985,590.453,611.268,1180.71,1310.33,324.407,2264.53,3041.04,11659.6,41647.5,19654.1
71.331700680,843.191,5594.69,15456.2,5547.2,2034.84,1711.71,1334.89,2935.99,2519.94,975.436,2782.37,3109.37,838.773,995.169,6643.53,5562.76,992.309,374.706,2237.58,2445.25,315.079,1516.09,2708.95,1891.64,330.353,1414.51,20660.4,47269.5,4589.63,1412.74,10403.1,13817.3,7176.06,7917.37,10303.6,9929.8,17823,18457.7,25320.7,436903,794474,84685.4,11266.1,13048.6,6776.76,7182.32,7094.18,4863.31,11466.8,18229.3,2318.61,772.103,21952.2,36905,10393.7,2638.14,654.943,1886.92,2865.95,1058.8,303.864,1183.81,1252.82,1177.52,9379.17,50796,16368.5,1208.32,699.147,2053.42,992.978,697.72,1521.73,523.091,155.67,789.785,2629.91,38358.6,62651.8,5842.73,4777.74,13801.8,7926.06,3487.4,5618.99,5150.57,3922.57,13287,5994.83,46947.7,750284,638539,25267.2,3490.56,6544.87,2232.37,4320.15,4181.93,2435.01,13564,23951.2,4966.23,8231.05,73400.2,33393,2701.7,1342.33,649.156,635.339,2039.07,713.768,432.625,775.244,705.097,688.582,24943,58866.8,9326.66,707.127,87.0622,788.435,291.994,428.231,1489.75,1081.17,25.1688,1835.68,12388.2,63186.9,35462.7,2518.32,1766.05,4806.86,7136.05,6127.87,7700.54,6591.11,6989.85,11667.9,6134.27,89176.1,566233,225248,15149.5,10743,10532.1,8461.73,8341.02,6450.91,9036.31,26888,21763,2710.55,17282.9,83448.3,22126.7,716.848,50.9595,375.601,884.459,1050,59.5194,1119.61,208.013,428.653,1540.19,20864.1,21657.7,1048.92,290.814,899.997,993.75,1017.65,1750.93,1867.14,789.291,2746.2,4193.49,8617.36,36197.9,15205.1
72.817777778,912.417,5165.94,12962.1,4931.97,2525.08,2087.14,1832.44,2848.2,3038.1,1860.31,2972.55,2999.87,940.367,1194.51,6108.8,4513.88,1037.71,592.841,2192.5,2876.29,864.095,1477.29,2435.82,1984.88,675.684,1795.65,21328.1,46770.7,6441.47,3202.9,11980.5,11814.2,9277.02,10783.6,13550.7,13705.8,20357.5,26821.2,15420,381042,746445,51588,20368.8,13959.3,9892.38,9650.28,9534.15,7888.81,10582.3,16706.9,6419.83,637.46,21991.9,29732.9,9655.48,3253.62,1147.82,1961.7,2606.66,1415.27,636.871,797.052,892.411,996.864,7818.74,48518.9,11734.1,1498.99,1120.19,2208.08,1497.02,1241.46,1643.43,561.119,292.985,1085.13,2000.89,32385.4,57952.7,1931.04,8811.2,14100.8,7737.16,5142.03,7278.21,6233.47,5814.79,12484.8,12912.8,30490.1,715684,602077,13676.5,8347.35,6405.55,3321.94,5207.72,5461.42,4108.08,12627.3,24223.2,9028.61,5203.36,68783.9,26333.4,2829.74,1685.15,786.505,781.539,2249.13,1118.16,598.973,491.66,342.213,253.24,21617.4,55189.8,6027.13,934.996,187.283,905.075,568.522,624.885,1433.21,956.801,159.81,2155.53,9231.01,53806.7,33283,1559.2,4153.06,4286.41,7619.54,9184.07,10209.7,8829.55,9392.23,12723.3,11283.4,66986.1,536105,184709,13535,14944.5,12818.7,10887.6,10905.2,8930.18,11328.9,24439.3,25213.9,4570.59,19339.3,80010.1,20312.6,870.266,59.2045,317.193,670.145,1053.45,408.348,1154.88,94.0849,288.122,696.004,18541.9,20311.6,925.173,129.18,1007.56,1168.44,1549.46,2227.66,2112.79,1523.12,2976.45,4811.06,4580.76,31413.2,11707.4
74.303854875,881.584,5542.92,10309.7,3385.58,2771.93,2074,2218.47,2244.85,3327.35,2751.22,2669.54,2591.65,1035.52,1216.71,5328.07,3284.2,928.605,827.061,1804.87,3083.79,1639.07,1220.99,1951.51,1869.94,903.788,2196.8,19018.6,45984.6,10604.8,5252.45,12887.8,8591.4,9558.46,13465.1,14263.3,16231.5,20381.4,30508.6,7395.84,346402,717380,32236.1,25224.6,13337.6,12332.8,10114.5,11664.6,10295.1,7904.33,14071.2,11742.4,2656.61,24794.1,21374,7497.91,3603.86,1337.23,2044.07,1829.98,1872.36,1063.18,382.744,600.719,649.84,7546.71,46969.6,8882.66,1681.72,1560.54,1945.35,2003.17,1895.77,1459.92,611.933,422.411,1233.71,1160.09,26930.5,56092.7,1102.68,11935.2,13211.3,6363.04,5894.34,8946.81,5997.32,6867.12,10781.3,17444.9,18281,690939,577554,5243.57,11803.5,5460.24,4292.17,4745.36,7021.71,5131.23,10077.1,23207.9,12309.5,5475.34,66566.8,19928.9,2563.84,1810.56,826.176,829.175,2169.47,1744.89,794.698,195.053,74.4371,107.723,20032.1,52286.2,3787.54,1086.67,248.997,988.723,951.608,892.751,1008.75,1021.27,218.18,2304.76,5140.01,44086.8,36614.7,3148.96,6378.93,3224,7070.92,11221.5,12196,9462.46,10737,12351.7,14583.9,52691.2,516408,158492,11118.6,16908,13254.4,12287.8,11470.2,11236.9,11244,19678,26943.3,6928.44,24704.4,76988.7,16083.9,1092.06,87.7289,271.107,366.853,1032.88,1010.92,1243.58,33.4551,129.259,188,16504.8,19122.3,802.839,108.798,927.375,1192.43,1964.03,2492.7,1969.84,2225.03,3043.28,4349.09,1294.51,27938.9,10366.4
75.789931973,1308.8,5967.15,8164.27,1588.43,2575.22,1768.86,2303.02,1413.15,3266.7,3358.21,1973.47,1995.03,1077.48,982.947,4474.53,2176.88,707.589,925.613,1281.1,2914.66,2453.41,829.889,1486.83,1582.61,913.58,2503.83,14431.7,44997.2,14993.1,6813.59,13134.6,4717.73,8773.27,13734.8,13963.8,14577.4,20111.9,25550.2,7167.41,341517,710392,35926.6,21833,13448.3,11371.3,10052.2,11441.5,11846.7,4216.14,11825.4,15406.4,6805.44,28394.7,14385.6,4986.39,3469.65,1257.08,2011.25,964.493,2257.12,1405.47,121.204,378.534,287.451,8645.04,46539.2,8510.31,1743.9,1737.35,1498.68,2207.37,2473.03,1170.54,567.147,602.871,995.493,613.994,23606.8,56593.9,4189.35,12109.6,12263,3704.67,6338.82,8628.64,6105.01,5254.92,10837.7,14712.7,17699.1,678676,568403,5262.03,10258.7,5714.31,3483.14,4547.62,7154.36,5756.92,6158.12,22030.3,12793.1,9076.48,66538.7,16329.6,2190.07,1530.36,845.372,631.4,2027.1,2326.02,899.064,23.4679,22.0768,134.077,20507,50698.4,3330.69,1055.76,293.662,960.531,1326.7,1126.57,510.755,1130.81,235.445,2273.41,1808.48,36646.7,43375.1,7161.76,7256.99,2202.19,5577.07,11987.5,12172,9162.25,9589.56,11806.4,13496,52657.9,509142,154259,9994.63,14860.3,12634,11315,10558.2,11973.3,9414.3,13664.3,26353.7,9158.91,30658.1,74938.8,10992.7,1318.73,76.2206,292.431,126.887,1023.96,1678.54,1256.02,97.9813,43.2012,58.4734,15323.8,18144.8,655.388,249.72,706.871,1021.58,2143.41,2452.35,1540.6,2603.45,2924.66,3028.6,115.843,26173.1,11437.9
77.276009070,2138.78,6071.37,6802,476.235,1857.6,1359.9,2022.53,608.158,3022.07,3398.3,1172.27,1382.07,963.766,597.472,3623.41,1471.47,472.11,796.06,805.087,2386.92,3048.63,523.525,1246.68,1171.52,788.221,2467.06,9402.23,43554.4,17886.2,7386.13,12552.4,1781.66,6754.12,12398.9,11424,10886.2,17888.4,15613.5,13376.7,366066,723278,59555.1,13176.3,12463.2,8910.94,7939.95,10474.5,10736,1923.03,9871.17,16651.7,11158.1,31334.6,10429.7,3399.7,2817.63,1071.99,1804.21,281.52,2573.88,1521.35,48.1111,243.511,61.7964,10649.1,47054.1,10494.5,1708.31,1524.34,1014.92,2048.9,2841.08,862.066,408.615,819.98,522.688,542.462,23118.1,58946.9,9444.14,9875.08,10780.1,1641.41,5035.36,8303.33,4616.22,3139.54,10894.6,7436.21,27817.4,679425,573988,12988.9,5355.1,6088.52,2162.66,3306.25,7129.1,4954.69,3079.5,19924.4,10983.7,14347.9,68253.9,16458,1907.79,992.236,809.451,338.624,1758.03,2813.76,839.542,4.48612,92.8289,268.715,22563.3,50343.8,4663.63,847.028,325.827,776.826,1621.22,1302.36,149.654,1112.43,292.946,2104.79,576.705,33255.6,50611.8,11683.1,6861.31,1038.52,4505.8,10173.1,11277.8,7063.98,7183.3,10472.6,8993.5,66116.4,513669,171970,10340.9,9979.31,10755,8666.09,8297.63,10819.2,6795.74,8099.34,23989.1,9884.01,35722.9,73282.1,7273.56,1401.58,61.7777,300.158,78.8506,1095.23,2230.39,1135.11,247.295,50.5754,205.109,15229.5,17299.6,551.115,380.095,486.049,675.913,2077.21,2158.1,955.364,2571.59,2544.24,1504.42,1330.02,26451,13907.7
78.762086168,2463.66,6249.27,6350.03,301.81,979.125,800.27,1671.06,83.7401,2755.04,2771.12,554.688,934.975,634.522,255.022,2878.35,1223.3,349.533,487.152,410.87,1794.54,3096.06,528.592,1246.26,877.892,660.524,1960.51,5685.65,41045.5,19147.8,6454.71,11909.5,256.697,4475.69,9863.69,7242.86,7751.81,11936,7610.12,19449.6,411474,748350,89956.6,5365.61,8772.85,6605.61,4752.56,8442.02,8120.07,1142.83,8591.75,16263.6,12988.2,33146.7,10290.5,3025.81,1938.27,656.403,1706.61,52.519,2782.3,1325.08,122.903,216.704,23.2595,12662,48081.9,13868.1,1551.83,1070.78,551.747,1670.3,2850.51,637.504,284.007,899.258,141.715,787.851,24999.1,62395.9,14084,6923.69,9061.88,340.954,3256.6,7221.74,2615.28,1920.14,8536.5,2181.02,40334,692027,590082,22291.6,1587.68,4611.49,1511.62,1813.2,6303.07,3644.33,1169.19,17406,8232.51,19112.2,70716.7,19857,1761.56,479.206,634.26,128.339,1506.9,2971.76,748.348,38.2197,174.701,564.002,24770.9,50873.2,7136.57,577.972,261.011,595.304,1612.14,1463.61,29.567,1175.26,235.232,1844,1499.42,34208.9,56057.4,14092.3,5929.23,257.388,3560.7,7243.5,9184.31,4211.31,4765.5,7607.23,4365.9,85313.8,527047,204478,10335.3,5494.14,6887.11,6171.42,5150.45,8232.76,4449.03,4098.88,21553.4,7850.74,39782.3,70886.7,6159.71,1318.07,70.1414,367.261,241.47,1318.55,2343.33,1037.35,312.508,128.05,607.364,15935.3,16368.7,618.443,359.759,333.738,346.391,1695.16,1802.05,378.223,2286.86,1847.93,471.689,4053.1,28767.5,16348.6
80.248163265,1799.31,6998.41,6936.95,672.913,334.076,275.38,1301.36,69.945,2467.44,1809.62,273.07,632.67,308.556,65.2825,2340.4,1403.31,330.918,210.935,119.005,1231.63,2688.84,867.961,1360.73,839.476,633.773,1198.07,3794.89,37591.2,19325.8,4399.03,11840.2,473.736,2240.56,6756.02,3890.64,4428.64,5478.96,4346.5,20680.2,460758,776229,112212,1602.95,4129.33,4030.64,2485.8,5420.87,5262.59,1367.58,8370.93,15336.4,10786,34212.7,13293.2,3258.29,1214.81,269.76,1630.65,360.151,2857.84,976.069,244.726,317.571,129.113,13769.1,48931,17366.2,1257.68,619.479,195.122,1237.51,2479.16,586.624,252.421,787.185,3.77071,1153.71,27538.7,66032.1,16289.3,4626.35,7720.4,10.4394,1519.27,5566.44,1397.81,934.113,4873.15,1882.02,48158.4,711012,609065,27705.3,937.441,2170.68,916.314,1060.42,4813.35,2170.49,758.386,15103.9,5663.44,21645.5,73120.5,24481.1,1694.06,147.031,364.555,78.7308,1401.47,2748.99,657.197,77.7493,216.801,993.317,25971.6,51468.7,9666.03,385.68,119.404,406.973,1441.27,1572.17,173.383,1209.61,208.533,1578.86,3544.65,37911.8,58965.6,12690.3,5243.62,481.462,2446.05,4481.02,6270.41,1937.68,2651.72,4128.3,1784.39,100334,545525,239434,8677.16,2913.51,2988.16,3719.82,2615.46,5183.85,2514,2698.84,19895.5,3852.99,42241.6,67493,7188.15,1103.78,169.916,508.548,492.863,1621.59,2143.16,847.435,313.775,210.101,1240.57,16856.4,15282.2,806.822,246.308,181.302,175.307,1166.93,1456.53,98.2851,1695.68,1189.3,141.397,6938.59,32387.4,17942.9
81.734240363,826.899,8149.39,8495.79,1211.05,36.0553,18.0956,935.912,426.329,2231.26,962.34,195.673,504.317,246.839,3.65305,2072.11,1982.5,333.908,72.6073,22.7735,694.712,2108.53,1393.56,1431.35,959.904,851.022,538.847,3149.74,34067.5,18778.5,2673.74,12217.2,1856.62,742.091,4388.68,1308.4,1706.4,1748.39,3662.1,18322,496234,794446,119518,679.276,1405.15,1598.95,844.7,3090.05,2831.93,1827.96,8987.14,14247.9,6021.08,34463.3,17749.5,3454.31,786.146,234.55,1362.76,1002.6,2950.75,632.783,348.354,486.444,348.491,13810.9,48459.7,19917.3,869.482,362.076,18.3314,741.531,2068.32,554.839,263.831,670.822,62.4698,1421.56,28963.1,68507.1,16299.6,3527,6958.44,337.321,478.895,4202.53,515.246,217.51,2384.2,3908.99,51335,726074,621683,28669.4,1844.25,678.579,336.889,471.594,3602.37,1011.28,1453.46,13240.8,3951.43,21565.6,74589.1,27900.3,1564.59,40.4969,176.419,134.464,1316.32,2478.28,435.77,153.327,211.308,1338.46,25864.1,50835.5,11410.5,297.143,77.4472,202.939,1149.82,1769.67,472.224,988.734,459.695,1347.18,5375.26,42061.3,58952.3,8471.67,4973.97,1590.16,1412.23,2271.42,3841.31,486.211,1004.16,1747.39,988.211,106340,561753,265674,5995.06,1799.51,867.393,1700.09,848.453,2856.31,1289.15,3584.48,18668,801.395,41730.3,63713.7,8735.09,848.769,460.215,596.04,726.227,1940.43,1763.07,535.677,343.234,236.157,1946.73,17477.1,14076.5,901.606,201.087,56.47,66.0104,800.782,1170.51,83.4586,1021.21,813.381,241.409,9097.92,35985,18504.2
83.220317460,796.03,9170.93,10636.4,1708.34,15.6682,32.6306,650.784,875.384,2022,461.116,221.741,556.678,442.268,20.477,2169.98,2721.68,343.53,37.5292,102.819,310.192,1531.74,1862.55,1324.45,1145.37,1243.15,283.593,3055.6,30946,17806.6,2461.81,13171.1,3396.75,119.175,2435.67,336.655,554.156,393.925,2838.09,17254.5,505128,792576,114184,356.509,559.949,426.056,59.3391,1206.32,1586.73,1827.83,10329.8,12288.7,2139.64,33257.5,21913.3,3228.49,563.212,463.453,961.675,1755.17,3001.96,418.402,403.217,664.994,649.291,12654.5,46469.8,20524.8,565.365,232.81,28.1902,405.939,1569.96,578.297,256.094,673.466,190.271,1390.62,28561.9,68265.8,15729.9,3141.39,7194.14,872.551,357.267,2527.19,629.259,11.2027,1611.52,4440.96,54377.8,726423,620107,28477.9,1991.11,276.133,96.6242,585.674,2135.82,535.167,2226.45,12426.9,3070.26,20103.2,73698.4,28808.2,1302.62,58.5418,112.578,185.939,1369.73,2076.87,237.12,211.552,203.238,1435.94,24170.6,48590.5,11694.2,303.343,127.864,71.0649,855.886,1924.85,801.004,656.509,849.465,1175.68,5985.6,44734.8,55671.8,4440,4648.36,2925.19,725.504,1149.66,1855.11,70.5077,262.399,728.865,687.258,104570,568296,275670,4527.03,1183.31,209.158,663.368,240.951,1397.81,557.479,5446.92,17587.4,1023.96,38142.7,59467.3,9385.55,767.307,873.581,606.933,832.8,2154.56,1306.02,273.972,336.439,219.279,2504.44,17379.4,12852.2,757.798,247.802,38.8321,17.0775,581.782,981.779,232.527,535.791,588.118,474.668,10248.7,38148.5,18183.5
84.706394558,2226.83,9743.25,12797.5,2123.17,83.6223,136.037,540.793,1027.71,1909.04,318.346,265.006,702.478,707.982,148.055,2551.11,3348.4,416.665,59.7701,217.504,112.733,1103.11,2097.97,992.674,1334.6,1584.46,410.284,2966.98,28362.4,16550.3,4076.49,14207.1,4344.87,109.049,1429.12,308.677,255.095,123.568,1674.78,19691.6,485243,764257,103297,28.7701,187.248,158.13,18.5995,531.522,826.358,1176.64,11675.8,9775.04,1269.02,30435.9,24413.5,2594.15,452.053,604.232,658.17,2131.46,3113.62,377.455,404.906,799.752,909.85,10576.8,42970.9,19107.5,486.285,169.257,121.843,196.633,1176.68,564.123,239.624,661.78,377.635,1074.54,26459.7,64557.5,15659.8,3433.26,8046.53,1103.87,464.54,1806.13,730.579,24.3664,1809.97,3058.76,59358.3,705717,600777,29689.4,1074,230.683,121.905,603.605,1489.73,279.235,2561.93,11939.2,3387.38,18572.6,69609.1,27039.3,999.789,99.8595,92.2406,181.01,1435.07,1744.11,86.2702,188.666,221.701,1198.85,21269.1,44561.4,10560.9,377.162,175.121,24.4378,656.826,2065.66,899.443,428.416,1007.05,1131.33,5174.79,44817,49465.9,2858.18,3940.49,4231.2,272.463,519.741,925.448,229.743,114.292,469.06,352.138,99647.4,558546,268879,5439.09,738.841,142.84,370.888,277.273,746.205,119.617,7059,16481.9,4199.44,32822.7,54326.3,8611.19,884.162,1150.73,646.54,682.346,2258.18,943.44,134.905,229.495,201.002,2686.55,16423,11678.2,433.221,309.596,76.287,8.74622,518.276,915.923,320.259,286.173,367.629,679.664,10318.5,38175.7,17120
86.192471655,4054.2,10152.2,14089.8,2569.39,150.932,229.606,515.624,825.09,1841.96,386.495,287.71,852.189,869.811,450.086,2992.15,3644.18,623.41,107.177,255.877,48.819,930.543,1979.46,577.653,1412.37,1737.75,691.571,2893.68,25887.3,15074.7,6350.87,14815.8,4823.66,337.805,914.233,419.94,146.953,385.703,1195.18,22315.6,444318,710049,91743.5,201.081,77.3881,140.583,23.4093,339.868,433.001,622.327,12015.6,7874.18,2469.24,26919.2,24482.4,1931.49,336.904,592.462,403.161,2085.76,3218.35,465.64,368.264,878.834,969.348,8107.87,38462.7,16175,635.271,151.812,186.209,74.2625,931.841,470.801,217.245,576.071,566.778,632.391,23520.5,57746.3,15584,4537.96,8670.46,1305.19,529.526,1404.33,593.973,65.4664,2300.35,2108.12,62366.7,664705,565628,30866.4,336.577,385.616,185.092,463.749,1081.19,185.482,2363.99,11405.2,4635.41,17218.6,62310.3,23709.1,714.751,101.41,90.8719,117.705,1431.24,1517.43,12.9128,114.711,238.46,795.533,17523.4,39353.3,8496.27,472.305,155.083,36.0044,580.951,2061.76,846.205,267.274,899.178,1070.74,3648.85,41904.2,42068.5,3233.5,3282.88,5062.22,254.987,224.923,531.317,293.997,125.301,633.521,324.229,94842.3,529500,250250,7338.53,574.926,354.111,257.205,376.098,460.574,29.1693,7429.51,15828.3,7419.43,27445.6,47929,6920.15,1032.77,1180.98,703.233,384.758,2227.29,771.151,74.4719,105.524,183.107,2486.84,14598.2,10565.1,172.91,315.426,106.3,30.984,531.926,877.739,276.577,162.858,173.618,758.483,9486.71,35820.6,15768.9
87.678548753,4826.91,10574.6,13961.9,2967.86,220.247,279.984,483.944,472.15,1758.48,554.244,293.733,890.492,960.461,798.347,3254.62,3654.24,820.565,188.507,236.803,56.257,923.191,1706.23,229.855,1265.23,1729.81,907.533,3228.13,23371.9,12732.1,7614.28,14790,5216.75,429.19,697.082,414.133,80.5304,605.546,1657.56,20735.3,391265,641064,78569.6,844.682,160.543,114.866,10.703,299.199,163.1,549.825,11372.8,6994.56,3403.61,24035.5,22193.1,1480.26,214.98,485.572,189.116,1790.56,3217,596.175,319.901,888.701,803.479,5948.74,33390.7,12769.1,800.573,174.132,170.682,13.7621,793.09,391.216,180.498,463.361,635.439,226.011,20523.1,49693.4,13795.5,5956.41,8730.36,1572.91,444.371,1134.74,438.648,94.7495,2324.14,3071.6,57227.4,610264,519992,28557.9,549.045,559.6,118.974,326.15,854.602,102.841,2027.22,10616.3,5834.51,14861.1,53596.9,19906,437.636,66.091,100.995,38.1552,1390.5,1380.44,16.7711,55.2529,183.553,460.679,13662.2,33631.1,6254.4,472.522,129.77,65.8261,504.023,1964,701.538,141.221,719.98,844.016,2227.86,36610.9,35465.4,3525.92,3239.68,5450.56,413.896,104.583,321.747,242.369,180.051,839.065,811.011,88106.7,486891,223881,8015.35,681.894,579.993,151.125,352.883,355.67,126.601,6876.12,15444.8,8264.03,21910.3,41153.7,5258.72,1039.6,1058.99,663.837,149.509,2077.93,801.519,56.2788,50.6605,118.037,1991.75,12231.2,9451.7,176.903,255.819,130.914,63.363,525.071,839.669,147.446,78.3743,76.6093,663.141,7832.27,31616.9,14583.4
89.164625850,4239.35,10245.7,12907.7,2971.33,288.695,286.513,407.25,160.389,1671.51,751.024,265.395,813.705,968.406,1003.68,3279.84,3386.15,879.763,296.436,178.806,80.4739,1027.16,1491.41,35.98,895.465,1650.99,921.95,3999.15,20909.1,9377.4,7170.9,13955.6,5711.73,371.62,602.669,243.813,106.169,548.171,2632.66,14935.8,331876,571302,62475,1718.67,162.505,82.537,22.849,329.537,24.9735,870.859,10360.5,6726.09,3081.93,21493.8,18903.1,1153.7,95.8997,367.095,58.2661,1374.13,3145.64,666.198,271.83,828.536,484.751,4498.02,28589.8,9510.9,802.161,235.381,92.8821,3.82766,763.828,365.209,155.068,344.378,550.104,9.08537,17941.8,41754.8,9944.63,6898.64,8082.5,1969.5,262.014,1063.72,126.895,308.45,1779.78,5122.48,43653.1,549333,469184,22174.1,1532.71,497.382,130.503,105.65,803.845,51.5815,2064.39,9358.16,6136.89,10945.2,45211.6,16355.2,202.02,29.6583,113.743,0.493182,1303.37,1401.95,35.7658,29.6503,83.271,240.457,10371.1,28287,4257.68,362.989,116.313,87.3059,409.7,1833.78,520.444,62.9467,589.249,428.398,1261.17,30925.2,29695.1,2865.4,3985.36,5502.8,589.514,57.3146,244.375,142.511,299.514,755.465,1771.9,76012.7,441099,191424,7003.37,1057.98,585.043,115.03,249.912,297.012,196.079,6410.48,14378.3,6766.14,15788.5,35183.6,4320.81,736.151,951.684,477.9,30.0852,1965.36,988.262,52.8635,27.8169,53.6416,1328.37,9678.58,8499.14,341.492,149.233,147.923,72.7851,520.542,761.834,34.2939,38.3243,43.4312,494.842,5506.86,26810.8,13283.2
90.650702948,2711.79,8830.38,11322.2,2491.71,369.783,211.548,330.523,33.371,1570.19,899.292,198.837,659.086,901.899,950.468,3067.56,2878.97,770.215,401.278,123.629,94.0015,1172.96,1365.8,50.3835,492.566,1435.24,815.201,4859.31,18615,5744.36,5233.91,12578.4,5814.46,241.373,464.749,241.785,142.037,395.586,3219.83,7725.61,275782,506735,47063.1,2387.31,54.2759,190.709,89.0338,267.681,15.8347,1297.43,9613.55,6129.15,1835.18,18928.1,15637.1,852.81,85.6554,231.212,12.2355,1078.36,2970.03,620.934,229.78,688.862,180.931,3829.74,24587,6849.57,644.757,295.196,30.231,40.1561,736.93,485.551,176.549,199.897,348.316,60.7954,15967,34558.5,5461.91,6284.17,7398.35,2098.37,177.117,767.627,95.3035,596.186,1342.69,5980.84,27355.2,488389,418895,14161.3,2296.63,283.989,290.887,181.722,611.62,55.5355,2142.06,8391.45,4827.34,6577.17,37757.2,13672,62.1073,10.664,85.35,21.6943,1309.55,1427.26,72.5214,45.8942,25.5948,130.311,7973.35,23865.1,2866.7,217.692,99.3368,91.0671,297.065,1649.67,467.273,37.0279,443.514,89.418,849.088,25875.6,24991.6,1459.91,4804.05,5285.81,772.475,111.83,156.61,62.6971,488.797,512.764,2624.45,60825.4,396231,159101,4692.91,1523.43,398.724,106.153,219.142,298.312,171.991,6033.6,12442.3,4105.1,10008.7,30382.8,4234.44,345.901,786.357,271.879,94.7238,1893.76,1180.79,61.6599,24.5221,58.4705,706.548,7336.11,7640.55,506.837,72.8682,137.928,68.9666,466.194,690.126,4.37214,37.997,35.8825,352.499,3258.53,22004.3,11809.1
92.136780045,1217.35,6429.25,9665,1671.12,432.256,109.566,233.751,93.5848,1502.67,937.498,107.821,492.159,751.807,683.847,2638.61,2288.19,529.289,465.4,92.6809,88.1126,1257.49,1385.79,192.169,199.945,1064.61,717.883,5311.29,16634.1,2779.79,2892.33,10654,5489.2,103.184,451.036,199.137,111.422,450.823,2790.85,2252.53,231351,451278,35841.4,2414.28,48.0159,183.658,157.128,335.481,60.2812,1595.86,9201.04,4744.04,692.741,16063.2,13035.5,507.101,247.408,127.837,3.51655,925.347,2734.18,497.895,183.528,506.533,38.9266,3781.16,21356.3,5214.07,413.578,300.519,7.48864,83.0049,757.6,643.814,226.833,63.6108,177.676,216.621,14517.1,28517.3,2076.05,4179.39,6810.01,1881.5,51.6039,760.143,84.5006,547.539,1560.67,4533.97,15103.2,433712,374219,7857.89,2088.47,381.414,302.407,208.109,676.87,26.4424,2258.88,7470.17,2609.13,3186.34,31657.6,11858.1,6.65169,18.8086,41.464,99.2847,1331.53,1472.5,103.196,68.1068,41.0892,76.3559,6656.12,20325.7,2283.18,124.448,63.3217,88.4391,201.923,1486.72,471.873,34.4067,278.036,52.9538,723.134,22147.6,21042.5,301.399,4714.67,5133.99,837.899,129.541,194.961,98.1868,442.251,420.839,2703.32,46647.5,355508,132852,2195.06,1676.78,254.319,93.7451,177.183,370.473,70.4927,5812.45,9722.64,1825.51,5857.26,26748.9,4569.42,138.718,509.005,127.001,248.339,1907.29,1294.64,67.2027,28.0451,123.995,264.794,5571.59,6754.15,554.203,51.5034,100.376,51.9531,389.559,646.288,42.1504,50.5685,38.6123,298.305,1614.84,17962.6,9883.77
93.622857143,388.428,3884.63,8094.94,873.63,390.276,46.0969,144.164,280.38,1443.82,849.572,26.2934,365.581,526.451,343.499,2105.6,1761.43,253.908,456.535,84.3009,77.3056,1254.65,1454.83,357.343,51.285,735.099,563.359,5177.87,14747.6,1399.75,1214.19,8350.03,4886.76,83.1495,377.751,262.271,84.6668,522.827,1599.08,83.1222,203037,406407,30377.6,1825.57,168.141,73.4219,317.787,388.166,100.844,1771.25,8702.75,3184.99,280.747,13148.5,11250.1,195.614,401.186,101.302,1.51318,951.124,2410.2,377.983,113.687,355.761,31.6675,3958.41,18908.4,4512.89,215.074,251.965,7.55366,108.744,804.926,760.695,245.771,9.28441,121.973,265.786,13422.5,23778,667.025,1946.25,5892.24,1577.56,32.2748,723.533,204.888,395.487,1801.57,2073.69,10088.9,390175,338708,5073.06,1200.99,607.185,210.085,377.336,691.802,44.9878,2269.54,6383.6,866.788,1712.61,26802.2,10777.7,9.38975,26.7962,29.2476,178.344,1327.37,1506.94,126.559,63.5398,102.145,31.3043,6039.47,17753,2295.77,80.5276,30.2153,71.0591,175.619,1287.96,547.896,15.1277,166.587,205.467,647.675,19679.5,17765.1,73.5636,3685.2,4932.14,838.759,150.285,269.101,204.999,266.224,446.409,2018.54,37064.5,320965,116116,666.239,1283.16,196.656,94.0627,232.261,347.242,45.6778,5484.36,7030.27,618.433,4432.73,23709.4,4870.18,93.5185,288.614,35.1217,424.004,1911.84,1296.72,85.9508,24.6456,194.963,31.1672,4516.2,5799.33,466.223,48.4969,64.4153,19.4331,327.471,598.455,120.589,74.4148,35.1989,312.829,827.709,14997.5,7603.05
95.108934240,133.954,2290.51,6632.75,347.258,281.438,9.76908,91.5105,456.428,1417.9,639.901,2.76098,287.294,270.412,95.5517,1622.78,1348.54,74.3096,380.669,84.1551,87.6108,1127.14,1528.62,431.38,30.0407,538.201,323.056,4458.07,12998.3,1704.66,329.649,6486.24,3964.46,161.527,312.071,381.961,147.263,354.991,500.327,530.581,189575,372586,29558.5,939.658,224.602,77.1646,354.252,437.958,189.046,1695.19,7976.87,2231.9,349.283,11029.8,9884,62.3888,414.345,125.495,8.64381,1003.64,2131.25,255.27,52.8165,303.963,32.815,3963.09,17097.9,4454.43,119.496,176.5,18.9419,140.22,782.213,831.68,215.331,18.6586,134.637,177.42,12293.8,20609.8,910.536,555.608,4779.71,1232.97,105.865,643.256,379.234,423.569,1364.32,471.415,10908.2,359863,313403,5326.6,431.041,490.311,252.981,545.257,639.359,135.565,2124.78,5245.73,199.925,1929.2,23298.4,10018.8,29.7849,10.8667,35.5417,180.744,1373.9,1395.25,173.109,54.5887,154.206,30.13,5714.41,15958.3,2531.93,52.9927,47.0666,31.1539,164.459,1174.21,544.451,1.08174,143.66,277.732,631.236,17782.7,15582.2,499.464,2422.47,4562.38,724.048,225.564,307.601,284.293,174.216,403.037,1041.57,33043.5,294098,108730,317.158,638.48,121.036,138.11,328.387,271.021,119.167,4863.52,5294.23,135.896,5365.69,21085.9,4783.1,70.6011,192.712,5.63096,497.428,1896.48,1170.67,110.553,29.0975,229.748,22.5535,3970.14,4870.49,310.933,27.3082,55.4069,1.2673,229.459,611.943,157.378,95.1287,48.4388,316.295,778.44,12951.9,5607.86
96.595011338,122.49,1925.58,5397.78,180.725,175.83,1.49593,54.8722,559.076,1351.21,435.537,27.8987,222.251,81.1956,11.2676,1297.33,1096.17,28.0518,269.086,85.8767,88.1634,976.653,1476.67,425.651,77.2326,429.451,107.854,3384.36,11549.2,2887.3,51.4902,5208.77,3194.26,191.816,350.159,376.934,208.071,117.84,39.9778,2014.57,185840,347600,31404.6,327.631,173.011,106.566,310.817,477.31,250.665,1544.39,6738.81,2341.56,394.717,9996.87,8623.91,169.419,329.486,164.051,33.4342,971.869,1889.12,208.581,55.2458,299.407,15.6112,3720.04,15614.9,4679.35,95.3837,111.317,28.5136,130.869,779.371,724.078,209.894,42.8893,141.839,93.008,10885.9,18874.2,1839.5,267.425,3562.66,1022.63,163.157,683.666,425.854,411.598,604.595,322.093,14521.6,340473,296153,7279.87,257.637,167.587,316.652,519.774,670.753,193.098,1964.48,4174.12,359.469,2821.68,21130.4,9171.76,62.879,0.560794,33.112,167.423,1275.84,1314.31,158.491,66.6353,154.467,72.8967,5508.36,14581.8,2691.36,37.6502,85.2669,12.8176,199.47,1090,432.32,17.5579,173.483,218.888,751.354,15910.3,14540.1,829.925,1820.15,3820.08,582.915,236.398,362.304,342.278,101.591,230.782,390.383,33562.7,274203,107963,653.388,179.672,60.9148,182.478,359.408,211.371,212.527,4165,4555.91,0.149991,7015.11,19011,4220.53,22.55,178.645,19.7125,457.662,1774.87,1039.28,85.6668,51.2446,212.824,159.265,3718.17,4072.82,169.51,3.58261,45.8665,1.69159,183.966,578.592,181.565,84.1135,108.157,277.135,1158.42,11477,4435.02
98.081088435,214.773,2282.76,4543.11,288.429,93.4231,12.1324,24.0449,595.496,1194.23,292.467,62.3889,179.739,4.49462,37.8859,1161.32,1017.91,56.0742,149.754,108.579,67.0426,844.228,1244.9,395.173,147.037,348.089,5.07588,2418.37,10410.4,3864.46,123.809,4668.63,2505.38,175.914,341.222,449.781,129.686,21.2283,30.3962,3328.89,184931,328965,33569.3,126.877,69.1828,28.6114,397.15,313.953,404.662,1046.52,5729.87,2753.49,355.352,9544.09,7577.19,354.101,225.194,187.702,50.1941,916.84,1665.79,197.425,84.5322,305.43,25.4805,3262.24,14396.5,4743.52,78.9752,70.1293,32.8089,122.827,705.746,565.261,180.375,79.1503,111.188,106.331,9358.9,17983.1,2597.38,466.579,2849.18,707.794,269.384,508.825,653.208,147.359,250.909,596.79,18217.7,327196,283579,9419.93,309.188,25.6133,136.054,662.729,482.662,298.312,1522.78,3699.83,628.165,3536.82,19795.8,8201.01,93.7258,4.89249,25.2798,124.293,1125.39,1177.49,117.912,88.3324,128.217,112.529,5234.39,13473.9,2589.89,48.909,113.015,7.42772,236.952,993.445,327.437,37.8172,208.734,135.436,896.754,14042.2,14082.7,749.752,1811.53,3053.31,321.318,273.143,284.705,466.482,10.6592,67.4029,165.759,36149.9,259925,109331,1055.77,22.6686,66.8867,154.503,382.285,169.33,242.737,3485.33,4405.51,153.416,7905.58,17400.7,3453.33,2.20672,188.524,44.9896,399.153,1502.11,894.518,40.0437,93.4,156.074,312.374,3585.39,3447.83,83.8779,12.6186,35.7397,4.50052,163.098,516.399,185.724,56.2927,192.525,222.04,1589.35,10320.4,4098.43
99.567165533,440.25,2701.06,4126.43,420.858,43.5611,28.0605,19.0323,531.197,999.153,211.252,72.0635,158.76,14.9806,98.7943,1159,1050.19,82.1614,82.2456,125.705,43.4121,702.883,939.595,327.694,218.426,252.815,24.7817,1762.76,9543.8,4033.57,437.674,4473.96,2080.62,73.2648,370.999,367.203,112.984,7.94401,52.472,4063.36,181582,313865,34423.5,94.7105,3.13683,67.2245,313.645,231.976,431.101,527.912,5092.51,2802.79,464.314,9107.54,6794.69,395.377,200.681,168.59,62.3922,790.776,1488.84,197.947,110.803,303.96,86.5377,2794.62,13258.1,4502.7,50.3999,51.4864,32.4431,118.157,599.216,377.687,128.406,112.169,73.7333,166.692,7964.87,17288.2,2880.67,615.441,2600.92,459.488,207.987,489.148,571.818,7.97027,387.029,384.98,20397.6,315355,272338,10685.7,156.634,91.7434,59.6097,533.686,432.732,237.264,1121.61,3473.89,757.075,3771.13,18810.4,7109.3,111.942,7.61377,21.6937,74.5086,931.145,1002.66,84.5644,93.4875,121.634,97.2684,4905.03,12378.7,2316.81,85.0831,117.577,12.5181,266.943,926.656,209.661,51.8296,198.378,147.919,850.059,12423,13442.4,571.309,1774.75,2581,91.6366,211.23,251.32,432.321,58.5064,27.9252,91.0998,38273,249267,109004,1254.24,30.2448,63.4883,170.706,294.881,181.111,135.848,3019.38,4279.92,597.2,7626.4,16043.2,2697.01,62.0457,161.175,77.0086,316.357,1189.66,704.114,23.1294,119.559,123.823,362.936,3457.31,2981.69,64.7311,38.3317,31.9851,4.0464,160.603,447.561,148.603,28.2687,258.242,206.516,1720.34,9463.99,4137.9
101.053242630,714.028,2893.96,3986.74,431.984,39.1452,35.5773,26.1684,434.998,771.559,173.344,53.3681,158.155,42.6778,149.808,1190.13,1117.4,77.9228,68.7266,112.941,18.7065,591.764,610.373,249.921,228.776,197.462,79.9166,1411.01,8699.51,3606.79,850.919,4353.3,1856.12,40.1272,306.788,251.072,159.699,42.3862,13.3342,4145.91,173905,299594,33558.4,62.5404,31.887,176.155,194.428,126.386,394.629,209.305,4659.02,2510.47,776.732,8485.33,6166.04,271.853,230.431,139.514,54.8733,661.377,1266.67,232.153,128.281,300.219,145.506,2396.61,12239.4,3956.27,33.6067,45.7485,27.365,110.286,479.563,202.331,95.9973,94.6118,80.9468,167.002,6905.13,16288,2837.35,695.267,2509.35,338.511,131.284,422.164,376.936,53.8967,615.446,80.1218,20512.1,301915,260355,10653.3,1.74607,185.065,127.526,333.358,323.063,162.61,753.56,3299.65,829.135,3692.22,17716.3,6064.34,111.195,8.99651,16.7724,55.4211,712.877,812.895,68.5729,80.5972,128.081,48.5718,4439.19,11361.8,1940.97,108.087,110.832,32.6536,330.442,802.358,135.171,64.4367,153.072,226.801,590.304,11115,12302.2,620.031,1521.92,2336.05,33.0364,127.425,191.144,347.458,172.578,104.825,18.0055,38651.2,239857,105331,1279.51,28.0296,75.8767,215.071,202.854,139.876,44.6279,2597.64,4142.39,1030.05,6760.15,14587.4,2090.28,144.83,133.866,90.6531,231.459,853.992,542.066,21.3239,112.627,127.013,297.736,3257.67,2659.14,76.1879,40.7126,42.1781,4.33064,181.774,340.144,114.498,12.576,267.501,264.341,1484.81,8848.4,4123.1
102.539319728,793.416,2979.96,3886.37,344.07,56.1342,32.806,29.8588,332.155,572.14,134.223,31.4767,175.519,64.0468,164.445,1195.02,1143.62,68.4836,68.2151,94.8923,19.3653,450.263,380.288,157.463,160.605,190.869,95.2682,1244.93,7795.86,3025.31,1141.88,4262.18,1726.67,70.1835,186.489,191.885,119.514,114.55,60.4418,3553.57,162720,284740,31236.6,81.425,106.674,148.965,189.448,43.5805,252.85,167.115,4346.74,2221.73,1010.78,7840.27,5574.14,107.902,218.827,126.333,19.6019,533.381,1035.15,267.101,130.439,307.817,153.631,2099.4,11325.8,3329.31,35.7853,43.7618,26.4185,107.082,348.401,100.546,56.8314,46.1418,125.319,95.1041,6125.93,15079.7,2542.07,838.819,2471.95,315.353,71.3136,246.912,333.4,65.561,611.992,376.924,18407.7,286690,246983,9409.54,183.555,198.634,94.9222,267.463,175.4,70.0041,527.953,3079.59,935.148,3444.92,16436.8,5226.58,83.4882,25.3918,6.19958,35.8654,559.23,582.544,86.1562,74.02,116.06,12.6649,3907.51,10413,1587.03,88.8132,112.935,59.699,367.335,704.638,87.8904,41.9352,124.415,244.874,285.923,10003.9,10981.6,779.239,1253.29,2281.76,93.2514,47.7425,80.286,349.828,192.545,202.459,40.2998,37060.2,230137,98726.5,1176.74,6.86268,118.512,187.994,149.101,74.8905,3.79608,2209.88,4031.41,1107.82,5882.04,12986.8,1678.61,181.578,130.052,62.3269,146.92,600.993,355.064,47.8417,99.8388,126.971,193.91,2977.05,2406.44,95.7707,26.1589,65.4254,14.5777,180.558,250.103,82.4096,9.82946,246.586,314.97,1062.63,8340.3,3989.75
104.025396825,561.99,3026.97,3719.89,235.96,72.1035,25.6001,45.7832,215.751,396.13,125.007,25.7149,171.638,100.596,128.549,1179.42,1103.88,69.7815,63.5589,85.9529,35.7961,333.828,222.562,83.1298,69.888,196.672,70.7018,1141.77,6959.47,2487.02,1155.84,4089.67,1699.17,102.338,118.502,78.3094,120.497,113.357,256.439,2423.6,150361,268856,28154.1,225.47,109.967,144.48,154.2,21.5523,146.329,367.149,3924.92,2205.9,892.27,7350.97,4966.75,26.2878,152.775,122.061,10.9314,370.354,814.415,290.592,132.593,300.115,120.383,1953.89,10465.5,2858.42,41.5924,53.7587,34.7438,101.57,243.168,41.6154,26.4083,14.9761,156.545,24.9077,5536.01,13909.6,2070.14,1085.75,2302.87,408.251,29.1163,174.093,183.239,182.268,394.708,1112.69,14854.9,270755,232905,7500.93,547.27,115.888,152.422,115.638,118.192,23.4691,495.352,2773.81,1010.37,3031.15,15174.8,4646.57,48.4338,54.5913,5.51352,27.2582,419.221,395.279,99.413,83.1794,82.4906,5.68841,3439.32,9519.01,1358.14,45.8421,109.505,87.948,388.024,611.724,55.9293,15.982,112.723,179.394,122.066,8984.58,9892.73,734.02,1302.38,2173.1,209.66,12.8962,32.9435,296.787,216.912,209.65,223.042,34072.8,219338,91007.8,896.293,40.1833,96.7962,190.043,69.8446,32.523,20.4838,1903.48,3881.25,795.685,5042.97,11504.1,1439.45,151.041,139.726,20.8006,69.9396,412.274,208.229,76.0395,102.271,91.4734,122.522,2659.22,2190.78,97.4464,23.0524,73.1515,33.208,187.371,161.801,49.1898,30.7783,224.875,293.139,717.256,7793.32,3864.11
105.511473923,221.341,2906.62,3572.56,163.149,64.4235,24.3069,60.6042,121.344,247.559,130.678,24.2751,151.908,151.646,64.9508,1145.16,1034.39,64.8042,63.9408,98.7491,34.4535,264.004,138.131,39.5354,12.0412,197.248,32.6373,1079.09,6295.82,1970.64,902.356,3889.26,1634.6,105.028,62.7193,25.5895,126.645,59.0476,446.151,1281.29,138508,253215,24782.4,407.342,33.1395,210.587,93.7007,27.5819,57.3673,600.489,3689.71,2089.97,543.016,6890.04,4515.54,34.976,66.4364,117.825,26.5825,234.968,595.079,284.418,119.202,275.224,74.3804,1904.58,9736.27,2593.41,38.0616,82.2648,56.2649,87.0657,154.617,32.8072,16.1883,7.24065,143.527,7.29297,5133.94,12899.4,1575.65,1127.96,2238,483.032,28.7791,67.3982,82.9477,300.741,260.69,1479.87,11424.1,255395,219452,5698.19,660.965,74.4017,260.91,30.7786,47.9596,1.86512,551.388,2633.99,849.621,2502.54,14056.2,4351.24,25.8319,76.6719,13.0031,22.1812,322.238,240.232,90.6489,97.5898,58.2552,12.2594,3081.07,8752.42,1249.56,8.90227,93.8629,101.147,383.647,506.308,57.1406,5.96609,95.3652,77.6496,133.969,8168.61,9075.83,443.552,1471.33,2067.76,315.519,0.43249,20.1387,200.92,261.507,136.542,450.615,30374.5,208225,83633.2,492.167,133.688,35.3559,187.857,30.6801,14.4544,42.4493,1708.2,3577.28,399.613,4133.29,10317.7,1354.98,76.7139,154.045,0.740068,21.6961,277.28,113.979,72.6126,119.636,41.7992,98.1747,2358.03,2006.68,70.4936,38.2186,60.4724,54.3993,186.371,92.0237,27.6742,54.2995,212.769,196.258,574.114,7270.36,3725.14
106.997551020,27.1289,2548.72,3546.61,150.828,30.0936,33.7567,48.1199,60.9004,147.37,130.177,16.6569,136.022,186.363,16.3454,1110.05,963.658,45.4947,86.2941,118.116,19.159,210.661,132.062,32.1407,3.5624,162.514,24.7773,1012.84,5867.71,1505.93,597.413,3558.73,1560.59,48.3341,65.0333,23.4641,50.8734,63.5444,435.896,619.751,128587,238881,21791.1,490.902,16.3208,156.414,100.245,49.0424,24.93,716.323,3617.27,1701.95,267.183,6321.26,4311.89,72.8503,26.4159,99.9801,44.2952,127.017,426.227,226.328,87.2733,237.435,52.4264,1906.42,9109.44,2521.91,32.4887,113.945,83.9627,61.9398,100.132,36.992,13.9755,22.0854,104.355,35.3199,4894.56,12076.9,1247.88,877.845,2267.26,517.116,26.4824,41.6826,71.9188,192.391,385.377,1075.24,9510.4,241775,207771,4657.25,424.351,201.796,186.158,24.2135,44.2774,3.32565,686.423,2544.07,546.747,2013,13173.3,4212.36,26.8157,86.9951,21.2156,24.4885,239.9,133.804,67.8829,92.4036,60.9826,10.0788,2896.49,8058.44,1241.92,1.17918,66.1951,100.55,317.091,443.507,51.5664,8.31487,57.1157,11.7866,231.517,7676.63,8329.59,172.305,1421.98,2028.28,351.986,0.320698,20.5733,167.412,191.299,104.626,524.163,26905.1,197667,77759.4,138.315,210.648,11.16,116.879,50.8079,24.8512,22.8478,1671.91,3065.66,202.45,3299.19,9457.77,1308.38,34.1008,136.474,3.13665,8.07114,203.743,47.7481,55.939,119.056,23.8577,95.739,2127.66,1834.33,38.5991,52.5411,45.343,64.8748,168.658,55.3794,17.7294,53.5446,212.865,75.8559,618.656,6908.42,3451.45
108.483628118,15.97,2125.88,3653.7,188.707,4.05407,38.6449,32.8781,19.9263,89.0344,118.002,2.86573,139.005,174.348,9.94634,1088.06,930.317,14.0893,118.925,124.854,3.31304,181.861,157.655,42.007,28.1324,121.566,45.7351,954.389,5547.32,1300.07,393.947,3136.29,1463.36,14.905,48.5139,29.8327,21.5161,111.034,218.206,548.281,121621,226209,19866.4,454.893,73.2407,64.7872,119.959,45.3075,16.0502,702.951,3568.49,1240.44,218.075,5655.03,4344.84,83.2558,40.2072,71.0136,65.4263,54.4446,283.587,161.637,36.0967,204.675,54.3922,1911.52,8569.25,2529.04,37.6422,132.079,100.177,33.5442,67.6843,39.1447,13.7458,50.8874,79.4685,55.4393,4827,11368.3,1195.11,547.501,2286.17,540.954,31.2679,31.8866,58.3458,82.7624,543.925,365.579,9337.42,230780,198663,4461.14,150.242,299.906,112.883,44.2587,40.1383,13.565,791.888,2492.83,319.354,1779.99,12406.9,4188.42,40.4424,88.392,31.7133,38.2175,163.566,72.8883,41.9349,60.6113,80.6862,0.690745,2795.94,7461.91,1261.73,9.79594,45.9365,67.997,244.953,365.893,54.7758,13.6085,20.8386,10.7011,300.897,7496.71,7527.72,146.86,1121.24,1997.35,347.461,0.522135,19.5978,144.688,83.6294,133.989,408.466,24570.6,188108,74064.2,9.08145,183.527,6.89231,92.9131,71.9577,30.6588,3.79626,1674.17,2583.51,177.245,2927.49,8699.99,1247.06,46.2837,108.882,15.5113,11.6619,160.565,25.033,37.7509,87.6454,45.6691,75.9921,2010.39,1668.51,21.6479,47.1968,38.7994,50.1788,152.847,40.737,10.9392,38.0084,198.714,17.1782,760.11,6771.28,3019.57
109.969705215,47.0057,1927.89,3837.56,259.648,3.5608,32.733,21.7579,6.91394,61.7343,84.8843,1.73607,155.322,122.652,46.2371,1103.7,911.936,0.702842,140.633,117.408,3.28622,158.564,192.417,53.1208,59.0521,94.7372,63.4847,890.239,5305.23,1427.18,266.126,2748.54,1384.95,4.83719,40.8708,47.1786,27.077,123.446,34.6648,846.346,116971,216403,18832.1,297.891,52.1101,70.0627,68.9406,70.5989,5.20747,575.135,3488.85,968.476,276.826,5093.85,4484.34,80.2443,53.1751,50.6642,59.0767,20.2531,203.301,81.1418,2.3216,198.752,45.7898,1830.08,8126.03,2509.7,53.4761,134.131,98.4348,11.7416,51.6694,32.406,16.8647,67.1503,86.212,33.6806,4897.88,10746.5,1338.28,354.232,2238.15,569.874,28.5856,42.4776,59.4899,53.3073,446.733,30.4046,10002,222892,192302,4720.79,99.6947,189.217,116.372,58.6558,50.5075,26.3345,850.577,2454.89,265.958,1848.33,11656.5,4262.57,34.7111,96.3247,44.1445,42.6919,108.305,44.1742,24.1656,26.4303,96.7443,8.75592,2666.29,6981.44,1226.75,8.86475,48.5658,26.8283,139.072,337.163,43.524,9.83391,8.01942,24.0689,307.373,7476.6,6811.86,282.49,794.214,1910.57,303.675,4.81824,35.8279,85.1434,48.7574,122.29,184.599,23312.4,180628,72049.2,116.005,101.706,2.17381,98.957,84.2764,36.3653,2.43775,1704.86,2309.17,143.729,3027.51,8047.66,1118.41,78.9966,83.4033,30.0202,24.6873,130.601,33.3721,21.7234,57.8209,77.7089,65.0825,1928.96,1560.65,21.1426,25.2051,37.5405,36.7356,112.779,50.3138,15.424,15.5608,170.328,28.7809,906.38,6787.57,2624.82
111.455782313,38.4012,1913.9,4099.23,396.762,38.8888,21.6493,13.8389,9.12518,53.0297,51.8391,14.1234,171.053,76.2331,87.4071,1194.99,883.987,15.1743,138.021,111.943,10.4556,143.334,231.195,44.8564,90.4088,81.05,62.6395,820.182,5349.51,1564.77,210.099,2262.54,1579.64,34.634,6.48325,157.795,49.8,85.3456,2.65295,1113.06,113207,211969,17489.4,88.1312,12.1308,139.521,104.165,93.697,23.2883,555.984,3162.52,990.066,256.835,4794.4,4606.8,107.452,41.396,41.8366,34.8924,11.8034,170.035,18.126,31.5602,236.49,14.9368,1580.95,7863.8,2396.9,71.4146,124.551,77.4539,6.46289,43.5323,22.9043,23.2834,78.9764,82.263,5.85826,5007.3,10447.2,1325.72,367.135,1906.27,837.119,5.18034,108.947,206.303,12.0959,166.36,95.1088,10050.5,218425,189375,4644.81,100.814,78.7806,33.8315,184.755,137.547,0.989973,1131.07,2318.76,288.391,1807.41,11236.1,4318.3,18.0469,104.281,56.5802,41.6235,60.1919,45.4326,25.5015,2.99469,118.507,27.8687,2499.26,6669.71,1051.71,6.43897,71.0456,18.4207,46.6577,316.352,52.7372,7.99755,10.0487,14.2468,274.258,7522.84,6374.91,320.434,721.441,1546.58,341.043,5.85129,56.7461,99.501,64.8204,35.0488,20.05,22057.6,176791,71013.9,254.654,71.2832,0.488061,79.9366,174.023,5.67785,33.1376,2014.26,2107.82,82.1822,3009.99,7874.49,891.264,95.1596,63.384,49.2818,28.4727,107.872,70.7232,17.7581,50.0703,92.9315,81.5368,1804.11,1598.9,15.5586,23.7062,29.8745,31.8321,74.947,58.1085,26.3764,7.45642,151.129,55.9195,1002.85,6967.23,2350.52
112.941859410,12.1085,1915.03,4468.99,616.607,88.1907,22.767,13.3452,12.0056,52.8059,28.7881,29.6941,195.265,62.8637,118.347,1318.49,891.628,29.8907,125.132,118.041,9.14983,153.533,249.088,30.4819,112.515,109.198,56.8008,936.794,5793.16,1412.08,141.966,1923.46,1851.58,98.6609,15.5363,326.247,285.502,171.799,22.5144,886.966,110644,214849,15488.6,257.956,337.814,289.816,237.488,156.988,60.7085,653.653,2977.89,876.785,125.542,4775.07,4778.97,142.186,18.0227,25.6743,26.4603,33.4482,135.765,1.53547,124.369,373.629,11.1248,1134.3,8046.42,2146.53,106.935,90.3052,58.835,11.3044,34.2566,24.7641,22.8489,116.393,37.938,6.56466,5306.23,10692.7,922.908,282.035,1776.83,1179.91,12.6969,166.119,416.855,201.371,208.457,141.661,8488.76,218100,191775,3635.95,51.3746,365.606,85.8246,439.097,253.437,19.6778,1562.64,2536.27,144.613,1323.2,11504.1,4369.56,16.4981,80.3442,83.2593,24.2497,37.8997,42.3029,42.7696,18.013,173.316,47.6858,2369.36,6726.84,676.274,75.4524,129.124,48.99,8.71266,257.639,101.729,25.8902,32.1539,1.75779,190.434,7814.89,6363.05,169.126,688.463,1165.58,417.323,22.2402,113.767,175.982,132.742,86.1523,164.075,20314.9,177348,71330,189.393,130.691,28.483,174.573,332.514,11.6716,136.279,2602.42,2077.89,27.9344,2528.93,8475.81,737.67,83.0108,97.2919,62.7625,18.1342,94.6821,92.461,38.8723,84.164,113.856,89.1386,1657.79,1840.31,15.2281,75.0931,31.6263,23.4916,49.8706,55.9522,34.1003,26.218,181.072,40.8558,1000.38,7380.15,2291.55
114.427936508,2.95857,1898.51,4953.11,858.984,109.64,44.6042,22.4433,6.85568,63.2545,24.4951,45.6306,240.586,68.2265,135.076,1419.49,985.319,17.5018,151.454,124.132,5.37868,158.75,263.588,15.8259,136.193,177.53,100.323,1452.53,6724.05,1011.04,46.4717,1770.23,2157.45,226.664,79.0822,436.778,692.703,640.544,333.521,233.312,111259,224649,15120.5,1407.51,1113.19,573.54,446.199,294.501,123.199,917.629,3036.95,480.274,5.43523,5153.77,5046.21,139.87,17.9627,6.25233,18.9084,52.8194,130.039,23.6671,217.226,640.015,201.127,739.302,8971.7,1889.94,181.527,34.0393,47.8777,14.9834,41.6069,19.0424,17.2799,166.755,9.47394,50.3396,6117,11762.6,329.725,78.5241,1986.19,1569.61,96.221,327.222,547.808,523.77,744.308,387.665,6011.36,222984,201215,2578.45,564.567,1027.06,313.273,619.079,504.884,159.006,2244.71,3223.58,2.05281,617.95,12860.8,4563.34,29.4687,48.0262,122.182,4.53911,19.2932,43.4597,67.686,63.4793,253.28,105.556,2450.56,7384.44,284.401,343.634,240.141,71.6368,14.3426,228.554,133.284,41.003,81.6704,66.3092,100.33,8625.18,6968.91,38.3038,470.421,969.556,507.693,44.1829,211.773,329.466,296.91,391.271,801.377,19483.8,181447,73853.1,8.07525,434.715,192.793,404.269,448,86.2279,342.214,3460.47,2423.24,51.6247,1986.21,10021.1,944.968,114.47,166.031,75.7392,10.5469,85.9623,85.8565,68.7663,170.167,221.146,59.0507,1613.6,2286.36,81.7325,163.92,54.0151,16.9108,29.9816,54.9578,30.4572,62.2894,267.831,17.3186,913.321,8114.69,2592
115.914013605,11.5874,2063.02,5414.31,1042.85,108.946,89.6708,38.0486,1.33554,73.3532,32.4245,55.609,330.467,84.64,139.792,1407.47,1282.53,3.5746,250.42,101.618,1.69686,166.174,274.804,11.2449,141.296,286.02,263.777,2508.98,8051.66,799.95,17.3552,1867.67,2278.32,380.313,199.604,586.523,1034.7,1407.15,1420.06,105.978,116601,237810,20398.3,3725.76,2121.09,1004.58,759.12,505.013,199.128,1183.36,3301.33,122.15,118.577,6201.01,5367.63,96.8523,31.2544,2.52758,13.8426,60.1873,138.032,67.509,265.525,958.939,805.166,970.266,11093.3,1892.26,265.856,4.57705,24.3923,22.2917,35.9137,29.7738,22.0126,165.096,78.8438,182.309,7868.49,13874.1,168.715,134.17,2473.18,1852.61,231.713,522.998,781.989,768.138,1334.23,1438.33,5054.46,233131,218079,3757.4,2135.46,1529.02,562.293,969.867,835.303,371.823,2861.74,4477.78,416.163,592.003,15543.3,5275.51,64.241,68.8809,146.329,0.31264,8.16444,31.961,102.481,134.993,313.727,213.029,2830.12,8998.62,351.508,904.613,384.343,75.7726,39.7491,199.251,156.561,61.9264,128.968,219.326,152.199,10173.7,8514,264.585,165.206,900.634,567.483,103.308,360.661,509.678,571.199,953.366,2007.79,22500.7,186051,78572.5,277.401,1176.16,527.161,591.803,577.152,254.095,655.008,4171.29,3403.6,353.202,2349.08,12536.3,1769.25,267.651,232.929,91.8775,4.96531,79.8664,63.2063,96.1811,284.052,465.528,51.339,1870.34,2871.39,248.148,233.854,98.8187,19.6768,31.7195,39.6801,27.9525,104.795,362.451,78.3134,851.803,9201.22,3472.25
117.400090703,64.2624,2607.44,5651.57,1114.02,104.996,131.756,63.0811,5.30452,97.8909,35.5354,57.2042,437.122,189.373,125.847,1314.28,1890.91,120.08,372.706,64.3061,0.839509,178.124,279.932,20.283,126.885,405.745,579.42,4022.52,9622.27,1206.49,189.947,2076.74,2190.77,517.018,276.028,773.217,1308.72,2005.23,3379.78,2059.46,125948,247360,34020,6926.31,3360.14,1504.86,968.169,750.457,343.458,1283.49,3509.81,380.473,734.813,8154.99,5734.56,41.94,31.3011,3.49846,17.1487,45.9271,142.871,140.582,272.494,1154.66,1938.47,2728.38,14926.6,2524.59,322.699,3.71878,7.49688,20.5975,31.5222,40.0195,36.361,113.96,251.895,530.885,10800,17146,1058.35,792.55,2898.06,1996.03,453.785,633.524,941.834,1111.68,1607.49,3113.61,8057.45,246696,240134,9341.05,4152.66,1631.99,1007.74,1320.6,1045.77,688.949,3346.74,5798.11,1887.5,2282.91,19573.3,6881.79,185.37,183.844,152.792,1.989,3.57548,23.1018,121.601,228.401,356.468,287.037,3489.02,11894.4,1639.57,1763.88,482.928,68.9869,85.1725,170.14,138.756,111.395,142.414,364.753,503.42,12570.9,11317.7,1039.82,92.945,807.759,549.689,239.297,520.369,595.196,897.814,1845.65,3825.88,31602.9,186288,83843.2,1865.22,2290.97,852.247,730.203,690.745,420.603,1026.4,4539.58,4698.27,1257.63,4440.21,15918.4,3271.57,534.918,291.978,98.9771,8.0211,84.3349,23.9281,141.157,364.141,766.091,253.369,2644.5,3499.98,421.778,275.043,179.136,25.937,33.3033,33.9553,17.1648,166.574,429.314,221.117,952.311,10550.8,5119.01
118.886167800,275.942,3454.05,5519.1,1080,85.6078,165.726,102.059,27.4565,106.888,53.7468,60.5995,469.793,492.344,158.493,1379.78,2968.18,482.039,401.746,51.7852,2.50576,175.772,311.714,24.3732,123.711,484.883,935.562,5785.35,11211.1,2219.94,596.251,2378.48,1781.91,631.014,330.264,788.722,1659.21,2105.45,5505.67,7573.09,135160,244933,54851.4,10847.4,4606.93,1675.19,1160.29,902.437,478.013,1230.73,3407.02,1470.53,2133.4,11081.8,6094.27,20.8578,20.3758,8.92562,31.6591,17.9737,153.688,183.636,287.5,1082.77,3384.35,6978.09,21162.3,4029.47,332.921,3.38844,6.04006,10.7403,22.3805,47.8641,59.5807,58.4363,488.558,1238.48,14546.8,21469.5,3182.82,1903.04,3089.81,2006.51,570.158,750.074,900.333,1330.16,1886.2,4440.99,15540.4,259251,262335,19531.1,5365.67,1751.98,1370.24,1437.21,1264.49,856.252,3587.2,6843.3,4201.04,6077.05,24738.8,9338.16,473.709,381.115,165.925,2.85215,3.09873,22.5909,123.079,281.883,444.681,231.639,4276.14,16372.4,4947.17,2777.59,452.695,80.4265,112.503,144.849,83.5923,172.845,160.141,395.655,1198.67,15719.3,15371.8,2310.43,377.62,652.935,463.31,397.551,615.286,649.277,1024.05,2898.93,6476.45,46333.5,177110,86525.8,5464.12,3234.24,1010.89,932.11,620.904,590.628,1390.3,4283.77,5909.08,2909.23,8193.82,19920.4,5264.9,786.805,333.712,107.408,14.7955,82.4307,0.435657,221.914,408.151,896.577,861.267,4214.44,4147.62,413.485,377.252,267.677,24.711,38.7948,33.727,16.3041,197.999,502.897,373.795,1316.15,11831.5,7486.94
120.372244898,777.399,4257.15,5004.75,972.706,49.7669,197.662,136.239,58.7793,121.062,58.0313,70.0859,403.161,935.755,455.154,2057.38,4748.95,1062.31,297.585,67.9632,0.0834632,208.304,375.098,14.7318,159.221,505.776,1132.1,7645.07,12477.5,3287.83,1207.46,2761.48,1121.11,697.157,297.929,728.033,1789.98,1958.26,6682.49,17046.3,137933,224510,78042.8,15116.6,5138.05,1603.77,1180.08,945.794,563.927,983.894,3054.74,2939.18,4513.68,14645.6,6397.82,49.4289,14.0252,14.992,45.0962,1.45437,182.261,191.378,260.058,852.486,4502.16,14230.9,30743.2,6453.55,300.312,2.06198,11.6409,15.782,7.21244,58.5934,81.4064,32.7111,751.134,2310.39,18056,26348.6,6184.02,2886.19,3163.1,1712.38,628.919,702.009,857.934,1121.1,2325.98,4901.1,25329,264359,278355,31811.8,5142.56,2063.84,1250.84,1549.79,1281.87,849.493,3461.3,7319.46,6570.33,11512.4,30347.7,11990.5,963.766,640.158,183.984,2.18371,2.68769,26.2036,138.16,235.867,595.741,97.0738,5016.46,22932.4,10568,3538.76,368.217,70.3787,127.978,108.772,52.2068,173.946,216.584,281.049,2117.48,19400.6,19997.9,3784.06,810.703,551.626,262.583,599.953,613.439,600.687,1018.83,3482.71,9938.74,63559.9,155773,83216.2,11034.1,3360.61,1139.66,1029.34,457.932,694.787,1574.56,3496.34,6594.9,5042.73,12482.8,24126.1,7372.2,858.954,391.364,103.016,17.4611,90.7199,9.94763,270.779,495.348,717.982,1882.43,6907.02,4969.1,189.865,643.536,297.581,23.2062,52.1197,40.8423,25.4273,182.65,567.488,500.447,1849.23,12672.7,10155.6
121.858321995,1567.33,4638.9,4208.49,818.305,15.1747,221.458,167.821,76.9211,131.454,62.028,64.7486,306.435,1256.6,1310.21,4005.2,7475.25,1680.21,135.324,107.8,4.26251,240.295,451.388,33.3878,264.484,531.224,1017.79,9564.55,13040.4,3748.46,2081.42,3006.24,511.846,680.642,195.603,667.563,1525.64,1788.52,6302.12,28808.2,130031,184894,97741.7,18738,4512.84,1478.88,915.016,950.547,504.673,648.042,2577.63,4111.58,7667.95,18170.4,6608.11,104.254,16.3247,18.8208,78.0868,7.33745,179.842,215.439,148.336,690.13,4633.15,24047.5,44732.1,9923.04,261.741,40.7721,22.9377,16.488,4.17228,46.603,135.032,73.7999,1018.78,3434.61,20176.1,30748.9,9331.25,3301.18,2981.69,1338.84,490.062,673.479,595.777,828.322,2407.53,4988.2,33106.4,256650,282611,41628,4159.26,2070.38,978.828,1352.92,1267.69,571.95,3185.51,6892.97,8070.57,17532,35050.8,13950.6,1587.97,871.365,230.689,0.788532,9.98219,34.4263,127.073,154.349,693.767,139.538,5823.77,32344.9,18014,3589.94,336.095,22.94,164.49,63.9026,23.2607,151.126,258.424,123.162,3082.14,23086.8,24031.6,5019.7,1157.28,525.277,108.036,682.968,587.847,376.654,1052.08,3176.78,13421.4,79089.5,123510,72625.5,17406.6,2600.91,1313.01,884.887,301.346,662.051,1593.49,2327.91,6651.55,6975.87,15643.6,27917,9205.39,708.125,448.527,106.149,15.5976,111.164,52.6816,269.218,574.181,357.822,3076.29,11113.6,6359.07,44.6741,1024.14,250.77,29.3124,46.3977,60.8654,47.792,128.445,593.714,606.567,2294.15,12778.9,12475.6
123.344399093,2329.01,4419.2,3270.86,665.624,14.2207,211.604,182.211,97.954,102.902,105.926,56.7942,238.301,1294.93,2952.96,7790.95,11182.8,2175.78,33.603,133.469,12.6142,277.367,513.148,93.9034,407.015,669.394,680.42,11480.7,12827.5,3214.7,3299.05,2975.61,146.569,540.32,100.979,597.587,1087.86,1451.37,4847.23,39759.4,110876,132842,108773,20583,3117.27,1181.73,719.459,719.915,445.781,309.28,2002.05,4539.98,11129.1,20486.8,6871.82,134.423,10.4465,28.3543,158.23,62.7194,137.845,237.459,36.9002,671.292,3859.93,35488.5,62479.6,15135.2,454.579,198.653,72.156,9.46955,11.4539,55.9754,201.971,175.717,1250.21,4277.42,19898.8,33683.6,11834.3,2897.84,2674.01,856.528,291.544,603.658,244.325,716.496,1769.85,5441.73,34571.7,235253,271133,45397.4,3221.48,1553.04,732.276,936.807,1173.37,236.387,2723.5,5772.6,8051.94,22484,37743.6,14288.5,2206.02,1013.56,266.134,15.108,37.1938,54.3682,86.6097,105.538,719.434,634.672,7613.84,44511,26492.1,2915.76,399.882,4.83722,208.44,24.4058,1.74806,134.773,230.56,15.1252,3960.6,26313,25827.6,5851.94,1251.3,533.456,50.2823,752.324,399.278,199.071,1045.08,2169.73,15939.4,88757.3,86551,56157,22971.3,1543.45,1313.12,667.958,150.342,544.288,1395.27,1196.64,6051.47,8107.39,16401.1,30250.4,10830.3,349.149,574.785,82.5674,20.0579,100.063,167.01,256.516,536.824,62.4981,4330.7,16975.2,8909.83,448.552,1379.26,153.474,36.2699,45.3058,96.6712,46.8263,96.1105,501.858,768.09,2292.07,12221.6,13675.6
124.830476190,2578.23,3818.81,2341.46,466.586,92.1701,184.468,165.244,142.948,62.7325,225.3,145.118,205.79,1316.18,5258.6,12829.2,15790.6,2772.43,59.0298,110.622,16.9595,408.14,465.874,179.594,668.183,893.229,576.105,12647.1,12572,1771.61,4879.53,2657.18,15.8019,374.495,59.1895,567.907,580.169,1104.91,3095.2,47892,82777,81486,107340,20993.9,1758.73,828.457,739.284,355.568,376.986,159.052,1368.43,4248.57,13858.2,20734.5,7261.45,111.463,21.123,82.0992,227.285,176.412,121.404,227.652,89.614,913.518,3074.68,47402.1,80435.7,22545.5,1319.96,635.504,259.813,48.1473,65.3581,155.531,241.224,236.938,1558.13,4331.69,17515.1,33987.7,13199,1899.1,2341.5,393.836,99.3484,537.426,44.7164,540.061,941.557,6228.7,28579,203718,243005,42656.2,2312,1045.91,358.061,527.212,1042.84,14.4485,2141.75,4327.62,6542.54,24923.8,37540.6,12879.8,2529.55,1106.8,233.427,60.8269,108.538,102.916,71.2024,137.011,830.548,1775.43,11591.1,57358.8,35135.8,2171.79,635.427,172.189,252.928,17.6652,20.8674,78.6325,193.966,5.18685,4583.18,28632.6,24475.9,6071.98,1088.63,541.559,176.625,802.512,162.729,144.084,1009.03,1035.24,17425.3,89004.9,53895.3,37272.8,26924.4,680.513,1148.71,453.344,60.5266,352.905,1109.95,436.845,4868.52,8256.27,14070.1,31014.1,11841,83.2534,736.459,118.268,60.749,52.4976,455.924,281.297,542.128,119.939,6233.29,23111.5,12914.1,1905.17,1793.87,37.7108,72.6668,93.403,138.205,28.4019,66.846,375.252,926.726,1800.91,11031,13526
126.316553288,2295.77,2873.78,1638.61,226.731,260.527,168.862,133.116,242.179,80.6985,472.856,434.314,288.349,1557.79,7768.98,17824.2,20317.9,4036.74,328.804,142.942,61.2999,686.479,361.333,245.274,1180.97,1276.55,939.572,12144.3,13238.7,305.698,6951.59,1990.68,44.6064,393.352,32.2379,378.628,385.857,1149.42,1618.37,54822.4,49737.7,41955.4,94494.6,21743.9,1702.69,661.156,577.026,205.237,240.138,226.022,910.837,3668.17,14946.1,18401.2,7944.96,84.6887,96.4672,159.326,227.406,352.863,186.37,286.112,563.725,1565.28,3695.37,56915,94503.3,31230.3,3020.87,1419,696.995,243.3,230.361,368.955,298.705,205.893,1888.58,3684.27,13754.3,31928.6,12529.1,913.586,2155.22,85.1355,134.923,832.527,107.488,248.29,624.675,6008.89,17983.5,169931,201630,35418.3,931.865,1284.92,304.42,40.2496,1260.21,43.158,1341.99,3045.8,4565.5,23394.5,34846.2,10144.6,2508.58,1159.02,141.186,162.813,248.873,189.36,139.624,252.545,1102.35,3599.9,18255.3,67787.4,41983.5,2470.55,1215.43,767.122,395.352,66.9525,103.108,14.0424,208.275,43.4628,4733.93,29753.6,20557.7,5485.95,830.605,646.173,744.921,705.088,90.3288,76.5821,813.742,657.341,18839.6,79495.4,31462.3,19691.4,30883.6,236.591,817.289,399.136,17.6642,100.411,1074.54,224.672,3071.04,8048.67,8944.74,31279.4,11501.2,76.6369,922.452,393.037,228.384,117.787,1102.95,566.362,933.413,967.67,8951.14,27395.1,17877.1,4678.38,2371.17,24.2402,209.457,235.619,191.943,12.225,27.5141,279.892,991.238,996.602,9656.56,11810.3
127.802630385,1758.99,1679.97,1275.42,49.7953,444.02,168.957,110.654,424.163,256.468,885.692,946.406,549.51,2058.02,9813.2,21239.4,23378,6236.52,1003.64,393.574,260.821,1119.52,302.616,315.799,1878.02,1969.07,1696.9,9814.39,15087,703.757,9215,1341.35,158.157,422.779,112.247,183.476,652.041,1628.33,2265.78,63665.1,19687.9,17333.3,77839.2,26075,3158.42,839.9,309.811,104.339,162.797,522.604,848.881,3288.09,14340.7,13808.5,9009.46,201.296,234.363,191.063,219.66,509.12,361.765,519.003,1671.85,2923.09,6550.56,60518.4,101228,39307.5,5089.96,2368.02,1475.32,761.399,618.151,647.46,312.896,150.794,2010.27,2908.16,9942.17,28502,9634.85,420.14,2530.4,344.332,418.202,1182.32,845.17,682.655,1083.95,4201.95,7737.78,144554,156012,26149.9,566.868,2569.08,974.226,171.669,1443.62,291.799,674.135,2519.38,3157.74,17819.1,30883,7094.79,2431.58,1060.73,77.5344,244.985,439.636,402.93,354.629,401.257,1399.39,5800.13,27161.2,72439.2,44655.1,4716.43,2497.06,1932.18,675.862,169.883,210.336,15.8243,278.91,153.732,4238.37,29685.8,15864,4393.85,876.03,1092.58,1678.95,716.76,80.9785,12.1501,583.728,1371.21,22302.8,64176.6,18454.6,9003.94,36736.5,824.6,350.397,526.777,118.684,94.6218,1190.74,543.982,1260.17,8040.44,3477.89,32015.6,9580.98,340.784,1342.82,948.984,536.897,440.933,2131.56,1512.71,2099.28,2966.49,11864.9,28004,22815.3,8329.04,3032.33,206.942,498.609,535.071,317.729,36.3395,11.1182,226.735,890.686,238.555,8633.19,8755.95
129.288707483,1345.6,560.464,1236.13,44.102,475.443,218.478,188.797,661.848,588.239,1403.82,1631.25,998.805,2617.48,10780.7,21920.7,23790.4,9101.72,2161.42,943.002,681.616,1624.49,406.814,471.77,2615.71,2787.02,2603.85,6411.74,17628.3,4850.53,11402.3,943.437,313.696,516.787,194.627,123.012,910.608,2695.52,7132.21,77161.4,4258.85,5593.73,69244.2,36832.3,4989.67,1178.39,187.298,74.995,122.827,863.112,1125.14,3886.36,12791.9,8349.24,10447.7,535.445,328.089,211.311,161.075,621.949,691.889,1005.99,3203.92,5103.63,11382.8,56127.4,98814.4,44805,6527.98,3326.79,2618.03,1545.32,1158.39,1006.01,285.149,121.169,1771.1,2465.63,7710.69,25045.9,5409.82,1171.48,3430.88,1283.21,1071.81,1819.02,1835.29,1675.57,2497.51,2984.37,3227.3,138189,119576,18145.6,4321.71,4766.77,1719.46,773.192,1873.41,770.672,529.238,2819.81,3494.02,10014.7,27071.1,5284.17,2452.98,835.325,24.5936,317.635,688.396,667.273,671.118,659.583,1541.19,7647.74,36799.4,69362.1,41650.7,9160.2,4586.57,3318.68,1139.06,397.249,333.743,51.8925,317.408,422.308,3139.91,28697.1,12818.6,3609.55,1785.49,1887.18,2708.28,897.251,139.258,35.105,500.262,2652.29,29789.3,51334.9,10239.8,11687.8,45815.1,2776.57,213.172,719.789,268.279,281.933,1422.73,1381.23,131.932,8692.72,1689.87,33522,6709.42,925.941,1880.13,1620.28,1037.35,1142.63,3451.13,3115.57,4086.73,6162.89,14041.9,24295.3,26616,11706.2,3565.97,649.127,989.39,980.469,497.387,124.007,87.6572,235.053,645.14,28.0273,8279.32,5124.33
130.774784580,1378.21,6.7962,1479.03,192.989,334.236,335.977,376.92,852.638,1028.06,1954,2231.73,1567.49,2981.15,10328.4,19666,21216,11824.3,3642.54,1714.53,1303.63,2074.47,674.94,750.19,3232.32,3418.09,3272.54,3149.31,20119.1,13370.5,13547.4,791.548,388.341,579.418,372.703,204.442,1242.22,3831.72,15482.3,96558.4,15482.1,7640.49,79752.3,51953.5,6035.05,1751.98,80.9786,138.455,237.984,916.083,1529.64,5986.84,11661.9,4283.78,12047.6,945.981,322.694,260.731,69.0472,691.782,1072.8,1718.9,4824.17,7609.84,16744.9,44507.8,87984.4,46410.4,6544.19,4206.04,3750.93,2437.11,1816.09,1251.33,306.126,113.484,1275.37,2358.59,8260.45,23102.1,1598.48,3740.62,4838.5,2360.71,1743.07,2891.16,3123.09,2457.15,4102.36,5094.67,8872.1,159121,107152,16133.3,12772.3,6446.91,2477.44,1993.13,2414.18,1106.62,842.909,4021.5,6322.96,3203.37,24796.3,6099.7,2504.23,570.326,0.789312,388.507,852.01,1003.7,985.885,925.407,1492.97,8449.31,44892.3,59287.9,33513.7,14921,6870.76,4629.18,1738.25,653.147,453.786,141.633,290.73,728.109,1790.85,27136.2,13788.6,4278.39,3609.65,2566.52,3525.82,1472.81,303.949,53.3605,592.885,3723.73,40853.1,50239.7,5728.86,32810.9,57818.6,5495.2,524.69,863.368,578.331,643.141,1523.17,2367.31,247.506,10467.6,6900.71,35758.5,4011.64,1719.6,2245.89,2265.56,1692.82,2027.4,4763.39,5206.77,6423.52,9769,14859.5,17267.9,28541.2,13454.3,3798.96,1369.44,1504.74,1446.04,794.423,280.246,221.193,270.344,412.849,680.236,8848.09,1973.42
132.260861678,2053.4,452.369,1921.4,408.499,155.862,469.368,597.812,977.333,1375.44,2457.35,2517.06,2018.19,3026.15,8481.67,15490.3,16187.2,13637.2,4929.52,2471.99,2064.22,2299.9,986.506,1164.99,3516.18,3621.13,3418.96,1029.71,22357.8,24579.6,15536.3,913.852,331.862,665.536,498.896,387.338,1968.29,4673.41,23639.5,119298,60958.1,32395.6,113101,64059.8,6822.54,2343.38,31.7606,183.885,421.609,809.333,1757.15,9307.19,12378.2,3747.54,13418.7,1248.06,266.038,301.871,10.5272,716.155,1344.34,2440.31,6297.11,9468.16,20524.8,29042.8,72140.1,44103.9,5070.49,4843.11,4334.97,3269.8,2411.5,1321.89,326.443,159.551,731.602,2337.35,11775.7,23875,411.424,7690.63,6116.48,3238.36,2553.8,3707.45,4213.28,3630.14,4631.85,10178.8,26846.5,210790,130100,24567,21870.7,6818.18,3895.38,3072.05,2805.62,1386.68,1484.97,5715.02,11057.6,765.628,25043.6,10028,2507.72,311.887,54.0668,439.932,842.53,1334.27,1302.86,933.934,1398.77,7716,49719.7,45481.2,23128.4,19901.1,8440.21,5692.06,2226.43,886.146,502.432,265.563,266.7,825.154,639.45,25592.1,20030,7263.16,5533.75,2746.54,4301.79,2091.04,506.797,135.241,834.703,4547.06,51238.7,66520.7,12153,73107.6,70207.7,7954.56,946.041,1180.42,978,899.079,1578.11,3067.04,1749.94,13442.3,19014.2,38941.6,2613.47,2437.98,2307.78,2651.89,2362.27,2814.63,5545.61,7465.93,8412.44,12208.1,14480,9195.79,28655.4,12682.7,3773.44,2088.6,1848.22,1878.45,1077.05,496,405.463,259.632,339.558,2060.25,10479.7,621.017
133.746938776,3265,1874.51,2619.93,611.441,52.9163,532.074,793.315,1005.7,1456.67,2812.42,2399.31,2137.37,2706.28,5897.23,10835.5,10200.6,14027.7,5436.33,2999.47,2810.05,2142.39,1250.61,1647.21,3251.45,3440.92,2834.65,514.466,24894.8,34910,16747.9,1476.14,243.529,667.762,780.338,565.994,2404.06,5909.94,27772.1,137939,139943,94805.9,162392,65473.9,8505.01,2292.28,59.3213,254.011,817.571,453.927,1981.5,12785,15351.3,7552.46,14489.7,1226.76,262.015,252.031,5.15982,774.031,1377.67,2848.51,7393.8,9926.86,21126.1,14294.7,56152,39205.1,2847.13,4943.47,4114.32,3915.94,2626.94,1257.63,320.951,212.397,354.315,2148.2,17257.2,28113.8,3221.28,11118.8,7200.73,3657.67,2799.03,4820.21,4053.08,4888,4813.35,14465.3,54946,290919,191525,43947.7,25950.7,7344.27,4751.44,3480.69,3437.53,1180.02,2324.82,8003.21,15313.9,4028.05,28819.3,16198.1,2362.08,138.019,138.822,436.332,722.176,1443.56,1684.32,639.406,1328.78,5668.09,50734.6,32890.7,14200.8,21873.5,8821.85,6283.65,2342.81,1021.94,539.196,279.089,343.24,575.681,44.3011,25065.6,30855.8,12360.4,6553.49,2724.93,4399.6,2787.84,775.682,157.285,1000.53,5698.41,55315.3,98113.9,43404.8,128401,77969.7,9417.73,1580.71,1451.17,1247.25,1235.73,1226.9,3575.35,4480.88,16632.8,33891.6,43964.3,3121.95,2587.43,2178.06,2552.93,2826.13,3297.81,5451.58,9174.62,9654.53,12142.9,13405.5,3045.92,27461.3,9739.45,3566.24,2422.97,1958.22,2149.77,1227.57,686.072,650.033,213.297,344.61,3749.8,13382,1959.21
135.233015873,4569.84,3826.11,3730.86,734.169,58.7107,450.21,990.919,852.349,1321.75,2855.32,1970.4,1875.52,2103.11,3443.14,6979.03,5120.23,12859.4,4928.4,3165.89,3243.42,1725.79,1309.7,2047.38,2521.76,2944.45,1743.21,1440.03,28319.4,40535.6,16866.2,2408.21,126.512,666.808,1064.68,877.299,2091.17,7315.36,27188.3,142414,243946,206713,209926,55647.6,10340.7,1714.08,178.902,345.443,1141.99,253.951,2339.49,15493,19048.6,14868.6,15672.3,808.613,357.108,119.434,76.9774,894.192,1112.96,2922.38,7603.1,9004.39,18133.8,4647.8,44102.1,33734.6,971.251,4268.55,3382.31,3928.26,2618.25,914.081,407.416,191.866,186.924,1707.6,23408.8,35745.4,9182.35,12391.3,8299.53,3038.94,3014.3,4825.44,4013.98,4357.61,6308.96,14837,84462.9,392521,286249,67240.6,23084.7,8608.96,3937.65,4009.79,3371.3,951.495,2902.78,10836.6,17059.5,11208.3,36576.7,23013.8,2056.75,52.838,170.623,475.07,446.195,1435.76,1860.87,339.52,1246.43,3114.39,48858.7,25898.7,9645.45,19758.2,8193.2,5927.25,2236.27,901.573,622.002,162.771,496.908,181.162,151.282,26697.4,43954.7,17836.4,6456.55,2332.11,4057.9,3162.06,1011.71,226.005,916.333,7122.83,50665.4,134896,111471,190349,76809.2,9725.18,2338.48,1391.35,1375.18,1526.49,658.787,3909.64,7921.09,18424.1,46260.6,51228.2,5328.46,1961.65,2013.39,1902.18,3112.4,3065.69,4792.89,9435.89,9987.57,9499.93,12108.4,1112.07,25724,5989.91,3122.2,2261.38,1834.58,2096.84,1264.57,732.544,875.158,253.029,281.243,5390.25,17670.4,5938.49
136.719092971,5226.8,5799.89,5312.78,821.044,76.5647,352.735,1034.81,647.233,986.364,2635.88,1354.18,1376.44,1389.03,1805.59,4545.28,2329.65,10407.1,3677.49,2887.16,3229.03,1196.93,1168.32,2183.65,1630.03,2173.12,726.542,3137.93,32650.1,39965.7,15256.9,3673.46,120.795,777.602,1186.98,1007.22,1697.93,7296.87,24232,126421,357560,365699,237515,39643.6,10505,1227.45,292.823,328.923,1429.5,431.302,3120.71,16512,21129.4,23920.2,17269,317.702,444.012,40.2378,214.819,945.667,748.838,2615.62,6973.32,6894.12,12750.8,2199.95,38173,29308,219.134,3028.32,2312.97,3459.69,2245.29,554.034,468.207,142.845,118.982,1200.92,29071.3,46101.8,15580.1,11303.2,8833.44,2002.12,2767.72,4328.71,3387.71,2868.16,7939.39,12284.9,103755,504835,401279,82687.6,16894.8,8496.38,2890.07,3560.69,3210.47,593.504,3262.18,13681.4,15509.9,18793.3,48027.8,28885.5,1660.92,20.0889,166.863,479.962,200.099,1279.94,1829.09,167.867,1075.85,1206.01,45444.5,26814.1,10070.7,14498.1,6524.22,4974.56,1800.67,736.569,587.529,79.5606,539.253,38.9741,914.057,31113.2,56424.4,21296.5,5586.13,1444.95,3555.41,3114.65,1056.77,354.267,671.876,8102.44,38938.7,163993,217253,248841,65015.2,9489.81,2580.94,1207.66,1231.86,1618.5,211.665,4187.58,11521,17174,52820.6,60181.6,8225.26,1085.01,1599.31,1203.72,2889.72,2446.82,3563.66,8484.51,8936.13,5705.95,10648.3,4116.21,24065.3,3010.83,2333.81,1842.12,1363.91,1897.82,1061.14,698.131,955.752,411.395,146.925,6827.97,23194.1,11601.2
138.205170068,4455.04,7638.7,7315.01,882.432,50.1744,283.771,905.375,454.086,728.134,2042.96,854.406,848.595,748.596,1103.62,3594.51,2094.71,7248.75,2280.71,2220.77,2813.35,738.995,832.722,2125.03,742.913,1403.34,185.546,4715.1,37124.3,34757.3,11736.4,5369.2,279.711,737.946,1316.37,844.804,1435.2,5443.85,20827.2,93243.9,462092,550282,236160,23922.5,8357.67,1075.78,225.877,445.628,1331.62,947.008,4570.34,16078.7,19374.6,32837.7,19491.5,188.944,395.719,16.294,298.55,1124.99,306.67,2074.48,5806.9,4046.68,7433.28,5568.56,37892.5,26987.2,519.991,1685.93,1143.33,2817.61,1606.59,281.912,438.59,108.827,94.2392,956.251,33167.3,58116.1,19670.3,8543.02,8879.78,882.489,1984.7,3799.42,1887.48,1965.66,7393.25,10105.9,105027,615875,517486,82005.8,11881.6,5990.64,2190.75,2482.11,2809.26,364.408,3097.67,16211.6,11535.4,23760.8,61737.2,32827.2,1267.22,19.0045,162.625,417.383,52.6638,1030.79,1702.31,103.977,825.091,596.833,41904.7,34648.5,13613.5,8502.69,4081.38,3821.25,1275.25,452.674,619.08,16.0921,454.59,213.241,2140.01,38013.5,66004,20735.6,4648.03,387.059,3134.88,2416.16,1139.93,291.613,523.79,7786.01,24807.5,175611,347717,294386,45554.1,8783.1,2127.65,994.499,968.445,1384.59,115.067,4269.29,15156.5,12442.5,53752,69099.9,10682,454.192,1066,552.758,2448.8,1521.87,2222.93,6788.24,6621.82,2455.26,8934.74,10806,22766.6,1680.3,1369.99,1285.5,841.503,1446.6,830.485,517.471,970.657,525.733,33.9475,7983.21,29718.2,17284
139.691247166,2490.43,9419.4,9461.68,966.174,20.6279,201.29,715.997,360.323,616.629,1299.14,547.937,510.6,412.469,924.727,3772.39,3626.86,4212,1202.12,1410.67,2186.61,409.546,478.922,1900.73,149.059,855.067,43.4228,5593.02,40639.2,28051.9,7323.69,7371.32,643.759,541.304,1362.16,573.305,1059.94,3326.84,16344.1,56294,539851,726301,210069,12329.7,5341.58,805.45,201.393,410.577,1256.83,1366.52,6332.48,15146.5,13708,40092.9,22178,621.085,309.84,3.69832,339.763,1316.58,55.4569,1593.42,4167.51,1586.43,3835.26,10885.3,41565.2,26502,1022.67,835.152,254.221,2067.57,1015.99,94.4262,368.012,102.365,84.7045,1034.36,35351.5,69610.9,20453.6,5740.33,8281.88,198.152,1134.95,2839.71,857.656,1267.24,5110.48,9533.49,91158.5,711939,615432,66869.8,9017.51,2954.65,1227.74,1722.31,2051.75,279.05,2946.4,17430.7,7364.35,25197.1,74851.5,34735.8,949.472,47.4286,168.243,290.396,16.0643,890.698,1336.33,224.207,562.551,1095.11,38928.5,46105.3,17096.2,4002.71,1751.34,2476.35,942.454,239.664,613.111,27.1727,386.442,476.765,3594.77,45820.9,71768.4,15964.2,4106.31,18.1053,2262.07,1724.83,1015.39,188.463,475.531,6088.55,13002.9,168136,479299,320867,25463,7129.33,1547.77,680.847,699.773,1036.45,172.658,4442.26,18258.9,6212.01,51257.4,75788.9,12100.2,138.801,654.134,160.672,1824.56,715.86,1189.16,4656.08,4078.48,612.153,6941.41,18529.8,22090.7,1634.57,631.154,669.148,443.324,962.308,567.217,317.32,906.326,541.203,0.542844,8873.89,36452.2,21637.2
141.177324263,660.879,11008.3,11571,1095.62,28.0761,112.161,523.128,438.761,678.279,587.996,457.327,474.19,414.118,859.656,4666.48,5625.47,1953.22,636.196,819.032,1485.79,242.312,316.52,1494.2,15.6375,589.651,54.767,5736.81,42393.2,22466.5,3747.78,9347.11,1276.32,216.297,1533.4,224.015,798.19,1862,10480.4,28873.7,581323,861518,172521,5503.01,2871.88,360.251,194.394,362.335,1016.63,1609.27,8236.44,13782.5,6981.89,44282,25163.3,1390.45,242.285,2.47127,320.947,1459.14,201.449,1216.5,2450.44,571.175,1994,14303.9,47080.9,26595,1066.2,508.144,0.29976,1289.53,589.192,37.201,286.174,171.946,75.3461,1202.42,35816,78159.8,18964.9,3827.12,7578.73,43.4358,365.961,2295.65,173.936,502.843,3174.25,8914.11,72734.6,781789,681363,46915.3,6769.5,1169.96,433.33,831.247,1590.93,213.329,2946.87,17431.1,4525.78,24138.1,84560.1,34831.2,758.012,70.1661,165.483,157.925,67.0449,875.703,818.251,490.913,378.791,1758.84,36607.7,57266.1,18071.3,1619.45,381.692,1135.01,868.064,247.533,526.935,78.6791,413.028,620.243,4825.4,52733.4,73400.5,9440.53,3759.98,381.213,1499.94,956.08,764.662,147.775,363.837,3877.9,5612.65,148713,586842,328513,10964.4,4611.14,963.337,512.461,446.188,802.137,215.795,5209.51,19891,1780.27,47155.2,79152.1,12271.2,54.8312,421.77,126.182,1131.96,288.523,605.83,2558.19,2291.24,29.2246,4938.49,24603.5,22145,1871.08,362.572,244.686,175.655,555.857,392.694,193.459,704.26,526.558,42.6437,9359.95,42435.8,24053.8
142.663401361,188.362,12053.2,13606.3,1281.66,81.4756,42.1857,365.641,628.71,842.395,143.247,533.896,664.427,544.616,731.285,6005.11,7121.41,678.639,467.813,684.183,900.651,149.959,349.332,1076.22,226.575,566.497,30.2561,5584.34,42279.4,18877.1,2239.5,11067.6,2176.07,12.5353,1555.84,217.47,746.628,1007.14,4924.56,16010.2,587750,939859,137216,2067.07,1503.33,72.7571,123.661,309.555,784.822,1478.1,9899.19,11972.9,2605.81,44660,28257.6,2004.92,186.445,25.6131,209.548,1696.81,724.024,759.949,1236.61,971.499,1296.37,14212.7,52344,25960.4,717.348,375.792,132.62,865.549,283.306,24.1455,185.037,392.19,130.958,1128.44,35092.9,82135.8,17052.7,2779.29,7355.32,466.984,18.8871,1616.86,200.567,228.828,2531.74,6318.91,59645.7,820855,711870,32150,4043.98,477.006,182.119,478.73,1088.11,134.78,3195.86,16789.6,3328.24,22265.6,89326.2,33510.3,640.748,44.6744,234.074,32.9876,194.841,774.339,537.33,543.217,417.395,1810.39,34596.4,65161.8,16050.7,757.896,81.287,306.278,737.749,386.952,592.11,68.5905,498.297,672.42,5241.65,57692.6,70845.2,4497.96,3355.57,1127.66,841.779,422.24,573.01,41.0684,169.464,2186.87,2091.48,127267,655753,321778,4224.81,2291.29,251.08,554.041,479.945,698.853,135.828,6554.19,20071.3,1001.96,42201.2,79496.5,11396,18.6005,410.369,335.854,584.294,142.202,305.746,1162.33,1367.31,81.6594,3268.92,27668.6,22802,1686.75,429.461,107.158,49.6439,249.752,383.089,180.27,407.525,526.028,115.738,9320.79,46876.9,24665.1
144.149478458,1240.33,12474.2,15414.8,1531.3,128.079,19.0533,279.498,821.116,989.498,49.0347,661.194,956.728,610.476,610.82,7591.03,7792.41,256.436,456.085,849.622,563.346,95.3924,475.794,775.519,477.402,626.002,55.6358,5668.25,40855.8,16759.2,2761.11,12238.4,3349.65,150.58,1529.89,371.678,659.431,1048.24,1596.87,12792.1,570641,965613,111416,712.531,979.043,9.95353,35.9968,167.714,747.632,1021.11,11273.4,9637.71,1797.25,42365.3,30665,2127.35,188.395,59.287,203.339,1717.91,1550.84,413.471,756.9,1626.13,1189.15,11752.5,56028.9,23931.8,433.428,244.073,388.671,600.678,152.151,24.3488,172.562,582.52,332.313,749.432,33742.9,81691.3,15585.2,2479.62,7627.47,1167.61,84.7614,1126.08,616.541,343.36,3019.05,2690.08,54378.9,832114,715085,25698.4,1434.34,461.53,220.455,477.643,687.614,58.313,3667.23,16063.7,3317.45,20381.8,89720.8,31152.8,526.412,53.8078,267.671,0.870664,303.249,755.266,288.425,361.689,621.977,1243.61,32421.5,68759.2,12525.5,598.293,129.244,60.4884,534.953,763.256,591.58,47.6963,529.243,838.812,4590.21,60154.6,65409.2,2596.15,2650.51,1973.56,414.43,189.213,286.267,46.617,26.2821,1339.4,617.077,111328,685702,307890,2760.83,832.104,15.9683,678.12,491.032,727.791,75.973,8375.87,19355.9,2983.84,37096.8,77621.6,10114.3,69.5553,523.629,460.862,272.333,202.095,195.947,496.786,799.474,341.939,2163.87,27939.8,23792.4,1083.18,488.084,113.606,36.3206,181.976,433.248,206.658,164.785,519.022,198.184,8764.3,49347.4,24173.9
145.635555556,2757.68,12453.3,16833.5,1786.18,114.057,47.8837,267.529,840.423,1148.36,187.612,773.131,1183.93,620.687,728.286,8961.6,7930.78,347.469,473.096,970.901,489.509,64.6386,587.072,504.302,655.647,642.667,218.763,6146,39050.9,15032.9,4053.96,13092.8,4671.42,510.295,1291.3,799.626,429.337,1529.3,1076.96,11411.5,543734,959096,94344.4,855.533,712.257,33.7694,26.4534,173.678,656.792,528.524,12343,7426.42,2976.86,39765.3,31425.3,1794.16,232.066,72.2757,205.598,1804.99,2171.38,389.374,672.917,1873.38,1282.17,9405.5,57412.5,21064.4,359.047,167.696,643.11,413.158,84.8332,5.10857,239.473,611.195,637.299,290.403,32424.4,78440.1,13998,2900.64,8454.34,1621.15,237.498,995.737,883.168,448.535,4096.88,871.739,51847.7,824736,705819,23501,70.7984,911.969,274.047,430.456,476.918,39.1662,3788.98,15845,3963.05,18251.6,87754.5,28298.8,396.508,152.838,236.763,16.169,408.625,697.218,98.6051,201.901,714.734,571.72,29902.9,68969.2,9368.98,669.739,121.001,7.79579,406.595,1069.52,645.2,6.45311,548.618,1006.07,3269,59925.3,59750.6,2592.17,1740.04,2878.98,137.462,34.484,135.222,132.976,3.39518,1139.75,22.5576,101977,689229,292204,2857.64,333.158,384.667,602.739,655.449,664.958,146.812,9823.81,19181,4987.23,32722.1,74492.5,9007.07,315.802,642.525,448.307,100.783,281.13,91.6791,232.583,451.264,514.965,1503.21,26694.7,24671.8,569.341,413.808,151.675,57.4967,231.394,518.759,258.036,43.5896,419.724,309.131,7762.9,50119.5,23236.9
147.121632653,3225.33,12643.9,17234.4,2095.68,81.7847,99.4574,278.93,679.847,1266.48,471.874,852.544,1224.12,606.351,1071.35,9758.25,7930.02,555.622,465.965,923.012,512.547,135.899,565.348,303.737,667.612,658.724,379.575,6932.16,37482.7,12910.9,4910.58,13865.1,5667.08,867.526,1093.89,1066.18,440.329,1642.39,2432.64,7746.47,517153,941932,83363.8,2143.1,442.468,75.965,27.1194,193.183,550.28,432.079,12805.6,6529.36,3685.92,38527.8,30299.6,1228.46,296.553,63.4115,204.368,1885.08,2462.99,535.978,710.224,1790.83,1273.99,8378.86,57346.8,18254.7,368.64,239.414,667.746,338.612,25.8142,5.28483,326.306,578.191,820.745,64.3715,31719.8,74569.1,11283.4,4263.25,8927.4,1900.87,373.503,836.359,1066.42,631.492,4500.77,2471.87,45804.6,810517,695863,20720,513.088,1287.28,211.843,467.064,305.501,22.3341,3641.25,15543.2,5161.29,15870.1,84741.2,26159.8,282.928,299.411,152.645,79.3817,572.981,541.591,36.934,120.479,540.509,174.632,27363.4,68080,7309.21,678.572,87.7433,1.0529,332.484,1156.34,763.052,23.8526,524.859,1005.25,1902.56,57821.4,55865.1,2488.02,1449.98,3430.43,88.5791,2.57174,68.3661,152.72,24.0027,1110.52,309.952,96929.4,680699,278052,2296.9,526.27,717.033,495.629,774.846,567.525,407.076,10406.8,19709.8,5299.53,29207.4,71479,8348.51,665.49,639.076,387.917,24.1198,306.265,18.0515,118.254,302.92,379.789,975.39,25333.4,25161,537.425,270.486,186.662,98.1133,290.842,588.639,273.774,13.9471,320.362,359.891,6640.1,49419.9,22724.1
148.607709751,2387.73,12674.3,16877.5,2220.31,62.5779,133.344,275.966,425.805,1312.73,854.313,789.687,1139.03,535.484,1353.86,10195.4,7707.68,645.702,492.884,704.884,540.857,361.875,460.173,168.63,510.457,686.007,415.31,7934.86,36445.9,10172.9,4917.82,13870.8,6713.9,883.079,1060.79,845.308,684.641,1287.53,4076.6,3019.47,494905,929971,77504.3,3399.25,153.401,45.7914,57.1556,251.627,379.18,929.831,12736.8,7055.26,3046.06,38525.9,28172.4,648.538,279.944,73.6315,269.838,1665.31,2669.41,657.664,676.508,1648.31,966.867,8662.58,57421.1,16150,372.339,387.991,495.388,342.87,9.79038,40.7878,343.504,572.215,727.971,179.348,32210.9,71542.8,7530.51,5845.25,8593.76,2257.39,277.681,945.887,681.786,1268.45,3669.44,5928.91,36366.7,797283,689425,17157,2233.54,1082.81,346.398,220.251,345.639,3.01642,3483.94,14993,6090.96,13086,82232.1,25535.7,259.015,376.692,93.0986,147.698,700.396,488.577,17.3999,115.152,262.276,41.0222,25717.3,67777.5,6551.22,536.435,85.0151,17.1294,230.063,1219.86,713.275,136.002,621.113,623.417,1089.27,55371.1,54114.4,1600.3,2306.11,3522.63,172.613,16.3579,51.7905,137.752,146.312,870.284,1198.66,93038.5,672357,265702,1110.73,1071.39,727.78,505.186,622.737,521.222,588.463,10633.9,19854.2,4180.59,25762.5,69641.3,8635.97,874.484,571.384,279.465,7.70058,298.537,81.8167,94.6226,271.213,124.247,603.138,23990.9,25976.2,892.418,95.7905,205.478,120.691,365.882,610.057,230.217,45.2004,292.863,266.841,5426.98,48260.7,22718.5
150.093786848,1065.59,11729.2,16289.2,1995.62,88.3097,98.8586,295.768,164.381,1305.71,1189.18,622.434,924.928,493.174,1385.46,10338.9,7290.35,526.286,584.136,419.37,530.21,671.092,387.754,91.3852,279.043,705.693,330.065,8959.05,35940.3,7489.33,3961.41,13411.2,7103.43,806.08,792.533,754.746,617.794,1184.43,4220.73,465.21,481465,927542,78571.3,3465.76,134.347,15.7451,145.713,209.622,185.157,1747.76,13005.7,7516.75,2017.04,38443.5,26522.5,203.522,147.828,147.5,311.45,1331.01,2696.41,707.54,573.732,1486,488.252,10194.3,58095.7,15339.5,387.607,489.469,304.453,350.586,40.7792,140.384,323.407,514.958,444.751,530.283,34104.3,69524.2,4509.38,6083.72,8321.71,2231.48,250.245,775.273,390.059,1695.69,3154.98,7280.64,29303.8,787431,688112,15379.6,3341.93,737.723,660.813,55.1129,313.963,6.86459,3476.55,14641.9,5668.32,10634.5,80722,26795.9,359.355,339.419,56.7049,179.797,868.324,499.883,15.3796,206.006,109.054,57.5025,25833,68429.5,7302.12,341.142,88.3628,30.0183,170.729,1153.16,652.402,205.475,831.446,121.692,947.078,54220.6,53888.8,680.969,3593.35,3479.58,336.582,48.3203,34.7139,74.3744,391.932,687.232,1742.62,90594.5,667454,258048,141.774,1472.77,558.396,498.571,415.8,496.398,555.672,10741.6,18805.2,2806.98,22265.4,69600.8,9909.42,709.811,600.801,117.688,43.0284,346.133,242.071,125.716,322.542,71.0569,381.034,23093.1,27144.4,1431.33,7.62404,159.628,144.577,400.713,579.411,158.802,101.694,347.826,98.851,4516.92,47150.4,22999.1
151.579863946,203.715,9656.19,15784.3,1539.76,123.595,54.6325,263.765,30.5013,1232.66,1419.68,365.586,671.502,483.002,1159,10187.3,6807.42,261.315,661.596,205.497,437.632,1008.81,391.823,90.1384,95.3478,652.953,224.477,9759.42,35929.5,5762.1,2686.88,12007.4,7240.32,431.318,629.511,586.646,265.698,1539.84,2532.11,1511.45,481136,933520,86502.6,2299.31,380.752,48.2976,132.282,210.706,45.7939,2698.21,13577.7,6941.22,1680.58,37616.2,26050,94.8414,47.7321,267.835,258.118,979.59,2622.31,636.458,480.615,1232.85,133.086,12433.7,59365.7,15978.6,439.198,490.988,143.775,362.88,128.263,264.046,318.286,337.202,218.334,831.265,37024.2,68629.9,3616.63,4696.55,7937.25,2133.95,178.107,569.561,289.556,1321.69,3943.33,4868.54,28783.1,783003,691859,17156.4,2566.54,1082.92,615.037,28.1627,303.709,45.8224,3891.37,14286.8,4010.32,9420.6,80356.8,29565.4,548.381,220.903,31.8946,192.847,1005.68,588.586,44.7693,342.574,165.56,147.588,27798.7,69954.5,9181.28,206.49,60.183,55.6265,102.789,1110.55,522.889,243.626,922.947,32.3961,1387.97,54977.2,54505,775.829,4159.79,3522.17,541.2,76.5136,17.9009,41.6051,567.022,849.058,1366.46,90688.6,666066,257723,175.986,1233,577.318,285.689,234.061,536.399,268.125,11029.2,16447.7,1947.6,20029.1,70967,11818.6,377.905,587.297,38.3321,95.3904,437.457,489.865,179.828,407.999,320.874,282.292,23080,28262.6,1945.22,16.0031,91.9653,137.407,386.685,512.319,98.9861,154.379,397.524,44.9642,4273.79,46501.9,23043.4
153.065941043,18.8723,7279.03,15485.4,1087.33,109.111,46.7174,183.104,13.9331,1220.01,1372.22,150.137,533.218,366.987,821.917,9794.27,6390.35,51.0844,580.142,125.342,376.22,1188.44,523.963,169.616,20.208,571.912,132.384,10090.1,36117.7,5994.5,1384.04,10636.5,6516.23,221.182,451.003,289.086,154.361,1547.99,650.158,4763.79,495201,943905,98302.9,876.807,598.292,27.3112,165.56,165.05,22.257,3116.94,14692.2,5470.84,2139.4,36239.2,26920.2,338.45,78.6503,282.751,245.749,680.463,2469.23,507.489,342.717,1058.1,4.618,14546.1,60776.7,17812.5,523.259,387.336,37.3853,380.757,273.802,352.934,288.661,143.917,168.903,936.574,39874.6,69183.8,5056.06,2364.58,7827.59,1673.72,65.741,585.514,43.799,777.82,4773.65,1249.1,33853.5,786292,698990,21558.5,846.426,1678.17,357.031,30.699,428.779,80.1394,4186.05,14246.7,2073.87,10033.1,80904.3,32968.4,707.328,110.594,15.6862,201.728,1012.83,777.595,123.657,409.349,354.882,375.04,30755.2,71868.9,11451.7,150.756,32.7124,71.5036,90.3528,1040.97,388.75,290.404,833.221,366.732,2276.88,57239.8,55458.9,2147.56,3442.75,3917.02,608.839,59.3992,46.4717,82.0122,491.496,1220.27,491.521,93295.3,667799,264942,1117.95,613.262,518.738,181.069,94.165,491.87,87.2022,10862.3,14362.7,1246.88,21082.4,72355.2,13834.3,138.915,475.557,37.4663,174.212,574.879,671.964,331.695,485.395,630.145,431.058,23995.5,28779.3,2313.86,39.3716,64.681,84.0697,338.595,445.905,33.6057,211.095,381.705,183.348,4793,46641.2,22337.4
154.552018141,76.6178,5951.65,15138.6,930.225,114.652,67.6276,96.2656,181.636,1320.69,968.59,120.808,570.709,149.302,472.536,9383.97,6242.77,6.41654,328.025,202.152,475.39,985.846,832.286,385.023,140.428,403.823,88.377,10053.2,36171.5,8097.17,531.238,9082.09,6113.13,80.8993,210.014,344.178,280.72,1119.42,226.314,8790.91,521050,945779,113063,292.692,737.07,8.046,240.034,188.939,21.721,3176.82,15662.9,4290.35,2896.21,33985.4,29287.6,929.899,160.044,149.752,339.969,737.913,2155.49,366.378,252.427,1030.39,35.2631,15498.9,61998.2,20295.4,530.702,284.336,4.94842,401.02,350.03,501.02,164.738,50.8018,207.04,859.969,42383.9,69603.2,8299.27,712.86,7475.57,1360.71,9.87875,562.664,28.8371,490.784,4505.26,51.9124,42183.1,793413,706654,26642.1,4.78965,1697.95,299.654,257.231,428.947,119.681,4737.83,13982.8,1093.91,12603,80407.9,36793.1,699.485,98.8502,10.3765,111.326,1113.33,827.532,238.338,471.783,499.631,771.214,33212.9,73812.8,13248.5,108.394,43.1148,71.7509,97.2621,918.99,416.197,351.851,682.147,673.221,3645.05,60356,55290.1,4302.64,2099.54,4417.21,627.604,69.201,143.211,146.188,347.979,1519.84,113.657,100454,663931,280444,2532.82,97.0632,301.403,354.751,251.416,221.562,5.09059,11203.4,13064,549.194,24925.9,72889.3,15602.9,26.2232,324.851,97.467,278.229,774.128,650.03,548.835,592.429,706.58,968.164,25366.6,28582.6,2347.02,42.5604,74.8839,58.2794,174.279,485.455,0.220782,203.11,364.583,487.156,6370.44,46342.1,21520.6
156.038095238,64.6704,5671.17,14712.9,1412.76,238.531,128.975,90.2329,576.673,1473.23,449.887,324.218,759.566,47.8497,257.502,9029.23,6533.77,120.841,91.3245,458.613,711.042,558.098,1228.89,809.032,465.869,225.167,99.665,10046.1,36735.5,9859.39,147.247,7689.64,6952.06,152.168,508.302,834.464,551.853,1319.62,1907.86,14625.2,542022,931428,127664,541.899,851.766,89.7624,468.716,634.915,111.327,3690.8,16152.2,3625.37,3265.46,30880,32109.5,2157.55,317.419,74.0731,568.299,1166.35,1784.69,236.797,340.649,1061.92,149.214,15424.8,61777.3,22890.2,464.106,242.624,131.415,381.623,343.955,655.492,91.1895,21.7145,213.314,978.496,43636.2,69182.7,11370.2,178.735,7078.34,1706.16,88.0014,1049.94,322.581,96.6715,3737.61,1673.78,52111.3,796240,707073,32032.7,769.522,1355.65,166.002,634.25,729.653,22.3811,5751.45,14201.7,858.949,15087.8,78752.8,39700.7,707.068,179.114,55.0818,43.6544,1200.26,809.887,287.874,583.988,490.91,1176.04,34625.5,74210.1,14506.4,69.9778,84.3398,87.8105,102.202,785.612,570.305,488.318,610.694,702.55,5751.41,62815.3,52832.3,6077.56,1093.45,4406.08,1147.08,258.091,665.164,384.581,356.234,1798.78,357.752,110282,650921,294983,4777.93,479.91,566.473,841.787,941.222,189.034,115.632,12948.5,12851.2,96.0567,27598.1,73446.8,16819.6,52.3605,170.35,185.926,435.336,930.821,510.322,713.033,721.809,546.894,1841.17,26452,27813.6,1995.31,97.3992,121.753,95.3752,31.7616,631.919,72.3138,134.542,394.432,885.363,8771.38,44801.9,20530.8
157.524172336,49.1083,5626.06,14306.5,2602.61,491.017,245.025,225.664,1219.22,1672.53,89.7096,717.902,1038.82,206.673,280.268,8843.66,7018.9,372.276,53.9396,869.166,1067.02,147.452,1660.72,1454.73,928.691,147.62,144.46,10848.7,37854.9,9698.06,16.1999,7278.9,8745.02,754.382,1873.54,2693.43,1603.85,2751.02,4205.29,22194.3,541241,900133,134030,764.35,1733.18,903.957,1669.26,1619.66,492.612,5220.16,16771.9,2721.13,2882.21,27047.4,34262.3,4083.31,564.6,146.044,938.948,1998.23,1465.08,153.092,572.924,1037.41,328.348,14403,60148.6,24162,464.494,278.144,461.191,388.403,270.43,856.109,78.6646,6.67402,181.18,1450.33,43244,67177.2,12436.8,190.675,7551.78,2910.81,455.853,1838.76,1516.43,221.259,4065.35,2851.22,60440.2,787376,694293,36378.6,1433.48,1394.61,98.403,1771.05,1253.63,39.2748,7453.81,15424.8,862.083,15452.6,75947.6,40559.4,966.13,315.406,165.313,51.1811,1351.59,685.825,293.176,633.524,443.967,1365,34384.2,72655,14780.4,73.9418,73.2974,173.873,114.914,662.378,988.066,745.125,481.971,564.522,8240.11,63345.8,47970,6320.66,440.695,4285.36,2492.19,996.016,1840.49,1229.09,1086.03,2769.97,628.347,116344,629419,296964,8182.46,1735.36,1585.54,1899.74,2627.68,1063.13,931.172,16238.9,13611.1,256.737,26416.1,74385.5,17599.5,97.0847,96.1533,201.98,687.691,1086.88,263.579,862.089,694.684,358.967,2654.96,26690.9,26633.4,1457.31,266.85,197.457,161.787,21.8166,868.009,382.017,132.021,539.612,1347.42,10997,41714.5,19082.7
159.010249433,197.761,5168.47,13974.7,4008.81,812.554,507.99,564.121,1896.29,1953.14,57.8794,1269.61,1332.75,531.543,567.011,8849.9,7246.59,713.992,229.569,1385.24,1566.29,3.32014,2032.65,2166.8,1463.38,238.309,256.501,12627.7,39319.9,7755.05,149.884,7696.15,11192.1,2310.5,4044.18,5551.94,4457.91,6432.8,6387.69,27884.7,512254,855267,125000,1734.82,4636.21,2954.23,3518.3,3195.66,1404.34,7847.15,17749.9,1611.08,1897.63,23033.3,34782.3,6168.36,885.738,383.118,1574.57,2880.67,1404.95,92.4545,856.074,874.484,536.591,12643.9,57496.7,23189.2,639.87,418.273,964.961,475.009,246.415,1100.6,140.162,9.67871,156.16,1999.32,41222.2,63411.3,10832.1,711.597,8782.56,4890.94,1324.4,2989.78,2989.16,1556.78,6441.71,2341.88,62833,763630,666661,37091,1002.9,2605.2,959.913,3069.29,2023.12,380.944,9770.23,17438.4,1319.21,13101.1,72175.1,38790.2,1492.35,459.943,330.201,183.872,1577.57,525.264,301.672,545.624,422.71,1181.75,32603.8,69280.4,13624.4,150.452,66.5288,403.948,97.4968,688.96,1480.81,1211.65,267.084,493.22,10015.9,61462.8,41396.1,4908.91,117.3,4672.52,4538.87,2438.25,3760.76,2711.34,2874.98,5115.69,1142.69,112861,601577,279937,11751.5,3417.04,3780.3,4236.79,5010.33,2787.59,2808.46,20508.9,15303,996.12,22165.8,75125,18098.8,140.09,54.4182,222.096,967.246,1192.71,42.1289,1082.55,470.816,275.813,2896.37,25870.8,25294.5,993.149,417.032,269.405,319.007,234.231,1227.77,830.395,289.913,839.555,1988.15,11671.1,37536.5,16788.5
160.496326531,433.174,4449.18,13476.2,4888.08,1239.99,952.799,929.924,2383.23,2361.98,416.789,1799.12,1620.83,794.145,1102.39,8871.45,6860.23,1072.73,509.006,1953.53,2148.86,257.964,2290.01,2691.74,1914.17,557.377,502.345,14517.3,40700.9,5839.15,699.649,9107.58,12520.8,4773.15,7165.35,8860.07,7907.04,11885.5,10568.5,27226,460885,805343,99398.7,5928.16,8760.07,5060.38,5800.47,6100.96,2970.08,9834.38,18949.5,1532.22,754.776,20312.7,32680,7538.03,1414.71,940.965,2185.98,3451.9,1634.28,180.953,991.593,673.009,646.394,10612.6,54160.8,20235.2,923.545,669.378,1567.15,716.218,437.269,1238.4,269.351,63.2815,209.192,2189.29,37632.6,58906.8,7100.64,2287.6,10530.2,6241.58,2613.15,5211.05,4339.96,2951.54,9627.74,3263.68,55807.3,728146,628015,31806.6,1434.82,4613.97,1949.27,4045.48,3606.08,1328.13,11239.4,19815.4,2971.84,8999.99,68277,34338,2041.21,653.649,521.945,423.898,1758.18,498.38,323.568,410.75,375.255,701.553,29964.7,64596.9,11086.8,352.92,201.033,703.782,179.948,886.729,1855.56,1563.74,335.287,645.967,9983.02,57026.8,35200.1,2718.55,616.835,5447.99,6186.64,4690.91,6837.62,4653.23,4883.67,8232.45,3189.1,97938.2,572264,245541,13770.6,5958.91,7007.88,7093.36,7726.04,5228.12,5674.8,23523.9,18444.3,1965.06,18317.2,74818.4,17908.3,253.897,47.1836,256.409,1096.67,1321.71,23.4987,1225.71,305.463,257.403,2441.64,23923.5,24155.1,770.47,377.595,380.991,596.05,638.33,1660.39,1352.59,514.359,1240.53,2892.56,9971.84,33128.3,13608.1
161.982403628,479.714,4244.76,12175.9,4982.52,1737.48,1343.71,1275.15,2522.21,2759.84,1137.06,2112.9,1787.47,930.338,1730.54,8698.36,5777.47,1331.62,869.75,2390.18,2659.31,927.576,2393.46,2742.78,2268.34,948.353,844.495,15652.2,41158.9,6133.45,1827.19,10709.2,12370.8,7245.81,9979.24,12810.4,11002.2,15842.1,18074,19168.2,404743,758094,66388.5,13630.9,11394,7320,8595.64,8780.79,5331.43,10699.1,18627.5,4139.83,237.205,20032.6,27974.6,7489.75,2272.06,1605.5,2455.39,3680.48,1978.61,459.87,912.272,490.534,577.927,8630.28,51032.6,16175.8,1207.7,1050.87,2036.77,1098.37,861.978,1362.84,314.793,147.603,390.746,1829.95,32879.9,55059.8,3125.94,5299.53,11209,6993.56,4329.22,6862.39,6146.45,4413.99,10636.4,8183.42,40270.3,689063,586308,21153.8,4653.51,5542.59,2729.96,5427.04,4883.01,2705.78,11841.7,20946.8,6178.28,5544.92,64716.3,28337.3,2222.53,987.424,639.839,595.865,2005.37,605.688,369.456,301.358,258.38,256.616,26950,59976.7,7621.27,751.479,449.662,950.371,418.429,1181.71,2109.76,1567.89,674.045,1109.92,7898.22,50456.2,32020,1135.89,2473.85,5400.34,7296.38,7758.69,9536.05,6986.6,6977.51,10270.1,7197.36,77141.6,544574,205286,12965.7,9806.92,9781.99,9419.86,10569.6,7677.26,8544.92,23993.2,22285.6,3122.13,18250,72763.9,16709.4,407.28,114.319,312.879,985.684,1488.68,314.428,1220.39,279.865,249.791,1535.79,21315.2,23249.6,859.031,198.957,539.985,863.841,1151.69,2060.27,1755.17,828.878,1588.49,3738.27,6520.65,28935.2,10540.3
163.468480726,424.137,4723.56,10285.2,4111.11,2206.23,1454.98,1545.6,2236.71,2923.36,2141.72,2145.55,1652.64,1037.73,2076.95,8252.94,4374.54,1347.1,1365.42,2342.75,3050.15,1949.18,2161.43,2400.04,2366.66,1243.55,1255.93,15030.8,40849.2,8932.45,3426.72,12064.1,10328.3,8869.57,12433.8,14679.4,14079.6,16605.5,25299.1,9336.8,361312,722178,40430.2,20799.1,11817.3,9915.15,9650.17,11245.7,8031.43,9260.13,17238.9,8794.65,1272.81,22240.4,21729,6073.21,3291.99,1972.62,2460.89,3311.99,2339.52,911.067,655.818,346.816,379.456,7349.72,48348.5,12647.8,1366.38,1513.9,2079.78,1644.15,1491.68,1321.22,322.981,221.76,631.491,1159.78,27694.5,52900.7,1214.84,8506.85,11009.6,6376.69,5810.64,8464,6432.5,6272.07,9243.79,14241.4,23089.7,655263,550573,9747.81,8872.75,4889.55,3994.61,5427.04,6309.78,4215.83,10387.1,21290.1,9549.61,4781.54,62172.3,22131.1,2010.13,1341.49,654.289,705.894,2057.97,996.911,499.593,154.503,106.813,35.4707,24630,56056.3,4512.8,1300.46,651.767,1100.14,847.176,1481.46,1987.57,1426.39,907.767,1862.59,4663.85,42974.5,33215.1,1502.63,5113.16,4598.79,7299.24,10640.8,11689.6,8192.34,8834.44,10682,11258.9,59226.2,523182,172421,10627.5,13349.7,10852.8,11175.5,11841.4,9870.12,10276.8,21423.5,25476.5,4859.11,21936.7,69894.6,14211,592.95,198.543,359.481,729.204,1536.07,971.156,1213.91,219.993,278.049,592.036,18891.9,22537.5,1087.98,57.6368,594.524,1056.82,1722.13,2250.56,1847.1,1215.01,1718.76,4105.51,2778.8,25464.5,8821.86
164.954557823,674.577,5393.7,8396.39,2522.01,2524.85,1222.45,1694.86,1588.46,2827.35,3058.75,1978.48,1204.31,1172.91,1874.38,7632.31,3122.4,1145.27,1865.38,1820.71,3211.24,3024.97,1688.19,1818.31,2184.78,1291.08,1689.85,12431.4,40114.7,12849.6,5247.56,12651.9,7124.5,8898.27,13544.1,14629.4,14532.1,16087.9,26612.8,5079.7,342690,703946,33164.4,21862.5,12192.4,10511.3,9394.99,12458.8,10067.7,6198.48,15315.1,13315.8,4284.88,25697.1,15856.4,4032.29,4037.92,1881.48,2242.8,2467.36,2583.91,1298.55,419.805,213.704,153.749,7075.85,46572,10753.8,1392.74,1838.65,1778.1,2094.39,2216.33,1152.08,292.503,292.096,719.571,558.489,23411.2,52438.1,2686.94,10180.5,10444.1,4464.89,6766.6,8803.1,6191.62,6410.37,8162.67,15847.7,13805.7,632308,528025,3620.29,10174.4,4385.8,4353.07,4788.28,7174.51,5176.38,7523.47,20874.3,11460.4,7204.24,60901.7,17394.6,1602.24,1472.71,625.7,632.442,2014.12,1489.63,657.646,44.2033,17.366,17.2145,23559.8,53487.7,2975.34,1695.35,756.398,1183.5,1186.69,1790.8,1474.98,1269.69,857.74,2589.82,1705.21,36583.1,38058,4262.62,7161.9,3560.5,6108.85,12527,12422.6,8161.74,9135.38,10470.2,12433.3,51927.4,511593,157875,8926.64,14207.9,10562.2,11355.5,11118,11352.6,9852.17,16883.3,26495.9,7347.26,27077.1,67336.6,10810.2,740.63,208.757,477.929,337.182,1607.52,1710.08,1218.76,110.012,388.536,49.335,17322.9,22037.3,1194.17,44.524,441.116,1264.8,2045.12,2192.17,1625.1,1471.22,1648.7,3762.64,418.335,23108.1,9047.94
166.440634921,1369.93,5769.43,6939.44,1030.29,2440.07,866.898,1544.22,916.966,2456.89,3646.66,1598.23,680.972,1271.97,1227.46,6910.98,2412.47,927.486,2118.12,1134.74,2981.15,3899.34,1119.94,1307.11,1734.51,1103.96,1954.35,8818.64,38948.2,16209.4,6691.33,12210.6,3760.13,7933.25,12207.2,13360.6,11504.9,15214.5,20587.2,8927.78,352619,704869,46565.2,15878.4,13068.4,8368.03,8369.62,11599,10996.8,2772.38,13460.3,15668.3,8459.11,28911.4,11988.6,2473.31,3987.33,1585.9,1669.77,1557.33,2536.05,1539.23,231.855,105.303,30.5434,7738.26,45777.1,10958.4,1357.03,1852.31,1281.14,2281.1,2770.66,1036.44,183.405,419.268,538.168,257.917,21169.1,53262,6868.48,9672.42,9541.42,2177.53,6963.3,7703.42,5603.4,4527.44,8208.23,11309.6,17290.8,622504,521352,5913.93,7212.91,4886.72,3129.14,4062.43,6850.54,5642.23,4178.56,19832.6,11139.6,11674.7,60855.4,15271.4,1206.13,1282.7,576.768,389.01,1919.65,1906.82,733.924,53.1166,1.48945,92.4356,23854.5,52363.2,3528.97,1687.18,862.618,1002.2,1464.7,1852.44,958.782,888.503,771.544,2784.42,271.037,33057.2,44302.6,8415.94,7703.96,2497.87,4519.06,12704.8,11385.6,7086.07,7522.58,10100.4,9773.61,58161.4,510878,165608,9136.29,11460.7,9628.9,9294.57,9194.66,11000.3,8098.18,11533.6,25179.1,9541.89,31690,65183.7,7707.34,716.354,209.369,544.09,86.5443,1582.26,2436.36,1076.49,65.1173,503.51,117.765,17018.9,21607.5,1101.62,95.6944,266.15,1295.56,2080.95,1849.89,1247.6,1426.31,1428.98,2793.36,357.39,22338.7,10690.9
167.926712018,1937.63,5929.05,6126.54,352.203,1865.38,501.489,1279.43,333.34,2089.84,3563.56,1224.68,321.672,1167.45,543.591,6125,2415.55,902.906,1943.16,531.446,2534.4,4199.1,782.355,1009.55,1151.16,850.264,1804.22,5526.89,37275.3,18058.3,6800.64,11622.8,1110.75,5887.87,9988.64,9541.07,8387.65,11735.1,12229.5,16180,385679,722281,71613.1,7581.13,12020.9,5898.8,5442.76,10436.5,9305.11,842.86,11896.3,15768.5,11425.1,31256.4,10936.3,1993.28,3074.51,1144.59,1124.16,645.767,2366.59,1432.58,164.551,66.369,42.3861,9079.62,45505.2,12924.6,1359.49,1476.76,783.118,2116.11,3097.79,907.776,87.655,570.304,238.18,266.253,21048.7,55284.8,11358.5,7533.57,8733.18,620.984,5452.75,6770.48,3391.92,3026.77,7169.68,4721.42,29274.5,626502,528729,13923.6,2908.37,4537.98,2143.86,2274.52,6527.7,4728.2,1675.34,18396.8,9235.77,15964.7,61955,15774.3,945.217,880.648,480.874,169.571,1643.66,2222.88,685.919,113.458,22.6011,219.248,25042.4,52186.6,5825.97,1332.84,868.391,726.254,1463.07,1807.07,416.996,511.258,696.004,2248.07,706.634,33051.8,49806.7,11643.8,7043.47,1508.56,3643.77,10311.5,9809.88,4630.38,5301.92,8740.78,5249.43,73619.6,521085,191070,10031.1,7320.98,7132.05,6815.29,6103.57,9165.12,5826.68,6533.85,23040.2,9550.11,35089.6,62921.6,5892.65,544.563,198.098,521.342,10.1116,1611.36,2780.69,966.663,41.0935,499.276,729.045,17902.9,20999,966.784,118.288,187.714,1116.2,1818.87,1395.73,740.294,1216.7,1017.08,1618.63,2268.1,23465.7,12598.6
169.412789116,1674.42,6467.6,6103.86,434.919,1123.06,184.209,1036.63,107.43,1800.8,2800.47,1055.38,207.362,820.615,137.539,5437.77,3019.16,1031.82,1477.01,129.322,2078.63,3812.45,787.979,948.076,731.966,590.783,1294.58,3476.08,34948.1,18550.7,5469.89,11106,111.711,3773.48,6759.15,5566.92,5652.05,6210.41,6759.52,20076.9,430226,747922,95099.8,2394.25,8153.6,3819.92,2934.45,7625.39,7044.54,374.929,10327.3,15208.2,10928.6,32903.9,12695.4,2184.15,1848.53,595.186,755.323,112.829,2078.33,1024.51,234.308,100.341,121.498,10357.5,45511,15545.6,1295.01,973.197,332.723,1788.23,2972.17,881.787,90.1562,604.782,37.16,459.183,22311.1,57971.4,13895.5,5547.75,7802.74,117.371,3710.22,4870.32,1608.04,2069.95,4358.75,1229.88,40860.1,641326,545233,21649.6,623.819,2555.56,1627.27,1094.96,5037.06,3642.16,695.973,16303.1,7265.98,18312.5,63459.8,18174.8,804.775,471.053,300.041,46.2411,1379.37,2207.5,612.356,138.386,72.5664,460.384,25942.2,52498,8713.25,870.715,661.479,485.863,1215.82,1599.97,100.197,284.532,469.08,1391.29,2291.59,35740,53587.3,11689.9,6311.6,1020.68,2849.17,7448.22,7004.35,2345.22,3344.34,5899.45,1969.29,90190.8,538676,224964,9681.76,4109.57,3560.61,4610.88,3224.11,6206.43,3826.61,3495.31,21042.8,6756,37216.4,59946,5609.6,358.658,117.445,494.295,124.993,1663.51,2648.54,913.385,8.60573,375.849,1627.71,19332.1,20087.6,963.676,90.0397,133.904,917.552,1255.67,977.277,338.627,867.8,535.863,731.392,4933.96,26108.8,14083.1
170.898866213,762.883,7590.67,6978.5,890.501,485.357,64.9252,828.662,250.98,1620.87,1728.64,1054.77,343.394,430.807,64.9666,4934.47,4060.74,1078.04,1001.76,37.0567,1609.4,3007.07,1098.64,972.13,561.417,442.666,669.813,2668.16,32377.5,18156.3,3418.81,11194.8,788.62,1709.02,4097.98,2555.91,2742.68,2023.77,5109.49,18432,470099,771203,107983,1033.83,4063.83,1789.44,1329.02,4845.83,4431.37,904.652,9383.76,14460.4,7151.88,34138.5,16100.8,2417.51,854.931,227.736,466.615,24.3286,1826.53,521.674,389.015,216.339,217.82,11083.6,45049.8,17803.6,1046.98,593.225,57.5325,1300.37,2596.89,854.796,175.184,548.879,7.92883,715.742,23542.8,60449.4,14083.8,4394.89,7364.52,577.103,1760.36,3400.02,505.75,911.117,1827.99,1687.02,46998.4,659321,562624,25521.2,787.842,713.552,893.806,464.091,3707.64,2164.16,1043.95,14613.5,5618.99,18281.6,64803.5,20755.9,697.487,182.265,158.612,6.17169,1101.75,2058.3,428.176,162.511,115.114,759.551,26018.6,52241.7,10972.4,505.925,337.674,307.94,885.499,1378.3,5.52359,118.084,190.464,695.287,3927.52,39260.1,55384.6,8442.1,5992.47,1396.41,2093.82,4504.54,4417.14,790.465,1588.39,3121.59,779.793,101248,557862,255741,7482,2519.61,969.811,2526.8,1284.4,3506.01,2195.31,2881.6,19676.2,2799.69,37401.3,56509.4,6174.68,189.738,22.0056,489.662,289.635,1692.13,2262.01,758.015,43.4193,225.262,2420.49,20611.5,18849.6,1072.35,44.2081,89.6213,741.307,670.192,670.829,133.273,461.36,192.769,268.331,7123.71,29379.6,15062.5
172.384943311,342.209,8856.62,8633.23,1354.25,128.602,164.267,632.895,614.708,1527.47,785.529,1066.77,662.735,219.291,145.167,4749.13,5187.42,915.851,663.8,283.266,1126.05,2088.77,1513.47,979.953,520.147,492.911,258.238,2631.96,29887.7,17391.1,2136.48,11768.1,2318.23,539.054,2178.61,569.895,1001.44,460.024,4731.26,15098.4,491053,780291,109740,1024.66,1889.77,512.168,306.242,2469.16,2697.32,1434.35,9250.23,13112.9,3000.82,34267,19836.9,2278.62,343.505,98.6905,243.001,321.952,1711.08,163.364,509.374,382.35,354.186,11006.1,43653.3,18728.6,667.651,376.219,6.33618,799.729,2128.76,735.74,289.55,528.033,76.0947,864.014,23906.6,61149.2,13470.1,3868.8,7751.72,1374.55,645.405,1969.18,47.0263,290.343,813.581,3187.7,49619.2,669277,571874,26536.3,1573.25,87.0103,350.75,251.338,2298.07,1245.05,2031.81,13449,4516.96,17133.8,64694.7,22284.8,555.212,62.5317,92.5194,14.8191,860.235,1864.31,197.869,212.183,120.319,991.056,24953.6,50673.3,11756.3,301.195,120.926,141.387,587.654,1287.83,43.0807,8.81935,27.6815,342.152,4672.77,42000.7,54607.9,4409.81,5712.29,2382.21,1430.04,2378.41,2308.26,76.1165,487.221,1509.53,661.411,105346,570437,274368,4977.03,1891.5,126.882,1094.45,268.935,1601.64,1288.73,4158.7,18239.2,699.383,35222.9,52806.6,6655.6,95.0841,59.6348,423.143,403.421,1733.96,1694.1,532.061,151.155,119.723,2838.94,21087.7,17400.4,1111.34,21.6307,157.07,526.211,289.19,497.34,89.0582,167.312,56.27,108.541,8284.85,32049.5,15664.7
173.871020408,1288.6,9762.45,10636.8,1641.44,41.2664,330.458,533.328,908.02,1478.32,187.253,1074.51,975.553,240.591,216.03,4927.44,5951.99,640.395,480.267,669.781,744.194,1265.42,1803.05,844.355,559.907,661.691,188.612,2799.91,27640.2,16519.6,2723.9,12389.1,3862.62,26.9062,1031.05,72.8813,428.93,426.27,3713.55,15213.6,485503,766421,105213,621.7,1066.88,128.829,181.821,901.771,1684.48,1361.32,9545.61,11117.1,1293.69,32766.5,22619.7,1784.04,158.367,79.2802,199.114,803.376,1702.96,53.9365,601.332,518.656,498.541,10058.9,41161.4,17938.4,345.992,265.572,89.9756,466.403,1562.43,626.523,332.004,603.589,159.95,792.917,23134.6,58953.5,13591.8,3959.97,8555.2,1958.63,165.401,1006.18,246.547,279.391,871.22,3235.3,53018.1,661626,565821,27877.8,1519.94,9.69579,241.737,464.254,1239.48,677.869,2774.85,12651.8,4292.03,16310.4,62140.6,22180.3,413.13,21.8982,79.2952,15.8978,801.125,1570.28,72.3452,226.187,133.42,1019.76,22792.1,47421.6,10945.3,196.285,49.5568,55.563,416.925,1270.26,150.228,9.83387,2.89468,235.16,4257.84,42838.3,50939.5,2400.44,5178.46,3432.35,767.104,1110.64,972.585,175.544,125.312,863.567,621.043,104830,568910,276370,4459.65,1462.52,172.262,532.155,177.3,645.231,625.007,6014.88,16512.3,1964.83,31312.4,48624.5,6482.77,114.009,215.382,345.781,394.138,1692.12,1130.09,363.777,223.527,66.7856,2821.43,20376.5,15877.7,947.681,50.5641,279.854,360.578,105.385,483.916,117.071,52.2302,20.233,107.423,8416.56,33174.3,15832
175.357097506,3281.02,10182.2,12316.9,1834.71,72.0006,441.937,476.603,949.177,1452.82,18.1601,1003.73,1152.02,381.064,300.456,5300.03,6059.18,481.455,417.364,922.676,470.986,735.065,1795.09,594.476,609.726,800.148,316.311,2798.11,25696.9,15441.9,4670.93,13122.3,4518.56,60.4699,612.836,81.2915,163.966,1052.31,2551.53,19111.7,454777,727498,98274.8,259.199,705.24,132.841,183.992,419.166,995.792,652.122,9956.74,8869.25,2420.04,30048.8,23503.5,1320.37,78.7991,71.5201,217.969,1202.43,1859.58,197.475,608.923,616.427,542.968,8527.35,37555.4,15826,240.735,191.575,186.921,233.403,1162.58,441.424,339.113,629.617,294.629,557.392,21347.9,53987.9,14333.1,4588.98,9653.71,1845.31,65.2351,724.365,283.977,321.776,1726.87,2169.43,57364.7,632818,542115,30315.3,805.627,194.727,374.097,363.337,811.763,355.931,2601.52,12140,4936.36,16019.3,57106.9,20528,352.638,5.9409,72.8108,9.01249,803.266,1399.82,23.4795,157.056,188.459,805.584,19906.1,42548.6,9093.03,167.697,25.9974,30.8152,412.625,1338.14,263.091,36.9608,15.1205,225.046,3189.5,41184.3,45173,3058.24,4413.07,4265.11,184.944,407.087,480.491,326.341,106.301,837.669,655.099,101822,549589,262604,6357.73,1181.31,507.06,371.716,276.552,288.696,255.277,6953.15,15043,5138.6,26830.9,43803.7,5614.5,210.783,320.259,324.117,237.134,1602.72,747.368,212.407,246.341,34.36,2522.21,18395.1,14417.8,621.403,128.069,303.834,293.5,144.37,548.003,144.381,14.5886,3.63868,166.3,7811.4,32329.4,15465.6
176.843174603,4785.32,10519,12750.9,2139.2,157.246,450.271,418.688,764.017,1443.55,132.851,850.052,1164.3,526.266,523.135,5530.64,5536.39,574.342,420.609,926.757,316.5,489.937,1547.09,318.773,610.033,807.719,496.992,2909.61,23501.4,14026.6,6604.56,13243.5,4676.99,224.31,432.119,201.179,60.022,1548.33,2343.36,21553.1,408873,666699,89455.3,807.662,625.24,172.266,114.401,210.044,568.571,175.654,9408.3,7598.8,4160.35,27222.1,22273.5,1127.73,37.4006,45.0744,224.884,1456.37,2090.78,438.735,549.288,656.795,453.547,6771.27,33271.2,13028.2,348.123,151.793,213.618,84.4385,886.838,305.642,314.317,587.297,411.409,287.796,19069.7,47261.5,14175.5,5960.9,9864.45,1678.2,90.9719,513.296,290.55,310.243,2688.29,1987.65,57752.5,586162,503732,30983.4,442.545,710.58,404.281,265.021,482.343,161.571,2055.15,11120.7,6128.61,15296.9,50182.7,18132.5,326.515,7.58541,45.8775,26.5225,888.681,1272.52,50.1718,86.6909,226.571,518.911,16540,36832.6,6893.49,211.296,8.55813,31.6505,442.754,1397.38,419.006,59.7178,24.9914,221.468,2201.68,37024.8,39213.4,4386.47,4113.06,4435.13,6.24035,108.258,228.54,312.301,169.215,1110.61,1166.28,96951.8,511570,239359,8281.09,1154.11,878.549,258.683,324.675,162.523,138.323,6532.86,14003.3,7360.02,22640.9,38215.2,4600.76,357.632,321.309,319.021,73.397,1471.02,539.398,115.147,245.257,5.06531,2125.37,15484.3,12967.9,374.03,223.594,244.79,271.858,272.127,624.172,144.617,4.11087,1.23436,205.3,6843.64,29392.2,14845.4
178.329251701,4920.9,10360.3,12066.5,2365.32,244.258,413.929,312.915,487.184,1435.78,430.024,628.841,1043.96,635.699,837.838,5371.76,4722.98,723.845,477.169,743.334,251.59,471.357,1284.76,110.143,461.159,798.722,557.933,3360.95,21286.1,11414.1,7254.73,12600.6,4776.35,263.37,436.94,193.41,56.8728,1501.46,3242.05,19048.3,353571,598541,74923.1,2199.57,510.012,103.454,109.515,194.127,233.806,168.466,8404.5,7104.91,4481.08,24843.2,19713.8,1065.3,14.1271,15.2285,217.699,1508.4,2338.56,647.892,438.99,645.145,272.231,5266.94,28767.3,10221.9,490.896,144.394,149.212,9.50761,748.193,270.165,273.654,500.205,437.893,69.984,16817.7,40206,11716.5,7345.47,9111.52,1659.86,79.2895,534.13,121.561,413.315,2801.39,3559.16,49608.9,529257,456087,27010.3,1026.49,1091.08,329.073,83.1681,399.445,39.5151,1532.97,9734.48,6833.73,12686,43092.6,15426.1,276.582,15.3733,24.0147,74.475,996.937,1259.93,71.8224,63.7408,177.411,299.981,13225.3,31138.3,4863.67,268.308,1.34015,32.6369,424.628,1489.92,527.25,83.1285,49.8705,157.5,1457.11,31949.4,33722.7,4482.34,4536.17,4265.97,60.3179,8.75701,134.979,224.052,296.47,1203.76,2227.95,86109.6,465212,208380,8539.92,1426.41,1057.49,166.364,257.154,130.431,143.516,5544.05,12882.7,7316.77,17699.4,33160.6,3836.65,408.022,300.285,249.881,15.96,1324.89,541.35,86.119,193.813,19.8439,1609.99,12338.2,11535,339.914,242.129,204.732,210.448,433.614,697.205,117.95,0.658893,4.83151,246.7,5371.13,25418.5,13767.1
179.815328798,3824.68,9198.33,10734.1,2282.18,331.181,324.884,210.61,229.203,1432.6,749.654,405.432,824.29,688.27,1064.24,4891.69,3772.3,751.835,590.361,480.169,227.813,633.523,1112.55,5.77342,244.603,770.334,491.31,4062.56,19030.1,7994.49,6151.43,11504.5,4641.99,226.776,418.58,250.896,79.4101,1100.24,4455.64,12501.9,296313,531833,56913.4,3554.52,329.555,176.445,138.183,156.36,55.9479,508.171,7661.2,6569.91,3295.42,22307,17018.5,886.636,29.4437,1.90037,186.388,1390.25,2564.4,704.36,331.707,571.128,83.2989,4198.3,24827.1,7602.71,548.68,153.326,61.5612,8.63053,699.626,351.303,240.748,398.199,331.947,10.0218,14980.1,33412.4,7610.55,7525.07,8074.73,1641.78,83.5956,494.783,33.7562,720.76,2117.51,5704.81,34878.2,468923,405112,19161.8,2296.82,903.878,468.414,18.2151,287.417,3.12589,1391.3,8317.43,6189.34,8572.87,36474.2,13008.6,188.059,21.4063,21.5422,128.581,1105.9,1333.3,65.6169,86.567,91.0338,171.602,10320.9,26356.9,3198.79,298.778,4.80758,25.6048,363.864,1562.04,616.751,65.9235,113.157,49.2964,944.579,27365,28656.3,3127.9,5224.73,4129.67,243.664,24.2645,83.7545,125.377,555.136,1017.98,3316.53,69888.7,417236,174232,6804.5,1991.81,875.693,142.12,200.266,138.397,110.589,4693.33,11194,5425.36,12241,29093.2,3553.67,284.784,324.955,122.696,45.8702,1263.04,676.164,92.8147,104.257,153.527,997.276,9458.13,10247.9,448.082,161.105,179.6,133.49,567.411,730.481,104.062,1.02566,7.66996,315.052,3636.61,21212,12116.4
181.301405896,2242.17,7017.96,9205.52,1810.84,431.158,191.386,122.539,110.305,1415.54,953.998,210.352,560.225,706.989,1062.11,4178.96,2848.21,611.183,694.184,270.194,182.745,872.742,1058.58,27.3665,81.6713,645.888,408.762,4664.78,16952.3,4496.08,4122.55,9685.22,4468.93,92.5604,408.537,320.922,106.056,874.864,4578.16,5339.01,246384,471053,41083.6,3877.86,261.664,360.825,165.192,151.645,5.3724,995.03,7173.3,5477.06,1547.13,19418.3,14750.3,529.276,124.432,45.8317,108.4,1206.16,2693.57,623.178,254.485,424.129,1.70118,3652.06,21600.9,5582.04,483.783,168.32,13.0439,67.7728,658.908,536.694,230.445,263.049,163.521,81.5945,13668.8,27441.7,3432.22,6132.74,6887.23,1669.27,78.6241,454.895,73.8412,890.122,1619.46,6299.75,19605.5,411938,357022,10662.4,3134.7,574.144,618.508,85.4069,236.413,13.0088,1566.75,7008.45,4300.82,4386.21,30744.6,11246.3,76.451,23.4652,20.8458,148.696,1266.87,1337.19,83.5005,127.543,55.3369,114.582,8235.97,22571.8,2198.62,293.572,4.28456,30.2815,284.168,1612.06,652.132,38.6146,168.48,12.0419,616.539,23846,24173.2,1228.5,5387.89,4023.36,498.76,97.7016,59.4898,100.207,756.16,832.449,3612.98,52964.4,371417,143484,3983.57,2330.09,613.182,106.672,172.374,206.462,47.6484,4185.42,8736.93,3095.33,7379.45,25993.7,3754.22,122.345,292.229,51.3679,119.265,1288.25,850.199,81.9441,44.5888,348.103,447.051,7246.17,9008.86,598.139,83.1407,124.276,80.5927,588.837,776.034,92.473,1.23403,8.24048,392.965,2055,17400.3,9995.4
182.787482993,955.731,4409.94,7747.1,1125.83,466.785,92.7129,54.4334,120.46,1386.08,973.187,71.7515,348.087,655.812,815.927,3359.35,2118.89,366.113,686.196,162.018,119.06,1083.38,1110.98,123.301,12.213,473.288,339.028,4828.21,15147.4,1961.99,2082.23,7647.05,3982.3,25.0236,445.884,289.615,148.71,936.352,3299.63,885.334,209939,419249,31739,2986.36,431.89,302.67,275.055,164.416,19.0463,1246.41,7107.75,3688.18,434.409,16320.1,13048.3,186.516,260.25,108.715,60.6962,1001.68,2709.5,489.993,178.122,297.894,22.574,3544.8,19028.3,4421.76,340.927,160.692,4.1636,118.518,701.745,659.104,216.351,119.398,82.54,166.465,12682.1,22709.1,799.995,3625.77,5903.79,1479.21,37.5681,571.859,137.038,722.767,1708.8,4687.29,9778.15,363726,316510,5026.49,2782.71,644.601,493.96,176.02,327.167,33.0332,1718.17,5956.16,1994.24,1708.2,26144.8,10103.8,10.6196,38.3354,10.5735,167.641,1298.34,1378.02,98.388,131.734,110.348,61.3175,7086.78,19645,1953.99,257.744,9.69015,32.3551,258.338,1609.6,637.907,23.4954,164.449,98.4592,484.781,21418.6,20318.9,103.993,4457.65,4091.35,656.324,112.802,110.76,191.766,645.323,829.369,2869.78,40121.5,330869,120875,1517.75,2056.82,471.949,107.513,129.611,277.576,6.82209,3839.22,6105.52,1366.61,4498.33,23556.9,4183.86,31.7035,194.331,31.2422,187.489,1376.33,1000.92,63.7468,26.8969,462.773,90.9714,5896.44,7774.71,659.793,61.7207,63.3878,31.6822,560.907,768.525,102.86,3.82139,10.6009,441.636,983.56,14409.1,7606.35
184.273560091,310.145,2333.71,6416.85,521.984,380.824,48.7297,24.9632,213.358,1331.83,822.181,13.4904,220.548,513.533,431.242,2595.49,1627.32,147.399,570.015,116.257,78.1328,1162.15,1211.27,235.16,34.5626,348.709,228.504,4506.46,13507.2,1138.93,729.118,5540.86,3528.88,41.3278,326.612,410.656,180.505,895.557,1479.54,199.024,189402,375837,30010.2,1694.99,518.574,226.093,365.947,165.71,50.9521,1399.18,6745.93,2173.08,284.311,13507.6,11865.1,61.8216,324.077,164.531,46.8544,959.169,2523.75,393.783,116.876,229.543,61.4261,3644.22,17045,4017.27,207.813,144.047,3.37085,155.101,720.492,735.398,148.665,43.6383,80.7897,163.349,11900.7,19254.1,287.711,1444.55,4605.85,1379.79,79.6346,510.702,364.233,598.173,1598.13,2270.54,7684.7,326767,285924,3733.89,1584.01,727.795,362.263,379.657,303.786,101.113,1959.57,4644.06,529.776,1160.89,22551,9552.7,16.3916,47.4265,8.29316,139.583,1293.43,1318.24,146.456,106.683,210.731,20.852,6512.52,17455.5,2282.4,193.433,33.1898,31.8904,272.626,1501.43,677.438,12.5764,141.395,196.418,570.184,19748.5,17342.1,182.645,2940.68,4054.15,687.341,145.29,149.314,266.624,534.273,687.749,1698.75,34354.2,295856,108672,470.688,1217.17,381.058,125.334,178.333,227.913,34.0449,3585.79,3930.9,486.215,4222.29,21336.6,4589.46,4.99532,123.344,46.0638,252.074,1460.34,1035.57,68.5891,26.8759,458.496,39.9081,5226.4,6597.77,567.643,70.5534,25.6868,9.90342,472.58,730.334,121.232,8.75022,23.7219,419.565,610.064,12213.4,5470.71
185.759637188,147.315,1430.16,5227.46,196.413,242.055,40.7821,18.2082,290.883,1256.74,611.509,18.0829,157.829,307.247,128.701,1944.3,1342.66,87.4689,406.2,87.3134,81.1165,1101.88,1300.03,307.187,92.5466,288.193,98.6863,3770.22,12099.4,1818.12,119.323,4058.98,2806.47,165.956,221.911,474.965,337.592,566.466,247.186,2196.32,181491,337679,33969,771.373,383.889,199.188,360.113,184.043,65.0793,1508.04,5841.74,1567.75,483.887,11682.6,10875.3,210.066,294.36,225.342,95.1379,1007.43,2151.57,422.409,83.7704,177.713,88.5698,3859.69,15256,4160.87,166.818,113.223,8.90565,174.638,684.262,721.567,85.2694,15.7835,83.6461,117.149,10980,17242.6,1112.6,332.662,3252.41,1226.27,153.367,454.009,518.32,566.786,1068.66,805.029,11993.6,299006,263590,6285.11,597.9,543.166,398.002,462.768,273.716,207.317,1986.91,3454.86,91.7004,1937.26,20179.4,9206.08,67.5863,33.4287,14.9266,101.88,1226.37,1157.99,208.88,88.7217,262.928,68.0126,6191.32,15572.9,2930.18,144.664,50.6887,33.5806,325.762,1318.63,691.134,42.8676,145.026,210.599,879.529,18224.7,15580.3,782.897,1734.06,3604.41,675.674,134.052,211.219,306.749,414.692,365.501,835.477,35276.8,264629,105542,842.179,349.594,214.825,237.511,228.852,150.568,187.349,2980.87,2866.35,117.356,5794.7,19226.9,4661.57,0.592412,110.819,66.1245,283.151,1505.68,973.804,79.4351,32.1865,375.984,296.198,4946.49,5464.52,400.754,59.0868,14.2085,14.8358,364.876,672.879,121.419,13.5829,51.9019,333.663,833.55,10610.9,4044.45
187.245714286,198.925,1589.59,4286.4,188.347,119.827,46.2313,17.758,323.294,1123.88,456.066,33.4802,130.791,124.237,6.18913,1446.29,1236.98,160.836,245.448,60.5063,101.362,1007.38,1228.11,372.865,151.657,236.667,14.2056,2976.99,10839.2,3177.58,21.5736,3299.24,1992.7,315.269,115.9,452.446,494.739,262.699,129.248,5644.85,178001,299675,40970.6,472.079,229.699,60.3675,468.888,116.84,104.219,1412.43,4768.65,1664.3,558.049,10669.2,9933.27,547.781,192.082,288.445,190.509,1046.19,1705.25,502.824,90.319,96.4987,147.226,4102.71,13406.1,4416.02,203.491,61.5919,29.1979,139.688,645.202,576.789,82.1988,12.1607,58.2174,134.721,9837.98,16167.2,2255.22,130.503,2271.65,911.635,272.403,288.497,721.007,354.212,599.224,781.422,20220.5,274088,243875,11763.5,553.556,333.65,368.819,558.052,153.924,377.238,1737.87,2612.2,250.394,3068.4,18611.6,8795.75,137.904,7.85231,29.9116,120.792,998.447,1032.44,190.95,98.5701,214.05,220.502,5829.52,13687.1,3544.97,138.034,28.9968,61.4867,375.837,1058.4,692.716,104.087,161.44,150.394,1355.02,16476.6,14589.1,1161.62,1196.93,2961.24,522.8,132.804,192.413,425.854,161.781,186.181,524.042,40450.2,233740,106813,2144.88,0.0233225,139.022,407.156,213.8,78.8538,405.425,2239.36,2573.04,80.2397,7720.92,17147.7,4345.97,15.8584,120.51,76.2692,339.788,1393.38,892.624,72.0385,36.1369,259.744,687.528,4782.15,4406.19,251.202,26.3291,18.6125,12.0527,314.114,549.047,125.36,16.4125,73.5011,239.461,1385.51,9329.35,3430.23
188.731791383,408.502,2211.72,3668.53,348.505,45.0801,41.374,24.3379,295.948,955.362,356.792,35.1309,117.315,26.1871,25.7276,1122.86,1193.25,255.468,132.56,39.9873,129.598,859.913,1037.55,390.049,216.519,152.396,4.07793,2377.09,9620.82,4367.68,327.75,2908.15,1257.44,401.482,40.7322,484.5,502.544,216.586,772.401,10156.3,169772,258004,47805.7,585.224,299.673,23.9246,556.498,58.3935,127.096,1169.83,3670.78,1976.89,575.24,9846.69,8900.49,898.493,87.3518,278.554,316.955,1026.29,1267.27,505.014,106.543,30.5548,261.837,4246.84,11315.7,4434.25,247.275,24.1934,40.4312,112.707,508.353,453.972,77.838,13.8254,23.4712,258.492,8600.12,15139.6,3177.2,379.138,1654.6,527.445,350.525,138.74,872.6,165.77,480.337,1451.04,29659.9,245053,220360,19005.4,1145.43,284.005,334.627,678.106,45.4633,561.765,1239.89,2054.32,607.316,4061.09,17073.7,8171.44,209.144,11.1068,34.4592,126.606,803.217,811.701,152.369,100.6,131.907,388.242,5281.67,11542.1,3885.06,166.226,8.29345,103.457,343.203,787.651,667.867,189.012,129.451,81.416,1820.63,14387.8,13559.2,1171.79,1149.45,2271.32,325.64,115.634,143.061,499.562,2.42264,336.647,668.356,45994.2,200855,105862,4214.92,313.884,293.019,506.697,226.965,51.2435,573.467,1492.01,2498.03,512.472,8872.01,14881.4,3791.09,70.1417,90.3809,99.565,376.079,1195.06,742.26,72.7025,33.3551,168.21,1005.88,4461.04,3471.36,180.177,4.94893,25.6514,6.03933,261.682,452.577,94.6422,27.8933,62.4786,175.556,1927.82,8175.55,3323.35
190.217868481,884.913,2706.66,3265.54,499.861,15.0919,24.001,38.5198,224.998,760.741,311.14,18.5868,101.122,0.568861,90.4452,941.681,1097.61,292.447,68.7286,22.8688,128.669,709.483,765.703,344.522,251.236,85.1231,30.3878,1972.37,8267.47,4953.87,969.917,2649.94,680.333,321.242,28.055,492.479,650.698,331.82,1456.77,15503.8,151543,211531,51365.1,1155.2,666.551,222.038,464.774,57.2898,151.823,751.722,2832.41,2020.74,854.561,8718.89,7620.1,1127.72,29.572,209.735,440.389,863.251,875.428,437.102,102.635,12.9742,388.227,4137.57,8996.66,4057.43,265.494,10.2621,34.0099,85.4187,376.034,303.031,84.0047,12.2525,10.7186,433.483,7344.55,13424,3820.66,732.232,1341.57,184.461,318.357,76.4309,749.276,346.723,725.642,2181.76,37628.2,207926,189350,26224.8,1731.88,482.029,643.167,632.76,12.3516,617.468,731.822,1606.89,1017.59,4795.41,14938.4,7266.03,300.288,42.8945,34.9255,138.515,566.05,612.534,100.223,76.1705,80.6294,457.406,4507.31,9127.02,3832.99,214.581,16.4154,125.551,276.342,528.801,559.599,273.135,79.7314,43.9516,2102.97,11945.4,11911.4,1151.02,1162.09,1773.67,128.533,85.9742,129.93,411.49,63.6245,697.981,1400.55,48324.8,165069,98133.7,7195.64,923.697,489.129,660.091,308.568,92.1058,532.716,895.553,2279.96,1454.73,8904.87,12233.5,3143.3,129.483,51.3095,114.744,351.806,934.863,597.185,55.9414,23.8066,109.853,1129.22,3857.82,2695.22,169.406,2.74055,25.3186,0.261793,236.982,347.824,51.7995,47.0849,32.9662,145.287,2210.98,7001.2,3296.03
191.703945578,1511.97,2862.49,2862.31,574.241,7.84111,17.4871,34.415,164.832,568.806,268.396,11.1459,87.0281,3.6044,138.302,812.93,915.394,255.384,38.0889,9.74253,99.9001,545.03,501.417,255.834,224.23,73.797,35.4518,1682.11,6622.72,4998.12,1791.84,2216.53,365.342,224.325,34.8404,466.342,894.284,696.682,1913.2,20224.8,124228,161598,50018.2,2445.81,1054.77,384.632,475.633,45.0492,122.621,438.358,2022.74,1887.45,1471.5,7108.74,6132.81,1158.71,5.30163,167.74,454.742,644.153,545.877,305.35,87.764,17.3229,487.016,3615.7,6675.03,3313.58,271.869,9.87941,21.0529,51.2867,254.547,186.313,78.0718,12.0203,11.0856,568.511,6045.22,10867.9,4235.36,1134.46,1051.88,32.5533,254.488,8.84015,669.949,571.022,1159.54,3206.9,41623.2,163702,151191,31158.6,2354.7,991.858,943.848,615.317,34.1031,579.44,357.334,1091.42,1481.41,5225.69,12026.3,6134.62,410.599,62.5604,46.729,138.604,362.75,423.859,54.1733,43.119,57.8425,414.538,3508.56,6707.13,3340.74,288.394,36.3575,119.843,182.609,313.438,425.38,280.928,65.6392,33.5006,2081.36,9302.31,9567.01,1408.99,1092.82,1408.36,60.4931,49.3452,67.4342,413.457,167.435,955.589,2848.71,45979.9,126833,83384.7,10487.2,1377.86,799.919,918.097,367.563,151.613,439.371,453.822,1857.62,2514.23,8075.89,9237.19,2495.49,139.887,37.6295,97.5994,288.194,663.873,452.898,31.0973,11.8063,77.43,1044.52,3025.98,2052.93,178.173,5.71326,21.8246,5.39024,209.239,257.761,24.5271,49.4327,16.9552,133.866,2156.29,5724.75,3082.88
193.190022676,1948.75,2703.59,2338.84,567.43,11.1447,20.5007,17.0482,107.949,405.928,221.725,27.2159,79.9288,13.6878,161.913,663.957,682.505,186.382,18.7063,3.96379,77.996,365.321,305.276,135.239,165.287,81.6148,23.175,1385.32,4871.04,4563.05,2393.22,1736.83,219.67,129.332,103.006,488.807,940.691,1197.51,2367.14,22374.7,92156.4,112859,43531.4,4203.4,1217.48,529.581,484.213,55.7027,97.9707,195.249,1307.15,1700.9,2075.03,5297.9,4506.1,1025.61,3.85219,153.993,353.471,422.064,297.061,160.597,81.6193,27.0377,526.4,2775.75,4518.69,2425.94,272.262,9.23432,12.0696,31.3693,154.052,106.646,47.9887,20.4936,13.2987,633.075,4620.84,7965.05,4246.7,1468.36,791.344,6.74692,179.132,19.1273,627.438,698.748,1495.39,4597.71,39987.8,117461,110047,31823.6,3268.16,1529.83,1024.39,663.402,126.435,464.139,103.092,683.49,1788.99,5110.64,8812.09,4777.17,529.832,61.556,68.0121,102.463,216.343,257.037,43.8503,23.6424,37.6032,316.34,2456.38,4485.4,2572.31,362.805,48.9579,103.994,85.4273,165.625,281.352,219.51,73.9539,47.3025,1790.24,6633.6,6956.25,1832.86,1043.71,1062.44,77.0893,27.6084,45.7919,402.26,310.455,1006.54,4549.01,39169.1,89263.1,64046.4,12817.6,1660.41,1233.95,995.358,450.156,253.467,287.118,169.985,1436.6,3100.2,6623.49,6345.63,1832.89,107.107,37.0051,62.9032,186.321,441.296,303.715,24.6787,5.03444,54.8282,835.003,2127.55,1487.48,192.508,6.57564,24.4643,24.7483,169.959,191.952,8.7719,35.9624,15.8009,132.724,1834.05,4336.58,2672.52
194.676099773,1961.45,2288.12,1722.06,503.757,21.3578,23.0584,4.92182,67.2621,261.505,187.831,52.4928,68.9548,29.121,160.383,489.742,456.36,118.873,4.65382,5.24117,64.2457,225.388,153.233,44.1938,108.646,77.047,25.6537,1046.61,3267.83,3704.63,2447.11,1303.31,202.715,85.8019,167.473,470.736,936.034,1410.33,3000.64,20696.6,60963.1,70769.3,33299.4,5553.42,1140.48,711.526,383.434,102.859,64.0749,72.3082,774.916,1442.72,2224.77,3626.15,2922.25,825.018,27.4252,127.561,233.069,216.576,132.206,73.6665,60.8125,45.3805,473.248,1861.76,2730.16,1586.45,256.759,7.82416,8.31754,24.531,89.4054,45.798,22.2556,29.3533,20.0865,622.196,3170.57,5271.83,3688.97,1559.16,595.638,63.4407,127.029,87.5027,490.171,870.778,1511.85,5791.9,32937.6,75528.6,71730.2,27643.1,4309.11,1665.42,1107.18,607.749,238.222,333.808,15.6066,424.936,1766.06,4304.01,5845.58,3348.59,606.68,59.4314,78.5935,60.27,102.014,150.443,47.2302,21.0978,12.3292,216.083,1531.07,2678.66,1747.65,382.008,58.249,71.9441,32.1321,71.6357,145.736,153.985,68.165,81.0083,1374.14,4195.15,4595.15,2032.7,1007.37,757.945,122.59,20.3543,68.4938,308.319,492.4,939.595,5613,29421.7,56482.9,43855.7,12937.4,2010.53,1439.79,962.116,499.922,307.396,167.304,67.7006,1073.4,2920.07,4819.4,3943.6,1210.19,70.7807,30.6621,36.6984,92.4922,251.821,198.913,25.3118,2.06407,41.9288,577.754,1338.05,997.69,191.491,7.54112,29.0887,39.1262,140.657,128.095,11.55,25.5852,15.7222,136.321,1389.27,2949.15,2150.06
196.162176871,1574.85,1674.17,1148.85,390.968,37.0965,18.3852,1.46431,45.8155,155.908,143.948,69.5036,54.5311,44.3046,140.402,315.219,269.969,72.226,0.537782,8.62651,53.6305,119.145,66.451,6.8592,62.0604,52.0395,48.0819,716.58,1991.97,2575.7,1972.5,936.203,224.795,75.4773,208.662,408.443,889.966,1248.77,3460.96,15789.2,35248.8,39068.1,21847.3,5675.49,1065.01,698.601,309.161,128.705,37.3677,34.9205,430.753,1097.5,1811.86,2235.24,1674.31,585.371,68.0773,82.4895,122.771,91.8336,46.5231,22.58,31.7157,64.9788,359.775,1063.69,1441.78,912.604,222.403,14.6894,7.90762,20.6224,43.922,19.4726,9.02286,22.7474,37.0429,512.976,1930.5,3117.57,2664.81,1352.13,453.819,129.054,91.2439,151.593,382.322,875.447,1381.12,5961.02,22804.7,42664.2,41015.4,20059.6,4812.98,1467.1,1074.1,507.325,317.744,211.146,34.0736,291.036,1427.45,3001.52,3467.22,2099.91,559.093,74.0766,56.8156,28.444,44.3882,77.0766,44.702,23.1906,0.855306,151.639,834.869,1400.72,1026.89,332.782,70.3076,34.2239,5.39967,25.0659,66.734,86.5958,48.516,117.972,916.675,2328.72,2734.23,1768.47,908.763,503.368,154.677,19.0383,85.8761,248.033,515.807,930.248,5404.26,19054.4,31518.6,26239.8,10682.5,2354.98,1256.78,890.219,465.702,310.357,100.471,68.3643,772.325,2159.68,3000.18,2202.89,724.138,47.8755,12.4841,15.3554,42.5925,125.328,113.199,29.4693,0.90885,41.0502,351.238,741.25,601.023,167.991,14.7387,27.7016,46.644,101.723,86.7484,18.8342,20.486,14.1327,138.776,922.583,1789.78,1555.48