TIME,27.7576,30.2811,32.8045,35.3279,37.8513,40.3748,42.8982,45.4216,47.945,50.4684,52.9919,55.5153,58.0387,60.5621,63.0856,65.609,68.1324,70.6558,73.1792,75.7027,78.2261,80.7495,83.2729,85.7964,88.3198,90.8432,93.3666,95.89,98.4135,100.937,103.46,105.984,108.507,111.031,113.554,116.077,118.601,121.124,123.648,126.171,128.695,131.218,133.741,136.265,138.788,141.312,143.835,146.358,148.882,151.405,153.929,156.452,158.976,161.499,164.022,166.546,169.069,171.593,174.116,176.64,179.163,181.686,184.21,186.733,189.257,191.78,194.304,196.827,199.35,201.874,204.397,206.921,209.444,211.967,214.491,217.014,219.538,222.061,224.585,227.108,229.631,232.155,234.678,237.202,239.725,242.249,244.772,247.295,249.819,252.342,254.866,257.389,259.912,262.436,264.959,267.483,270.006,272.53,275.053,277.576,280.1,282.623,285.147,287.67,290.194,292.717,295.24,297.764,300.287,302.811,305.334,307.858,310.381,312.904,315.428,317.951,320.475,322.998,325.521,328.045,330.568,333.092,335.615,338.139,340.662,343.185,345.709,348.232,350.756,353.279,355.803,358.326,360.849,363.373,365.896,368.42,370.943,373.466,375.99,378.513,381.037,383.56,386.084,388.607,391.13,393.654,396.177,398.701,401.224,403.748,406.271,408.794,411.318,413.841,416.365,418.888,421.411,423.935,426.458,428.982,431.505,434.029,436.552,439.075,441.599,444.122,446.646,449.169,451.693,454.216,456.739,459.263,461.786,464.31,466.833,469.357,471.88,474.403,476.927,479.45,481.974
0.000000000,5129.73,6173.21,8691.73,7628.42,1631.92,655.479,5614.22,9001.68,7141.73,8593.03,11352.1,5639.15,315.95,1153.91,2632.49,2372.36,1285.86,844.474,1858.04,3800.09,4338.63,3380.21,2897.51,4915.18,10727.7,12227.3,5209.53,1163.85,807.411,132.804,4188.5,11248.2,14263.7,9041.87,3136.3,2199.36,2401.79,2083.96,2165.07,8540.93,14646.6,10876.5,6711.89,9876.09,16843.5,65822.1,178026,230379,144054,43248.6,13640.9,9180.05,7209.98,12865,13951.7,6385.79,2187.72,2559.56,2508.68,2264.58,4530.17,11557.4,12960.4,5989.14,554.801,958.354,2039.12,1616.57,7852.3,14649.9,10776.5,4446.76,3139.06,4631.23,5774.09,4912.82,2701.68,1358.06,1837.03,2418.2,2230.89,989.493,757.158,6529.05,10923.8,8911.4,10376.6,10590.5,4367.23,317.734,2789.3,7052,6445.87,4878.95,4565.98,4762.86,2574.42,787.84,7002.8,11676.7,9632.33,11789.8,18168.7,85386.7,256003,309050,151825,32771.6,15545.5,10961.4,11477.3,11573.9,4322.82,1281.17,3373.16,4242.22,5160.99,6493.57,8674.25,5749.66,381.095,1709.07,5713.48,5573.82,3822.04,7005.65,8680.51,3400.08,35.5873,1175.98,2149.84,1608.13,713.453,95.4507,869.695,2443.83,2405.15,2155.57,2495.18,4241.33,8072.88,7428.29,2455.77,660.119,213.604,1872,7301.83,11489.2,10444.8,4785.61,1722.12,1895.04,1916.25,1072.65,2335.81,8661.5,11315.5,7091.65,5395.53,8181.57,18751.3,74273.3,162078,171224,86512,22477.5,10482.4,7015,6626.2,11243.7,10173.3,4370.42,2248.34,2010.93,1551.08,1768.36,5317.86,10154.2,7471.26,1541.23,825.395
1.486077098,5036.51,5578.57,9308.25,10401.8,2468.25,1173.8,6705.67,11007.8,6340.56,8366.24,14685.6,7260.68,159.716,1289.22,2797.82,2486.86,1067.39,619.038,1684.93,4064.27,4463.5,3088.49,2483.44,4340.9,12232.5,16025.7,5955.41,600.996,1369.02,642,5723.9,13077.3,17903,10491.8,2238.14,2162.02,2002.78,2187.76,1219.16,10152.6,18678.3,10752.6,5756.83,9449.33,15704.7,68850.1,263490,372129,198453,39358.1,13951.3,8310.84,6195.02,13815.9,18025.3,6338.4,1591.23,2502.37,2161.15,2060.48,3746.69,14524.3,16203.1,6835.34,557.458,1138.91,2463.67,763.384,9333.91,18777,11648,3796.16,2537.41,4579.56,5939.77,5092.21,2568.55,989.077,1692.73,2413.9,2161.95,1059.17,434.095,8260.26,13487.4,7742.25,11116.1,13824.8,5406.43,904.708,4051.75,9223.44,6159.24,4668.24,4233.54,4677.08,3203.79,278.426,8840.45,12106.1,8744.3,9962.86,15592.9,83153.8,356571,456672,179019,24373.8,15281.1,9075.52,10848.5,13370.8,4544.28,748.347,3523.32,3647.15,5295.71,5779.4,10150.6,7962.76,728.876,2304.31,6813.67,6161.61,2806.86,7667.86,11663.3,4510.53,50.3511,1342.65,2463.83,1667.63,659.095,45.6664,1018.04,2911.5,2263.26,1960.26,2306.67,3867.87,9694.6,9963.61,2496.29,535.035,761.583,3311.01,9354.34,13371.9,13211,4832.03,1265.9,1844.9,1777.03,994.551,1814.32,11353.8,13679.4,6624.98,4625.13,8208.77,16628.6,88309.3,252122,271647,107874,18492.8,11212.4,6170.6,5773.86,12826.5,12617.7,3630.62,2114.34,1781.56,1363.39,1295.19,5487.12,13161.6,9127.88,1382.8,657.539
2.972154195,4136.77,4425.31,8316.91,13305,3553.03,1574.61,7172.9,12074.4,4617.26,7093.16,16711.8,8854.49,370.156,1287.91,2543.55,2401.65,671.752,375.648,1394.17,3770.67,3967.74,2400.94,1800.55,3142.55,12213.2,18757.9,6420.93,154.011,2001.55,1806.44,7316.01,12369.9,19991.2,11406.3,1025.56,1922.47,1382.56,2000.62,449.881,10633.5,22237.6,8409.46,4791,6603.3,14468.5,57883.6,343984,532684,239360,27747.8,13279,5957.25,4363.28,13106.1,21260.6,5501.39,955.64,2220.29,1390.77,1897.26,2329.21,17094.8,17429.8,6751.35,932.482,1558.23,2654.39,153.807,10204.8,21536,10849.5,2750.46,1581.77,4090.39,5144.58,4640.45,2144.26,588.636,1270.02,2182.08,1702.97,1118.37,433.721,9695.17,14739.7,5409.95,10382.8,16317.2,5915.31,1386.02,5477.08,11206.7,4512.94,4201.9,3078.13,4133.17,3558.62,471.929,10868.7,10502.2,7094.1,6115.96,13238.1,65906.2,445144,606882,185110,14639.6,11969.2,7039.96,7745.29,14620.9,4648.36,579.912,3189.47,2529.53,4893.59,4049.9,10540.4,10361.7,1505.49,2644.39,7305.33,6016.81,1534.36,7359.89,13856.2,5851.75,355.667,1248.37,2541.45,1578.15,483.811,126.514,1311.2,2994.13,1814.16,1476.41,1871.94,2867.34,10271.7,11989.3,2509.02,403.839,1643.85,5282.9,10582.5,12638,15408.2,4391.64,882.126,1397.02,1545.53,801.975,1325.58,13189.2,15508.9,4440.09,3924.6,6363.78,13417,87875.7,347007,381960,115934,12419.2,9975.4,4907.28,3631.18,13606.3,13891.9,2479.52,1679.95,1464.24,910.879,836.577,5029.54,15618.2,9515.13,1375.03,615.275
4.458231293,2805.39,3148.41,6508.36,15678.9,4792.23,1580.36,7051.36,11859.3,2768.17,5282.68,16967.5,9999.49,1007.37,1160.83,1929.07,2244.24,245.267,218.422,1195.38,2924.33,3120.64,1512.94,1111.47,1792.44,10730.6,19705.9,6727,85.4986,2488.82,3487.82,8558.4,9397.09,19930.2,12103.5,135.98,1665.34,827.436,1557.03,82.6799,10177.4,24719.4,5250.01,3784.46,3234.54,12723.3,39549.4,403999,680883,260337,14143.9,11424.8,3224.5,2568.58,11202.6,23413.6,4212.45,473.254,1823.73,522.397,1864.01,1267.22,18827.8,16357.3,5671.81,1722.76,2136.49,2525.26,69.6823,10600,21971.4,8921.15,1573.25,712.928,3308.44,3737.03,3714.41,1637.93,307.281,708.926,1811.26,1052.84,1108.32,879.648,10529.3,14367.5,2933.8,8599.28,17404.4,5925.27,1477.7,6895.97,12612,2380.78,3700.53,1544.27,3388.12,3365.19,1641.44,12919.6,7676.67,5045.95,2466.33,10870.5,43162.2,506645,729659,175312,6745.26,7499.69,4893.95,4000.35,14785.4,5246.04,806.863,2407.53,1323.85,4168.96,2019.56,10114.8,12471.4,2510.85,2553.03,7102.94,5219.39,518.746,6271.75,14664.8,7163.53,934.182,950.169,2333.4,1508.68,270.978,433.633,1747.91,2594.25,1258.93,894.962,1274.88,1735.63,9543.96,13157.8,2629.55,406.576,2633,7447.16,10578.9,9690.75,16353.7,4200.05,746.072,777.371,1373.05,532.975,940.529,14181.7,16344.1,1927.93,3171.36,3922.41,10030,75947.6,428647,479984,112246,6521.3,7580.45,3338.26,1467.09,13461.7,14098.3,1290.58,1040.71,1208.91,410.852,564.591,4586.05,16890.6,8531.83,1477.25,863.012
5.944308390,1743.51,2142.52,4942.53,16849.5,6006.07,1136.65,6506.78,10460.7,1444.78,3618.68,15420.1,10375,1822.8,960.58,1191.12,2094.49,15.238,210.128,1164.15,1864,2161.78,758.333,597.548,743.642,8306.59,18669.8,6926.82,395.585,2692.37,5234.75,9084.78,5362.44,18011.8,12552.9,183.529,1589.58,581.648,1148.22,17.8469,9211.4,26143.3,2822.26,3059.96,1006.78,9998.54,23258.3,432230,785253,260139,4456.41,8880.61,952.581,1617.02,9478,24290,3071.71,151.32,1486.01,25.7309,1917.38,1403.71,19242.1,13675.2,3910.03,2740.88,2643,2139.27,511.203,10536.4,20002.7,6573.39,616.901,193.045,2528.1,2238.08,2626.41,1314.19,172.908,243.783,1418.86,448.283,1011.48,1565.33,10637.5,12486.1,1251.6,6512.98,16773.4,5616.46,1141.68,8083.36,13020.9,948.968,3233.97,391.986,2676.48,2546.97,3576.11,14961.4,4723.09,3489.47,382.943,8207.18,25924.6,532675,799916,159057,2204.76,4141.17,2890.93,1046.25,14373.3,6501.83,1121.57,1535.91,409.61,3429.34,605.001,9190.56,13873.8,3412.25,2024.32,6296.65,4082.32,37.6559,4840.37,13859.6,8073.84,1612.88,563.939,1956.97,1541.51,183.648,979.12,2229.34,1828.89,791.684,406.793,686.205,859.586,7800.32,13264.1,2900.59,552.534,3456.9,9234.64,9394.04,5814.01,15788.6,4668.69,961.115,401.847,1304.05,359.568,684.4,14306.2,16662,246.363,2369.91,2328.09,6895.07,59983,480974,543772,101843,2383.26,5431.21,1727.04,229.287,13213.8,13322.4,479.2,420.556,1049.88,196.786,558.969,4598.07,16748.3,6568.17,1569.47,1392.55
7.430385488,1398.65,1680.63,4224.92,16528.5,6898.2,492.283,5701.38,8295.07,951.219,2527.19,12510.5,9902.09,2379.39,767.399,612.032,2006.09,97.8124,351.442,1253.58,963.715,1321.28,389.122,308.92,234.453,5652.65,16075.6,6896.14,876.447,2597.07,6423.7,8720.01,1899.89,14952.2,12658.8,1228.85,1744.05,821.322,1018.94,23.6841,8802.69,25607.8,2808.87,2803.86,546.08,6920.58,15204.1,425192,825307,242152,1118.52,6805.72,60.7244,1500.13,9094.69,23750.2,2650.16,8.06423,1336.53,184.529,2005.33,2716.84,18285.3,10468.9,2080.15,3622.14,2833.41,1645.71,1165.27,9975.54,16337,4430.92,94.9309,69.4795,1986.6,1129.64,1698.1,1270.29,164.233,51.6131,1099.81,78.974,845.914,2114.95,10025,9670.8,694.248,4852.73,14556.9,5173.93,613.918,8748.64,12350.6,826.792,2855.1,160.361,2173.56,1401.33,5918.55,15945.5,3439.69,2700.59,204.757,5616.17,19929.8,523101,806599,143573,855.011,2768.37,1868.23,21.5578,13177,8418.69,1365,808.105,103.713,2893.51,302.872,8109.6,14229.4,3909.86,1290.88,5079.05,2947.6,82.1562,3446.81,11778.4,8190.45,2127.04,251.786,1600.28,1663.87,324.635,1633.65,2618.63,992.679,488.009,153.201,274.486,359.086,5743.99,12281.1,3219.65,768.543,3896.95,10029.4,7498.12,2517.38,13957.7,5666.55,1483.01,512.821,1401.2,428.298,477.038,14166.5,16206.7,218.258,2075.74,2114.08,4056.89,47506.2,495077,559963,89686,603.023,4313.98,937.634,408.101,12755.5,12467.4,110.181,48.1236,1035.26,380.195,797.715,5105.06,15319,4386.3,1525.8,1986.33
8.916462585,1756.64,1802.14,4258.07,14939.8,7107.19,59.321,4735.16,5941.55,1099.6,2027.34,8986.42,8739.37,2328.29,652.186,413.884,1943.64,422.844,584.947,1368.3,421.886,759.857,422.775,191.887,192.455,3388.24,12797.8,6348.59,1293.2,2214.23,6657.78,7557.18,175.507,11590.9,12240.3,2697.26,2107.08,1539.54,1203.15,4.64229,8949.67,24013.4,4538.7,2669.36,1977.96,4786.02,15005.9,388050,799180,211401,3164.11,5844.68,911.318,1916.15,9637.37,22397.7,3040.16,36.331,1340.94,940.601,2130.12,4396.26,16291,7642.7,761.297,4052.95,2604.65,1169.9,1613.83,8877.35,12090.5,2810.69,23.203,220.42,1684.64,648.822,1126.1,1424.68,233.403,137.113,881.981,21.0102,668.713,2207.41,8842.16,6655.18,965.292,3799.96,11521.5,4551.98,271.411,8697.68,10786,1752.01,2711.12,876.299,1788.95,474.673,7817.19,16041.9,3607.22,2391.82,1967.16,3782.58,22523.6,485066,756477,128994,2189.14,3151.11,1746.93,864.79,11582.7,10346,1395.05,432.263,446.101,2629.73,939.103,7062.43,13457.6,3839.39,653.756,3770.24,1973.29,407.366,2322.52,9065.84,7377.46,2255.61,133.859,1404.99,1788.55,643.841,2219.1,2799.32,378.904,321.038,133.516,121.905,163.181,4009.66,10492.2,3332.66,975.581,3752.13,9665.6,5402.33,788.978,11511,6562.57,2112.27,1094.48,1677.53,735.756,402.772,13793.9,15374.8,1532.43,2203.3,3139.86,2069.29,40914.5,472562,529228,77078.1,1545.38,4277.06,1070.79,1625.33,12320.5,11783.6,200.319,78.5808,1121.63,831.81,1153.17,5755.36,13009,2708.22,1265.54,2394.56
10.402539683,2483.22,2344.85,4348.76,12607.8,6547.02,43.7115,3752.5,3914.9,1348.06,1739.87,5855.55,7009.63,1746.39,605.728,540.677,1929.07,779.424,798.158,1402.52,253.804,482.105,659.74,168.768,331.443,1880.82,9595.63,5203.34,1456.57,1641.42,5957.28,5960.89,152.978,8774.72,11095.8,3715.68,2621.34,2425.14,1547.84,42.8768,9532.93,21399.7,6764.27,2661.47,4265.68,4321.61,17460.7,332795,721097,173467,7802.84,5755.2,2495.87,2525.73,10623,20201.2,3967.77,198.082,1465.7,1919.1,2336.04,5275.32,13811.9,5625.9,234.047,3896.73,2041.03,807.526,1510.29,7484.64,8141.69,1729.21,208.817,440.091,1559.36,616.604,930.004,1603.25,319.584,331.206,796.096,199.062,507.876,1798.96,7315.23,4014.38,1503.2,3045.36,8517.62,3714.02,310.241,8023.66,8701.84,2811,2884.84,2014.37,1546.43,88.2979,8787.06,14968.1,4571.93,2434.8,4482.01,3256.36,26006.3,429539,668944,110532,5545.9,4439.45,1962.63,2293.81,10186.6,11298.5,1442.55,396.208,1073.97,2613.15,1899.36,5957.24,11873.8,3226.43,276.242,2680.21,1203.29,713.005,1386.02,6578.54,5699.01,2005.54,227.004,1342.46,1863.2,950.768,2585.66,2722.88,122.184,244.636,247.964,149.828,87.8074,2892.62,8471.97,2908.51,1122.11,3015.5,8390.31,3593.43,589.759,9188.03,6613.79,2612.37,1953.19,2039.57,1075.53,503.526,13252.1,14285,3114.52,2402.31,4659.5,1767.93,37195.8,423739,464900,62394.8,4935.23,4852.06,1589.1,3008.18,11798.6,11292,617.537,389.412,1240.57,1327.17,1470.12,5899.7,10532.1,1730.57,851.968,2485.63
11.888616780,3085.87,2884.77,3891.17,10023.9,5573.21,310.354,2916.94,2509.21,1257.43,1275.58,3683.45,5121.54,910.578,638.526,728.174,1993.73,947.679,888.75,1346.86,273.217,413.634,882.633,210.705,369.133,955.601,7100.43,3690.68,1270.35,1052.04,4655.96,4539.03,807.737,7024.72,9068.87,3815.58,3071.19,3108.73,1851.24,301.79,9629.46,18767.3,7430.77,3131.19,5650.71,5198.1,17731.3,270557,617653,131693,12064.7,5822.26,3810.15,3121.38,10291.7,18054.5,4664.43,400.847,1757.09,2559.35,2597.48,4741.27,11237.5,4435.47,324.196,3290.22,1426.73,572.15,946.627,5820.19,5288.2,966.05,349.722,544.074,1553.74,651.506,1008.53,1665.2,371.174,463.065,858.306,384.704,394.913,1141.04,5655.75,2187.42,1684.26,2207.2,6086.49,2811.71,654.344,6982.18,6515.4,3191.7,3222.27,2897.26,1460.21,253.225,8650.74,13150.2,5035.29,2896.14,5745.98,4296.9,24434.9,365053,569034,83852,9644.28,5104.27,2561.21,3162.59,8781.65,10929.5,1704.44,501.556,1607.57,2705.33,2510.89,4660.61,9883.35,2417.53,131.686,1967.24,651.688,759.645,646.121,4697.11,3642.28,1528.75,434.025,1303.17,1881.87,1003.01,2733.8,2448.33,117.368,213.968,383.561,226.6,34.5268,2301.13,6595.63,2005.52,1135.54,2002.2,6579.54,2412.79,1127.86,7447.16,5486.14,2829.37,2647.68,2490.08,1169.93,810.153,12479.7,12749.7,3862.94,2861.2,5245.53,3173.92,31569.5,362487,386752,44165,9078.09,5140.82,2359.2,3684.98,10715.1,10754.5,1208.53,700.546,1414.76,1571.37,1672.35,5070.32,8477.79,1248.79,473.874,2263.99
13.374693878,3281.71,3016.9,2807.73,7403.9,4940.76,446.015,2485.72,1529.44,892.278,702.147,2260.23,3650.92,254.21,636.703,824.576,2034.97,917.956,847.946,1252.22,281.073,434.524,1008.97,299.604,270.541,393.201,5452.26,2236.81,814.489,547.023,3328.8,3783.66,1067.65,6227.19,6380.72,3140.73,3169.76,3429.52,1910.46,796.474,8992.88,16135,5986.35,3828.7,5544.18,6425.31,14084.9,209034,516372,89171.4,13644.3,5602.34,4570.91,3181.72,8536.57,15641.7,4931.21,610.997,2061.42,2668.67,2652.41,3244.36,8665.6,3870.59,513.352,2777.21,950.186,382.595,381.132,4122.12,3565.15,412.667,330.838,607.502,1548.26,551.721,1149.82,1617.71,347.921,529.5,976.027,456.777,298.621,673.996,4207.4,1041.11,1333.93,1257.71,4244.67,2270.68,915.446,6108.16,4270.71,2813.02,3357.22,3294.49,1345.46,668.329,7826.25,11183.6,4016.41,3658.2,5195.25,6249.57,17349.9,298374,475253,52488.4,12390.3,4669.35,3470.37,2817.37,7319.53,9447.36,2154.2,572.961,1933.1,2639.36,2530.35,3024.27,7927.71,1929.59,155.421,1605.88,257.994,548.939,174.69,3399.83,1908.46,1040.92,575.961,1223.69,1803.3,763.746,2672.94,2200.28,140.324,202.511,516.292,241.497,7.00008,1991.35,4985.34,1081.5,892.892,1056.44,4847.25,1765.19,1599.61,6262.39,3570.97,2657.79,2880.25,2902.63,996.997,1287.18,11213.9,10965.6,3167.91,3636.95,4320.07,5245.31,21761.9,300971,312555,24070.9,11638.9,4757.03,3226.35,3172.48,9097.69,9735.45,1868.11,816.697,1607.06,1456.65,1684.88,3468.22,6955.19,1030.12,302.274,1985.23
14.860770975,3106.29,2617.59,1495.1,5043.26,4806.24,212.403,2541.66,870.116,519.311,278.322,1344.03,2863.65,14.7391,480.208,882.211,1903.57,781.233,668.432,1190.82,209.817,482.566,1053.88,370.838,151.872,217.455,4433.72,1184.02,327.314,207.243,2444.55,3543.57,702.305,5773.58,3927.03,1995.02,2823.83,3237.86,1858.45,1072.55,8319.32,12527.5,4023.23,3798.49,4883.92,6502.96,8554.63,156274,430744,54215.8,11512.2,5485.64,4338.99,2856.48,5769.02,12991.8,4747.73,833.63,2045.48,2500.84,2199.98,1645.69,6261.62,3766.18,395.812,2700.08,667.594,187.858,78.8422,2860.8,2652.02,136.309,210.72,730.512,1436.28,364.926,1171.65,1590.7,216.853,609,995.037,443.708,180.39,549.912,3247.49,354.468,734.302,468.856,2963.55,2127.22,819.178,5541.1,2313.89,1955.5,3091.69,3150.84,1235.5,862.839,7277.12,8235.41,2715.23,3696.32,4300.62,6849.83,8758.23,238309,395378,26944.1,11302.1,4603.45,3483.25,2296.51,4872.81,8070.12,2228.57,682.133,1916.9,2345.45,2050.49,1428.55,6188.75,1928.51,210.88,1524.11,81.1667,275.979,11.6542,2538.84,942.205,700.803,489.695,1160.29,1581.73,381.954,2454.93,2015.9,115.937,237.739,636.485,197.148,10.9226,1805.59,3780.35,421.967,435.458,332.151,3714.21,1316.2,1720.17,5245.36,1819.1,1993.68,2794.72,2807.43,925.125,1449,10259.3,8033.09,2239.54,3641.93,3408.98,5870.29,11127.2,246320,251937,8526.04,10428,4775.71,3174.16,2545.91,6322.9,8724.76,2130.1,913.226,1553.15,1187.44,1365.22,1893.43,5642.48,1082.14,318.95,1841.74
16.346848073,2716.46,1707.21,545.445,3416.17,4511.27,3.40475,2766.73,707.383,306.26,85.5029,943.793,2589.12,130.695,266.388,794.233,1697.81,565.694,452.186,1133.92,117.978,486.025,1080.5,355.785,84.4178,375.25,3846.27,632.657,55.1016,140.255,2133.7,3434.72,261.959,5079.1,2226.89,1010.88,1950.41,2772.4,1645.71,1077.08,7070.4,9359.6,2142.21,2539.7,4615.47,4481.3,3825.32,120444,363348,34179.5,7140.32,4954.93,3601.31,1906.38,3303.1,10213.3,4049.43,956.905,1728.53,2146.86,1364.92,492.923,4498.95,3569.32,134.214,2844.89,776.962,68.9448,2.66947,2129.86,2419.77,112.931,76.7391,782.437,1286.36,169.255,1099.23,1576.73,71.2653,620.916,954.913,324.168,108.451,705.559,2640.67,95.0139,243.717,124.774,2248.27,2075.46,687.747,4869.87,1080.39,1156.46,2291.83,2713.65,1079.97,840.601,6290.75,5833.23,1499.88,2474.14,4125.52,4810.75,2419.76,192413,333777,13324.5,7024.45,4853.1,2630.47,1526.84,2867.41,6341.4,2004,736.089,1617.77,1868.18,1293.94,350.218,4898.94,2053.85,219.013,1652.27,235.3,89.793,43.2694,2061.74,743.727,541.096,227.903,1084.51,1233.17,82.4389,2141.07,1925.14,48.8418,328.431,660.725,163.734,19.0309,1767.73,2890.63,83.4074,96.0957,27.62,3067.81,1001.93,1528.43,4292.13,651.368,1223.99,2274.31,2397.51,872.015,1326.42,8877.9,5631.54,1272.59,2538.83,3296.57,4106.48,3586.77,203269,209292,1405.38,6017.27,5227.12,2187.25,1706.32,4001.48,7108.81,2054.75,920.104,1306.48,807.729,909.357,709.908,4662.66,1195.66,377.787,1850.33
17.832925170,2165.3,717.149,205.873,2579.16,3814.73,200.648,2912.37,1080.61,220.888,33.8984,1019.77,2530.23,456.054,101.916,594.318,1434.82,368.759,268.844,1102.83,61.1018,426.392,1049.05,318.258,63.7276,723.705,3443.66,638.417,0.534351,195.857,2434.83,3263.32,257.456,3979.48,1421.23,523.653,871.606,2177.86,1291.82,750.179,5807.01,6850.79,741.882,1104.21,4208.03,1907.63,1150.99,101146,316373,28895.4,2938.16,3277.02,3151.55,714.048,1179.36,8387.66,2795.8,951.218,1240.26,1638.3,574.737,36.7593,3399.99,3070.88,76.0047,3010.99,1219.99,35.4196,3.35019,1939.39,2539.09,278.16,33.2235,698.36,1127.58,71.7426,928.431,1603.42,17.9825,546.287,825.363,213.035,69.5276,982.049,2216.77,195.955,45.6249,133.821,2042.73,2078.31,827.22,3886.36,691.346,743.537,1175.41,2187.4,847.701,486.189,5585.21,3809.14,579.403,1288.5,3603.79,2076.07,57.356,161301,292789,11349.6,2562.63,3959.48,2061.46,571.631,1117.34,5308.08,1273.62,766.169,1136.09,1279.7,648.728,40.1784,3973.26,2056.56,288.723,1942.85,574.438,43.3259,109.303,1903.86,1034.11,520.765,33.608,887.705,882.88,10.1163,1763.32,1953.46,2.65031,412.811,579.319,181.641,19.0106,1768.79,2287.77,37.7229,8.66225,95.406,2733.73,936.334,1310.39,3259.12,227.515,718.067,1353.35,1965.28,709.275,770.889,8056.37,3466.05,494.306,1598.11,2719.17,1834.22,1235.34,171581,185046,1884.27,1834.04,4507.12,1473.84,800.215,1855.09,6045.91,1342.82,921.958,905.609,406.712,579.796,228.206,3876.27,1237.34,399.455,2104.24
19.319002268,1608.55,152.681,290.511,2264.06,2919.3,724.381,3064.44,1761.39,187.017,21.332,1147.38,2672.83,785.778,35.9387,412.447,1089.14,262.802,222.157,1017.53,105.106,341.636,913.822,335.212,65.8944,1051.79,3319.87,774.611,8.30563,250.937,3159.55,3148.12,608.107,2890.4,1189.92,356.847,204.956,1622.52,722.972,449.401,4573.52,5669.56,245.687,195.634,3145.13,454.503,323.605,94108.6,289104,32218.2,558.125,1153.84,2864.59,183.7,120.78,7158.15,1642.48,861.821,708.861,1123.41,150.525,137.23,2830.38,2314.95,360.833,3249.52,1727.87,73.3765,28.9868,1897.29,2918.32,523.303,67.7296,583.724,912.11,85.1192,819.424,1575.16,112.896,425.667,612.194,178.931,56.4095,1174.15,2046.25,332.769,14.3814,223.113,2317.15,2214.16,1043.52,2963.24,806.333,526.994,375.749,1719.11,441.9,180.008,4820.12,3038.51,362.807,608.79,2100.05,583.858,427.443,143321,271654,15413.6,262.267,1796.41,1886.76,243.357,200.695,4490.35,584.825,704.879,678.782,761.088,271.04,321.069,3419.91,1753.76,509.555,2442.02,913.647,53.6384,152.565,1825.46,1606.83,599.225,11.5461,606.698,588.862,84.1748,1521.31,1983.84,57.9174,420.789,459.115,220.115,29.5452,1690.23,2029.32,78.0235,36.2319,256.604,2714.34,1178.17,1048.14,2447.83,279.341,387.371,574.508,1601.69,372.257,287.07,7131.11,2769.2,344.145,1142.77,1317.09,562.741,2299.52,150362,176769,5457.63,109.161,2325.79,1142.91,531.797,737.036,5055.51,557.238,804.105,550.047,170.742,377.147,363.107,3352.03,1065.96,441.336,2618.84
20.805079365,1275.04,14.9611,459.257,2189.15,2232.77,1031.01,3493.27,2476.03,164.379,14.4922,1182.35,2925.14,921.909,40.2301,354.15,723.558,207.573,249.1,960.271,212.945,231.765,713.584,404.495,90.9893,1179.36,3423.05,834.921,11.3513,310.381,3940.33,3405.11,795.271,2138.69,1261.7,307.987,5.23708,1276.58,168.215,300.882,4082.14,5606.04,384.93,297.047,2304.88,47.5353,239.593,93078.5,280876,36608.8,8.9438,89.7773,2398.3,214.214,175.138,6793.85,1146.21,760.032,314.735,833.232,47.4337,393.448,2541.24,1729.41,672.635,3657.22,2264.19,114.743,53.7614,1900.14,3390.34,703.942,101.118,551.857,677.628,127.064,772.893,1536.05,289.23,282.754,377.825,217.582,80.6352,1124.56,2109.17,340.951,12.6128,276.118,2858.53,2587.15,997.329,2287.69,1087.75,395.064,46.5819,1416.88,58.8679,36.3776,4569.7,3264.94,440.873,668.448,1183.49,224.344,919.55,135259,268380,19629.4,156.276,253.564,1617.06,191.296,155.185,4254.15,269.767,598.101,399.149,502.997,129.783,742.589,3055.46,1389.69,781.327,3067.4,1338.52,52.9528,139.291,1779.97,2245.43,660.893,78.0244,410.402,379.84,160.411,1376.56,2006.74,230.515,335.219,335.068,241.712,76.605,1460.03,2059.58,97.1358,42.0129,339.883,2970.38,1627.06,736.947,1877.88,509.241,202.872,170.874,1340.86,46.7643,23.594,6790.91,3186.95,386.255,1250.05,952.868,237.936,3075.49,138428,180403,8247.44,234.847,698.626,1012.2,367.655,600.977,4679.82,38.0935,630.87,363.532,182.473,284.018,768.292,2972.98,836.826,590.028,3190.28
22.291156463,1151.04,86.6347,526.87,2134.03,1836.77,847.339,4183.89,3181.3,148.659,5.74127,1214.8,3147.74,839.888,81.2299,297.688,476.69,150.425,310.221,873.94,356.729,115.652,556.014,398.842,141.272,1074.09,3585.2,930.779,2.89402,382.416,4651.41,4006.1,544.351,1788.03,1303.83,296.97,55.096,1060.57,63.9626,395.442,4435.84,6434.84,837.763,1046,2333.05,245.175,220.035,95692.6,287074,39720.2,513.062,399.777,2010.58,652.667,999.969,6984.77,1688.12,716.136,242.455,792.719,77.2226,513.88,2431.93,1392.64,726.534,4210.18,2944.73,134.965,41.8176,1994.07,3759.65,781.449,108.397,501.288,533.581,111.863,804.249,1430.42,450.256,158.137,202.571,247.655,143.477,861.839,2262.84,342.044,8.15429,322.355,3446.77,3081.21,576.281,1957.1,1144.33,339.882,60.0336,1162.86,52.715,202.667,4766.05,4293.45,596.067,1171.62,1590.9,453.3,402.34,135400,278573,22634.3,954.582,200.203,1259.4,361.12,735.647,4359.03,664.636,533.43,325.441,526.479,129.138,898.713,2896.61,1052.09,962.901,3688.98,1940.7,76.0676,70.4923,1790.45,2732.68,687.565,127.904,289.77,263.868,147.658,1291.32,1959.69,456.131,217.105,206.787,240.545,163.619,1095.07,2236.31,180.801,20.7007,396.169,3365.4,2049.8,367.992,1611.77,581.318,141.15,97.9492,1070.02,43.6178,200.574,6831.2,4534.79,517.145,1647.27,2060.68,720.362,1838.67,134770,191625,9750.46,616.757,522.309,961.296,327.647,1254.81,4645.55,237.885,543.841,290.737,384.806,278.253,1011.88,2816.75,610.448,831.548,3676.46
23.777233560,1157.55,262.937,408.696,1991.22,1611.88,493.632,4758.91,3852.93,229.55,9.36833,1433.83,3150.01,652.625,130.882,204.941,324.425,89.4901,302.849,816.541,441.48,39.5113,432.554,314.995,189.725,829.665,3612.87,1250.39,12.0985,524.473,5338.99,4471.35,182.87,1617.12,1221.98,217.79,214.86,966.616,352.803,678.132,5459.41,7857.73,1453.99,1521.36,2803.77,1181.41,461.919,101756,302459,43893.9,1331.63,1072.16,2032.02,1062.43,1869.27,7801.64,3073.71,757.184,444.729,886.649,162.747,418.398,2339.7,1262.99,596.242,4762.94,3616.77,239.485,7.11623,2258.07,3842.94,774.514,92.8059,400.995,469.771,50.98,804.943,1301.72,490.581,77.8935,87.2485,247.996,224.929,529.826,2351.14,538.362,42.1435,435.009,4065,3306.73,149.997,1766.86,969.291,272.328,248.952,999.988,349.976,613.317,5321.15,5598.69,1044.02,1493.21,2272.51,1527.24,74.6425,142309,297205,27320.2,1720.08,573.461,1099.57,653.413,1399.51,4826.83,1662.1,547.849,425.421,692.174,211.748,724.452,2798.78,870.524,1006.54,4268.78,2523.53,208.685,6.66384,1924,2874.12,689.373,128.401,196.499,198.958,85.4887,1124.22,1883.44,614.025,115.479,89.0057,235.442,248.32,713.108,2416.61,445.028,49.7024,520.711,3864.81,2207.98,121.177,1467.54,482.821,112.93,199.495,868.066,305.089,725.918,7278.43,5973.39,1032.39,1992.63,3127.92,2350.27,263.666,137806,206279,12452.8,799.518,762.678,893.264,526.765,2119.21,4969.77,1083.53,574.113,330.528,640.441,313.72,956.472,2762.73,529.091,1041.33,4123.5
25.263310658,1144.61,530.249,194.221,1778.01,1480.95,350.599,4875.29,4380.05,491.099,84.1295,1792.06,2996.88,418.018,161.532,112.495,228.382,34.3204,220.476,772.328,435.507,6.86749,348.298,192.407,221.896,509.073,3600.98,1688.25,82.8667,812.535,5915.78,4485.03,52.4683,1490.64,1061.45,100.507,438.739,931.785,636.224,1108.34,6928.72,8873.74,2098.51,1652.13,3126.66,2722.62,1598.88,112944,319489,52811.1,2198.94,1687.74,2266.73,1042.61,2680.7,8825.32,4564.2,1003.9,706.009,923.591,319.807,211.921,2220.64,1231.44,545.799,5046.74,4059.88,490.98,44.9229,2602.42,3683.34,655.677,59.9604,319.985,422.532,8.35161,711.933,1148.91,399.623,33.1082,37.1821,201.168,316.558,236.075,2444.75,899.459,133.951,685.289,4636.5,3129.09,0.482829,1605.34,710.718,199.971,482.953,956.087,605.999,1064.37,6293.39,6313.93,1517.4,1734.53,2553.4,3208.79,1702.42,155423,318092,36615.1,2301.15,765.64,1188.91,628.165,2026.5,5614.5,2609.24,710.241,609.701,795.091,371.271,388.729,2703.44,867.952,1032.01,4623.94,2901.8,446.656,35.2379,2151.83,2713.81,604.891,101.529,136.065,149.216,46.5509,854.891,1766,622.844,52.4047,29.3847,189.486,329.341,381.073,2676.01,851.117,135.946,741.355,4373.33,2140.13,86.0761,1338.15,339.235,96.5394,330.473,813.454,526.152,1274.3,8224.87,6745.44,1495.89,2381,3580.35,4490.07,1148.66,145743,220901,18085.7,1111.09,761.993,930.448,559.005,2786.93,5774.78,1976.36,675.254,499.761,790.629,367.112,697.5,2733.25,614.711,1198.9,4435.55
26.749387755,1101.17,735.333,50.2745,1593.17,1422.69,483.704,4478.13,4703.88,819.473,224.837,2224.68,2825.27,190.232,137.937,58.3254,161.357,2.72694,120.368,710.77,370.174,22.8051,275.647,102.968,188.963,230.424,3606.31,2194.48,199.565,1170.71,6213.16,4139.45,191.045,1326.94,962.692,43.4975,596.198,913.435,746.293,1562.87,8055.86,9461.98,2395.22,1490.37,3255.6,3961.05,3823.15,128181,332875,65530.6,2941.61,2443.53,2172.72,882.53,3193.78,9532.93,5771.48,1215.6,836.346,934.137,449.241,78.7749,2057.31,1255.54,696.208,4851.4,4256.85,760.401,184.106,2963.54,3383.99,432.339,29.7886,283.982,368.263,20.0358,554.711,953.149,262.859,12.0081,11.6471,160.826,334.919,91.3412,2617.38,1360.48,252.132,1039.19,5001.99,2721.43,112.396,1417.99,582.399,175.246,634.141,914.973,714.714,1513.48,6896.88,6673.34,1697.26,1668.45,2812.91,4252.6,5433.33,173190,336298,48830.1,2550.62,1147.82,1066.64,547.346,2510.32,6187.11,3361.02,820.472,719.774,845.332,511.154,154.44,2543.63,1047.79,1151.05,4497.38,3076.85,664.472,186.303,2429.78,2362.62,429.733,75.5255,106.436,123.639,46.0045,576.328,1569.45,518.807,15.9759,6.72982,145.143,357.93,226.459,3001.1,1344.73,242.941,1039.08,4734.35,2015.1,200.393,1156.05,308.501,104.929,426.426,765.621,608.859,1846.38,8786.84,7109.57,1652.68,2363.06,4043.41,5553.87,5087.59,156983,232760,25248.3,1369.26,864.051,783.825,547.169,3230.71,6465.64,2739.36,696.562,659.59,862.123,379.674,468.223,2592.64,856.322,1384.15,4362.97
28.235464853,920.098,836.808,28.8781,1515.48,1415.79,740.086,3654.72,4821,1048.34,360.156,2690.55,2747.28,33.1351,76.4323,23.3626,133.652,11.8891,42.5986,664.641,253.189,87.0836,224.692,45.2751,108.807,75.1814,3710.94,2705.56,304.645,1444.58,6225.22,3507.84,449.621,1150.26,971.572,73.6392,648.486,801.23,745.482,1736.1,8806.93,9085.73,2380.83,1030.32,3352.73,4251.96,6456,142331,339386,77674.7,3313.4,3149.31,1813.17,636.546,3161.67,9677.34,6470.13,1200.83,861.441,832.8,525.727,65.5788,1895.69,1285.1,960.258,4140.66,4262.64,869.54,355.706,3382.92,2987.71,211.147,31.2762,221.84,361.741,79.2738,357.236,779.631,131.446,19.3847,0.401658,143.047,261.365,133.13,2963.2,1793.59,333.38,1416.52,5112.89,2186.31,334.275,1240.15,630.903,205.173,669.306,775.804,739.737,1659.6,7259.57,6158.92,1698.19,1204.09,3227.09,4084.13,9847.83,190392,348152,59596.1,2326.19,1804.04,732.67,467.489,2503.56,6547.92,3675.71,794.152,738.583,779.691,605.53,116.287,2350.93,1302.08,1322.86,3840.86,3072.23,721.583,394.677,2780.26,1908.05,256.097,56.0427,71.6672,149.704,69.0958,394.266,1280.34,384.23,4.60721,3.04468,122.38,315.323,293.496,3474.19,1765.83,310.788,1396.65,4862.39,1848.04,351.585,947.932,390.94,145.14,447.11,656.639,588.789,2152.88,9075.39,6518.67,1611.33,1849.57,4633.54,4973.62,10616.6,167846,238912,31428.9,1286.03,1260.44,477.273,534.226,3092.9,7034.35,3099.42,613.606,742.766,813.691,375.011,382.665,2315.14,1137.88,1592.91,3795.91
29.721541950,630.551,818.835,201.507,1453.15,1387.46,900.828,2675.16,4661.14,1108.8,427.836,3116.74,2807.23,12.3388,46.586,5.58359,133.323,77.8493,38.0268,661.829,120.805,192.831,190.956,14.3288,51.0847,117.125,3921.83,3142.95,348.719,1559.45,5908.17,2763.51,623.875,982.397,975.267,226.603,605.396,587.714,699.062,1537.36,8953.15,8085.48,1877.29,456.333,3503.6,3494.21,8451.6,150796,333592,85823.2,3396.63,3187.41,1629.55,340.243,2516.34,9233.94,6658.77,893.717,822.874,608.691,550.386,231.354,1673.73,1247.02,1135.69,3153.24,4005.95,800.707,498.643,3763.54,2661.56,51.4757,87.4701,136.591,382.425,157.887,209.636,687.089,32.8531,68.5425,17.6895,134.306,158.243,401.329,3413.57,2134.3,334.228,1718.02,4941.27,1650.07,490.658,1083.68,736.101,317.089,591.238,566.61,711.905,1472.36,7133.29,5221.96,1317.73,630.634,3528.2,3054.13,13075,201590,348071,65980.5,1937.8,2218.58,539.567,357.062,2040.4,6515.37,3648.62,592.074,684.478,592.328,651.477,313.946,2105.55,1449.45,1417.21,2864.65,2839.81,611.291,594.056,3108.32,1541.83,121.617,72.9715,35.011,205.387,103.384,368.122,990.265,238.489,35.2566,25.6942,102.851,240.179,634.899,4007.91,2042.32,303.616,1742.42,4718.59,1624.8,420.51,756.216,484.654,223.783,386.742,502.58,507.875,2147.18,8807.62,5390.41,1221.16,1196.01,4869.68,3418.81,15446.7,173881,235525,35114.8,1034.64,1613.92,295.12,461.006,2498.52,7208.8,3157.6,420.365,740.541,634.624,389.046,478.708,1922.31,1283.98,1717.31,2888.93
31.207619048,335.677,679.35,542.642,1356.81,1236.13,836.322,1790.46,4175.86,1065.25,416.48,3356.04,3037.93,150.321,74.6199,6.95578,148.835,205.243,147.882,742.536,23.4583,318.851,170.581,3.54593,48.7612,347.033,4271.05,3357.31,324.292,1540.72,5291.86,2019.47,606.03,780.318,939.41,480.325,459.048,353.289,629.464,1013.75,8718.3,6592.28,1188.24,57.8323,3542.95,2438.47,9116.46,148656,314438,86370.8,3288.27,2496.92,1810.3,307.175,1324.86,8618.6,6256.46,469.47,723.767,344.099,515.633,547.372,1389.3,1077.34,1053.7,2194.72,3418.11,676.072,571.387,3971.94,2534.04,8.05374,162.656,68.9306,383.583,248.247,167.196,722.453,16.0884,160.802,71.4278,128.348,81.6664,838.565,3907.55,2285.85,263.21,1858.49,4580.9,1140.96,497.971,900.172,817.938,505.401,417.3,343.986,671.108,947.14,6921.97,3812.33,911.539,192.224,3368.58,2140.67,13957,201444,333506,66092.1,1629.95,2041.69,676.092,468.642,1091.43,6441.49,3201.96,330.516,580.303,337.42,660.485,693.026,1784.57,1369.12,1286.71,1900.88,2331.39,451.5,715.566,3315.94,1382.24,73.2462,113.048,14.1624,253.982,175.419,501.488,777.279,115.222,108.883,73.1958,84.4449,161.999,1172.81,4537.04,2109.41,234.598,1945.37,4413.24,1270.69,377.425,567.151,538.75,335.989,258.913,331.366,438.087,1713.09,8495.04,3616.87,889.996,696.761,4294.56,2137.54,17594.5,171127,220749,35532.8,855.229,1573.29,407.163,576.626,1453.34,7294.4,2834.93,214.817,673.261,368.207,437.623,735.841,1446.78,1211.04,1590.55,1954.6
32.693696145,116.841,524.787,872.448,1233.31,897.732,634.706,1078.39,3538.13,943.102,339.67,3343.8,3397.29,384.532,129.215,24.6378,202.292,369.129,388.643,901.607,29.458,419.508,182.189,8.4142,86.8733,674.077,4695.25,3315.8,240,1396.49,4547.53,1332.24,453.759,520.476,854.519,712.262,304.942,170.271,496.939,526.413,7953.51,5362.35,553.027,97.532,3505.92,1517.3,8353.68,134831,283653,77811,3008.4,1827.69,2269.05,577.702,360.886,7791.54,5526.61,137.511,560.099,130.781,460.047,864.146,1112.38,737.996,786.325,1375.61,2685.79,551.217,545.818,3952.87,2639.36,79.489,193.003,28.2322,365.013,349.822,265.954,871.454,130.851,272.93,151.72,134.981,69.7163,1294.67,4351.12,2218.79,158.619,1790.4,4166.93,687.511,386.917,677.406,816.21,662.745,262.127,176.636,564.511,497.833,6300.45,2806.47,595.936,48.4703,3012.6,1451.05,12376.3,188641,305206,59410.2,1271.03,1810.47,1193,690.675,434.613,6004.85,2664,118.762,432.923,118.743,647.708,1060.18,1463.29,1009.25,979.326,1102.2,1711.37,314.616,723.088,3341.44,1459.22,108.416,137.414,5.31353,290.212,309.382,744.519,696.395,54.523,191.885,120.214,81.2972,119.977,1764.11,4916.88,1996.78,131.926,1949.62,4016.58,831.793,253.974,395.305,513.655,427.634,140.32,192.033,344.571,1268.37,7719.8,2244.55,676.437,476.361,3463.93,1267.75,16174.8,158846,195852,32131.1,630.525,1535.64,949.237,748.68,813.802,6884.67,2448.13,68.5365,548.991,133.738,496.605,999.919,1017.04,906.266,1232.84,1162.79
34.179773243,33.721,437.083,978.909,1094.58,467.692,440.535,647.49,2894.15,746.84,198.124,3216.5,3652.54,649.561,174.418,62.849,291.085,510.133,720.382,1142.13,165.895,454.665,224.144,25.0772,128.548,1035.02,4956.05,3146.71,109.469,1145.85,3785.81,840.115,291.056,247.581,743.331,776.398,218.97,91.6554,295.025,249.299,7050.77,4522.31,201.012,727.878,3561.58,762.5,6948.39,111341,246837,61089.6,2913.7,1759.35,2760.68,1039.95,22.2675,7109.38,4622.11,14.3892,361.31,35.247,429.189,1000.53,875.893,345.861,496.493,795.844,1998.96,415.92,407.953,3813.62,2808.37,233.015,174.66,3.53229,353.224,435.721,472.394,1127.1,373.735,363.797,242.481,157.226,109.691,1651.6,4557.39,2041.23,48.9221,1545.99,3740.06,411.622,245.728,438.23,731.158,680.818,190.294,117.231,373.666,271.349,5692.72,2228.48,360.491,447.545,2919.64,634.728,9465.85,165205,268090,46853,1015.36,2128.72,1852.91,878.777,259.76,5594.67,2091.49,16.5539,284.308,9.47683,632.844,1211.84,1175.35,525.174,633.199,555.661,1163.04,208.988,597.907,3269.44,1616.09,185.613,148.427,6.82246,324.47,468.379,1023.65,757.007,84.9061,245.573,158.439,91.404,131.717,2243.08,5024.06,1768.9,33.8291,1792.25,3542.21,458.942,124.15,244.255,428.449,435.673,79.5599,124.731,218.416,947.256,6950.93,1428.47,447.922,734.961,3092.69,440.922,12141.1,139045,165064,25128.6,488.445,2046.04,1724.71,872.967,695.595,6405.87,1983.71,20.0174,415.252,15.6623,534.759,1130.02,680.453,537.145,769.363,596.586
35.665850340,50.3797,387.989,870.223,889.123,138.768,340.214,609.221,2249.71,527.4,120.594,2884.93,3730.65,853.351,182.698,134.816,374.03,582.254,1076.08,1409.08,398.817,426.923,269.34,55.982,142.476,1356.86,4964.75,2771.08,49.0975,840.299,3024.57,700.452,194.752,69.5966,557.362,716.673,177.343,70.0232,145.64,276.009,5945.22,4373.05,277.707,1469.04,3684.32,495.228,5487.7,84480.6,209138,40920.7,3425.71,2016.86,3200.69,1617.48,442.157,6475.85,3790.06,71.2516,203.849,45.4343,410.024,929.373,655.682,70.9504,330.675,557.7,1365.8,293.701,308.523,3426.95,2993.34,392.642,122.887,8.46163,347.745,463.235,763.384,1431.59,649.488,417.671,322.177,182.642,166.996,1848.85,4430.09,1771.82,1.0583,1187.63,3295.54,437.832,134.464,262.505,535.564,603.686,173.419,106.871,221.144,375.543,4884.26,2346.86,378.439,992.813,2983.15,97.1518,6314.83,137039,228091,31477.5,1513.26,2593.93,2360.34,1205.66,739.866,4948.4,1722.78,19.4033,164.773,16.8839,609.049,1080.61,930.868,139.685,403.152,310.95,706.356,140.595,473.397,3007.98,1790.5,244.683,141.501,41.9681,341.031,562.034,1313.25,913.291,179.545,256.151,188.722,101.163,177.849,2546.07,4760.97,1468.73,2.25385,1489.13,3053.72,276.192,41.5132,146.004,283.157,388.778,61.2826,91.5902,132.874,943.958,5944.98,1460.27,415.956,1176.1,2967.27,45.9019,7254.83,116383,133504,16142.8,1099.95,2679.2,2331.45,1174.64,1303.29,5581.29,1639.99,68.1315,291.24,15.9945,552.268,1043.1,466.902,276.761,395.853,291.539
37.151927438,98.3702,359.542,655.878,598.399,43.35,360.1,940.684,1574.19,366.003,175.323,2347.14,3600.12,909.938,172.754,213.074,421.782,564.966,1311.31,1707.21,612.643,352.192,292.408,87.8654,139.972,1536.57,4713.39,2180.96,130.529,571.012,2244.54,943.623,184.652,33.9319,316.348,598.987,171.34,65.272,64.5575,410.663,4969.48,4538.61,680.803,1939.47,3571.3,1095.64,4181.97,60994.7,175573,23048.8,4506.94,2122.04,3615.86,1928.91,1247.15,6065.6,3025.03,184.612,108.742,97.2941,399.596,731.909,424.503,20.0584,351.957,636.317,775.809,236.743,312.515,2821.14,3100.87,477.544,76.1868,59.8746,322.855,422.123,1026.17,1757.07,839.646,412.549,368.79,189.25,222.249,1821.51,4023.95,1406.78,54.8874,820.924,2804.28,764.9,83.5397,185.566,287.847,481.382,188.067,106.906,119.201,585.27,4210.11,2689.18,602.582,1411.31,2714.85,593.047,3544.91,110748,191330,17166.8,3077.37,2487.66,2817.34,1447.71,1412.64,4423.55,1428.53,64.1985,86.811,91.2372,562.721,772.761,692.734,22.9226,376.869,306.811,331.441,132.668,410.901,2590.24,1882.55,240.78,128.495,120.274,324.603,549.364,1501.17,1155.38,280.648,216.67,201.606,97.9338,253.284,2583.33,4205.33,1110.2,68.4375,1104.04,2588.27,322.27,17.615,95.4139,133.975,316.436,66.0839,77.5184,90.1276,1021.19,5118.78,1883.36,496.848,1571.73,2499.39,751.989,3152.21,95884.6,106033,7676.85,2742.85,2701.94,2868.55,1450.29,2051.6,4883.08,1269.4,157.774,182.88,91.2924,556.745,782.634,344.824,223.548,262.068,175.164
38.638004535,121.051,359.204,400.941,317.252,153.688,481.926,1418.38,996.486,262.93,268.017,1771.58,3234.64,818.749,145.771,257.92,441.649,443.587,1376.08,1951.34,736.936,241.048,303.297,98.7516,125.553,1528.94,4186.32,1563.78,267.594,364.029,1556.6,1389.51,250.222,98.375,124.745,420.9,209.916,49.8064,43.3052,471.843,4107.34,4727.79,1107.94,2047.94,3093.87,2094.88,3120.53,45966.1,149134,11860.7,5395.94,2167.78,3681.85,1879.51,2085.7,5602.04,2365.49,228.139,68.3083,129.337,411.843,475.51,235.667,147.728,511.856,868.779,344.66,231.72,329.299,2182.49,3021.17,475.157,44.6466,126.843,303.579,300.72,1191.08,2011.48,889.576,346.092,372.032,167.018,246.028,1595.74,3405.91,1030.25,159.729,510.561,2306.45,1227.88,104.626,197.466,90.8799,321.867,227.245,82.7056,83.6663,693.857,3596.53,2988.36,789.153,1650.17,2067.3,1737.22,1448.49,91640.8,162092,7269.36,4779.48,2019.49,3014.94,1454.49,2076.02,3810.69,1197.78,79.3413,56.1169,161.073,500.63,419.7,497.958,163.757,504.804,411.413,100.126,163.126,362.877,2112.62,1843.22,176.805,120.079,197.463,297.688,416.995,1552.31,1411.37,333.913,155.933,184.756,82.9328,319.568,2359.97,3465.64,756.666,187.183,726.967,2161.22,522.632,38.6855,83.2062,45.3167,215.469,89.8444,53.6068,100.198,1001.01,4419.74,2362.07,549.308,1741.08,1823.41,1964.7,717.578,81365.6,86079.3,2007.3,4333.38,2348.57,3132.68,1494.89,2802.96,4088.46,935.518,183.048,126.789,165.242,545.767,462.64,296.66,345.94,333.781,158.686
40.124081633,130.478,301.701,232.275,123.13,361.986,685.612,1753.04,643.481,183.641,265.701,1340.59,2662.24,637.239,101.851,262.585,418.5,274.554,1251.29,2084.35,733.866,133.47,290.983,90.6538,104.629,1338.2,3448.69,1103.62,319.75,201.506,1092.72,1768.89,385.273,185.66,22.867,286.462,208.063,35.7453,42.0572,380.348,3366.17,4657.07,1368.66,1761.89,2501.83,2621.21,2230.03,40031.6,132068,8288.32,5072.62,2382.8,3030.74,1734.29,2440.12,5158.93,1669.28,210.816,40.8818,143.865,375.401,293.682,101.129,352.639,752.77,1056.7,137.281,233.949,251.79,1692.43,2689.09,431.941,26.5925,175.602,283.098,155.828,1201.68,2136.69,793.913,247.898,329.205,125.476,227.965,1221.26,2708.31,721.652,229.588,260.145,1888.15,1594.16,205.631,243.042,4.29577,198.252,224.449,50.1535,83.5839,577.481,3090.42,2950.83,930.866,1448.72,1539.93,2388.8,256.382,81019.5,142985,3188.71,5167.9,1862.78,2443.58,1491.66,2233.57,3331.59,841.208,81.3886,47.6922,201.472,396.054,178.826,351.885,446.304,713.716,504.996,14.296,187.56,251.138,1720.07,1626.52,108.096,114.677,239.96,252.967,239.257,1448.62,1615.23,321.686,105.434,143.864,60.1872,338.596,1935.11,2698.55,458.431,271.092,414.613,1787.76,755.513,91.4634,85.0705,27.0706,133.648,95.2603,24.1693,131.523,756.62,3908.72,2534.78,652.287,1402.28,1489.02,2430.06,93.0721,73707.2,75255.4,17.7672,4511.6,2306.1,2631.68,1513.4,3028.44,3467.7,531.691,151.913,98.2068,194.688,510.122,224.789,264.638,541.301,524.929,188.145
41.610158730,157.872,169.499,164.786,60.9309,536.393,911.619,1849.41,495.056,130.555,159.677,1018.79,2081.21,405.772,50.9968,251.206,338.164,128.504,996.331,2067.95,627.492,55.8129,254.013,78.8258,95.7493,984.085,2724.04,773.286,240.987,100.236,871.009,1920.16,576,238.098,5.32854,206.325,142.248,41.435,44.9304,222.809,2692.93,4279.98,1288.12,1320.83,1994.3,2253.22,1751.93,40797.5,123775,10957.9,3592.49,2378.1,2165.01,1368.31,2359.73,4510.55,1111.96,146.013,11.4455,169.483,239.555,232.248,46.752,510.34,968.864,1178.24,87.9703,218.643,114.085,1311.29,2234.76,367.552,12.502,212.881,233.931,56.4016,1057.49,2125.19,596.333,145.145,262.812,75.3079,193.598,765.72,2097.46,484.367,205.937,83.4202,1607.77,1688.64,375.26,301.279,17.8979,108.032,175.895,39.0507,83.1064,373.547,2557.15,2633.37,866.781,1030.32,1286.36,2005.5,382.027,76949,133492,4728.65,3888.22,1899.43,1588.58,1301.35,2023.53,2771.51,533.361,66.0448,38.3494,230.637,225.363,103.064,291.368,717.685,872.275,596.571,15.1791,179.017,111.945,1387.77,1338.38,65.1225,92.7948,259.847,171.491,103.125,1229.02,1723.15,261.791,68.5499,106.429,28.5371,319.749,1369.75,2075.78,227.971,251.702,187.875,1507.73,887.586,160.103,112.434,54.3901,65.264,78.5828,7.6781,134.361,469.807,3366.42,2491.03,575.786,938.182,1386.7,1832.85,1198.36,71066.9,72499.5,1440.25,3163.59,2408.25,1820.97,1232.54,2863.45,2841.93,245.135,87.6779,67.6103,193.801,399.967,137.77,236.266,720.783,689.584,275.515
43.096235828,166.222,75.8394,132.519,116.561,688.317,974.507,1804.33,476.885,114.235,61.4342,734.143,1611.96,207.233,10.5481,222.538,240.607,35.3741,708.55,1910.15,478.807,10.8827,214.268,70.1665,85.2486,599.092,2143.13,499.948,125.844,82.3894,816.48,1906.77,670.516,293.774,59.7406,135.25,88.107,47.6067,53.7934,84.1845,2067.79,3816.77,798.179,977.661,1379.05,1368.43,1659.53,45098.6,122281,16755.5,1877.98,1671.53,1618.65,796.816,1858.51,3840.26,694.761,98.2901,0.531759,164.252,114.239,214.073,80.5651,620.493,1006.13,1281.04,144.585,179.637,24.9217,992.68,1775.54,293.614,11.1422,232.556,171.604,9.81213,848.843,1977.47,384.042,58.201,199.077,36.5535,140.193,370.336,1667.53,281.255,120.72,5.83052,1435.41,1562.69,504.675,385.093,101.533,42.3884,133.301,43.1498,90.8136,167.592,1976.91,2294.42,454.689,809.031,855.926,1097.53,1397.76,77086.8,131398,9579.15,1947.81,1415.21,1150.98,751.353,1592.2,2235.02,271.235,73.2597,41.9612,216.827,84.4868,124.464,326.997,903.724,879.006,704.712,75.1178,137.365,24.9668,1095.75,1061.44,52.2436,60.0126,260.443,82.4423,27.0487,996.981,1700.17,200.422,40.5521,82.1859,7.62601,250.82,823.744,1646.5,75.695,151.783,53.8766,1318.33,894.201,218.259,167.448,100.448,17.9695,63.3524,0.131965,129.715,226.88,2768.69,2351.86,256.253,754.014,943.512,888.885,3023.97,71555.4,75309.1,4530.86,1445.11,1841.07,1365.44,620.172,2417.42,2313.67,71.1741,46.5646,43.8679,158.737,258.48,150.241,253.714,800.477,751.569,417.219
44.582312925,145.211,38.6786,112.994,283.046,841.375,777.486,1705.45,574.799,104.619,21.1072,568.482,1250.2,85.0365,4.89122,156.688,174.142,4.78805,465.488,1683.36,327.847,4.71252,191.369,53.6976,77.2182,284.975,1689.16,377.602,47.5017,109.836,908.742,1809.65,568.869,382.835,175.34,83.5779,53.7093,47.03,56.075,11.1695,1663.18,3070.07,385.967,660.096,709.739,694.8,1462.56,50034.7,125323,22254.4,728.02,707.26,1161.61,366.821,1128.71,3175.22,517.587,58.7599,13.586,125.706,38.6714,199.777,222.209,686.41,821.21,1362.69,311.076,115.336,5.00613,807.467,1338.79,220.173,34.0468,199.058,138.147,5.47278,653.625,1751.11,223.559,9.59409,143.837,18.7608,94.6247,129.434,1377.61,181.852,42.7244,18.3445,1340.81,1343.89,490.282,519.981,220.979,15.0025,106.488,56.1424,81.8079,47.1419,1552.82,1698.62,167.111,623.115,294.591,545.27,2153.93,79274.7,134078,14461.4,628.605,581.781,844.32,355.435,904.78,1825.15,147.858,66.5984,60.7563,169.241,14.0347,176.645,484.538,970.924,722.816,809.187,190.857,75.9123,5.93772,884.898,815,56.1228,47.4631,211.863,34.6823,3.36929,842.098,1550.76,168.12,27.5134,60.712,4.87811,175.545,401.229,1375.46,48.1083,51.0685,17.9498,1201.46,808.988,231.809,250.345,148.307,1.86487,53.5528,8.6181,91.4297,110.125,2303.91,1883.84,72.4643,608.386,332.095,430.857,4133.64,73563,81005.9,7036.39,479.158,827.803,1003.81,245.569,1605.05,1998.54,40.1591,28.2164,23.0183,102.199,137.808,205.79,358.398,750.175,698.09,584.77
46.068390023,123.571,35.551,104.508,502.212,996.143,406.607,1586.9,755.111,93.1111,12.2508,534.479,1027.63,21.3351,26.3833,92.1025,142.57,7.39038,336.659,1443.54,215.309,31.827,179.152,39.3439,85.0587,79.758,1382.89,418.698,12.0884,138.631,1108.89,1679.95,314.105,517.233,302.207,55.2771,32.2871,53.8168,56.8586,4.15706,1356.08,2392.7,140.512,323.353,309.549,379.636,912.233,53853.4,130565,25254.4,286.289,137.526,666.39,113.177,623.67,2510.03,502.284,34.1213,41.6974,87.3328,7.65765,180.987,436.188,719.105,492.482,1413.6,528.642,65.3148,13.964,751.886,989.771,138.521,64.2353,140.648,137.735,9.85652,547.809,1512.55,132.549,3.88022,104.218,18.4461,76.1344,64.9102,1207.22,201.901,5.83397,81.4667,1301.76,1128.48,336.712,717.331,331.626,18.8241,87.2765,82.6097,71.8525,17.4441,1159.18,1260.67,16.6087,316.144,24.2318,471.658,1918.94,82051.7,139037,16967.4,254.831,87.7873,428.369,120.417,471.686,1415.75,136.509,59.2418,81.8628,121.279,0.66421,223,746.647,938.862,462.834,893.716,311.684,34.0482,21.9364,763.53,620.299,52.8654,49.3275,145.07,37.685,1.2442,785.868,1373.61,132.581,33.0461,49.7542,7.49879,134.977,181.22,1227.78,117.081,5.23956,67.8845,1124.22,691.718,186.171,361.942,188.33,6.77673,42.9573,34.941,54.7528,103.153,1821.54,1516.2,0.836875,331.06,35.4423,447.884,3799.21,76080.4,87302.4,7678.46,257.519,206.284,543.128,49.1182,1013.38,1715.95,96.619,25.7333,15.3344,50.7607,52.4334,262.718,554.677,607.335,555.755,750.246
47.554467120,113.848,39.8281,111.611,717.037,1110.72,88.1273,1458.71,906.375,86.0468,8.23939,571.267,956.075,5.44543,47.2487,62.5336,133.019,17.5474,302.231,1258.1,152.83,74.1162,168.783,33.8382,98.5238,11.2352,1264.85,507.64,1.70608,149.802,1324.99,1537.69,79.3059,646.527,403.214,53.425,23.5289,60.4068,51.0493,27.5703,1180.35,1758.77,111.399,147.924,167.979,234.201,326.883,55375,136637,25334.6,219.804,3.6692,323.276,38.6844,306.577,2012.98,545.443,22.9731,60.3409,59.7441,7.52059,165.963,653.182,722.312,188.726,1453.59,667.618,51.0509,18.0649,781.823,772.549,65.2638,72.1179,108.268,153.757,10.498,510.559,1329.2,104.307,29.1499,80.954,18.1569,75.7996,154.068,1170.38,259.681,0.408248,135.609,1314.46,945.813,175.638,916.263,415.486,42.331,69.0596,111.529,55.6146,34.2264,928.536,838.159,22.1423,137.894,18.7511,511.996,1153.18,83939.4,144555,16774.4,339.131,13.0734,164.418,8.92562,179.854,1174.62,181.98,44.9024,91.8391,85.8479,16.5692,255.166,1034.32,867.714,213.19,971.197,355.756,26.1648,31.078,724.938,493.479,39.1813,38.9781,104.878,69.3485,10.894,789.302,1222.38,88.2316,61.3261,56.6486,4.7628,120.735,183.695,1213.41,190.706,0.708618,129.22,1104.99,583.461,127.82,468.505,214.018,22.3206,33.9136,58.9075,36.8321,126.739,1491.52,1097.55,58.3004,157.754,14.8917,526.195,2708.92,78054.6,92567.5,6844.95,256.879,90.547,249.451,6.20604,533.524,1600.06,165.063,22.4189,16.4088,20.8808,8.71467,300.802,772.592,460.589,378.249,906.421
49.040544218,106.501,38.2374,124.37,904.083,1121.7,2.61331,1325.49,955.595,80.0315,3.18004,603.366,1034.61,40.7029,45.7845,55.5074,135.96,25.0723,323.269,1127.31,146.161,103.304,170.211,29.6358,103.33,78.6797,1336.51,557.174,0.0955017,141.324,1474.05,1401.11,2.78744,708.641,475.045,64.4573,20.1084,55.3233,40.2707,52.3332,995.637,1392.87,119.203,129.956,105.946,178.981,48.7105,55290.6,141705,24090.5,196.92,27.6216,206.991,83.906,212.849,1609.94,582.204,20.322,56.895,43.6841,13.8932,159.474,831.772,667.495,68.1194,1455.62,703.443,48.7339,12.4028,849.848,712.238,33.736,53.0995,100.41,167.196,12.6095,520.302,1207.58,112.764,52.1539,76.5932,10.1126,82.8534,332.828,1271.19,280.168,1.81008,150.002,1348.88,811.222,115.424,1048.82,485.811,57.2959,58.771,117.042,41.274,60.0763,700.018,670.168,47.7085,107.765,47.1466,434.637,690.527,84683.7,149018,15464.9,389.513,33.5986,121.977,19.425,124.573,941.564,258.825,30.632,76.2525,69.4597,29.3793,274.198,1291.73,770.136,101.565,1006.35,329.237,31.7046,22.6833,743.115,451.675,26.2347,16.5315,95.2339,92.1868,29.98,804.081,1126.37,43.6898,91.8174,70.2758,0.257147,131.868,362.139,1305.3,223.48,2.89804,150.79,1147.22,508.215,91.4877,546.797,229.706,31.8131,31.1467,64.0963,34.4597,138.778,1152.59,917.527,87.7198,133.413,27.1532,451.364,1956.24,79078.6,95940.2,5812.38,222.276,62.7222,184.8,40.2614,386.856,1428.84,239.722,14.092,13.0922,8.7364,1.61253,309.153,960.669,347.262,257.493,1001.73
50.526621315,83.3647,40.3774,114.718,1061.21,1051.06,97.0632,1203.95,935.43,60.0755,0.263666,662.386,1182.72,133.844,38.2173,47.9306,147.977,27.0463,325.102,1084.61,167.126,96.4892,189.198,24.9704,97.815,242.908,1527.62,618.184,2.15423,111.088,1547.6,1299.09,63.2332,681.692,543.514,55.8906,27.1639,30.6288,41.1165,49.567,845.399,1176.58,87.4464,141.726,110.806,162.702,110.337,54867.7,144743,23277.8,135.345,66.6919,185.002,113.899,155.611,1422.53,541.652,25.0416,38.5785,31.5447,18.0781,154.991,932.308,600.72,111.009,1384.35,720.722,30.9755,13.6857,967.372,769.703,61.8264,43.7571,91.4503,174.478,23.4383,511.608,1161.36,132.115,50.7058,86.9899,4.4341,86.4127,534.361,1450.45,296.974,3.01501,140.754,1346.35,753.783,160.739,1058.92,581.146,39.6084,67.608,79.4477,48.8908,49.8648,573.723,552.266,44.3099,101.749,125.675,265.536,844.92,84807.3,151622,14763.3,305.154,66.0943,124.234,34.9908,112.396,869.229,283.764,22.5139,41.079,66.5503,25.9003,294.243,1442.88,703.866,131.349,960.245,299.383,31.509,18.4501,819.33,466.162,31.5232,10.3548,92.797,102.906,54.0119,776.113,1084.7,29.9644,101.3,81.4281,10.3127,155.016,612.728,1467.45,244.81,1.06694,157.28,1190.83,479.252,101.364,561.079,251.528,24.0405,37.2753,40.5766,55.2179,88.1047,959.874,739.962,74.9605,126.209,90.2558,274.344,1989.81,79393,97428.1,5488.24,186.043,33.0828,192.602,44.8068,340.811,1358.44,270.303,7.3722,4.90337,3.96442,4.99866,316.962,1048.36,303.104,228.448,997.14
52.012698413,51.8132,42.7791,88.1615,1171.91,975.114,202.275,1139.55,893.712,27.0486,12.8384,742.75,1362.65,259.488,34.2506,44.6266,158.228,29.4734,316.388,1082.42,205.793,75.882,203.439,31.8708,87.6282,466.12,1751.25,717.542,14.6365,64.6432,1600.05,1245.85,132.708,657.097,575.54,37.7708,31.7147,12.2441,41.7045,29.8215,698.349,1106.17,24.3287,102.573,161.143,112.804,232.431,55208.2,145784,23382.9,63.3926,122.248,155.498,117.797,121.348,1335.72,474.448,20.0094,28.9059,14.6396,23.5342,127.938,991.848,538.437,183.235,1336.07,727.672,11.1836,47.5053,1084.1,957.156,136.526,43.612,82.2943,181.238,31.6265,509.34,1141.19,149.636,42.398,96.3762,8.29791,82.6879,747.987,1590.21,358.342,9.08544,110.294,1335.08,757.488,195.516,1054.74,646.962,17.6471,65.5595,47.5498,51.6553,28.4445,464.078,518.061,17.2607,68.8259,216.476,90.3368,1148.53,85363.7,152590,14965.8,154.349,140.163,90.4434,56.6072,140.397,822.955,282.809,15.0087,22.0655,48.7859,22.9687,286.153,1543.97,637.204,201.802,921.637,268.405,29.5692,48.9017,891.464,574.536,58.0019,13.937,81.8642,128.237,52.8587,746.275,1060.96,54.7506,86.2545,96.7216,29.2164,167.188,897.33,1600.63,295.302,2.54961,159.226,1241.79,478.991,109.402,578.21,243.38,17.2479,31.1871,24.471,63.4105,35.3391,804.169,630.33,43.9268,73.5225,203.104,78.1516,2301.3,79758.5,97976.4,5600.03,112.063,84.7965,138.261,62.2147,384.546,1279.94,279.344,3.99808,4.31402,3.56456,10.221,295.811,1098.27,283.663,230.445,982.587
53.498775510,28.9269,38.8371,60.5862,1219.05,974.326,189.938,1176.3,836.445,4.10484,42.946,805.671,1553.71,374.041,31.1511,51.2504,159.614,35.3209,301.391,1123.94,232.652,61.3848,201.576,49.2461,74.6658,672.373,1995.6,786.399,39.8068,37.3424,1635.32,1287.32,116.841,694.059,586.814,14.7619,30.0951,4.99008,29.5561,10.2199,619.264,1054.08,12.9753,59.5821,189.782,86.5247,273.164,55691.9,146424,23666.2,10.0712,160.18,120.214,89.19,148.786,1315.97,385.101,10.637,22.6935,3.23915,26.8927,92.2273,997.409,548.047,180.303,1375.19,720.922,4.72602,102.726,1174.88,1243.87,225.833,37.3426,92.2563,188.522,27.2701,520.909,1154.25,140.325,46.4547,97.9967,14.6215,81.0375,893.394,1701.9,412.643,19.0059,75.5885,1324.91,824.539,155.063,1076.64,691.027,1.98386,49.4321,31.4688,36.9383,7.27301,430.476,475.047,0.629178,53.3929,230.86,53.5403,1257.11,86094.4,153059,15427.5,36.2612,168.662,68.0736,58.9444,175.95,834.327,228.252,9.23068,13.3331,26.9249,22.5762,273.436,1574.36,607.007,224.646,942.083,239.673,24.4422,96.33,971.248,745.218,89.8178,16.0809,79.7924,164.518,29.064,730.018,1073.91,81.1164,64.3123,114.375,39.4915,172.091,1118.18,1703.65,336.899,6.77801,156.22,1317.02,508.862,95.9264,602.759,232.065,11.7238,16.9992,19.7163,47.0496,1.1505,761.016,522.446,9.97275,37.636,268.88,17.4553,2453.07,80344.1,98253.2,5742.58,30.257,148.987,76.7801,77.3574,434.183,1261.9,233.32,1.5742,7.14193,9.39986,12.961,270.175,1107.4,292.889,221.001,1006.82
54.984852608,12.9989,33.5317,55.6375,1197.45,1036.37,78.7557,1294.77,808.92,1.25498,64.6607,850.775,1709.46,437.096,30.1575,53.4265,159.412,44.9341,307.06,1186.87,246.058,58.6806,195.114,58.4205,64.562,794.176,2201.59,820.731,56.2581,43.0388,1683.12,1423.45,37.3948,791.341,575.715,0.431283,33.9542,2.65004,13.1242,6.21697,590.641,1088.21,44.5757,27.4097,146.172,142.889,194.518,56226.6,146641,24001.7,25.9212,133.51,102.356,43.5418,245.517,1336.56,306.114,3.224,17.4623,0.0783824,30.6219,63.6742,966.464,614.34,106.8,1483.51,765.714,10.8487,131.923,1253.67,1551.04,298.573,25.784,107.98,199.954,15.0827,559.226,1192.17,111.213,69.7996,95.5654,15.9808,83.3348,919.004,1773.05,435.612,25.122,56.1425,1326.27,934.453,73.0856,1126,696.503,6.02482,35.9162,17.0682,16.4925,7.83875,433.358,494.66,6.73326,37.9302,151.139,177.765,1113.16,86767.3,153139,15786.2,48.1902,98.0243,79.4492,34.9074,264.3,829.831,166.706,3.27783,7.18691,12.9967,23.1406,268.749,1549.21,605.213,184.677,1005.64,257.989,19.4033,128.846,1055.78,935.721,114.755,12.5384,83.8225,191.787,9.51938,760.068,1110.97,85.5455,60.7482,126.042,37.0079,168.268,1198.19,1767.82,344.516,10.8609,164.23,1409.71,572.209,75.3584,640.992,219.823,8.29451,9.26024,15.031,22.1126,11.7345,791.885,494.889,5.97494,25.4352,204.381,161.227,2369.16,81024.1,98286.3,5795.09,40.2181,111.73,71.6969,56.9941,561.157,1207.53,178.389,0.98093,13.0458,18.1937,15.2798,243.704,1102.6,313.482,201.872,1049.2
56.470929705,4.856,20.8387,83.8477,1151.13,1045.7,3.54235,1423.07,884.86,10.528,48.915,928.54,1725.98,460.436,24.8558,48.0552,151.518,62.5879,341.245,1281.21,242.604,63.1185,187.001,54.2662,56.4572,819.72,2253.33,885.19,37.9698,67.8051,1824.83,1569.39,6.07427,852.385,583.048,9.81097,32.6377,5.2334,4.60322,8.5527,622.393,1252.24,90.8959,9.62777,61.0898,257.745,105.936,56959.4,145383,24734.9,95.2258,93.1518,67.8937,14.7617,353.502,1441.12,248.611,2.79935,17.1569,2.58636,28.8825,62.1602,934.658,651.722,48.5034,1596.91,930.826,26.9647,101.737,1365.45,1737.06,362.026,10.6111,117.448,205.94,14.628,597.313,1275.64,88.0329,102.923,86.3999,12.9136,82.8244,845.981,1723.17,474.003,17.0949,54.3632,1379.25,1038.03,53.5749,1107.78,704.846,31.2779,19.057,6.87335,4.50443,21.1838,464.751,608.263,34.0358,20.1025,64.605,319.543,967.986,87231.9,152108,16153,154.746,23.5355,72.1615,21.4792,359.604,840.443,102.181,4.58732,3.48384,6.72764,21.3133,294.852,1475.82,591.425,123.424,1088.99,352.193,18.9112,130.712,1146.29,1061.52,145.163,3.85532,87.3765,189.686,28.6588,830.251,1174.07,67.2888,76.6906,123.551,26.6659,156.67,1126.01,1742.66,344.697,11.1684,193.386,1530.78,644.725,87.0225,652.43,231.305,11.6883,4.71122,9.78844,5.32686,60.0318,895.601,584.634,18.9557,26.1138,92.291,378.673,2390.91,81280.2,97706.5,5949.64,162.961,32.6725,69.8646,37.9174,713.104,1161.17,108.353,9.78088,20.6124,24.1979,20.6171,240.977,1084.71,321.859,177.454,1107.17
57.957006803,0.630835,9.53642,129.455,1106.37,932.737,55.2006,1529.49,1073.59,32.9047,24.9719,983.616,1604.6,440.288,17.3337,38.7574,131.576,84.6556,419.773,1392.19,240.361,60.5017,180.309,43.2637,52.9167,741.204,2149.38,940.175,7.85531,118.06,2059.99,1680.58,80.7463,819.775,618.558,42.6447,24.9279,10.9621,5.61308,14.315,733.513,1489.82,162.131,30.8993,12.6276,352.07,248.063,57296.9,141991,25805.8,145.358,90.7163,30.1747,6.27738,508.576,1578.99,242.564,8.4958,19.9878,9.50326,19.4788,91.1537,929.529,595.269,69.534,1700.64,1181.57,63.7168,65.1873,1444.31,1765.43,391.612,4.1302,123.293,196.689,30.5329,628.498,1397.65,113.554,118.755,78.9798,6.08529,81.2967,693.338,1556.04,517.694,3.13891,68.8851,1503.03,1117.99,130.694,997.586,708.082,66.083,6.37715,2.65465,1.56429,28.5964,544.7,789.145,71.9339,38.0349,37.4018,358.454,1234.8,86737.5,149321,16722.4,219.759,5.99817,47.7354,1.20679,500.692,843.592,61.4399,7.80656,1.5548,3.64637,18.7362,339.373,1386.76,519.246,98.3418,1187.08,498.54,25.3005,129.632,1188.53,1098.8,167.734,0.192764,87.7807,155.712,86.2401,937.55,1247.2,52.2828,83.1836,119.889,11.1337,147.625,919.304,1628.26,346.6,7.92794,243.407,1680.99,711.305,132.405,630.892,259.8,18.4641,3.83484,6.41268,4.32626,114.981,1079.6,781.954,35.0053,38.8,43.1024,478.607,2930.99,80249,95966.2,6479.41,284.933,6.98068,53.013,8.45975,896.744,1133.35,49.6655,24.5065,21.9629,30.1339,26.1243,271.842,1068.68,289.749,158.567,1196.3
59.443083900,0.0187749,7.48629,154.243,1059.8,733.09,188.329,1669.51,1319.5,69.8643,34.3661,945.469,1400.6,371.908,11.2072,32.3574,100.902,101.292,536.665,1500.75,257.214,49.4739,167.632,41.0439,52.1436,575.144,1953.52,916.538,3.79996,196.317,2316.47,1799.6,197.356,717.872,668.131,70.1028,22.3866,14.2558,11.9791,27.5532,884.249,1758.24,297.375,89.7348,3.13895,407.232,716.069,56090,136872,26235.5,153.92,158.032,55.9157,45.4836,692.775,1692.16,301.779,22.2085,21.2396,15.666,12.9685,126.082,947.112,471.141,147.037,1828.49,1450.35,115.437,76.5512,1423.86,1661.12,361.218,11.3155,135.23,174.681,44.6449,678.66,1526.62,198.527,112.204,70.3762,2.7749,72.7234,488.619,1352.58,503.536,0.753311,101.311,1674.43,1212.61,229.826,844.595,676.496,89.7652,3.74399,3.70942,1.32685,30.6614,620.401,1042.94,177.933,99.7514,8.75769,294.19,1919.05,84537.2,144728,17124.2,142.577,20.9166,85.0321,25.4717,655.021,833.215,41.1041,16.1894,0.0386885,2.6999,22.0099,357.37,1305.98,395.622,127.025,1312.46,662.857,35.5143,145.305,1152.71,1038.97,175.719,2.7584,82.2225,109.249,142.489,1079.89,1307.01,62.4201,68.9475,116.518,6.50908,130.645,643.192,1469.31,329.711,4.60847,302.515,1842.47,781.744,169.084,593.028,289.538,20.9884,6.91955,4.4108,9.41818,183.792,1234.46,1079.29,127.885,75.5802,34.2226,397.141,3787.83,77482.6,92759.7,7171.49,254.796,26.8483,95.3777,30.0777,1078.41,1115.72,16.8656,49.9425,16.2557,34.9603,31.3973,320.161,1057.86,227.502,162.469,1302.98
60.929160998,0.982316,10.8613,142.945,976.29,576.682,271.552,1886.19,1598.12,102.436,57.5999,867.444,1120.37,283.864,11.279,19.3314,80.6253,92.1971,656.003,1618.15,285.424,33.3159,160.473,37.1404,52.364,377.073,1681.45,864.585,16.8646,263.695,2563.73,1959.74,235.49,636.502,693.189,79.1799,20.484,13.4675,15.1809,53.0633,1079.57,1911.72,492.436,197.575,70.7173,508.939,1266.22,52639.8,131035,24857.8,274.907,355.224,163.78,117.638,796.897,1822.03,400.906,38.9634,23.4558,15.5804,10.167,143.701,956.291,380.582,207.419,1999.38,1699.38,153.036,113.669,1357.33,1408.52,298.558,29.1708,132.004,168.145,34.5793,755.979,1664.4,296.671,87.8667,65.2996,1.22372,65.0554,273.41,1154.01,443.675,8.61791,143.809,1877.53,1353.23,241.068,723.641,587.3,94.6905,8.4114,7.63901,5.21217,24.2879,744.828,1188.2,356.212,244.415,39.8082,252.681,2467.82,80396.6,139034,16491,55.4206,140.316,199.571,93.3577,683.44,898.299,43.16,20.7479,0.228198,4.06915,29.2959,323.932,1222.7,293.963,188.155,1461.99,828.475,42.8065,160.701,1068.81,870.686,175.553,12.1985,62.2979,78.7765,151.174,1229.77,1365.81,85.1736,45.7765,109.312,12.9687,116.306,354.18,1321.57,294.91,1.33811,354.363,2004.04,857.263,157.78,558.042,300.035,20.177,8.49837,6.10849,11.5349,225.159,1437.25,1248.79,278.773,196.602,107.802,355.569,4174.63,73175.9,88343.4,7293.01,166.118,169.841,219.814,121.745,1082.55,1206.84,33.6662,65.7113,10.8711,32.9319,38.0613,358.87,1047.38,172.259,199.419,1406.3
62.415238095,4.12332,17.7087,105.304,853.632,515.75,252.647,2164.68,1868.12,132.354,61.2729,793.256,828.113,188.145,27.9688,4.90316,68.6721,62.9137,744.375,1723.72,328.426,25.3311,158.016,29.3526,59.2005,189.268,1397.38,825.84,23.822,306.901,2738.41,2165.96,157.235,624.284,654.585,75.6562,16.4178,11.6696,15.3107,92.9481,1225.23,2010.84,602.302,306.489,299.598,762.996,1454.72,47806.1,124987,21618.6,701.419,683.039,308.322,214.209,839.411,1851.46,552.37,58.1194,20.5513,13.301,8.44705,142.75,932.104,377.754,221.34,2202.23,1867.12,172.971,138.482,1268,1079.79,216.849,50.9485,110.334,178.587,9.68351,859.246,1788.92,362.953,61.3574,64.5339,0.20398,69.989,98.7446,993.064,383.915,18.7697,207.773,2057.83,1528,143.947,663.276,446.849,85.5211,17.509,15.6809,13.5234,32.7566,810.604,1336.9,465.914,370.548,265.578,405.573,2211.58,75226.1,132969,14389.7,262.142,431.082,293.263,161.125,697.614,918.151,93.2961,30.1947,1.51131,7.51439,36.9694,247.028,1137.43,262.777,255.501,1623.71,962.044,50.9365,159.288,958.13,636.468,162.823,26.1197,37.2244,61.8259,116.653,1334.64,1441.5,101.003,35.713,98.7021,18.1643,114.823,135.884,1210.2,263.797,0.199764,418.554,2098.41,941.867,94.0226,545.789,271.687,18.6839,7.60972,9.30488,9.11743,268.946,1507.36,1396.41,390.882,297.677,339.671,647.664,3388.98,68291.6,83476,6178.56,348.187,517.336,310.761,197.718,1085.87,1245.74,120.815,82.8402,3.89312,29.4483,41.651,360.134,1040.51,157.174,271.97,1482.74
63.901315193,7.43934,23.5218,59.3507,717.737,540.234,214.147,2398.7,2034.04,191.5,35.2222,740.75,600.251,105.625,58.8303,0.364271,54.4096,33.3789,752.524,1847.74,360.365,30.5766,151.76,27.1242,70.5373,49.9694,1201.17,784.838,18.4388,352.013,2752.63,2341.38,56.3236,667.992,559.521,62.0182,11.3002,10.1754,11.3011,139.233,1309.41,1952.11,626.221,377.307,658.561,1232.81,1156.94,42875.4,119331,17666.2,1362.33,1041.67,509.903,306.772,750.338,1811.51,686.398,87.4232,9.97948,14.0671,4.7559,124.455,867.865,468.149,252.756,2368.96,1849.41,207.272,121.3,1181.6,760.88,143.792,55.9275,95.5899,179.285,0.381213,943.924,1915.75,357.14,47.6517,60.7778,1.72408,91.022,5.41964,924.288,344.923,26.6026,305.498,2160.84,1647.61,30.4706,645.993,302.281,63.3897,29.8659,25.9871,22.9569,52.3504,865.982,1328.6,542.948,429.915,611.862,874.101,1221.14,69978.1,127187,11564,874.156,754.772,388.56,228.654,601.704,953.445,160.196,43.1195,8.145,15.0621,33.9882,164.011,1039.36,325.416,341.185,1768.14,992.159,75.4441,124.872,862.76,383.083,154.168,30.2582,24.3814,41.9407,69.0589,1361.19,1539.85,101.159,46.1946,87.9398,15.4636,117.801,42.6742,1195.89,239.38,5.80193,495.937,2077.58,1009.77,27.1794,554.265,209.775,17.2813,7.1973,11.8403,6.39614,283.806,1511.46,1346.89,480.033,361.27,643.559,1319.23,1783.78,63636.7,78967.1,4155.78,1003.25,921.24,379.528,261.342,961.203,1291.93,234.767,98.0116,0.80435,27.784,36.9484,319.421,1016.67,215.941,385.586,1513.18
65.387392290,12.0674,18.502,20.3731,629.407,588.817,261.834,2454.71,2065,265.512,10.8495,673.254,517.851,67.4268,88.3209,5.15244,40.0399,10.332,716.73,1939.09,398.28,41.7847,138.306,37.1782,81.7969,1.77952,1169.36,715.686,12.4899,384.077,2616.28,2358.28,72.5588,703.734,459.681,42.2621,2.30981,15.5767,11.0206,198.442,1209.89,1864.26,478.048,463.757,1004.39,1758.49,699.657,39083.6,114670,14666.4,1843.96,1352.84,823.028,306.75,640.908,1636.19,744.87,129.967,3.45486,23.1472,1.37967,78.084,821.569,582.295,370.145,2410.46,1634.11,254.13,79.9535,1077.09,572.916,97.4813,36.0017,103.009,150.231,20.2331,1017.5,2005.68,303.033,38.8991,53.9079,9.2201,125.68,34.7249,982.297,323.268,31.6159,405.742,2188.86,1597.73,21.7029,644.61,196.995,48.7901,29.0339,39.6783,44.3444,84.3955,803.468,1334.82,419.055,554.832,868.37,1428,270.646,65471.1,122217,9415.08,1495.88,942.294,624.212,191.059,556.504,898.783,218.524,63.6145,28.2521,27.3373,19.26,82.9401,979.861,443.039,455.499,1839.16,907.341,107.379,77.9676,774.816,208.063,148.231,25.2484,24.674,18.9224,33.1782,1318.93,1656.19,95.504,55.6495,78.4972,7.9658,132.631,113.387,1291.75,243.41,20.3775,535.882,1977.68,989.99,25.7796,577.953,135.402,22.5616,7.99292,22.0857,3.25871,304.561,1298.51,1315.14,363.602,532.423,875.057,1915.33,476.99,59883.3,75396,2408.26,1768.29,1152.65,573.667,187.552,904.173,1195.27,340.067,119.814,11.9962,24.5447,30.5226,225.747,999.356,337.659,522.884,1487.65
66.873469388,27.7759,6.6604,2.88415,614.68,661.938,381.717,2279.97,2003.2,285.569,0.414229,645.418,578.025,94.0839,105.603,10.064,32.2965,1.59597,646.794,2014.78,429.901,45.992,130.795,44.8471,93.7441,67.2293,1288.72,697.998,9.96158,354.282,2385.07,2187.58,211.606,715.342,402.293,25.5027,4.27624,34.4856,28.2491,217.414,1027.54,1647.41,297.559,511.194,1343.79,2014.26,461.554,37148.9,111709,13686.5,1730.07,1710.61,1147.7,223.682,491.142,1422.59,664.042,176.675,18.9315,43.9154,12.038,25.7137,810.01,694.667,543.398,2272.15,1320.06,265.799,25.6696,1029.07,539.893,90.1397,22.0195,104.205,117.936,55.8441,1053.19,2070.17,238.278,25.5991,49.2938,21.7425,154.28,189.975,1160.81,358.14,39.1575,456.276,2134.22,1382.5,127.532,655.585,175.887,52.3458,10.5692,75.6809,72.5157,86.1121,734.691,1218.67,236.749,666.223,1145.79,1580.63,27.8277,62326.3,118549,8877.24,1536.9,1194.48,924.352,93.1994,468.492,852.625,212.669,85.2484,73.3937,48.329,7.22647,28.317,969.339,587.525,568.4,1785,768.534,116.105,32.1947,740.352,146.377,148.915,23.5579,24.6257,5.30023,21.4174,1239.26,1763.32,113.19,48.8871,70.7013,8.34318,149.621,338.426,1495.87,306.832,42.1707,521.798,1791.36,885.479,109.042,595.605,96.6366,35.6131,23.6888,52.1093,18.9426,253.147,1075.64,1133.59,188.857,701.432,1197.27,1868.95,284.847,57579.9,73146.6,1962.81,1942.15,1403.61,823.092,65.7784,762.555,1093.43,343.341,149.709,50.6845,22.7122,30.4913,119.827,981.888,489.714,651.165,1389.36
68.359546485,51.5031,7.40837,15.5394,679.785,777.711,455.03,1966.36,1861.43,228.046,7.95249,666.802,757.838,194.879,106.675,12.279,28.4818,1.62058,597.509,2051.14,456.413,43.9101,124.111,44.7868,113.613,257.01,1511.63,754.717,18.6613,250.12,2107.74,1909.29,347.947,742.375,403.771,24.0691,33.3672,65.3702,65.7718,208.303,768.384,1401.52,160.406,422.354,1736.67,1845,482.972,37509.1,110597,14767.6,1091.71,2118.63,1320.43,142.774,344.719,1181.83,481.226,215.393,56.4465,72.3767,49.0433,1.19211,849.208,785.029,654.552,2013.82,990.432,216.111,1.18135,1026.77,682.312,139.073,30.7925,77.84,104.226,66.8392,1088.34,2089.27,202.949,10.0552,44.8914,32.3003,177.707,455.113,1395.8,466.708,55.0776,420.943,1998.63,1093.98,252.429,713.979,246.819,66.6621,0.358173,118.936,120.783,64.891,655.667,1037.13,114.697,574.809,1609.73,1195.59,393.226,61122.1,116485,9731.47,925.985,1705.71,1027.87,49.4701,382.867,773.682,162.367,108.523,129.208,79.9941,14.9677,22.611,1027.9,710.083,612.964,1633.36,614.361,91.2275,17.3384,744.019,232.378,173.73,26.2073,14.8251,6.3149,13.965,1202.75,1826.59,153.837,33.8333,55.9517,19.4264,176.006,698.851,1743.17,427.278,68.7203,449.297,1541.35,725.363,221.411,628.365,111.803,55.784,60.9654,101.075,66.4659,177.02,838.96,896.857,83.8172,649.177,1729.72,1196.19,984.996,57205.9,72492.9,2790.71,1319.8,1913.73,879.601,12.6797,607.663,928.099,272.65,176.209,104.981,34.1717,42.9211,48.603,986.421,596.216,725.968,1242.42
69.845623583,76.6262,28.5801,61.9136,797.368,944.791,372.046,1674.71,1602.41,143.268,36.7984,692.901,1014.02,352.354,98.7671,14.6404,26.1003,3.39282,569.418,2095.43,450.335,45.6093,107.209,41.0886,141.974,539.237,1794.61,819.699,50.7403,123.087,1796.18,1643.19,348.273,807.621,473.691,45.9048,80.1059,99.9126,127.343,165.032,535.994,1181.7,67.8905,272.575,2046.86,1496.43,517.008,39825,111082,17084.2,419.256,2306.35,1374.92,78.7514,232.971,970.921,253.517,239.758,105.085,107.65,107.954,33.3449,911.051,867.81,586.478,1756.38,669.787,137.822,39.7484,1027.13,959.086,247.561,64.9164,43.4198,98.0215,48.0378,1108.08,2111.96,191.775,0.969316,37.6067,36.3696,193.961,756.94,1653.39,590.384,75.5098,317.038,1787.19,847.065,295.646,821.503,391.203,90.8905,10.2571,155.488,191.033,25.97,599.15,868.273,23.7345,400.485,1993.54,768.259,782.639,61882.3,115974,11086.4,272.292,2151.57,966.393,51.8568,328.43,678.231,88.1471,129.462,180.814,122.836,53.4953,88.4065,1110.65,804.757,523.492,1473.22,442.55,55.4856,46.6282,764.753,447.634,222.109,36.6516,6.17925,17.9486,6.73194,1212.21,1879.28,182.421,22.3141,34.3614,33.8704,223.657,1097.4,1990.68,550.006,93.7161,319.612,1277.65,554.745,291.656,673.49,188.002,83.0247,108.688,160.278,163.177,81.1655,680.412,684.458,10.4454,501.542,2132.65,575.431,1798.56,58623.7,73329.2,4117.62,526.937,2378.31,790.974,5.95739,478.381,752.196,147.652,195.56,151.529,65.9859,77.0787,65.1996,982.53,626.14,694.928,1111.89
71.331700680,96.2699,59.6483,141.895,937.478,1083.42,186.433,1434.44,1300.61,71.891,70.2857,679.724,1315.24,511.269,83.6863,12.2809,27.3959,5.70853,574.962,2153.92,424.206,55.7568,82.748,34.9073,162.007,831.049,2096.87,830.787,95.5258,34.5681,1502.67,1415.17,211.39,887.688,578.906,95.6994,129.593,128.856,187.241,125.171,391.943,1003.02,44.835,182.602,2046.46,1333.47,374.44,43004.1,112596,19491.6,111.829,2072.8,1409.83,52.1402,153.082,814.375,84.7866,222.634,154.017,144.93,162.588,128.275,988.439,887.038,378.431,1511.38,442.956,78.644,111.445,992.156,1320.67,388.684,94.2524,24.3016,82.6951,18.4553,1118.22,2158.39,198.624,6.51029,26.8202,34.609,187.187,1009.38,1903.4,650.676,96.7071,190.806,1550.97,671.325,241.851,952.233,552.772,121.433,39.856,183.884,246.459,15.25,590.906,685.476,15.6817,305.335,1932.07,806.658,826.019,63906.6,116548,12168.7,169.942,2071.02,956.798,67.7027,265.308,605.894,33.9669,116.319,228.568,171.245,105.334,216.555,1208.94,812.9,341.743,1312.89,317.755,32.4577,90.0842,779.768,758.933,285.806,40.1371,4.32723,25.3037,7.0979,1272.22,1931.3,174.742,24.9886,14.0782,45.8345,265.211,1437.24,2182.76,612.276,117.132,170.918,1038.45,405.72,271.215,739.511,293.656,104.242,158.294,219.805,263.145,45.501,621.172,506.548,2.29615,435.87,2027.89,535.611,2186.17,61016.8,75112.9,5140.09,287.933,2283.79,788.716,35.2163,346.151,606.272,52.3308,166.611,191.37,117.817,118.294,166.376,987.262,542.509,572.946,993.931
72.817777778,122.917,76.3603,226.789,1088.33,1092.23,39.5779,1204.99,1075.67,22.2206,75.9794,649.58,1585.05,630.047,61.4436,4.69025,34.4935,10.4201,619.246,2205.18,422.174,70.38,62.114,23.9071,160.319,1064.2,2319.99,799.76,118.096,12.4973,1293.5,1182.84,63.6465,899.151,704.859,161.244,145.811,163.463,212.534,99.6478,354.216,941.451,33.4958,195.443,1746.01,1359.36,185.612,45779,114196,21173.3,121.031,1645.99,1351.92,71.1122,128.757,719.282,18.1191,180.645,176.091,185.978,182.481,257.75,1067.14,797.146,160.386,1255.63,377.756,53.5966,149.433,938.08,1666.29,540.995,92.0849,14.3312,65.6706,4.38755,1132.02,2213.66,229.929,23.1444,16.8209,26.7988,159.776,1149.23,2077.42,637.722,99.8286,101.145,1350.5,537.312,164.362,1027.96,709.689,141.009,67.1133,214.463,264.829,42.1048,581.463,616.45,13.3521,286.747,1548.67,1129.4,712.267,66121.4,117432,12749.5,489.497,1620.88,948.811,68.3641,256.323,526.096,16.8592,84.8016,253.225,223.607,142.387,372.163,1299.29,710.227,160.557,1139.29,301.326,26.1684,100.334,802.869,1078.63,355.959,31.8617,3.59579,26.4019,29.2946,1335.67,2000.18,141.62,40.6724,1.72994,47.7756,281.342,1659.07,2233.65,597.236,125.395,75.8382,836.061,282.229,195.67,785.29,407.434,113.511,182.595,279.71,325.061,79.7569,625.262,473.291,0.600231,451.489,1601.07,815.013,2251.45,63245.4,76980.5,5602.02,536.851,1760.8,854.327,41.0812,301.811,489.527,4.04035,109.308,213.86,175.446,155.316,316.864,978.425,386.475,399.445,881.372
74.303854875,152.839,73.2576,284.007,1216.68,955.41,12.8644,999.942,950.929,1.00785,45.9726,620.819,1735.43,709.183,34.1605,0.171779,45.0268,23.5849,687.469,2211.98,482.547,86.7486,50.4616,16.6199,122.029,1228.12,2377.13,727.495,98.9417,43.7184,1174.13,947.31,8.22614,814.463,814.647,215.63,123.22,201.796,182.235,96.4409,436.037,926.879,44.0291,266.668,1399.89,1279.96,237.153,47097.5,114936,21846.3,174.223,1347.85,1122.58,126.586,126.341,720.097,61.2151,118.576,167.568,210.306,170.723,368.818,1117.57,617.857,40.6507,1018.26,420.022,56.5829,124.392,869.706,1900.51,680.677,64.8404,7.61573,54.4281,28.036,1142.66,2240.11,298.108,40.8559,12.6934,22.1593,104.672,1196.03,2091.4,574.754,74.5058,75.0992,1210.46,443.949,119.271,1014.06,826.385,143.162,74.9247,253.821,229.045,88.2657,627.097,551.93,17.528,280.761,1250.8,1178.12,882.861,67399.9,117863,13046,653.707,1323.57,779.298,78.8664,204.26,521.919,32.3792,41.2873,255.144,255.997,156.84,502.689,1352.87,529.266,56.0602,983.433,355.58,30.7036,69.9274,820.87,1342.56,406.22,21.8806,1.51748,26.3239,72.2585,1362.48,2047.91,144.462,59.0527,2.22604,46.7192,249.65,1743.32,2114.32,502.566,108.668,54.43,683.821,192.158,122.619,784.473,493.336,109.114,166.795,347.12,302.572,160.017,738.423,480.777,0.137544,464.929,1297.35,848.857,2437.06,64206.2,78032.1,5781.66,678.372,1378.41,789.987,49.352,255.451,484.413,12.065,40.7658,217.198,205.419,187.594,458.056,936.103,227.899,229.767,800.279
75.789931973,164.39,57.8105,304.161,1249.1,769.779,67.6607,867.5,888.646,10.9395,15.2258,530.807,1813.47,712.918,17.1796,1.93485,49.057,52.949,765.858,2113.16,608.544,112.273,44.3889,12.965,77.6452,1256.49,2343.15,554.872,67.1733,91.8339,1099.47,756.746,44.2427,682.261,857.844,231.242,87.2355,214.91,131.184,93.6148,566.968,993.182,63.8725,309.948,1085.45,1024.98,591.628,46551.5,114191,21536.8,158.412,1172.98,811.679,188.219,179.039,740.176,190.447,64.4473,145.399,198.675,141.753,422.329,1080.14,443.391,36.7095,835.013,487.096,63.2593,81.1551,725.836,2059.17,740.672,38.7344,2.84748,41.7108,83.9991,1160.75,2166.41,404.712,55.9162,14.2398,23.5316,50.404,1138.74,1984.86,448.181,39.9497,101.14,1120.81,408.189,109.898,926.826,870.231,127.48,69.3425,276.544,173.569,125.028,634.34,586.238,3.39197,249.156,1045.37,872.105,1397.55,67140.2,117429,13175.9,420.199,1254.02,509.625,75.2209,205.071,487.213,83.8808,9.26104,254.087,241.507,150.675,570.226,1318.31,361.109,43.4722,876.046,422.165,33.874,34.4648,789.441,1535.99,417.097,14.0312,0.225513,21.9339,116.378,1333.3,2031.15,221.71,73.7767,14.2871,46.8009,181.879,1685.84,1868.83,342.206,79.4088,77.9715,577.945,147.52,89.4017,722.167,536.56,83.2331,136.871,381.5,230.211,240.475,833.349,605.419,19.2238,431.28,1078.84,579.351,2838.69,63408.8,77768.7,5912.51,453.223,1215.13,586.855,69.4513,301.474,490.361,59.2197,2.92721,215.977,183.144,211.679,533.405,845.113,125.111,122.41,745.214
77.276009070,155.465,33.6214,296.626,1132.27,650.557,96.6327,830.92,876.484,29.9569,3.13885,418.664,1796.28,672.237,6.48569,7.56795,49.2043,91.5915,806.082,1904.92,740.521,137.696,47.5445,15.2298,38.3505,1169.86,2214.26,350.174,51.8107,112.381,1059.53,629.29,90.9463,577.092,793.479,213.218,52.8133,184.384,100.137,76.9172,732.505,1014.96,134.378,330.084,707.429,821.867,950.473,44414.6,111760,20475.1,200.103,958.088,528.058,221.986,227.146,804.901,343.111,32.5004,119.915,163.325,97.0428,413.431,918.143,371.128,62.1038,718.152,565.283,48.6534,52.9406,571.983,2111.45,716.311,19.1178,3.3151,33.5861,148.473,1128.79,1981.27,521.643,63.8341,21.361,30.0019,15.655,1014.49,1778.3,300.159,16.1726,146.33,1078.21,414.424,105.076,808.373,823.617,104.714,63.234,251.165,144.054,109.103,671.826,559.137,21.2111,236.065,732.588,650.577,1796.07,65441.7,115951,13096.3,166.483,1116.68,301.627,59.927,178.2,484.959,138.263,2.06878,241.015,200.547,119.65,562.402,1163.72,294.656,59.5552,833.007,493.888,24.3895,10.9523,736.007,1626.86,390.778,8.39189,1.51107,16.6899,148.845,1203.9,1945.35,359.876,79.995,33.2072,48.0238,118.451,1493.26,1566.14,170.373,54.326,108.154,524.404,125.983,95.7849,605.572,532.002,47.1766,118.231,337.428,173.161,252.016,988.418,644.977,83.4958,423.585,711.601,435.855,3062.81,61022.5,76123.6,5940.44,232.028,977.599,408.756,102.608,310.627,556.846,127.035,12.309,197.296,127.532,215.057,517.77,701.933,113.063,72.4077,698.019
78.762086168,126.766,13.1321,268.416,900.859,596.461,58.8405,869.723,926.056,32.9065,2.96049,375.057,1640.02,619.064,3.85015,17.1395,41.9477,125.427,776.759,1597.18,811.635,155.871,46.6099,24.9316,17.9702,1027.64,1942.51,247.801,60.2511,81.3886,1072.93,559.797,98.561,500.646,633.561,180.906,29.5308,126.747,92.4096,60.4866,860.2,1013.41,198.118,339.131,303.03,808.064,883.838,41899.5,107146,19204.3,364.525,717.019,274.595,250.041,276.701,839.966,476.641,30.5463,114.52,108.243,54.6917,348.274,677.514,375.147,48.8385,683.309,672.028,14.554,47.7559,526.946,1994.55,645.291,7.79975,7.47173,27.5051,194.662,1009.1,1693.94,607.473,66.5321,26.6845,38.4176,12.9002,869.549,1479.19,202.596,10.09,172.571,1084.81,433.076,89.913,678.16,697.562,91.0694,58.0367,200.859,121.541,71.6524,670.487,522.494,53.8152,223.718,347.038,770.368,1518.95,63344.8,112939,12819.2,262.553,847.169,151.644,69.6497,165.302,450.283,184.763,15.99,236.098,142.289,77.8622,479.001,931.775,313.277,52.5709,864.173,579.995,6.87076,0.44123,716.264,1583.12,347.008,4.56891,3.5302,12.581,156.792,983.184,1778.53,510.393,79.7674,49.588,48.1367,90.8022,1214.18,1249.9,56.3512,47.5719,120.068,523.418,104.248,120.807,460.615,476.695,29.5817,100.223,256.177,133.952,220.593,1097.89,662.619,143.259,408.031,292.443,618.651,2577.97,57955.3,73227.9,5627.24,346.126,628.28,262.401,151.561,332.124,590.18,197.579,55.4671,183.37,61.0415,192.565,420.66,530.871,160.804,40.5767,681.609
80.248163265,94.848,1.84659,220.368,643.49,537.171,6.79839,934.478,1024.74,29.5847,8.58727,417.885,1369.55,554.56,12.4727,25.1868,32.3327,138.508,664.907,1237.43,770.601,158.34,38.3384,39.3129,32.4101,842.29,1578.53,284.213,82.8728,39.0392,1138.66,538.376,81.1021,408.108,450.46,145.965,16.0022,74.4688,95.5128,70.1284,907.115,969.991,224.674,316.257,50.423,948.99,389.305,39624.7,100329,18162.4,517.358,564.89,99.5941,255.383,294.046,840.728,536.654,64.7091,121.678,59.6014,20.5008,254.538,437.134,375.764,10.9545,724.752,805.039,3.34631,79.2947,616.82,1699,569.339,5.20074,9.73513,22.9743,209.587,795.026,1346.4,622.979,64.0913,25.5405,49.994,45.8497,695.998,1158.7,175.34,11.3345,170.235,1124.69,453.446,78.6301,529.077,537.057,92.2299,50.1444,146.003,100.142,44.8499,623.824,474.415,79.8941,185.025,81.5683,1135.63,748.189,61206.6,107976,12613.2,608.601,614.326,44.1806,92.2814,153.097,396.576,201.292,52.6887,226.406,92.2248,37.347,347.7,686.869,346.117,35.7547,947.041,676.023,1.52215,11.9384,755.754,1387.49,314.935,1.37334,4.15326,10.0819,137.794,716.408,1528.44,619.052,75.7262,51.6727,52.2492,115.556,878.07,978.29,31.3626,52.2813,114.888,564.263,90.2958,145.626,306.112,394.934,48.2074,72.7926,178.288,111.777,184.518,1141.22,635.449,172.81,351.509,47.5374,994.636,1605.33,54556.3,69202.2,5090.96,697.208,345.027,135.489,188.602,342.176,577.099,246.823,119.798,173.407,16.2293,137.337,292.161,361.324,212.718,13.9419,718.834
81.734240363,62.3844,3.57532,174.415,406.749,439.902,19.9941,971.365,1126.11,64.433,29.7774,475.157,1065.97,464.968,30.6623,25.7241,23.6399,126.339,492.122,878.06,625.199,143.817,28.1273,47.2702,69.2164,643.317,1190.97,397.446,117.935,68.4788,1211.99,556.733,82.8476,291.35,289.05,133.744,10.7256,36.453,100.419,113.451,859.656,874.744,205.052,258.264,25.3872,1171.7,5.58515,37548.1,91167.9,17755.7,540.072,583.341,78.781,187.057,310.12,744.983,536.567,114.951,131.256,25.0721,3.08835,172.667,239.303,333.251,12.9469,804.021,934.573,74.856,162.25,734.92,1327.57,483.329,9.85339,8.59198,19.1173,194.011,531.16,989.739,555.219,57.6803,22.7718,55.9348,90.3723,517.318,860.133,191.431,13.2528,168.091,1163.99,473.549,94.985,366.604,375.748,114.66,40.128,92.5434,82.2564,54.3336,523.177,423.213,76.6931,146.363,19.7314,1518.02,433.368,58474.4,100379,13079.1,885.34,558.262,15.1649,73.2939,168.61,289.948,204.935,97.6171,208.351,52.3586,14.9276,218.683,458.634,347.157,60.7461,1022.27,765.429,39.0738,67.2551,778.188,1125.67,277.93,0.189164,5.0232,7.99566,103.488,459.161,1220.01,645.096,70.6974,42.4051,60.0262,156.006,570.12,746.007,83.4675,60.3757,118.031,623.282,109.2,160.86,164.526,310.59,106.187,42.0279,112.96,109.642,194.408,1055.1,613.453,126.641,311.604,30.5661,1327.19,1105.79,50479.2,63737.8,4982.7,965.682,241.021,80.1664,147.458,364.633,479.858,273.957,181.157,170.039,1.1876,71.4789,175.777,214.124,231.302,20.465,789.798
83.220317460,38.9636,10.8085,149.024,211.676,316.662,119.197,968.481,1168.25,158.425,75.4671,513.862,749.557,364.89,48.9916,20.886,13.879,106.299,293.205,577.505,415.71,128.872,19.9746,45.5238,105.352,453.566,813.618,528.359,170.813,201.137,1234.48,614.017,136.015,171.701,165.907,151.203,13.374,21.7978,96.3376,163.424,749.687,730.836,142.834,201.801,151.058,1460.55,397.407,34826.5,80258.7,17608.6,560.42,837.8,183.021,83.5221,268.04,620.058,461.191,158.419,133.563,14.8517,0.378868,127.431,97.1184,254.674,91.2134,879.96,1033.64,227.043,286.863,810.394,925.539,398.425,19.2292,5.33349,12.6597,165.873,276.956,678.187,417.819,56.8797,23.9532,55.2734,119.572,346.205,597.35,231.206,18.3296,206.486,1142.47,505.428,147.931,210.446,237.497,147.106,32.1654,52.2977,60.2555,83.0201,419.46,347.602,46.1408,146.965,113.646,1768.03,1398.15,54119,90102.7,14150.1,976.637,737.435,57.2811,21.2383,175.272,189.251,174.972,133.57,177.766,32.9987,10.7734,129.246,259.867,314.722,147.499,1033.29,833.6,121.852,160.476,754.991,821.123,247.914,2.40377,4.36235,5.44666,71.3554,259.297,894.553,578.739,68.821,36.3606,71.876,172.07,325.525,543.693,184.387,72.3969,159.136,659.779,172.571,172.807,58.1884,241.376,173.07,22.4028,78.5109,103.712,230.18,929.627,521.197,45.7082,337.642,200.465,1457.03,1799.37,45276.1,56638.6,5673.54,983.126,329.231,101.509,67.3532,337.373,369.896,241.505,227.873,167.588,13.8373,25.0244,95.6045,97.8746,214.734,86.2377,846.34
84.706394558,28.4903,12.6978,133.693,76.6779,211.391,236.87,928.192,1126.1,271.427,141.174,511.681,461.923,265.446,54.4086,18.1402,4.19963,87.279,131.597,347.65,219.465,119.377,14.8499,43.7198,121.35,284.119,493.82,610.023,245.515,368.279,1187.25,692.15,205.686,95.907,89.1555,176.321,17.0309,24.4293,94.9791,181.453,617.111,529.987,102.12,146.611,423.515,1806.44,1585.19,30854.9,68514.7,16760.2,931.943,1320.44,314.091,20.0278,181.453,467.6,359.164,164.281,128.627,24.3211,4.36953,107.281,20.8196,173.199,213.804,919.07,1083.58,386.455,414.355,798.233,556.38,319.16,25.4762,2.73492,3.75784,139.208,98.7498,429.844,263.868,62.3373,27.5601,53.7144,121.107,197.375,381.866,268.187,34.6228,280.622,1031.79,545.997,192.949,107.536,132.42,170.471,19.4558,26.1574,49.3754,103.101,331.871,220.752,48.0989,159.519,402.355,1937.13,3255.52,47797.6,77803.2,14752.4,1217.63,1127.83,115.421,3.79484,130.381,111.83,134.539,137.741,142.221,31.705,11.4064,76.3598,119.83,259.427,257.875,959.999,863.52,214.702,253.269,678.209,523.875,220.819,7.10922,1.14944,3.22091,48.4794,149.399,589.778,452.884,72.4027,39.6819,80.413,160.387,149.288,375.19,279.376,96.3838,235.762,639.099,269.491,169.581,14.8858,191.015,218.772,13.5423,60.0099,108.608,262.683,780.302,359.279,17.0382,338.737,634.825,1484.55,3172.94,39126.2,48267.7,6547.04,1002.93,615.37,117.533,42.3506,227.286,269.62,175.603,236.952,167.766,40.0617,2.99171,50.8219,29.1979,171.911,200.664,848.582
86.192471655,24.0958,7.89294,120.936,11.4027,138.323,290.695,862.376,985.739,355.743,211.026,440.876,253.831,170.025,48.3453,19.9393,2.94923,68.0802,36.8984,203.701,80.4935,114.717,17.1982,43.3507,108.72,151.141,277.048,578.952,330.193,476.349,1069.85,754.839,244.62,66.0119,63.3493,190.042,23.0603,29.5348,95.466,146.193,483.045,348.567,63.7662,115.664,832.561,2214.47,2908.13,25428.8,57386.2,14167.5,1853.61,1858.08,440.224,9.88685,106.492,315.583,249.82,132.859,117.676,36.3595,11.9671,98.9346,1.44252,109.974,312.144,922.375,1027.3,494.542,500.219,677.185,282.61,239.549,30.4538,4.9251,3.88018,109.406,20.1099,266.552,124.892,78.4365,31.7758,48.8933,96.7972,85.911,233.141,263.324,68.3401,332.549,867.112,559.464,193.034,59.3297,76.6719,171.71,7.18743,11.2036,43.3404,89.4196,260.752,116.635,49.3005,165.232,877.294,2234.83,4719.95,39834.8,65068.2,13395.2,1995.06,1554.26,166.24,16.0145,97.8973,52.4858,84.7597,115.586,103.857,36.9288,7.91764,48.586,47.5688,194.297,322.823,836.516,805.066,292.84,304.899,551.285,283.247,185.515,15.9665,0.658811,8.63765,31.5651,112.868,361.511,291.505,99.6199,46.7864,75.2007,122.551,47.5672,251.023,316.95,133.446,291.422,580.143,353.226,146.224,19.7654,167.37,225.616,18.2834,50.5573,111.172,244.012,631.119,221.378,9.9555,293.195,1255.43,1721.64,3955.46,32623.6,39704.7,6394.4,1403.1,993.108,111.748,35.3207,133.793,176.565,91.563,213.76,164.163,61.3237,1.65906,29.5996,4.94571,121.056,312.2,797.674
87.678548753,19.9758,7.80747,100.172,3.62639,101.155,242.975,772.445,757.397,385.483,258.023,319.715,128.743,97.043,40.806,21.5788,14.0392,55.1168,10.1,120.938,15.8254,117.557,30.1503,36.5935,80.5055,71.0127,156.833,447.32,395.556,481.413,882.283,763.568,222.897,65.6781,80.4195,173.752,37.5627,29.3899,89.6793,82.3307,366.487,204.399,45.8708,136.839,1207.27,2715.69,3644.05,19092.3,48075.6,9831.13,3089.37,2215.18,585.034,55.8112,44.0025,203.462,153.678,83.7826,99.5569,41.8862,28.0698,86.5055,15.8446,77.7331,318.842,901.568,828.083,535.558,499.275,498.275,111.304,175.857,36.2836,9.25397,13.7971,91.0612,25.4761,163.295,39.2538,95.0594,41.673,34.3744,66.9133,22.8701,143.372,208.961,117.901,316.86,688.039,509.342,145.617,49.9456,70.8748,149.013,2.71988,4.06759,36.4186,51.5982,212.073,36.7511,70.2563,191.526,1301.7,2812.41,4829.85,31130.9,53556.5,9648.86,3245.96,1776.11,246.353,73.7461,66.2437,26.014,39.941,76.5135,70.8633,36.6262,6.1696,32.4493,26.1239,139.264,289.39,705.808,630.964,348.524,289.577,403.512,119.941,152.267,26.0825,3.35776,17.0869,26.9991,127.206,201.605,157.434,141.277,55.7975,54.326,78.9894,6.83695,174.537,279.465,180.826,274.275,513.825,367.554,115.567,43.0476,163.294,201.714,31.7462,42.0209,104.47,172.203,506.49,115.357,30.2432,281.951,1718.75,2364.49,3407.54,26435.9,32099.2,4674.27,2263.85,1228.93,129.913,66.9238,49.1888,116.125,26.7311,163.496,150.761,69.3274,13.2722,19.4777,5.04727,85.5035,349.299,718.617
89.164625850,13.7771,14.1048,86.7636,25.2194,74.5462,152.541,629.759,506.673,354.211,264.826,191.738,70.2907,55.8068,39.0491,20.4472,36.6893,41.4296,20.6988,90.5577,13.8962,105.84,55.8483,20.1921,52.8101,39.9536,108.181,279.116,412.044,394.262,663.029,686.008,162.533,70.9202,103.645,149.898,49.0058,25.9341,74.1256,27.5326,263.269,142.391,33.6044,196.801,1368.85,3232.15,3504.36,13203.1,41038.6,5209.47,3972.43,2353.54,721.63,100.872,19.3073,138.992,86.1293,49.4674,69.8829,41.5978,43.966,80.548,34.8311,57.9873,255.358,815.936,563.371,496.173,408.313,326.685,39.097,128.659,46.2521,11.9016,29.1467,79.3773,72.8315,116.611,9.86025,86.9002,63.2211,13.9287,42.1094,5.96407,96.2382,126.101,167.338,248.856,507.325,400.97,82.946,54.7892,90.8134,125.884,5.47226,0.66683,31.529,14.827,166.023,17.3675,86.6996,272.548,1445.33,3490.12,3659.89,23119.9,44200.2,4914.79,4282.22,1766.01,374.175,120.278,59.3914,23.9621,7.59519,48.0337,42.6462,27.1024,10.7903,31.2974,32.487,86.339,198.05,554.225,408.724,360.306,213.847,275.199,39.4257,116.475,42.868,7.44632,23.2897,29.0812,153.901,117.587,86.013,158.153,71.361,23.7369,47.0958,8.48816,133.27,193.02,216.336,202.559,430.717,319.887,78.7739,66.0781,159.174,168.018,42.1507,30.4195,94.6536,81.9348,390.709,83.9554,35.601,354.104,1805.34,3137.98,1944.91,21228.8,26139.5,2194.89,3133.46,1234.24,204.878,93.0141,15.586,72.2153,0.152624,115.798,118.746,66.701,27.216,18.5943,8.78734,63.592,304.829,602.344
90.650702948,11.0345,18.7729,80.8072,58.1101,47.9728,76.8829,453.038,298.053,281.028,218.933,102.595,55.8522,37.318,45.1315,24.3047,61.8117,29.3221,39.5622,92.2678,38.1169,81.0838,82.8587,9.33435,33.5255,36.7059,100.685,146.897,353.896,265.621,468.974,538.582,99.176,66.2533,115.334,124.691,47.8191,22.836,47.5596,5.68281,209.253,118.647,23.2218,239.05,1395.11,3373.28,2853.18,9211.49,36333.5,2169.99,3938.35,2377.17,768.406,117.557,17.1312,127.818,63.2602,30.2125,33.8695,43.014,48.3024,79.773,44.919,41.3532,166.841,668.854,322.511,396.177,261.983,205.07,40.3402,93.2354,61.4416,16.949,46.1722,66.285,126.329,109.803,13.4835,61.0092,85.7771,5.82603,24.9005,12.1103,72.9087,59.3703,183.814,162.361,351.057,270.477,36.3255,57.5832,117.293,107.352,10.4476,0.0520143,22.4058,0.241992,151.681,28.4727,79.8251,337.824,1451.9,3645.53,2218.53,17186.3,37415.1,1365.64,4314.05,1734.37,445.658,122.802,88.9307,42.3224,2.94555,27.5745,16.5233,20.8618,17.2778,41.3942,50.5234,40.0254,104.469,394.83,211.722,316.675,113.497,189.22,24.0827,83.342,62.7119,16.5681,28.7422,26.9438,181.21,95.8013,65.3999,141.298,87.9329,5.15537,24.0111,26.8798,112.368,105.3,214.118,114.228,344.053,236.275,46.9153,74.3916,145.178,131.052,41.0448,23.4647,66.308,23.5392,326.433,61.9679,26.2167,407.18,1768.31,3308.66,703.621,17574,22164.5,413.169,3296.11,1214.48,268.068,77.2232,17.8568,68.3422,15.5376,73.4196,70.3914,64.2158,33.1155,24.4127,7.91663,53.0348,211.264,458.82
92.136780045,9.75215,18.0225,74.5561,93.996,21.2517,33.604,301.531,159.099,206.888,144.323,44.9654,71.6131,40.181,40.5084,42.5618,79.2805,19.2554,55.4094,107.122,63.0498,53.2529,98.0288,11.9627,20.0692,47.7171,113.264,60.6309,248.572,160.897,335.534,384.137,50.1624,45.3499,116.146,94.5344,38.7648,14.9972,29.7469,11.3817,171.322,148.16,33.183,191.387,1428.32,2846.91,2188.54,8122.58,33677.4,1763.48,3054.03,2246.55,736.486,106.053,36.9571,139.762,69.4163,24.2707,10.6365,38.5593,43.0692,73.6823,49.0145,23.4092,85.4358,518.689,148.531,292.472,129.204,114.475,86.3957,81.7823,58.6015,33.9645,56.8822,49.523,169.134,127.799,27.916,32.4074,98.906,12.8287,13.6285,24.894,64.1614,20.1304,158.378,88.0756,248.06,163.467,13.0512,49.6904,139.193,89.2282,13.5303,0.748426,19.1112,6.19489,132.716,83.6575,94.9788,281.085,1503.78,2919.09,1368.01,14363,33164.3,330.811,3283.96,1721.1,413.696,127.459,123.287,64.6201,15.4121,15.8763,4.36798,15.5137,21.3705,53.8379,71.2017,8.1084,39.7967,273.202,67.4045,245.496,39.3306,125.062,56.1168,67.3183,63.3446,37.5354,35.4682,18.1321,201.359,124.001,73.1497,97.039,97.7266,2.7612,10.5167,44.279,96.8342,42.6932,176.692,41.3739,280.225,151.953,23.4171,64.8941,118.907,91.9203,34.4304,14.2514,44.9119,11.3666,255.793,87.7215,31.4008,348.514,1812.37,2546.84,389.278,15945.4,20275.5,128.679,2560.69,1267.21,253.085,76.2193,44.8147,69.5691,46.3382,45.3082,32.5808,53.0219,32.5255,31.1761,5.16258,47.5562,110.084,333.715
93.622857143,10.7312,10.1798,70.2072,112.204,9.08785,15.4247,210.56,108.285,159.849,80.807,13.3014,94.4123,52.1582,23.3957,77.1418,90.9559,8.70924,64.7098,120.17,80.4452,26.1143,102.233,30.0345,7.84229,62.1192,121.39,16.1872,148.563,123.749,283.469,271.935,23.2157,18.461,98.9831,72.1165,19.3119,9.46299,23.8665,26.088,150.828,198.113,57.6386,110.244,1403.86,1922.84,1667.18,9645.53,32935.1,3616.43,1832.63,1850.54,692.066,50.1444,89.8788,175.109,68.5483,29.901,0.53849,32.1666,28.9112,63.8719,44.959,7.6086,31.1376,403.1,88.0888,217.815,53.5007,52.846,139.949,84.843,35.8867,68.7778,60.1539,32.4635,189.181,153.171,44.883,11.4405,105.952,30.6368,5.34202,36.0474,58.826,3.84524,112.552,56.8309,207.931,104.804,5.91486,40.5144,137.369,78.035,9.04865,2.80627,20.3963,14.6889,131.644,154.561,100.145,186.998,1466.14,1758.83,1201.11,14505.7,31304.6,1576.46,1846.4,1527.58,363.153,84.4147,185.451,94.7337,21.8501,14.2622,2.93499,9.49897,22.8257,65.4182,79.6159,0.618687,9.00731,203.194,8.57247,178.3,12.0025,77.1154,109.844,60.3929,46.748,75.3742,44.9424,12.2347,200.427,178.51,92.8241,45.489,101.795,9.61471,3.42896,54.0874,77.8565,12.0754,123.674,19.3574,253.522,88.4671,8.75878,49.446,77.9894,63.7128,21.7603,5.02254,36.533,18.5709,216.539,128.414,27.3616,275.4,1739.95,1405.53,875.825,16192.2,20283.4,1097.18,1445.1,1219.27,217.603,53.0196,99.222,92.0642,52.7637,37.9437,13.0985,34.9587,29.3136,34.9181,3.33407,42.3619,36.8845,243.355
95.108934240,14.0553,4.15669,61.7388,108.598,21.0546,8.26706,177.086,154.043,154.313,39.9248,3.78181,115.742,61.7869,9.27047,109.411,109.628,0.347812,72.9085,112.091,94.0585,4.25291,111.223,52.1353,1.0768,72.2785,120.301,1.05835,80.8607,157.861,324.93,218.021,11.5856,4.47499,71.0289,52.5493,2.94966,14.2142,29.1555,36.831,125.114,277.876,88.0908,79.7272,1187.41,1081.81,1224.05,12620.6,33706.6,6348.03,848.171,1231.84,648.722,5.81078,167.462,214.916,51.2876,40.7487,7.16854,27.863,15.0786,48.6055,35.8238,5.27661,3.90883,328.134,161.3,185.292,24.0085,20.5966,179.9,90.8399,14.387,108.357,66.3044,19.544,193.68,161.793,60.4663,4.6647,118.785,49.3821,1.04731,42.2608,55.6367,0.0271029,72.4334,86.939,225.695,93.1753,6.04406,41.6859,111.826,67.5716,3.67134,8.34321,27.0315,17.3712,124.074,256.677,95.3567,147.346,1158.04,834.532,1276.75,16608,31347.2,3720.19,750.313,1061.32,344.927,36.1405,258.784,125.438,18.2923,17.6347,12.1933,6.3073,23.6805,68.9832,77.2819,14.467,0.279852,173.772,49.9554,138.869,10.6977,48.5271,164.36,58.0013,29.775,121.285,57.6753,15.5732,183.839,225.179,111.789,11.4509,105.818,20.0719,0.225781,58.1301,56.838,1.46482,81.8131,64.8971,260.276,56.9389,3.0974,37.2447,37.8562,44.1214,8.42828,7.57294,41.8439,22.8707,178.702,214.094,25.1869,278.092,1347.97,591.807,1494.6,17756.6,21637.6,2363.89,601.691,910.299,226.949,35.8647,181.717,112.536,38.3863,41.0821,16.4585,20.6399,24.4241,33.8455,4.33319,38.9938,2.86886,184.751
96.595011338,20.1333,6.09952,44.099,93.4126,50.4584,11.507,182.932,264.261,182.545,18.2679,15.0598,129.073,69.0961,3.58159,130.33,135.711,5.95128,70.8865,91.7447,93.9279,2.1813,130.116,69.8208,0.35132,75.9814,115.269,5.94555,45.3339,231.903,433.78,215.954,10.7461,11.5084,42.4259,32.8967,0.972779,28.6097,51.246,38.2837,110.853,353.556,129.44,107.754,867.931,522.095,792.819,15383.5,35728.8,8350.25,321.377,615.783,577.22,3.762,236.495,277.384,22.1318,58.4185,31.5898,27.7888,11.2602,27.6403,27.2021,16.4528,3.25648,292.344,311.272,190.234,13.9984,19.5938,191.717,99.9668,6.34338,142.298,79.0452,24.5938,174.687,152.782,66.8409,15.0648,140.695,62.4357,0.432742,43.6872,57.2043,2.71019,52.5002,161.857,288.302,115.478,10.3785,55.3798,74.8615,53.2255,4.48463,16.0938,45.58,9.99675,137.323,335.497,105.403,148.087,735.015,363.816,1177.53,19110.8,32738.8,5248.85,248.536,527.281,317.051,22.2678,298.879,183.701,5.48733,29.8054,31.7228,10.0928,27.5034,56.3701,72.946,36.5334,9.23149,170.736,150.369,134.804,9.49191,49.0149,193.606,62.7404,23.237,169.131,75.0321,29.491,149.355,250.241,119.494,4.60999,113.771,30.5749,0.772055,54.5715,44.0381,0.0601676,63.2711,156.313,292.398,58.4933,3.96144,34.2205,10.3426,30.7409,1.16087,20.2438,63.6321,13.6274,179.911,284.961,39.1132,323.53,844.547,253.713,1694.83,19749.6,23651.6,3035.92,225.705,491.701,258.384,48.0365,243.809,155.293,10.9664,60.5997,37.9092,16.4078,21.7624,25.5252,9.20984,35.6876,4.72137,155.757
98.081088435,31.6073,16.1837,20.6627,80.6807,72.9512,28.3312,217.082,377.314,222.886,16.3571,35.5444,144.596,67.6201,5.37496,143.944,161.898,26.3485,61.7557,61.3575,84.5981,22.5146,151.653,87.664,3.50361,68.3118,120.867,16.3338,38.2693,305.71,547.635,251.16,18.4518,26.801,24.6726,16.6019,13.5743,49.06,82.2783,44.0618,106.441,447.797,147.362,148.135,608.749,201.658,404.795,16847.4,38451.6,8836.29,124.4,247.199,445.52,40.5782,303.662,336.888,10.4848,79.8356,68.1649,35.6029,18.9606,8.89984,23.9766,26.6193,21.4797,296.824,442.467,218.408,13.227,36.7759,187.102,103.129,13.8782,169.376,99.8622,43.4073,140.525,124.224,64.1467,39.8145,165.612,72.4914,1.24728,40.3426,71.4095,6.25756,56.2873,244.099,370.185,156.157,19.9456,67.5909,44.7779,36.6325,12.5663,28.809,64.7313,8.90342,152.209,439.599,89.0514,138.897,454.21,154.17,832.977,20822.6,34741.1,5483.72,116.268,208.77,234.68,21.2177,353.846,235.091,3.29708,47.8459,57.8525,23.1013,35.7944,30.6633,73.6947,47.8247,30.1459,190.292,245.293,155.85,6.33466,69.82,196.478,70.8464,32.5382,206.99,104.462,41.8076,109.926,241.417,116.944,20.0655,124.481,40.8168,2.94886,46.6322,46.1312,0.0277509,68.5298,250.795,337.913,81.0279,8.19555,35.5443,2.77142,25.8066,0.974351,39.4902,85.7949,10.0195,189.465,387.866,50.2815,306.962,544.284,119.824,1394.97,21409.9,25614.7,2849.78,116.863,235.968,243.049,56.6972,328.823,191.541,2.93911,86.809,68.9736,24.1594,23.6626,12.893,17.6757,28.5561,24.716,153.941
99.567165533,44.423,31.5989,4.00381,77.9984,70.6315,51.5283,272.178,444.596,249.97,35.9674,63.8727,161.301,55.9265,14.5918,148.42,180.349,57.0739,44.318,34.6983,66.0844,60.3225,169.169,101.645,11.9262,48.9198,139.689,30.0261,55.0828,342.567,615.526,307.187,30.59,29.7505,21.6359,10.9437,37.2103,65.5446,115.64,60.0053,131.897,517.408,174.656,160.66,429.439,44.6036,156.138,16916.5,41170.1,8122.13,60.1761,122.868,296.266,108.272,315.852,407.105,35.1074,102.487,100.75,51.1316,34.3769,3.57672,26.7809,25.5856,44.0019,329.808,492.685,251.534,25.4749,61.2856,171.702,96.4039,35.9027,182.339,128,66.007,95.2112,90.6196,50.6157,75.2739,182.318,80.7186,3.71332,31.3224,101.371,16.8623,80.193,289.97,445.354,203.705,33.5673,64.0981,30.3565,25.387,28.0118,38.6186,82.9899,22.0835,190.719,492.459,114.041,107.546,323.262,27.838,462.841,21367,36612.4,4773.22,72.6654,115.32,142.659,66.1908,337.478,308.43,24.886,72.2389,75.4145,44.1591,46.7952,8.47264,75.8872,43.5719,54.86,222.431,289.711,188.079,15.3768,99.4844,176.146,77.9599,55.3966,223.959,143.32,46.6848,73.9277,205.802,103.067,49.6294,133.773,49.7799,5.78691,35.224,63.7556,3.99925,91.0184,303.751,384.436,108.691,15.0464,34.2514,9.15975,29.3246,10.7978,52.8003,103.412,26.3936,227.881,440.553,109.468,228.06,427.416,18.2231,926.573,22343.7,27035,2186.92,63.6391,159.035,187.798,106.498,349.682,248.399,28.5528,117.219,89.0755,44.6193,30.2148,3.2799,24.4765,19.9672,46.8003,162.984
101.053242630,58.5854,48.063,1.59092,78.9597,53.9486,70.4723,330.018,451.224,242.153,74.0036,109.281,167.062,38.9179,30.9451,133.93,189.614,86.3042,25.0546,15.8156,44.8389,100.364,180.319,102.8,23.7157,26.4751,158.803,61.9809,87.6755,320.15,622.487,357.765,42.955,22.9181,26.1773,16.7874,63.1179,82.9442,126.602,90.9869,198.726,531.744,204.399,151.814,273.152,35.1235,45.1744,16420.9,43093.8,7173.66,46.2893,96.9489,183.35,148.573,306.386,451.707,97.7737,128.376,112.171,70.9636,55.8239,11.0137,31.0722,17.2531,65.069,361.627,460.241,263.04,54.0957,93.9193,141.064,82.3149,68.2656,168.191,159.208,81.3369,51.4382,61.987,31.2435,111.806,182.676,84.4291,7.82696,22.546,139.145,49.887,111.915,278.986,490.787,248.561,42.8246,51.5786,27.8761,23.4616,46.2671,48.9235,86.8362,49.6494,253.058,498.4,146.457,82.3654,218.072,11.5354,230.2,21192,37801.4,3906.85,54.4921,87.0564,86.9333,99.1473,299.907,372.501,71.462,97.3883,80.012,65.5592,59.8304,1.15869,75.6304,29.6535,78.6906,249.091,274.861,212.213,47.1314,132.035,136.714,79.0275,86.7151,211.565,178.276,46.0725,50.874,159.962,76.9627,84.8361,131.986,57.7241,8.88651,24.4285,90.3601,23.0738,114.894,299.764,413.836,132.591,21.6866,28.7728,21.4016,38.0504,27.703,61.8511,106.811,59.7607,286.609,454.647,158.591,164.762,314.558,17.7601,593.473,22671.6,27764.1,1580.97,49.7347,113.976,147.467,139.904,326.546,318,83.7071,141.971,93.1728,67.0847,43.6469,0.245639,27.9401,11.0399,64.7557,165.563
102.539319728,66.454,60.6661,14.2204,82.5785,35.1938,78.41,372.721,400.227,198.869,118.913,167.78,164.146,19.6582,47.8924,103.779,186.102,101.747,10.9019,5.56277,26.0634,127.76,180.185,89.4245,36.1256,8.44392,175.333,114.171,123.552,248.789,566.508,389.674,48.5192,15.0959,33.1827,32.941,85.1765,91.9042,114.374,123.619,290.822,492.231,215.42,108.268,159.644,103.144,7.04869,16170.1,44054.3,6644.12,66.2675,81.2529,110.633,139.93,283.815,448.68,192.983,139.94,104.067,85.1085,76.2682,30.1933,36.9854,7.33802,83.7547,366.687,369.972,238.678,94.1952,132.766,101.327,64.4137,94.1672,135.177,179.444,82.7639,20.8551,43.0207,14.3957,137.362,165.571,79.4553,14.329,21.3301,178.887,106.213,138.039,220.283,487.941,287.078,39.4496,39.3868,33.7937,30.0648,61.4925,55.2388,75.4067,84.4763,321.723,464.228,161.114,48.2223,127.462,93.2962,127.001,21002.2,38261.2,3390.12,83.5939,52.42,54.3117,96.3244,253.852,403.153,149.811,107.431,72.9039,79.7265,70.1229,12.2655,77.2629,12.2283,101.091,252.598,216.289,212.246,97.048,164.928,86.9567,75.6169,108.098,177.384,194.409,43.5743,43.6225,120.669,42.486,115.841,116.441,60.2528,13.49,21.9497,120.134,59.2446,126.31,249.841,408.277,151.413,23.0886,22.1888,32.576,49.5181,45.4132,65.0751,91.5995,102.116,343.038,436.733,174.607,101.585,195.827,123.162,452.657,22837.4,28005.9,1286.02,90.3992,62.0146,109.163,136.256,275.935,375.305,166.165,144.421,83.6343,81.5011,60.9103,8.73846,32.1648,2.86295,80.0963,146.329
104.025396825,61.7433,67.7836,38.611,85.9402,21.2111,73.2711,390.237,310.366,138.097,151.057,219.53,166.235,4.22587,58.793,66.28,169.779,97.9322,4.48012,1.76112,15.3804,129.897,170.665,62.4369,46.354,3.11368,197.313,167.716,145.9,157.023,465.673,399.011,43.1404,8.95532,37.9297,57.6389,100.059,82.766,92.2342,135.877,369.542,441.876,172.696,49.149,116.394,125.793,5.14288,16359.4,44709.4,6517.6,87.058,64.0069,59.7243,120.386,199.508,441.415,279.129,127.874,84.2646,84.0191,92.3318,56.7573,42.5781,1.374,92.8436,344.193,247.662,190.763,127.229,165.407,71.4887,50.0881,98.4224,97.0349,175.854,74.4786,6.13265,34.388,9.81971,136.649,142.332,59.4284,25.5069,34.0564,219.115,165.065,149.434,135.992,443.118,310.235,26.2741,29.1695,41.4605,43.6052,69.5778,51.1178,59.1216,105.397,376.254,408.226,140.644,8.61667,95.9562,136.2,99.5987,21154.7,38588.9,3190.26,115.09,28.4728,22.5992,95.3039,161.632,432.042,224.55,98.6551,57.6051,79.3132,78.4055,36.8395,79.2965,2.21119,116.763,232.918,134.614,189.816,143.352,190.573,47.1397,71.6336,103.683,136.634,180.458,45.1862,50.0641,92.5114,15.8561,124.967,97.7614,48.9857,22.9143,33.8528,149.02,99.407,122.172,169.802,373.089,158.062,18.5884,15.913,36.8413,61.7253,58.3523,56.9882,70.4362,126.049,390.796,374.959,161.056,30.9374,145.943,181.703,435.144,23179.1,28275.4,1215.71,111.671,45.0553,47.4552,131.26,181.277,432.154,236.808,126.87,62.4857,83.2049,80.3043,28.4488,36.803,0.989196,89.6339,110.601
105.511473923,48.9671,64.5963,68.0807,85.8133,14.0318,62.6308,372.123,218.798,75.5812,160.578,239.088,186.726,3.75023,57.2283,37.2781,134.669,86.2714,3.30528,0.423872,10.8441,115.675,144.55,35.8988,49.5013,19.7779,229.606,195.661,150.108,70.3187,355.351,382.069,31.0893,4.46231,39.5876,86.3302,99.8807,62.3383,62.1234,130.52,396.129,403.639,84.476,23.101,119.183,79.188,33.7762,16929.4,45469.8,6711.39,81.6302,67.5738,31.1871,105.39,91.2303,430.906,317.464,105.568,53.9735,71.9549,94.4928,86.0981,46.2479,0.70114,91.2942,295.373,135.146,131.305,139.15,177.579,68.2319,49.7753,78.3875,67.2701,142.017,67.6817,6.07248,29.5642,17.5681,116.171,112.347,33.4242,38.4314,65.3202,257.693,195.297,147.307,54.9049,375.347,308,13.7727,20.5841,45.5609,58.63,67.3457,38.3104,41.0335,107.2,391.449,357.125,77.7693,4.86451,119.047,82.9516,139.36,21699.9,39174.2,3249.99,109.445,41.8291,8.28015,88.8536,72.968,445.253,267.379,80.0145,35.4183,68.5186,79.2133,65.2234,79.8141,5.45953,123.689,193.789,60.7427,152.014,164.135,199.817,34.843,73.6052,73.5468,101.566,138.928,52.8376,58.8579,79.5295,6.6858,108.404,79.7676,27.2783,38.5179,63.9603,170.593,123.292,107.56,88.0704,315.666,150.831,10.2859,10.6212,34.3884,70.2136,61.2962,41.0956,48.74,123.633,402.019,307.192,104.39,0.233991,167.763,115.434,515.226,23776.9,28845.1,1298.25,74.2064,75.9636,4.19014,111.444,98.1373,462.339,270.331,98.0911,36.5386,72.4825,96.5014,55.214,40.0884,7.13526,92.4484,69.3834
106.997551020,36.9986,47.0871,100.058,76.852,12.6114,62.3051,307.461,156.925,33.0404,139.337,225.341,215.667,28.9769,51.9361,20.732,87.6095,77.7563,3.606,0.134039,10.713,96.4953,105.066,18.3425,51.3255,64.1241,258.51,189.469,131.951,15.7861,268.721,328.359,25.7003,2.62052,39.3121,119.692,74.5599,45.1862,35.4027,97.9515,384.524,357.432,23.9873,38.7469,141.216,28.7068,91.2231,17749.5,46206.1,7276.12,62.3914,72.1321,36.5689,110.272,11.3966,433.408,286.525,83.0717,21.92,56.4913,78.406,117.347,43.2203,3.25961,91.8005,217.075,63.4612,82.0078,116.704,173.367,87.7588,66.7477,55.8961,47.9056,89.0141,69.759,15.743,21.8898,33.1031,87.5161,80.1272,10.8699,51.7608,115.463,284.254,181.438,134.072,6.99983,302.6,274.088,13.79,14.4129,43.2757,74.874,47.9408,26.9647,29.5064,75.7706,394.184,286.648,34.5299,34.5369,155.802,12.2839,261.45,22485,39944.1,3646.24,87.2211,63.1198,19.4267,92.0019,14.5141,472.184,243.509,65.8722,11.9974,52.5675,69.6,92.6891,69.7739,20.2701,132.878,135.255,16.1853,115.455,142.279,195.64,52.2302,83.6302,38.8972,74.5411,85.3623,64.2428,58.9862,76.2319,21.3151,75.001,64.0772,6.99737,58.4655,107.639,182.188,115.038,91.2292,32.5547,246.206,131.172,2.13722,9.5911,28.6251,77.8669,46.1839,27.0975,36.4555,79.2433,415.433,209.781,64.0153,17.8683,196.661,20.9332,720.791,24438,29610,1584.93,36.5963,105.395,3.13843,97.4361,42.2207,496.369,230.046,78.0929,12.8794,49.3952,107.678,86.4053,35.5579,17.9927,95.7838,31.7956
108.483628118,29.5727,25.2457,126.271,65.9053,11.0181,80.9769,207.648,132.414,25.8419,92.8366,193.884,235.616,73.7456,53.8174,21.069,40.8947,73.6372,6.5906,1.95363,16.8658,79.8849,61.5513,19.9521,59.6679,117.844,273.807,156.636,96.9223,7.9765,216.762,240.64,39.1462,4.18917,46.5035,150.253,38.8514,36.7125,17.8974,58.2948,347.423,333.308,10.5664,73.0509,171.54,35.293,172.781,18571.7,46620,8108.06,52.3921,65.9081,85.1213,134.142,5.5785,426.461,227.49,65.597,1.35591,44.4636,52.1238,146.965,36.6467,5.83656,99.8723,127.389,36.4254,55.4021,68.417,159.802,116.459,94.6734,49.8873,43.2472,36.2242,78.7811,28.5869,12.8054,48.8357,61.6552,51.4344,2.90526,69.2486,161.952,293.231,131.77,114.817,9.57689,236.006,212.442,36.8394,9.95777,43.1034,84.8043,23.7888,23.083,24.545,34.3909,377.358,250.298,15.6892,77.975,170.229,7.5825,442.705,23226,40681.6,4315.79,74.0445,54.8836,63.3575,112.829,28.1795,476.53,190.233,55.976,0.0753814,37.3437,51.0882,113.701,50.9486,37.6936,149.852,72.4411,1.92056,93.4334,84.294,185.718,84.7035,98.2628,21.9228,59.3858,37.3505,71.6666,46.6586,75.0502,57.3231,41.6837,53.6754,1.06092,83.0417,141.996,186.713,76.1738,79.9309,20.2204,179.4,99.5466,5.27817,13.9647,32.8923,81.4077,24.0111,22.3174,33.7811,27.3762,410.072,154.763,42.9349,64.6781,187.204,3.48528,1005.78,24896.1,30313.8,2054.66,45.2413,97.3554,35.0497,107.618,62.1238,493.851,155.92,65.8189,0.706267,24.8853,108.147,118.781,25.0797,29.4301,101.985,9.01077
109.969705215,13.435,10.0758,140.702,74.3108,13.7937,123.166,100.001,130.057,42.7002,58.7442,140.488,267.928,93.6352,73.9745,54.0674,4.1695,90.8792,6.65522,1.22598,17.7451,91.8847,24.8438,66.6931,85.9046,121.827,317.814,88.5606,71.9876,29.1,200.288,126.482,83.2545,23.0712,93.7778,154.009,19.1274,19.0916,11.9979,55.5604,347.466,370.838,12.0597,91.2981,313.308,95.8762,273.721,18416.6,47908.6,8215.49,43.4392,136.661,247.447,94.0061,33.2751,540.499,153.652,80.6341,4.23524,22.0421,23.3729,178.217,44.2137,14.5603,117.371,55.7273,33.8696,37.9393,36.9235,131.048,163.029,94.7516,75.7575,73.6629,0.811435,105.638,24.9917,12.6567,41.5232,63.392,35.7869,31.0293,97.2963,156.338,318.061,57.7225,96.5756,47.4372,199.327,114.94,101.216,21.2038,71.0108,69.5471,14.9879,14.5523,21.913,18.2444,431.715,238.877,7.62644,110.406,277.629,43.1198,572.334,23250.9,42291.8,4496.38,39.2652,108.4,210.049,64.2694,57.236,612.7,97.3907,64.5505,3.53898,21.1009,22.5959,138.653,29.2709,61.1386,171.458,27.3929,8.30762,71.6214,34.3421,168.14,124.235,92.8791,41.4031,71.4901,4.18972,76.3363,29.3992,66.7737,88.6046,37.1491,60.8542,36.0351,109.749,131.169,213.749,23.7727,70.3255,33.9013,148.452,43.4986,42.763,43.1966,71.7854,59.8279,13.0254,20.7262,37.1692,1.73507,504.264,107.994,14.132,131.676,256.918,21.5307,1147.92,24852.9,31313.1,2255.5,41.0111,152.183,151.65,64.3262,95.396,593.29,50.4439,64.8176,0.97735,12.8557,77.5476,166.097,16.018,52.2669,106.872,2.87297
111.455782313,2.446,2.21428,142.287,130.464,41.2937,197.575,19.5561,162.818,44.9824,50.635,105.379,334.339,60.3205,125.45,135.803,17.9038,131.087,10.4546,0.367143,18.6695,138.108,44.7891,192.684,149.29,62.2994,420.058,41.5469,69.0259,31.9021,242.983,32.4441,166.584,91.8135,201.406,140.156,9.25368,4.89158,34.6089,96.0077,439.617,611.241,35.4676,91.0734,716.737,366.822,381.155,17287,51406.9,7005.49,192.496,561.085,589.997,29.1659,113.309,805.941,188.643,121.757,23.7517,5.12772,4.56144,199.482,100.156,52.2927,156.74,17.714,62.0838,17.1052,33.5785,117.15,246.456,49.2308,142.261,163.647,30.3627,150.782,9.82835,21.0962,24.7806,98.655,61.792,126.199,149.902,90.085,389.298,6.88276,88.2898,65.1653,220.133,23.5839,228.034,73.8037,131.881,50.8006,11.611,5.88862,39.9529,48.1965,542.243,426.914,40.9907,121.97,691.829,236.294,483.471,22946.1,46139.1,3547.87,159.954,532.663,489.86,5.31171,177.002,830.969,78.7976,83.5814,9.1944,12.0197,4.00933,151.949,37.007,97.4521,216.582,1.80151,32.601,41.2272,14.718,155.755,172.283,59.4308,98.5871,119.073,16.2284,85.4169,19.6776,58.1249,95.3868,80.0642,115.286,159.106,151.886,84.5061,292.23,6.85004,73.0546,31.1749,173.521,7.913,149.306,121.796,142.742,37.687,7.66456,17.2994,67.5267,52.76,664.612,217.013,29.8213,195.996,618.022,126.428,841.036,24775.5,33476.9,1700.03,102.393,507.807,359.666,7.23177,221.533,736.865,16.3301,78.0206,1.36086,11.2396,42.1461,213.488,33.9453,96.9639,129.996,0.232199
112.941859410,0.460333,0.439933,127.577,229.906,140.87,325.522,28.063,238.377,21.1986,67.6729,158.973,445.898,9.65569,227.169,253.361,91.9148,197.357,40.3775,13.7854,45.1821,229.468,156.439,391.982,274.96,8.52638,588.374,107.298,101.097,15.3974,351.12,40.523,312.689,259.327,344.174,121.615,2.49045,0.505928,74.1451,222.77,774.138,1015.72,125.261,186.502,1333.69,1165.15,717.07,16561.3,58393.5,5400.74,958.802,1464.38,1005.56,62.1096,259.673,1270.25,445.365,212.908,43.296,1.086,2.08599,198.087,209.743,159.647,241.182,43.4017,124.507,1.46677,53.9731,174.801,378.116,4.39466,263.896,310.044,141.986,226.176,5.62748,48.5789,36.5673,170.578,142.333,280.193,248.75,22.1873,522.954,57.2798,109.273,49.5206,306.992,28.2637,437.688,203.333,206.008,40.7552,7.41548,0.180183,66.1251,163.181,860.717,753.311,130.966,227.18,1396.82,1042.48,454.207,23911,53771.7,2227.23,1030.26,1450.51,788.503,30.9862,365.255,1229.59,206.189,122.872,6.11614,12.7943,2.43418,141.049,89.3835,178.667,300.049,11.1981,71.0205,12.9486,21.2701,178.693,237.12,25.3981,199.448,189.193,75.6032,114.548,36.2166,58.3067,97.7938,185.495,243.089,373.294,242.78,63.6364,450.744,89.162,117.507,18.9776,263.126,72.1719,353.952,276.555,221.865,29.5084,4.38697,9.0289,114.251,225.704,1021.6,459.027,88.7188,308.698,1261.95,723.38,298.871,25768.3,37910.3,763.046,694.737,1217.95,567.909,11.1847,389.002,1038.66,109.423,110.749,0.825292,12.3624,25.6866,238.097,98.1312,186.867,176.809,3.69
114.427936508,7.07954,6.89369,107.185,327.501,361.822,548.517,167.085,328.982,6.43852,104.914,318.995,628.57,19.6927,398.668,370.714,188.473,289.726,124.731,65.3049,133.212,376.923,332.566,599.689,488.144,70.9814,854.346,308.087,163.496,24.8939,497.554,217.485,570.771,548.97,452.402,115.589,3.75345,8.50328,128.442,430.032,1343.79,1667.95,344.373,419.564,1864.94,2548.04,1760.42,18954.5,69411.1,5875.18,2691.66,2577.66,1388.31,242.33,566.287,1924.13,935.865,366.399,68.2197,6.27927,13.6461,182.646,331.551,370.616,421.981,150.715,186.368,7.80269,92.8701,335.309,594.053,38.1298,459.599,462.581,292.281,349.015,57.7579,112.693,110.086,272.176,254.183,447.588,407.024,56.9915,738.77,237.401,161.164,43.7556,449.856,205.901,747.538,428.391,255.63,41.6088,8.69289,3.11263,107.105,347.316,1336.8,1342.66,337.406,464.566,1983.6,2665.98,1320.76,28916,66379.2,2818.5,3042.75,2464.4,1073.75,184.851,737.558,1756.41,507.871,198.164,5.78174,21.5313,12.2045,111.108,179.234,342.536,448.94,61.6063,97.2918,1.65907,39.0615,262.384,354.973,39.0625,354.508,257.471,140.239,171.965,111.529,87.8131,136.799,353.733,422.904,617.316,410.167,167.067,721.185,292.03,203.029,37.8147,420.03,304.805,673.091,502.294,275.701,36.6951,5.04507,7.08543,175.38,488.985,1538.35,954.249,241.196,507.342,1789.79,2056.45,331.245,29629.5,45505.7,806.449,2122.78,1936.06,773.349,104.113,698.744,1459.07,350.712,176.177,10.4725,17.049,29.5042,223.802,209.638,341.978,261.138,16.9504
115.914013605,19.559,22.6921,79.7198,390.5,708.33,887.594,439.292,405.077,21.8477,147.069,572.686,911.249,167.417,580.241,475.311,270.054,368.177,283.227,188.507,306.755,536.742,517.94,774.354,719.013,328.558,1256.06,624.417,225.708,77.1203,659.858,579.014,957.41,928.455,481.463,116.409,18.3164,27.1883,171.68,686.048,2140.41,2432.88,701.912,743.345,2222.85,4015.4,3831.64,26572.8,84838.3,10684.3,4982.23,3522.3,1800.53,492.986,941.332,2747.29,1634.28,525.517,101.991,20.5455,40.0087,148.554,423.314,689.691,719.109,339.805,225.486,29.7964,144.866,610.579,918.97,221.892,679.132,589.476,418.726,493.218,215.269,240.652,243.278,360.045,374.735,584.099,569.155,266.106,1074.87,524.307,217.675,80.9005,632.778,576.616,1134.48,727.065,263.682,44.3217,19.6763,13.8022,136.727,590.137,1975.2,1982.83,692.44,849.337,2279.58,4482.27,3932.29,40273.3,84784.8,7650.26,5580.68,3164.04,1476.49,432.247,1124.59,2424.26,983.573,276.731,20.3902,36.4821,30.8342,68.5309,289.634,606.746,666.934,151.793,97.9915,5.76263,62.9058,426.769,550.673,151.633,528.927,318.609,170.068,245.939,267.174,173.525,231.241,537.271,625.213,811.815,610.666,455.318,1139.18,586.298,286.608,107.888,650.981,722.127,1064.76,761.063,284.327,51.0199,12.6416,18.0523,207.67,804.387,2224.94,1545.85,507.307,814.356,2006.31,3649.13,1926.38,37790.4,56685.4,3278.21,3874.64,2422.2,1057.44,259.981,1010.83,2057.33,727.49,231.191,34.5261,34.1349,53.0009,165.324,348.02,571.672,382.546,43.0738
117.400090703,41.2904,57.4216,34.1399,458.017,1105.11,1233.24,813.488,490.806,46.3487,164.326,904.476,1318.14,442.813,676.018,563.052,304.222,389.81,509.058,420.117,556.379,631.169,643.792,902.83,847.646,735.58,1822.49,1029.37,239.852,141.598,866.154,1071.21,1349.98,1301.96,478.947,89.4272,60.429,69.1776,191.527,872.302,3048.43,3309.68,1002.22,966.907,2553.44,4777.57,6599.21,39784,104304,20339.4,6801.11,4105.1,2194.08,639.116,1291.51,3698.4,2403.82,620.46,133.81,55.1083,94.829,79.6616,509.488,1064.22,1028.04,590.675,267.326,40.5771,192.586,1004.24,1365.36,529.49,817.963,690.5,456.439,606.646,498.165,462.617,402.263,381.376,475.137,659.021,654.294,629.281,1560.18,864.15,235.448,153.042,868.789,1076.16,1475.43,1033.54,260.575,34.5165,46.1847,36.8598,153.895,789.056,2649.12,2675.32,970.164,1174.65,2542.94,5386.21,8208.96,58589.7,108811,17291.9,7302.61,3601.54,1872.48,589.191,1483.56,3163.47,1513.99,346.536,44.5124,56.1849,63.1586,23.7627,432.44,940.247,871.525,279.574,88.4759,12.2059,91.9532,679.286,836.947,359.87,647.268,376.481,146.725,314.799,500.247,343.057,369.497,644.419,809.311,902.854,747.814,904.24,1724.27,903.733,306.73,230.442,976.387,1233.68,1399.08,1002.79,261.915,55.1838,34.3196,48.0306,207.584,1040.87,3000.93,2217.61,705.01,1052.05,2147.38,4518.47,5372.8,50522.6,71089.7,8453.4,4912.09,2817.93,1295.41,345.584,1339.95,2780.08,1139.91,257.519,68.0964,71.0278,95.9023,81.423,498.257,851.869,503.645,81.9927
118.886167800,67.447,106.047,4.08252,550.341,1454.99,1439.84,1195.31,610.851,54.8503,163.307,1294.12,1788.52,748.092,666.741,597.126,281.496,352.072,742.516,763.392,823.222,618.615,671.462,937.283,829.317,1174.45,2468.55,1471.94,215.652,185.519,1118.14,1568.88,1579.11,1590.51,469.051,56.7839,131.142,128.766,180.232,938.972,3890,4094.29,1183.47,989.617,2762.4,4570.41,9139.91,56545.6,125960,32922.3,7379.22,4287.42,2348.48,675.622,1498.62,4591.66,3112.3,607.31,152.354,111.167,173.928,18.5533,606.274,1392.78,1229.91,845.88,326.022,28.1591,248.644,1472.45,1871.44,852.582,832.607,733.563,389.616,659.438,859.384,773.077,531.356,330.093,521.891,644.372,634.333,1042.42,2133.7,1208.21,204.305,234.863,1156.95,1559.01,1615.06,1301.08,263.667,28.0502,83.1926,66.3092,149.677,901.501,3197.16,3189.72,1171.19,1223.05,2780.3,4981.6,12889,81811.8,136473,29714,7374.35,3890.44,1974.96,671.191,1688.75,3788.66,2011.06,376.989,67.1047,76.25,106.398,11.2222,615.546,1251,981.929,416.083,87.7661,11.6277,145.27,1007.56,1165.98,585.663,683.46,409.827,88.336,366.428,759.622,590.406,505.6,628.869,922.147,862.874,761.102,1418.45,2389.06,1184.31,251.413,384.565,1377,1688.51,1524.78,1200.9,220.348,56.4062,70.8622,91.0125,172.611,1156.3,3704.1,2766.21,843.271,1048.86,2279.21,4221.74,9831.72,66345,87080.8,14989.2,4747.88,3162.98,1331.28,374.302,1585.58,3494.38,1522.83,236.698,100.227,125.498,156.132,14.9581,656.387,1103.24,590.199,125.635
120.372244898,84.008,148.39,24.6258,715.512,1651.07,1394.07,1511.04,733.391,52.3685,167.747,1642.29,2283.04,940.106,569.655,558.976,217.263,262.389,921.7,1183.41,1011.96,508.411,588.999,866.581,672.63,1479.92,3130.96,1812.79,186.618,195.729,1359.69,1983.1,1492.29,1744.39,511.341,55.9501,206.286,171.665,160.558,840.389,4527.2,4658.25,1099.91,927.175,2556.18,3782.2,10245.3,72779.3,147137,44459.5,6625.85,3935.06,2209.96,614.985,1475.92,5347.13,3537.33,507.882,151.841,166.922,258.952,16.8105,763.629,1559.19,1225.86,1066.93,376.903,10.4605,306.842,1920.86,2373.5,1023.86,752.103,679.592,268.861,616.896,1212.87,1144.85,572.004,241.955,478.621,564.843,497.083,1383.3,2723.96,1444.21,158.456,290.564,1443.93,1919.67,1441.5,1491.62,316.223,45.9175,113.15,81.9839,142.779,846.715,3553.52,3397.5,1127.25,1137.46,2593.67,3876.32,15930,105481,164339,40778.3,6095.4,3699.94,1837.34,629.01,1652.28,4258.45,2264.49,377.326,77.7641,87.0373,150.163,62.3058,864.259,1405.99,959.839,529.681,95.6048,9.30414,224.399,1365.65,1490.78,696.742,660.451,391.571,36.3494,369.216,1002.31,875.37,558.642,531.629,885.705,747.013,609.782,1879.78,3032.57,1320.5,171.577,499.354,1793.17,1992.83,1330.39,1357.2,195.415,69.763,110.21,119.583,134.76,1075.53,4287.34,3050.01,781.926,945.112,2084.93,3236.65,13467.5,82299.5,102228,20285.8,3826.37,3063.45,1270.27,290.903,1714.35,4145.37,1709.13,197.316,111.016,180.092,233.225,14.1947,840.525,1214.48,616.176,171.482
121.858321995,91.0319,164.815,109.785,967.276,1673.77,1077.73,1713.75,810.617,51.2903,174.363,1895.32,2701.48,935.598,431.266,457.676,136.074,157.617,1001.96,1583.51,1063.6,343.357,430.53,705.258,452.174,1538.59,3679.54,1995.87,151.346,175.741,1524.16,2259.09,1076.62,1785.06,635.522,101.51,257.906,194.916,120.607,677.987,4720.74,4996.94,773.844,848.002,1912.68,2824.07,9374.33,84375,163834,51333,5031.62,3038.94,1865.31,485.821,1314.97,5777.23,3599.79,367.535,126.73,208.919,321.855,104.438,986.291,1550.71,982.991,1230.48,396.545,2.07796,343.498,2282.96,2751.55,965.447,611.029,546.719,139.984,504.868,1449.27,1503.73,525.742,150.775,360.789,442.093,304.941,1544.69,3208.36,1532.02,107.865,302.128,1652.72,2098.74,992.118,1595.51,449.157,92.3537,119.19,89.7496,110.992,721.764,3490.51,3404.77,780.348,1038.61,1871.48,2757.2,15985.6,124447,187501,46740.1,4331.27,2831.82,1629.83,431.652,1523.71,4331.88,2272.79,328.672,75.192,85.7816,174.752,190.466,1174.03,1354.35,798.845,602.44,101.792,10.3976,318.742,1701.31,1725.49,639.228,587.958,336.193,5.86179,333.017,1160.67,1131.78,505.646,391.225,713.222,586.717,370.809,2154.77,3528.2,1286.78,96.6222,522.258,2145.54,2102.02,883.892,1466.32,226.814,93.4123,136.852,132.754,87.2824,923.596,4483.11,3157.96,494.865,849.117,1465.42,2211.9,14730.1,94923.8,113541,22256.7,2799.71,2352.75,1206.57,129.706,1810,4486.05,1722.27,136.416,100.685,219.79,302.663,108.987,1046.85,1149.76,556.717,222.42
123.344399093,88.6785,147.33,247.737,1290.54,1538.02,638.687,1745.94,831.481,51.9007,177.427,2024.37,2934.3,761.866,287.913,331.541,61.7409,73.0597,976.576,1861.91,964.046,184.625,251.669,504.447,240.63,1363.71,3971.28,2023.65,111.798,135.958,1587.58,2330.48,537.1,1720.68,854.047,184.026,259.616,201.348,68.0713,500.011,4505.89,4989.2,440.934,695.44,1167.03,1889.59,7017.92,88318.2,172644,51648.8,3243.33,1935.82,1342.69,385.124,1101.8,5865.72,3270.27,245.655,85.5375,226.29,335.319,266.817,1262.05,1387.91,618.715,1287.2,397.45,3.02885,345.65,2505.07,2897.49,723.686,436.543,391.46,42.0004,363.611,1497.07,1769.37,431.647,82.183,218.215,304.908,130.374,1505.77,3456.9,1482.18,64.5613,272.265,1734.38,2055.6,471.439,1595.89,680.856,156.956,95.1872,93.0863,63.3232,544.79,3132.2,3093.62,408.252,819.132,1040.57,1862.74,13330.5,134355,201129,46218.1,2705.85,1720.6,1262.59,259.116,1291.28,4097.23,1978.2,267.089,57.0963,73.6628,169.749,388.002,1496.88,1127.95,561.662,614.157,106.773,16.9228,400.258,1959.13,1800.99,449.697,473.473,272.416,2.18835,264.554,1206.43,1287.64,372.689,246.256,483.085,409.182,154.918,2176.19,3763.7,1127.51,42.3515,463.052,2350.05,2019.15,394.575,1516.09,339.03,119.329,135.091,136.276,40.0317,725.111,4390.63,2964.07,221.362,641.839,789.325,1437.07,13300.9,101272,118531,20465.9,1937.81,1454.77,996.805,46.5926,1807.6,4554.59,1517.62,85.1857,78.1583,230.928,335.112,291.592,1255.04,933.363,436.203,265.019
124.830476190,79.0482,103.312,409.865,1619.76,1306.63,272.422,1591.79,801.04,50.9901,174.78,2017.97,2907.82,530.589,169.649,210.637,19.2793,25.548,874.028,1947.13,758.744,74.0949,114.997,308.884,93.8276,1080.22,3902.01,1936.62,73.8879,92.9167,1562.48,2165.6,138.722,1571.31,1128.55,275.919,209.703,187.63,26.6521,362.458,3922.02,4729.59,246.371,487.584,587.787,1067.52,4315.12,84093.3,171642,46117.6,1716.68,1045.38,743.144,345.769,1038.44,5495.65,2727.34,158.448,43.6617,217.593,290.238,450.855,1540.04,1143.1,296.679,1210.32,394.871,8.0279,322.381,2542.71,2777.18,421.31,268.663,250.843,4.23059,230.805,1357.49,1875.16,346.906,45.0199,100.181,182.186,25.1271,1331.22,3383.7,1340.13,36.8677,217.658,1674.82,1812.04,104.727,1497.26,974.327,227.062,53.611,89.0347,21.8472,379.065,2512.7,2680.13,114.136,516.725,461.034,1132.07,9560.14,133254,202189,40566.2,1420.97,882.269,752.268,189.235,1151.97,3493.61,1532.6,200.516,31.1772,57.1598,138.376,613.506,1760.61,830.252,333.292,559.203,110.349,24.5619,449.714,2074.68,1709.89,221.283,341.378,208.61,23.8283,182.913,1139.01,1303.2,220.532,128.384,273.396,248.632,35.347,1989.14,3660.18,935.133,12.2923,364.16,2361.41,1790.56,83.1483,1494.41,518.651,136.479,108.146,123.025,11.6469,574.586,3923.66,2715.73,28.1323,354.073,360.658,848.062,10188,100052,116117,16202.3,1167.67,803.557,622.462,87.3009,1853.92,4204.47,1231.18,49.6511,50.0114,215.582,313.179,510.079,1421.29,658.134,295.149,286.339
126.316553288,58.8202,58.7026,542.938,1883.61,1050.13,99.3496,1318.03,710.506,51.6615,178.37,1845.38,2663.85,346.776,82.84,124.584,9.09614,13.1415,727.415,1851.05,516.945,21.588,45.177,164.041,22.8875,804.988,3530.76,1727.17,60.2144,68.5714,1458.58,1823.44,25.8804,1373.6,1395.52,325.303,145.154,142.96,11.5106,274.225,3188.3,4172.35,324.805,315.386,210.789,453.533,2354.44,73628.5,161221,37388.6,708.776,513.668,290.546,326.851,1094.2,4850.02,2070.83,117.919,20.7225,179.04,209.55,581.64,1765.04,892.342,122.385,1038.72,381.454,12.4353,298.694,2368.66,2446.48,193.012,132.268,145.311,19.8355,138.638,1079.48,1819.94,302.794,31.0193,29.1258,100.66,0.602749,1089.43,3044.18,1121.72,33.1946,163.355,1490.83,1450.36,3.67432,1332.28,1259.59,274.425,20.6973,75.3859,0.310955,236.167,1897.71,2103.68,53.7905,305.128,141.165,522.186,6479.74,122156,190631,32736.9,513.382,429.605,365.984,215.954,1007.87,2803.3,1010.38,146.147,13.2417,38.4805,94.7338,809.853,1905.21,568.37,168.01,471.283,99.827,31.9999,452.891,2013.5,1494.26,60.5245,210.609,150.901,51.9923,113.918,982.25,1190.5,110.315,51.2947,122.485,138.322,28.8103,1663.97,3273.2,760.485,1.7694,274.139,2199.16,1478.31,43.5623,1418.77,714.493,128.826,75.3773,92.3315,6.10514,447.06,3356.88,2304.17,20.9109,171.207,152.682,365.092,6981.35,92027.3,106993,11562.9,478.632,428.356,319.097,227.575,1782.5,3671.82,898.213,31.0718,27.7885,184.296,237.383,695.117,1509.55,419.224,168.478,287.21
127.802630385,34.3821,27.6891,610.808,2002.22,857.21,100.044,1014.43,576.769,52.1776,178.159,1547.57,2271.13,268.438,34.0792,74.6859,10.2295,14.3065,597.857,1605.22,326.335,11.7751,21.7461,76.5946,13.6711,625.305,2949.53,1440.95,69.8776,64.3146,1296.56,1428.2,127.407,1205.37,1566.66,314.348,86.6802,84.0318,23.5181,211.549,2427.36,3516.49,535.488,198.987,28.7544,113.376,1416.81,60689.6,143564,28607.4,307.227,233.991,71.725,304.375,1259.9,3960.75,1489.1,99.1716,19.1254,119.588,127.247,612.552,1871.32,717.728,94.828,826.011,361.318,12.0884,270.186,2035.4,2001.21,101.089,47.201,77.6466,49.4727,83.5506,779.994,1625.49,299.633,30.0555,2.35775,56.0124,26.1643,868.751,2528.32,863.901,50.6635,123.124,1225.73,1087.44,94.5817,1174.28,1440.8,292.988,3.73948,55.4524,12.7184,131.363,1335.21,1596.49,147.027,188.747,28.8423,126.656,4741.77,104893,169220,25379.4,92.117,224.811,188.209,284.012,947.661,2041.65,581.371,110.576,6.1821,21.1161,60.8789,918.003,1902.06,409.606,88.1391,373.324,76.0467,39.7576,399.505,1792.52,1235.3,7.0003,104.909,104.846,62.2267,60.8449,802.676,990.469,65.8851,18.1165,37.3682,75.6217,81.9216,1316.57,2705.05,617.258,5.2359,226.739,1909.87,1166.04,190.227,1329.43,855.157,104.143,42.5587,57.2901,21.705,354.403,2678.59,1972.6,121.487,84.3922,64.96,71.2743,4634.77,79860.7,93466,7985.91,73.0136,199.401,160.486,340.874,1740.37,2918.92,633.959,26.0991,18.645,137.747,146.262,779.705,1503.11,274.67,86.1852,262.322
129.288707483,18.4436,14.7344,604.511,1925.43,780.716,150.87,763.586,441.693,43.76,156.764,1195.31,1826.04,270.272,18.6302,45.6033,8.55867,14.1359,492.841,1316.22,210.85,17.5362,14.2096,33.8641,28.7051,534.098,2292.28,1137.49,79.0063,61.7763,1112.12,1101.16,248.383,1132.68,1565.4,261.826,40.0354,41.2525,42.149,147.076,1783.33,2827.9,696.957,121.572,17.5687,18.1025,1117.4,48386.8,122902,21393.9,383.933,96.6381,10.0133,283.57,1294.07,3110.78,989.555,90.0871,22.2947,73.5834,59.527,548.367,1821.91,656.68,120.857,639.258,338.887,6.53525,229.789,1610.92,1561.63,110.338,12.8434,37.6266,60.4933,47.066,540.996,1376.91,290.594,32.6983,4.388,35.8171,54.0223,700.248,1953.27,616.117,69.8593,89.2764,947.967,810.254,206.501,1088.82,1439.71,287.653,3.36125,35.4187,47.0186,51.8707,951.262,1162.88,253.771,113.858,89.6004,20.1381,3869.69,85734.2,143194,19315.3,187.427,168.057,106.286,347.439,826.022,1448.36,260.463,90.4298,8.10419,13.0913,47.6534,905.414,1769.05,357.198,66.5533,285.504,52.8579,43.4591,309.623,1452.12,1010.91,31.0889,42.6945,64.4367,49.0486,23.9971,638.014,790.839,57.3739,14.035,4.09073,45.466,119.723,1014.78,2080.85,501.068,12.7561,213.852,1569.36,905.557,348.448,1264.15,884.443,75.0844,18.1891,27.3984,44.4637,246.601,2094.21,1643.63,230.915,32.8795,61.6808,32.0638,3146.82,66704.8,78777.6,5588.28,63.0821,87.0153,61.9559,401.229,1543.4,2243.89,400.94,27.7078,20.1419,91.8209,71.2207,736.053,1421.84,226.225,46.471,220.608
130.774784580,11.3664,23.4967,514.471,1704.57,783.871,148.462,596.514,334.969,23.7002,111.18,854.81,1420.41,270.996,17.1226,26.8959,5.17733,9.65278,396.64,1077.98,146.115,18.7372,9.56683,16.2181,35.6512,446.116,1701.14,851.246,68.0635,50.0984,934.37,877.35,251.229,1132.75,1416.66,185.142,12.201,23.3276,44.1009,75.8826,1288.3,2229.91,634.79,89.8874,43.8502,40.6165,920.973,38429.8,103325,15933.9,627.766,40.5704,22.3264,236.693,1083.97,2374.18,647.789,70.7012,15.2598,52.4454,16.2475,414.27,1658.47,673.637,114.879,514.894,305.454,0.418357,175.372,1175.53,1206.45,132.349,5.58542,15.3566,46.7044,20.1011,386.644,1150.46,236.078,36.3069,17.2757,29.7712,56.0587,547.604,1432.48,416.775,67.8496,53.1503,716.473,628.311,220.538,1062.11,1276.33,253.113,14.9692,24.1764,72.9287,7.45156,703.297,852.534,257.072,87.9712,148.091,119.898,3010.49,68073.5,117783,14112.9,577.694,152.787,97.2589,333.68,610.403,1012.7,102.076,78.1495,10.72,10.8485,58.2593,768.793,1567.91,360.181,61.6542,223.903,38.813,36.4261,210.371,1071.19,848.969,67.5404,16.4214,30.7559,24.4651,4.28208,503.95,653.442,42.4363,20.0809,0.506823,31.1458,108.899,742.615,1522.26,397.748,13.2082,205.612,1247.5,694.836,390.252,1220.06,804.074,48.6344,6.4476,11.9904,52.1066,152.149,1586.08,1347.95,243.869,30.4736,55.3928,128.259,2035.92,55063.6,65668.8,3782.44,268.597,46.8524,29.7439,348.095,1232.87,1655.49,239.057,29.7783,24.0599,61.5572,23.6558,591.532,1301.97,235.39,30.8322,181.177
132.260861678,10.1904,43.3271,384.211,1392.71,799.624,79.9509,494.429,257.973,5.49971,50.2026,573.355,1084.61,227.741,15.7715,16.9376,3.53325,4.59108,302.025,925.588,103.496,10.1568,3.6266,12.0767,28.0094,315.385,1249.59,584.742,38.422,35.6805,777.065,715.881,139.177,1148.07,1162.51,125.851,1.38579,18.4598,31.0907,14.3788,969.331,1678.44,399.918,107.235,32.6342,105.491,580.36,30806,87757,11743.7,712.075,25.1034,49.3521,174.25,681.549,1822.49,430.434,36.9203,3.00315,47.6629,1.10657,274.735,1424.23,703.154,62.4903,447.018,251.354,4.98558,107.299,802.862,928.71,118.212,6.28335,7.61352,22.2992,4.34008,294.397,975.03,151.547,37.5031,25.7883,33.3075,35.9207,378.589,1043.73,261.965,35.1426,17.188,562.879,492.668,134.876,1048.9,999.773,209.165,25.4956,20.7731,68.7923,5.65507,582.724,598.958,141.404,124.076,106.394,320.777,1840.21,53329.6,96613.8,9362.17,920.44,91.9419,154.634,220.158,327.596,773.744,55.6056,54.7915,9.33499,11.2598,84.8248,559.357,1340.32,366.627,48.8492,191.974,32.4164,23.0019,112.901,745.547,709.412,79.451,8.41287,10.0093,5.93117,2.52505,402.463,573.328,16.6997,24.4241,3.83958,26.0323,65.7288,477.936,1109.58,278.214,6.36283,165.442,1003.32,501.35,293.817,1186.15,638.663,39.4993,2.76078,5.70042,38.4097,75.8813,1233.25,1004.45,163.831,63.0832,15.9074,233.331,1070.49,45926.1,55479.4,2249.9,435.603,15.7941,63.2339,213.928,799.385,1275.18,118.407,24.1754,19.9216,48.976,9.42295,407.996,1173.57,255.912,23.7586,153.065
133.746938776,6.30498,58.7112,235.459,1117,724.401,19.6081,408.09,211.996,3.87896,17.0511,352.467,811.588,163.384,7.15895,13.3151,4.50214,3.17339,248.369,799.573,96.1688,4.52422,0.799955,9.65929,14.6534,190.692,905.01,352.229,28.603,36.8443,640.318,562.534,38.6995,1052.18,945.534,77.8793,4.67052,9.35346,18.7647,0.0998181,776.894,1147.14,223.708,94.8084,21.3546,140.638,256.014,25615.3,76092.7,9106,586.1,49.3785,42.4665,148.062,325.143,1329.81,347.058,17.4509,0.954797,34.7952,7.57911,164.887,1213.75,657.073,19.0393,381.97,209.045,14.7923,63.5277,512.104,693.611,86.4983,4.5263,4.90391,9.90031,0.933335,257.173,820.183,95.5382,31.7298,30.7493,35.2191,13.8917,230.441,768.66,141.837,6.55421,5.49807,461.932,368.99,48.0849,952.612,745.036,143.12,33.3637,13.4102,53.4629,33.8446,530.716,358.044,77.2953,119.38,67.1613,432.365,772.798,42227.3,80185.5,5805.77,974.858,76.5333,147.847,159.531,100.027,596.711,89.1265,41.5158,3.10743,13.3613,98.0302,344.787,1135.12,333.178,34.2918,165.788,42.6299,10.5795,49.4887,495.991,568.362,67.5648,3.38772,2.50494,1.83172,6.96442,349.19,504.9,8.91506,25.0421,8.18421,20.3008,30.5939,266.698,806.137,161.936,10.5907,120.445,806.911,329.883,156.851,1089.49,490.969,31.7369,3.90447,0.365378,22.35,59.5319,949.272,650.804,125.199,51.3691,11.8216,250.094,471.736,39326.2,48050.4,1324.65,427.401,16.6108,55.9552,158.641,404.26,971.387,72.8127,19.7245,17.9699,38.3893,14.82,262.705,1047.8,256.787,20.7427,123.082
135.233015873,4.33763,65.5102,103.171,894.119,604.355,2.21771,310.281,220.258,4.42096,10.2268,234.549,578.845,101.973,1.312,10.8459,4.51642,1.3988,220.385,711.399,108.931,2.1538,0.348223,5.5466,7.30059,102.216,630.078,217.501,30.9815,30.7186,566.043,400.662,6.35842,898.292,779.462,38.1291,19.6192,3.3623,12.9346,21.0069,597.088,853.015,64.6327,44.1025,48.3245,80.7841,78.7964,23002.1,67123.1,8274.22,392.225,72.479,27.4101,100.533,105.963,990.931,312.107,9.52271,11.4959,19.0716,29.1903,80.6032,1053.29,567.093,5.65424,305.14,207.532,11.4404,32.5666,336.451,493.77,50.7647,2.88955,1.78421,6.11413,0.882194,253.342,706.271,69.8325,17.241,36.5842,26.9027,3.31135,129.461,562.971,88.7942,3.2631,15.0909,414.692,245.55,17.2182,817.337,526.033,84.8257,30.3328,11.1577,31.6785,81.7215,437.978,276.947,42.3499,36.189,116.657,324.975,118.72,35092.4,67799.3,4058.22,768.954,132.792,79.543,103.242,19.7126,477.433,144.453,32.5682,0.369863,11.8515,103.802,154.605,974.981,280.812,19.5137,140.332,67.4225,2.06884,16.5948,340.345,423.581,43.8078,0.551233,0.984625,2.3299,4.86701,330.435,451.046,21.3228,18.8841,14.7101,11.3245,14.0574,140.96,574.194,89.8031,24.7639,91.759,658.259,187.711,68.5721,953.219,374.698,24.3793,8.06533,2.15177,10.4547,79.6111,674.013,471.605,59.8409,11.688,52.6163,160.506,302.462,35052.9,42803.2,1184.81,288.789,64.0951,12.0731,104.443,213.152,720.249,75.2335,17.2018,21.1781,31.2402,27.8028,159.583,952.469,235.888,15.1013,100.172
136.719092971,3.56906,63.7176,20.5048,754.07,484.675,18.2227,225.302,254.319,6.17615,10.2493,210.071,387.993,61.8269,2.20546,7.2236,2.87437,1.19265,219.646,631.887,129.327,2.31831,0.27514,4.14536,10.2291,50.5712,432.963,160.181,21.1115,9.46894,558.616,278.878,20.8807,776.836,657.793,10.7746,32.0477,3.46891,11.7723,57.0296,469.164,620.492,0.294742,76.3585,115.669,6.09398,120.45,22531.4,59101.2,9232,305.146,53.9044,34.1822,112.049,49.1291,695.495,318.618,17.416,15.9089,14.8638,43.4336,34.6676,929.411,504.8,11.3943,244.482,227.9,4.98223,7.58049,241.035,341.839,24.3067,5.30097,0.317478,6.60484,0.422984,243.952,641.107,67.768,4.09042,40.3021,14.4413,6.29209,60.925,433.288,91.3182,12.181,30.332,399.416,163.701,31.7603,681.579,393.925,52.336,14.2113,7.27707,27.4974,101.376,367.934,237.514,29.6187,1.71535,194.798,152.653,38.928,31172.6,58151.8,4251.68,541.029,131.873,58.1948,71.3613,52.1869,389.045,173.539,44.4564,2.45723,3.34258,116.671,48.8677,845.415,236.916,15.4969,109.076,91.102,2.61372,1.16881,268.38,282.232,28.5224,1.45548,1.74819,3.52333,1.79247,331.592,394.03,46.1011,15.1672,15.4574,7.98364,10.6162,86.7718,407.38,62.7415,31.4626,65.5973,571.71,100.815,55.2317,800.084,316.165,16.504,12.3495,2.73663,8.36602,109.682,451.326,363.739,19.792,16.0371,119.12,125.418,666.95,32159.6,38750.4,1890.96,203.754,123.454,0.650483,68.6511,146.169,528.193,103.63,18.3636,20.0752,29.7219,35.7364,112.406,871.13,224.705,7.82735,88.3901
138.205170068,3.90903,61.6374,7.25688,707.048,402.765,36.5288,169.901,262.233,30.3302,18.0065,233.656,263.125,33.0423,4.29368,3.45124,4.21398,3.9036,249.933,544.056,138.936,7.30746,0.786862,6.99677,12.8832,35.8971,304.191,127.263,11.3116,4.96173,558.47,267.653,31.2599,762.459,541.537,0.470117,43.495,6.11434,11.5381,113,292.315,512.258,57.5583,130.942,195.133,97.5531,486.128,22873.8,50942.5,11138.2,359.428,87.6252,109.913,162.337,125.141,474.183,285.766,38.2897,9.76084,18.0885,38.2699,17.6004,842.665,526.796,8.53815,233.591,237.743,11.1811,3.28392,185.995,230.107,16.3805,10.0053,1.19126,11.588,2.51109,205.165,624.414,85.5635,1.28301,40.6025,5.00012,19.3586,20.6059,362.886,121.665,22.7181,59.024,383.284,131.365,46.2704,583.102,372.445,46.9637,8.51023,7.28998,32.6553,93.7385,269.423,284.305,58.2493,6.79678,193.178,97.7318,474.679,28993.9,50180.1,5597.51,384.047,63.1654,115.531,120.679,156.863,303.228,156.227,62.9664,17.3356,0.731853,141.854,65.3353,753.222,193.816,29.7228,64.3698,115.159,24.0836,7.68321,220.711,183.635,18.4312,2.19803,1.63318,5.80335,7.22874,350.295,329.934,62.3237,18.8048,7.56911,16.8623,10.3626,81.2256,288.141,62.033,30.0605,57.7696,524.64,76.5939,89.5684,673.94,288.512,11.5405,25.6373,1.58879,11.2129,129.409,251.12,352.871,45.9017,54.4876,171.381,239.199,1642.57,29456.4,34736.2,3322.12,247.012,158.201,33.4127,78.7253,167.594,372.524,122.494,20.3454,12.7805,32.3554,32.608,101.799,799.21,255.472,2.27006,83.7117
139.691247166,5.29816,70.1665,81.5925,748.005,338.485,38.9293,129.415,237.949,81.62,44.2395,276.739,189.085,15.1975,5.98399,4.09846,10.0248,10.8015,311.466,444.217,126.659,23.2749,9.39828,13.8656,10.2947,35.947,219.864,104.626,17.131,35.0189,524.613,370.432,41.9351,851.415,403.749,14.7271,63.496,11.9078,20.4783,153.125,151.177,424.974,225.767,195.835,262.75,386.41,1293.86,22670.1,41853.3,12942.2,606.925,299.571,271.995,216.076,250.48,288.975,243.276,57.8184,4.40657,18.0319,28.4122,27.2144,764.694,636.415,0.131987,274.039,224.543,33.9987,26.7066,140.736,155.992,20.1524,11.2195,3.83613,23.7213,17.0285,133.477,645.693,144.794,20.1069,43.313,1.7876,32.1236,10.9502,330.421,156.989,31.8801,112.095,358.73,111.121,36.2013,520.786,449.813,78.5354,28.5523,15.8063,46.8517,62.4356,206.353,306.656,112.959,59.2137,169.13,170.062,1174.63,26971.2,43168.5,6794.19,330.264,150.777,272.077,175.771,235.611,253.22,102.671,84.1363,38.4841,12.7141,182.401,227.587,712.911,121.442,58.7536,23.1931,140.583,59.1503,40.086,186.226,108.662,14.4385,3.17953,1.07109,9.01627,26.3908,397.732,248.346,69.3354,24.8797,5.70584,33.4359,15.5204,95.7058,187.139,82.3359,34.623,99.3202,476.217,98.7008,130.321,589.05,252.527,25.4134,55.5054,5.64184,23.3059,118.443,118.626,341.354,149.435,156,226.545,458.833,3135.07,25949.9,29793.6,5189.79,404.713,218.825,135.944,116.053,179.411,258.713,120.206,26.003,6.25894,35.3039,27.8681,105.89,734.624,323.424,0.297784,87.8968
141.177324263,6.59001,82.2474,228.533,866.899,276.132,32.6294,83.4446,211.782,125.723,84.4757,328.802,159.085,8.19398,4.97391,4.15435,14.8795,29.0055,403.612,349.003,94.7546,58.2378,28.1121,20.0662,6.92314,49.1363,153.416,86.8714,35.963,74.3406,483.749,515.112,130.208,949.652,290.695,38.6965,90.6088,36.3041,42.4105,161.206,54.78,349.747,435.151,321.452,323.201,664.698,2497.54,20992,31941.9,13667.8,1166.89,577.162,391.407,339.968,403.303,126.958,197.747,62.5971,3.09053,15.5837,20.1857,39.4248,707.288,788.821,34.6232,315.98,197.045,70.1178,68.8844,96.6834,104.171,29.5508,9.48839,11.6304,45.1022,49.5096,59.255,694.328,261.525,66.4047,59.1407,5.94657,38.7075,24.7076,307.314,197.941,42.076,160.785,350.737,71.8398,15.9988,471.356,599.472,152.134,63.2225,26.7061,64.3504,38.3731,155.319,343.949,123.485,140.252,236.889,241.836,1726.56,24294.3,36647.6,6803.21,463.941,471.315,445.702,234.338,287.729,194.638,47.8854,96.0426,60.3219,43.01,240.509,492.058,730.795,37.5165,98.8562,9.54338,171.84,92.6619,82.1555,156.378,53.7194,17.4539,4.05654,0.971781,9.37672,57.6773,473.881,178.849,72.8397,36.2938,11.2416,41.9622,31.3393,117.612,98.8301,111.572,56.5443,163.562,415.748,148.588,188.053,506.17,197.745,72.0485,93.3987,20.0817,42.6359,88.0976,34.5284,343.092,279.918,279.864,342.694,704.781,4739.51,21236.3,23796.1,6868.02,675.498,366.327,230.384,157.311,192.269,151.171,110.316,25.8844,7.05781,40.7211,31.4525,100.381,672.41,415.466,12.9929,99.5808
142.663401361,8.11988,99.0819,405.749,1011.06,248.445,27.219,39.0343,191.755,130.334,136.835,364.368,160.771,11.3742,7.16962,3.28015,16.8562,66.8103,504.426,285.589,60.2737,110.765,54.7129,26.502,2.57322,69.5127,115.641,62.418,65.4948,84.4095,449.646,636.724,329.865,1010.57,220.319,55.0766,135.916,84.8986,73.5703,129.989,19.1393,313.456,613.526,419.705,389.931,808.047,3834.97,17534.2,22202.5,12675.2,2014.32,750.191,445.834,521.346,503.197,31.5878,163.688,48.2386,4.837,17.9928,15.767,45.2234,638.562,952.529,165.507,315.763,159.772,100.461,104.993,64.4235,70.1445,41.4382,4.77967,26.1474,80.8268,96.6686,25.0946,753.923,430.374,140.654,88.1045,18.722,35.8111,52.4889,289.401,215.454,59.2989,168.889,362.267,32.9516,2.46923,457.295,760.359,236.423,101.327,44.6361,74.8614,30.5081,141.292,359.775,107.077,196.699,404.057,287.825,1870.28,20690.1,30478.3,5487.75,814.538,843.484,602.889,311.996,252.943,158.083,11.9295,90.6418,77.1356,84.8834,303.277,769.819,804.171,1.89445,144.624,32.8309,205.596,113.092,110.087,136.681,16.6995,24.6786,5.11138,1.03052,9.39597,98.367,554.739,166.971,86.5266,59.7615,14.9305,41.9692,62.9506,117.874,46.6871,117.015,110.161,205.336,335.274,219.688,270.894,414.015,126.387,133.885,140.672,47.8199,61.988,51.5183,3.41866,337.433,425.273,340.904,478.471,950.797,5918.71,15664.4,17299.6,7717.21,1048.85,551.848,256.554,202.221,176.571,72.8598,102.965,16.6583,20.3567,61.4716,39.0158,86.8177,594.351,498.881,61.7552,110.048
144.149478458,11.9976,121.088,537.177,1148.54,280.036,27.3202,19.7587,164.256,102.631,188.461,359.246,176.089,29.6617,15.944,2.58941,18.5425,117.702,594.091,273.171,52.4083,151.404,88.6364,40.1439,1.25268,103.532,96.9677,39.2265,108.355,67.2271,403.4,724.44,575.155,1006.56,207.836,65.6025,204.74,144.167,95.4959,90.6111,21.9057,289.494,763.05,462.863,378.423,894.306,4724.61,13049.1,13549.3,10309,2788.58,784.881,452.34,635.201,593.013,10.7031,146.094,22.5403,13.0567,22.0886,11.945,39.3547,560.068,1084.24,378.616,282.309,106.499,120.183,122.737,47.6309,52.5058,62.6176,0.52323,47.8629,137.835,147.281,56.3522,805.347,605.635,239.667,129.09,31.2612,29.8722,88.7866,254.185,208.423,68.7068,150.809,355.666,40.2356,7.06022,492.626,896.471,283.88,130.912,75.8602,64.525,34.8562,167.445,364.392,62.7192,259.384,539.06,370.945,1607.65,16491.1,24604.1,3629.04,1167.28,1117.07,806.161,303.313,209.778,109.206,0.243419,82.5446,77.1818,121.32,360.297,958.135,915.485,61.5671,193.092,90.6634,234.268,109.944,125.352,114.804,1.34118,34.191,11.1918,0.619152,12.4372,124.887,631.729,240.477,130.107,91.6668,14.6446,38.0153,102.154,102.598,19.6131,96.6358,194.133,210.422,237.287,302.884,364.168,317.015,61.8087,174.517,198.123,97.2411,64.8461,27.7738,8.05614,310.39,542.186,371.046,498.955,1227.12,6222.87,10134.4,11130.8,7485.75,1463.87,637.635,264.218,201.868,157.785,19.3582,118.584,11.8433,61.3998,97.3719,39.8228,73.4914,495.754,542.682,150.83,115.102
145.635555556,21.0489,142.904,568.98,1248.59,373.707,31.0117,25.8385,132.937,58.5603,222.038,320.571,175.197,63.4502,35.6927,4.68079,26.3736,165.977,632.296,337.232,84.0334,151.558,124.937,69.9395,10.9807,142.705,94.0881,35.3897,149.948,41.8797,355.153,777.674,712.155,980.866,230.322,75.4809,275.849,209.726,98.8787,50.2912,48.9362,306.555,770.554,507.753,242.757,998.325,4686.48,8586.77,6914.3,7265.19,3087.85,760.204,345.661,697.563,638.564,66.7696,140.228,3.61531,29.409,29.6046,4.65578,28.8487,466.952,1184.24,575.181,239.504,46.4986,135.152,108.718,51.7046,57.4965,97.0067,3.48306,86.5291,210.915,176.17,138.578,866.044,696.637,337.719,192.657,35.8837,23.6235,123.758,196.469,183.575,63.1951,125.456,319.883,87.1056,30.9998,604.792,967.292,265.375,155.783,106.138,41.3739,44.5586,206.279,369.418,11.5573,357.261,597.635,407.402,1128.43,12270.9,19362.7,2013.41,1199.84,1352.47,981.827,213.086,157.461,73.8526,7.11235,68.6835,61.9353,146.749,383.608,987.135,1058.08,203.256,223.06,175.447,253.15,82.7364,126.159,96.3515,1.63133,38.7969,25.3491,5.66252,18.9264,119.275,701.739,402.465,200.044,123.828,13.3711,32.9445,141.02,76.8707,8.34863,71.9208,290.578,187.196,149.234,371.999,417.409,244.213,18.1045,174.936,254.01,164.733,52.2919,13.6797,29.0433,295.314,552.753,385.69,384.403,1474.54,5465.08,5614.23,6207.07,6202.93,1759.01,594.501,256.834,150.239,146.224,14.397,142.14,35.0964,138.393,149.646,30.7247,59.6183,389.768,523.76,255.876,122.529
147.121632653,31.9294,179.724,456.235,1343.79,487.011,30.9226,40.7714,110.746,19.5268,223.971,259.358,151.156,101.021,62.7862,17.926,51.6753,185.584,601.094,489.789,140.401,111.362,162.042,104.546,37.787,180.673,102.633,52.5437,176.132,23.4152,319.077,807.478,637.233,966.626,258.492,81.8577,337.061,265.462,83.6251,23.3325,72.4278,322.971,691.612,477.022,90.5065,1100.75,3703.89,5034.05,2634.56,4403.63,2731.06,730.862,185.434,671.114,629.171,180.148,140.678,2.86427,41.2425,41.4433,0.823848,22.2398,392.523,1244.46,634.563,220.946,11.5954,129.824,78.259,65.9585,88.9385,142.779,22.3159,137.595,291.944,171.966,228.979,947.337,642.231,416.012,273.071,34.5999,21.1336,144.3,126.727,150.149,46.0607,94.4031,287.053,124.072,66.9151,781.655,992.822,177.163,181.11,108.957,24.6977,47.2185,247.478,354.458,6.98571,424.696,662.638,297.513,675.061,8571.07,15148.6,1040.51,827.666,1626.82,985.83,125.525,106.679,41.1262,24.6342,53.6342,41.2976,147.828,379.369,827.621,1238.86,359.645,217.934,270.537,254.812,44.6191,114.279,79.5092,10.1246,42.1079,40.0107,19.348,35.2193,76.7997,777.965,631.732,257.354,147.834,16.3166,37.2593,165.025,53.2341,5.23911,64.786,358.684,169.889,100.427,404.197,385.692,217.939,8.11778,125.947,313.321,217.773,41.698,6.21195,52.7539,263.256,498.649,335.648,233.876,1561.46,3950.67,2637.45,2975.29,4330.82,1757.71,493.14,204.818,88.9809,132.87,53.4673,177.76,91.8943,222.683,224.756,25.4324,43.1656,301.624,430.442,337.586,150.936
148.607709751,43.8543,256.25,232.889,1499.66,567.366,23.4636,69.1222,86.4106,2.97715,194.05,198.849,111.562,134.293,76.5542,45.9357,104.183,177.78,498.658,757.658,207.01,55.5926,191.478,109.373,99.6486,229.357,88.3823,92.0208,196.192,14.3521,277.922,858.033,361.365,1014.14,254.072,86.3136,399.663,265.248,71.8096,7.37446,88.823,298.451,584.968,351.848,8.62138,1169.59,2214.06,2663.57,579.958,2332.34,1820.71,726.077,102.679,463.479,656.773,260.82,142.925,26.9533,52.6735,40.2065,11.5613,28.846,380.984,1300.27,484.242,263.335,31.2457,84.9152,60.9217,60.8242,150.347,220.639,52.9573,158.496,391.994,143.108,280.388,1089.02,435.467,484.874,345.574,32.4317,20.064,149.08,61.4862,129.826,20.4513,59.2225,268.356,129.015,92.7028,1004.82,1036.57,64.8208,203.576,77.3813,24.4149,64.3291,249.641,321.595,82.1334,466.866,634.018,155.137,422.999,5735.83,12388.8,574.293,350.898,1802.74,810.647,69.6015,105.462,8.04008,56.2198,26.9861,32.0866,118.385,378.023,540.185,1482.49,439.011,189.951,351.464,221.725,18.3582,102.188,62.5083,17.5385,52.7327,45.0901,32.2596,66.4022,21.584,885.8,907.015,246.947,171.511,34.2465,53.2239,147.055,60.1476,10.2654,102.583,339.828,186.537,117.702,409.03,271.073,257.683,24.8739,63.4006,370.281,217.856,47.4427,8.91247,54.4113,241.832,359.478,275.366,113.119,1399.6,2328.49,1103.14,1303.83,2568.2,1403,376.514,151.866,19.5136,142.144,92.3224,222.898,190.665,264.26,300.212,62.719,25.2407,261.136,287.198,379.798,224.955
150.093786848,77.3706,358.254,63.5266,1704.16,649.267,9.7899,121.177,60.6483,0.00335996,172.1,149.21,78.8474,148.251,76.4017,85.0134,176.245,156.637,375.716,1112.29,319.912,41.6402,216.351,79.2103,212.659,293.734,45.4423,163.889,222.065,8.0785,266.995,919.025,95.7078,1067.33,248.006,91.7106,460.34,213.893,65.3897,10.3739,105.405,218.095,504.774,187.938,35.5536,1258.86,861.122,1297.22,30.8165,1227.83,749.199,838.201,136.575,197.619,694.625,260.198,150.85,80.4422,65.4511,25.628,41.5741,57.3734,485.365,1333.66,227.526,365.165,121.597,39.0102,57.7166,34.7146,242.814,347.654,90.78,128.312,526.189,128.917,338.953,1253.72,202.252,515.736,403.766,33.0412,18.6962,140.378,27.1021,119.86,18.2025,27.3267,253.972,128.037,96.3955,1264.72,1151.86,19.6564,214.577,45.6172,47.816,99.823,221.683,240.99,246.162,576.078,387.767,167.934,400.653,4242.98,11299.3,260.917,334.426,1585.71,648.133,82.0355,107.208,1.11501,96.737,7.08751,38.4443,95.8812,387.796,309.185,1738.56,443.877,159.151,396.574,159.392,16.8935,100.024,50.225,23.0015,68.7317,37.9362,45.8647,103.57,4.05641,1002.33,1229.3,167.79,209.339,94.9804,65.9283,110.193,111.865,37.1318,189.641,242.685,226.355,237.159,398.714,154.99,350.289,57.219,42.231,403.992,177.403,58.5363,24.2908,46.1224,215.163,199.695,266.892,65.7777,1057.1,1199.2,496.257,622.03,1473.02,859.672,264.205,177.717,10.8228,136.181,104.708,289.913,286.194,258.99,349.364,157.407,23.3999,279.836,167.727,391.996,368.708
151.579863946,153.608,460.734,79.573,1902.92,814.81,13.5976,206.579,45.0299,2.6671,170.196,129.545,63.2122,150.291,57.3799,132.862,253.428,131.393,291.612,1479.98,555.661,142.381,247.759,49.9445,368.166,359.853,8.90527,251.785,293.761,2.58446,339.667,987.003,28.4551,1063.98,274.557,99.5659,531.641,134.973,65.6292,37.2261,113.859,121.199,488.588,47.4859,250.957,1427.04,157.543,775.839,20.7449,893.788,176.585,1156.71,230.151,43.1142,705.032,198.031,156.963,150.76,83.8857,7.32973,97.5703,130.34,683.295,1308.7,36.5775,519.75,299.384,35.4553,70.5957,13.3839,349.256,498.648,151.5,69.2539,700.646,201.879,494.463,1391.86,65.069,483.413,453.081,37.948,12.1837,132.193,31.6282,119.719,51.1909,7.84236,244.86,163.127,95.2344,1557.8,1330.83,101.277,236.651,30.7796,107.731,175.035,153.625,186.198,394.165,687.279,115.196,356.842,626.108,4580.94,12069.6,68.4441,991.661,1039.65,506.267,147.642,127.445,35.5696,147.779,12.0405,61.0158,136.385,408.459,264.25,1951.71,446.488,162.396,391.268,92.6274,35.5827,104.945,54.1021,28.1884,94.6937,19.2726,64.5834,135.665,41.0108,1100.19,1571.38,96.3282,295.238,222.531,68.5263,91.0655,195.787,102.801,312.436,127.648,269.745,477.371,395.515,110.315,457.623,114.057,82.1015,414.545,112.99,71.3166,54.332,33.4793,179.872,134.232,249.737,252.606,785.355,690.232,406.821,405.051,1095.54,529.144,309.603,273.279,77.5659,117.147,92.9159,346.737,368.04,200.607,363.029,301.186,62.4992,338.296,131.982,401.085,608.549
153.065941043,269.298,564.723,291.686,2018.56,1100.82,86.5374,325.733,52.3438,12.0882,168.138,141.681,83.8864,139.587,32.4256,176.022,317.599,112.614,268.396,1785.83,967.488,387.312,308.856,56.6245,539.456,422.493,5.07943,328.939,420.536,33.3058,531.018,1082.52,178.769,974.23,351.704,144.871,587.358,79.369,60.9354,79.799,121.246,75.1444,485.123,42.6235,639.581,1733.84,339.59,1004.96,56.7084,1180.54,553.763,1639.95,364.487,46.8406,718.324,109.944,158.585,212.785,108.432,5.56333,173.473,264.117,895,1195.7,37.2418,711.364,574.33,110.045,98.4513,21.7889,427.446,650.242,234.75,42.0473,883.338,429.01,813.408,1471.77,61.3583,410.659,477.171,51.0318,5.76426,121.19,74.5856,133.088,97.8437,4.02599,254.785,257.121,143.784,1840.39,1510.01,295.615,290.021,62.2466,207.141,259.276,100.515,127.634,535.725,681.901,27.3376,574.616,1215.87,7029.32,14852,521.242,1919.8,547.308,308.101,246.414,162.095,99.7516,203.053,61.7988,106.335,251.593,455.078,415.815,2049.56,547.569,229.165,347.813,42.4283,56.7848,110.782,77.5591,46.7085,120.129,6.25925,80.8789,164.98,114.951,1133.38,1890.11,149.731,445.504,404.213,82.8998,102.243,296.743,209.766,430.372,62.2347,315.152,807.607,437.69,146.297,522.969,208.711,187.056,399.817,55.6423,69.3068,91.0917,37.3222,195.574,123.142,242.714,688.322,860.743,744.581,654.789,419.703,1345.53,754.561,622.096,371.362,195.543,110.518,71.2582,379.616,400.07,120.936,342.738,465.893,164.222,394.491,171.148,457.605,931.462
154.552018141,396.367,680.641,581.864,2000.4,1455.62,277.21,451.203,86.0113,30.2002,155.807,162.762,143.283,123.383,15.7511,195.023,358.13,107.188,275.003,1995.62,1539.46,718.768,399.967,125.642,693.047,465.154,37.9572,382.944,583.416,136.858,799.071,1237.11,427.565,800.404,471.982,256.388,594.057,69.33,59.0364,122.182,117.62,96.009,538.589,176.219,1029.81,2167.32,1364.81,1971.31,423.11,2189.79,1741.25,2084.79,572.27,229.451,709.833,54.6441,141.882,255.175,137.14,25.4379,242.763,459.931,1025.4,997.921,228.065,933.037,911.846,263.943,145.865,65.6475,441.971,771.799,336.087,87.0463,1018.92,801.979,1299.38,1498.2,129.227,343.239,460.767,65.6188,1.27096,117.238,137.763,143.379,136.828,22.3557,295.01,376.278,293.554,2055.38,1587.2,529.083,376.35,152.043,307.32,346.333,69.5473,94.3408,585.993,656.328,49.6201,685.666,2250.99,11483.4,19683.6,2288.85,2495.35,291.458,139.414,326.645,167.759,185.472,270.281,141.752,162.013,411.804,540.809,637.607,2011.41,783.083,360.287,300.526,13.0641,67.5659,109.627,116.302,91.7665,138.649,4.06447,84.8476,198.808,189.533,1057.27,2152.14,410.571,626.985,580.408,135.878,159.64,375.744,326.14,520.687,78.3607,386.569,1120.76,556.291,223.106,505.677,346.11,328.908,356.517,22.7553,62.0148,118.431,58.0899,243.219,223.424,307.596,1094.89,1297.95,1407.5,1314.97,835.4,2287.54,1490.7,1008.84,491.267,387.913,97.7752,62.5331,361.923,390.035,49.755,297.678,602.157,332.297,404.576,238.392,602.118,1254.83
156.038095238,505.679,800.597,774.372,1851.43,1760.15,571.477,554.969,133.424,57.6664,126.088,172.396,222.617,116.814,13.4621,177.874,372.128,115.851,271.619,2094.34,2160.27,1039.31,482.298,254.538,798.966,468.405,90.8968,412.512,734.557,321.543,1062.6,1414.1,627.59,582.015,595.152,428.069,540.282,92.5983,65.6725,144.012,106.649,169.824,650.678,403.763,1243.41,2593.09,2963.6,3642.76,1802.46,4017.58,3238.62,2352.08,793.412,489.432,720.55,48.1848,104.66,270.938,166.865,54.3236,286.6,690.642,1001.88,754.356,505.295,1159.11,1238.81,455.643,209.524,129.469,391.863,818.599,452.551,201.537,1058.31,1222.12,1853.78,1501.57,176.236,303.806,421.186,64.6234,0.614169,127.486,194.021,140.686,152.119,70.0486,344.54,471.043,554.187,2128.26,1500.23,696.161,484.919,270.115,374.43,404.793,85.507,85.4718,504.919,677.989,81.8695,674.501,3628.64,17317.9,25957.9,5596.93,2550.08,185.115,72.7726,347.606,154.648,250.858,353.506,212.84,211.81,576.581,647.835,754.391,1867.14,1096.81,518.226,275.528,5.85985,61.4584,98.2726,154.944,163.231,152.871,8.06866,78.4674,232.833,227.336,887.992,2295.74,864.456,790.4,678.709,233.275,255.892,401.055,408.326,566.162,170.986,489.736,1313.34,724.953,285.129,412.857,506.281,457.123,291.583,18.6221,54.7842,118.551,98.2529,311.191,397.281,455.988,1271,1862.36,2676.04,2548.26,2017.6,3940.98,2402.57,1255.04,672.085,572.617,108.898,68.8433,290.171,355.076,11.9583,235.986,676.52,533.187,351.895,285.518,805.939,1485.17
157.524172336,556.511,908.473,761.315,1586.58,1919.7,870.93,608.52,184.632,85.618,85.8303,162.479,285.59,131.278,24.3864,128.183,367.347,127.244,243.789,2080.86,2632.55,1264.84,509.137,397.773,844.316,423.63,133.312,428.421,795.673,557.894,1251.11,1512.89,699.454,357.68,678.574,620.027,429.457,126.519,88.4351,124.008,102.002,255.621,746.338,673.615,1249.79,2755.4,4716.49,5922.38,4465.79,6397.96,4614.74,2328.8,924.431,744.507,736.588,81.5474,68.2717,246.563,194.303,78.7253,295.002,894.359,842.984,501.05,737.618,1340,1456.1,634.116,271.801,179.622,304.488,760.8,572.937,344.326,969.703,1558.48,2304.14,1489.78,157.666,290.564,373.968,43.3503,7.33226,153.472,225.675,115.3,149.125,132.941,369.616,521.781,837.526,2030.75,1250.04,715.072,602.897,364.558,373.165,436.157,125.719,73.2915,387.854,671.646,127.359,593.243,5003.16,23409.7,32356.2,9749.33,2334.75,124.212,79.1393,344.134,103.286,298.536,432.549,235.402,248.409,688.102,741.212,677.426,1645.22,1366.63,659.559,267.161,16.4183,45.1556,74.4401,185.476,239.427,164.302,14.4926,66.0073,262.353,210.033,676.037,2285.6,1367.59,886.467,661.7,349.65,358.229,373.999,410.502,571.92,288.939,591.35,1350.5,863.206,299.46,286.797,642.578,535.438,213.733,33.8922,52.4043,88.7539,144.3,393.219,549.532,616.128,1219.56,2281.84,4221.49,4441.98,4167.11,5938.11,3162.65,1295.8,818.553,699.673,155.655,79.205,197.287,302.402,15.1051,170.904,677.867,703.37,259.639,290.038,975.054,1574.54
159.010249433,551.268,951.093,565.743,1247.21,1879.06,1051.8,597.164,225.387,99.2585,49.6458,134.373,312.634,156.977,39.6809,75.6508,342.38,133.292,200.377,1962.48,2781.88,1334.73,457.814,503.372,809.649,352.789,138.317,419.112,749.835,753.825,1307.16,1463.61,634.262,167.415,705.508,749.406,301.542,141.047,113.804,86.2423,90.0199,313.915,797.569,872.873,1077.66,2555.38,6060.04,8450.06,7935.52,8748.37,5488.88,1994.99,914.996,925.627,725.522,124.236,42.7683,193.981,215.107,79.4002,283.542,994.606,629.452,280.185,830.089,1405.91,1498.9,739.57,308.871,197.859,196.497,631.991,654.804,449.944,779.64,1687.28,2490.97,1440.54,95.0168,287.491,324.892,17.1381,25.9839,181.087,229.711,72.3058,136.077,186.763,346.8,525.466,1001.6,1798.67,889.975,598.7,686.318,394.158,319.507,413.561,178.739,52.164,289.71,615.628,168.297,485.237,6047.84,28094.7,37291.2,13425.6,2093.01,63.5035,144.916,325.764,41.2941,322.584,472.825,216.834,244.633,726.679,774.339,446.452,1373.37,1464.16,734.646,258.907,39.1571,25.4255,47.4251,197.218,293.074,172.588,19.3994,55.5798,278.851,150.147,480.505,2117.22,1725.84,889.138,530.456,452.859,426.702,303.22,334.582,532.09,380.146,646.527,1232.97,906.401,262.939,170.552,713.073,550.372,132.761,55.8639,49.0805,53.4216,171.335,446.828,652.235,700.186,990.845,2410.12,5500.05,6757.96,6965.69,7646,3576.83,1121.04,843.37,765.981,220.076,72.8279,118.915,241.15,48.4792,109.341,621.324,785.039,167.021,257.017,1027.41,1502.96
160.496326531,501.315,890.815,302.776,905.641,1631.11,1038.49,530.608,233.297,98.7676,22.5327,99.2733,298.505,180.684,49.0321,41.7534,306.058,126.848,172.209,1732.46,2568.72,1223.52,351.635,512.896,721.579,261.166,109.937,368.384,631.022,807.971,1222.62,1241.32,492.276,47.6449,666.681,770.013,184.876,129.283,131.093,48.6574,68.1663,323.986,783.126,919.931,778.68,2089.9,6528.05,10527.8,11260.2,10386.5,5559.36,1495.55,751.949,975.304,674.864,151.003,22.1059,139.729,217.496,60.1248,256.391,969.453,437.205,131.359,759.628,1305.79,1362.46,728.761,306.719,179.262,99.3583,463.961,679.443,459.718,553.103,1546.99,2362.05,1314.52,53.1881,269.853,285.948,2.86704,52.2414,194.778,212.097,29.4101,115.427,207.8,283.685,472.161,976.078,1459.7,543.642,407.146,701.094,351.895,229.291,352.763,216.507,27.2034,214.768,550.832,163.923,383.552,6552.99,29879,39221.8,15451.6,1936.08,12.5929,232.849,293.383,3.10833,327.654,449.101,175.948,195.201,698.57,710.249,194.119,1078.85,1340.84,701.962,244.313,59.0162,11.9093,25.6791,186.86,301.332,179.526,19.105,51.7789,271.885,86.3444,343.808,1813.09,1805.77,790.427,347.183,493.811,441.683,206.341,224.623,442.127,411.895,611.328,1013.11,814.627,207.841,92.6318,700.992,503.3,65.8406,71.6996,45.0662,24.5249,168.668,448.899,677.034,660.991,676.281,2208.49,6094.13,8852.97,9622.57,8543.17,3519.94,811.049,725.818,764.754,272.454,54.6018,62.4932,185.364,84.3913,61.6319,523.717,766.327,102.338,211.46,931.69,1287.62
161.982403628,428.471,719.383,112.721,623.856,1228.1,861.729,409.784,212.396,77.9766,10.3955,75.3644,242.273,195.528,46.8887,28.2773,270.838,108.283,172.444,1417.28,2074.57,971.707,232.935,413.749,609.028,169.131,55.221,299.036,464.262,698.561,1019.38,890.626,359.355,8.23434,559.141,710.454,91.1065,99.8343,128.934,22.3661,46.3964,279.71,704.197,800.252,441.965,1529.37,5983.82,11517.3,13271.9,10871.4,4780.95,1013.96,504.415,852.034,606.307,139.189,9.78823,100.803,188.896,39.1536,219.269,842.77,313.533,65.095,569.636,1065.77,1071.53,625.55,252.576,140.764,33.4584,300.729,631.685,370.074,338.155,1220.15,1936.38,1131.04,65.8236,226.667,266.604,5.26146,64.8396,210.124,159.563,8.36874,102.935,172.851,212.221,360.43,781.173,1079.39,293.653,225.358,639.904,256.442,133.692,271.941,218.107,12.6475,170.638,468.54,127.778,303.764,6453.08,28153.3,37279.7,15303.9,1873.19,1.86048,266.449,280.7,10.881,283.719,401.724,112.915,117.028,634.744,546.605,36.4546,811.675,1025.35,582.587,213.102,64.507,5.98095,18.1573,148.723,276.1,168.373,20.3732,54.2375,239.522,53.8977,277.676,1411.58,1609.54,605.253,185.091,448.965,402.69,116.785,115.949,329.46,369.979,477.313,765.248,599.863,169.57,67.0435,608.907,426.474,23.3328,69.9028,41.6695,10.2122,132.866,408.243,598.003,529.405,373.717,1738.08,5862.7,10013.9,11217.9,8405.82,3001.9,481.434,536.056,671.501,299.929,29.203,29.9084,145.037,92.5697,28.6979,423.504,658.289,81.4531,182.299,705.805,999.649
163.468480726,352.235,488.862,49.165,457.112,754.964,642.181,233.746,196.499,36.2545,17.3225,69.473,163.189,197.746,33.6021,31.0861,250.434,76.7308,214.625,1044.95,1467.68,679.047,134.179,250.036,515.768,78.2321,7.87589,241.149,271.262,503.013,736.472,525.109,275.936,39.5004,381.725,651.053,25.9398,59.6809,119.684,10.888,32.0501,220.791,548.425,605.521,148.652,1033.09,4704.15,11088,13173.4,10143.6,3433.54,675.049,283.748,593.345,532.221,101.104,5.37638,84.5442,142.619,24.8527,176.938,692.124,226.203,75.7308,345.706,780.83,675.388,513.141,136.614,119.49,14.6158,154.818,550.464,215.238,156.223,887.91,1294.19,954.542,106.518,172.594,275.637,12.3988,55.1641,233.759,86.8676,14.8832,109.92,92.9166,159.529,219.333,506.184,732.548,166.17,110.281,528.298,140.886,75.5595,178.729,195.27,10.1789,156.76,367.3,94.6971,270.582,5783.38,23457.5,31817,13158,1879.75,26.625,231.606,293.295,42.2474,221.466,340.741,50.8517,43.0513,558.642,340.136,1.62901,624.169,604.318,450.937,147.26,68.9566,2.14643,24.8519,96.705,235.033,136.296,24.7125,71.2988,191.761,47.3815,290.906,941.561,1275.73,372.941,78.3308,359.608,311.944,62.0348,49.3337,215.113,282.608,277.881,552.794,334.976,165.259,78.4845,462.697,366.65,2.78354,45.9375,47.1475,11.3348,74.9442,359.435,407.182,399.893,144.47,1143.19,5001.24,9771.32,11147.6,7380.31,2175.23,231.838,379.104,479.831,310.528,9.57713,9.24446,127.189,63.6671,7.19976,358.709,498.877,90.8494,184.926,419.585,725.11
164.954557823,308.271,284.823,56.3869,417.777,360.537,440.613,78.4243,189.233,4.3769,50.8446,69.0639,95.7547,192.249,15.3531,57.5695,242.561,40.2156,294.896,673.307,914.312,451.164,66.3806,114.504,445.836,15.5805,6.90735,200.854,112.62,304.023,463.093,253.495,226.154,108.829,209.087,605.657,15.5562,24.6096,106.283,29.5372,27.7802,180.309,375.554,419.146,12.6194,621.649,3314.99,9198.62,11181,8331.17,2051.03,510.623,185.213,301.788,475.954,71.6698,6.73964,85.2527,103.22,12.5108,154.202,561.842,144.283,150.427,159.537,534.564,311.901,414.288,28.474,127.619,25.9215,70.8695,457.249,71.6119,38.8085,633.441,662.721,787.425,140.359,135.033,306.758,21.4264,39.7033,261.922,27.3666,44.2004,133.72,22.6922,122.704,112.406,255.257,464.765,158.395,55.7314,399.084,77.5672,51.0654,114.766,167.036,10.731,166.222,283.83,49.3629,308.961,4737.57,17068.7,24448.8,9690.04,1903.84,47.5884,199.608,287.19,76.6128,154.413,299.918,7.01526,5.91969,490.626,168.828,51.2057,506.871,242.902,338.951,67.2929,85.9343,2.21777,50.9486,46.8114,198.483,102.908,27.6701,115.54,152.39,39.8631,341.588,509.135,914.309,186.598,25.2133,277.851,214.442,34.4223,43.778,127.245,187.111,98.6146,398.29,118.441,187.934,93.6333,316.538,335.329,1.336,19.4818,54.3718,25.9277,28.1773,310.408,181.504,328.693,64.7509,553.446,3903.87,8131.69,9480.18,5830.87,1252.11,170.412,303.724,236.635,320.416,6.10379,5.60503,113.136,27.7636,1.20174,322.892,351.817,96.4125,222.145,165.764,508.368
166.440634921,302.295,168.406,71.5279,454.657,143.609,301.362,12.1886,184.836,8.06467,106.944,76.1872,66.4743,188.517,1.95038,108.732,248.323,11.1075,373.918,379.375,515.026,351.359,35.1995,69.6635,399.205,1.42609,49.7094,182.008,41.0769,166.994,289.076,123.039,195.559,168.548,100.399,577.341,70.8665,9.91851,103.992,66.8892,27.1671,171.606,279.698,284.085,145.675,302.35,2389.92,6195.05,8305.17,5815.56,1089.83,500.523,311.233,90.2058,443.714,75.8403,12.2238,93.7207,79.311,5.41654,179.766,456.412,70.1473,236.18,60.4141,385.193,91.4603,338.283,3.60501,163.376,48.185,56.8977,377.908,2.59694,4.21981,464.205,228.508,630.914,149.332,125.915,341.049,41.4906,43.1798,291.646,8.11302,94.6827,172.188,0.42198,93.7003,73.8851,108.467,303.213,213.785,25.9861,301.921,98.2671,45.3611,96.4321,187.646,7.94679,212.208,176.029,23.1311,366.439,3669.4,10496.6,17343.8,5812.72,1909.28,45.0433,176.793,255.92,109.181,95.3766,287.916,6.04077,31.9126,424.881,76.5335,122.131,446.354,39.9838,258.641,15.326,118.287,13.349,92.182,21.3931,183.592,87.6027,32.3442,180.532,141.66,27.5866,373.37,198.023,616.281,104.965,12.5377,232.966,161.875,22.7019,82.1785,79.8477,127.169,13.922,302.66,12.1812,212.815,90.9173,207.848,333.771,14.1236,4.82449,66.2088,43.9695,4.70141,255.596,44.9487,322.827,178.431,116.455,2952.51,5588.6,6835.53,4214.37,475.569,316.09,325.502,53.1293,333.394,13.0467,14.553,98.5592,8.28554,9.87139,316.764,248.413,84.0119,265.714,26.3433,355.934
167.926712018,314.713,135.917,73.2789,498.958,106.573,237.777,56.8961,180.908,48.2936,171.244,99.9556,88.2442,191.193,2.9223,164.62,275.292,3.4241,415.243,207.143,305.249,354.695,35.3968,126.823,381.127,26.11,104.32,178.262,78.4343,128.734,234.922,120.437,180.246,195.457,59.8123,567.356,179.52,27.3772,114.331,99.3444,34.4149,214.196,252.073,249.156,548.205,177.411,2114.98,2962.35,5636.92,3248.88,811.646,621.576,622.183,77.0513,416.546,113.077,20.562,97.4187,79.7543,4.46788,235.714,392.706,14.3982,285.626,51.9222,326.759,60.554,301.752,78.7464,206.474,73.7688,94.9059,322.704,19.6708,40.5107,370.718,32.817,486.047,152.525,132.708,379.063,72.8548,71.5824,320.086,47.6624,167.222,208.61,27.1009,80.5976,102.898,72.2935,240.064,272.584,5.72914,250.026,167.463,60.3403,150.784,242.925,22.0881,261.913,80.6005,34.5896,364.706,2796.83,5373.39,11989.9,2585,1868.17,43.785,125.481,220.64,124.266,65.8345,309.808,46.7154,105.503,372.325,52.3704,172.54,413.271,4.22511,213.883,23.778,154.244,39.3174,139.326,34.695,193.52,102.493,43.3115,248.284,160.279,30.0088,350.613,39.3724,420.018,123.485,22.6755,235.894,165.551,23.9539,127.394,72.7034,120.334,50.3601,260.163,11.103,218.542,71.0423,150.304,342.935,40.5484,13.4043,78.7288,53.4144,1.84512,224.044,38.45,344.987,465.73,20.0599,2334.94,2994.97,4078.59,2916.91,97.3938,613.287,392.115,20.2311,348.461,28.2479,28.1214,79.6564,14.6867,29.0324,326.892,202.46,60.9017,284.798,5.15657,264.072
169.412789116,326.619,140.621,80.9792,500.42,179.878,244.65,164.69,179.347,108.213,223.911,147.517,146.777,203.067,20.9292,197.106,317.439,38.4005,397.065,166.603,245.515,386.143,65.4769,227.742,386.953,72.7677,138.395,188.686,178.934,186.605,278.036,174.928,180.552,196.607,74.8627,568.686,297.255,70.6063,136.904,113.391,39.8191,271.714,343.012,340.631,938.984,345.082,2440.1,601.066,3962.72,1351.3,1253.66,860.424,916.309,238.164,459.171,148.716,23.3071,97.4519,94.6382,15.8465,284.714,357.036,2.80573,286.349,111.157,313.977,165.902,320.887,210.363,235.975,99.4537,149.379,306.038,71.6419,97.2341,331.473,20.1901,369.142,165.127,144.488,425.38,104.051,102.696,353.513,141.422,252.329,234.832,70.8708,87.5913,159.978,111.83,248.836,292.872,3.04987,224.41,228.95,99.0884,242.503,336.731,92.0823,257.199,46.8964,37.6731,281.565,2229.82,2734.41,9093.27,834.886,1705.5,37.3151,87.4364,147.788,145.217,83.6668,357.327,105.1,177.547,340.326,65.7104,197.391,388.94,66.5532,203.742,89.7683,172.685,81.2294,179.101,87.6761,221.344,132.117,65.3546,298.71,194.922,64.5545,275.338,14.5749,322.257,176.263,40.9515,278.939,203.121,40.3562,143.02,96.7609,154.77,162.4,263.991,70.2046,199.782,55.1352,125.069,351.99,78.1088,36.4758,90.7946,50.839,9.89991,215.581,151.079,408.951,746.304,328.889,2120.1,1242.92,2087.47,2147.89,259.336,906.703,475.461,121.466,382.578,45.7353,30.8722,66.9942,34.0737,55.2966,338.245,188.744,55.6732,272.395,55.9274,221.236
170.898866213,311.456,146.367,122.606,452.735,271.435,293.021,271.947,177.846,153.801,263.119,207.536,212.469,215.969,47.8253,203.882,347.213,118.247,339.83,207.972,264.563,388.052,115.619,295.24,417.839,115.563,137.441,215.784,260.959,302.367,375.257,223.026,190.246,190.422,129.997,548.242,386.774,135.419,158.346,100.546,48.9881,293.404,543.411,542.994,1074.63,767.159,3161.91,66.5878,3577.97,743.735,2220.24,1100.26,1086.04,502.563,556.838,157.999,26.0917,82.6397,108.763,53.1732,300.87,319.743,50.5375,260.011,190.08,303.908,314.688,394.996,315.194,250.527,124.387,174.331,330.114,109.343,131.874,319.035,98.9563,290.662,177.965,173.156,460.227,127.921,121.903,389.964,251.205,319.543,267.614,91.4314,103.333,213.17,173.774,282.934,278.883,33.0344,196.552,249.181,166.106,318.15,415.972,246.323,240.417,28.9455,15.3096,175.925,1982.63,2819.63,8688.6,830.008,1439.1,10.7292,77.9482,72.0586,174.343,145.288,394.742,173.331,222.65,299.634,97.7833,222.583,358.816,142.637,220.904,173.654,166.05,131.522,198.1,154.574,258.837,157.397,88.2793,325.039,230.024,114.973,190.53,67.3683,291.036,202.756,66.9759,326.428,243.447,71.9599,121.735,131.51,202.254,282.426,293.776,136.864,171.558,59.0095,115.851,341.642,126.192,62.3546,96.0746,40.9782,18.7995,210.497,343.911,545.689,817.61,926.491,2317.35,980.5,1472.47,1992.95,902.892,1001.97,590.567,318.037,409.362,66.0992,24.6548,55.5269,50.5353,91.7725,328.889,181.593,88.4392,245.263,119.511,204.923
172.384943311,248.05,155.228,172.922,387.41,313.475,330.84,363.203,157.976,166.132,297.925,235.277,268.871,230.519,59.2601,201.647,350.29,191.711,284.252,245.317,303.147,356.296,150.289,325.688,439.785,135.105,127.075,225.78,295.904,432.425,466.176,237.932,189.193,178.953,200.696,482.359,426.028,215.99,148.081,85.6151,42.795,304.955,763.704,763.974,971.563,1291.16,3967.31,1627.12,4579.71,1788.62,3252.25,1268.27,1086.92,761.092,690.036,136.926,34.5215,51.8008,121.131,110.441,268.783,280.3,121.563,235.573,232.628,274.649,447.013,475.863,350.963,252.789,133.613,177.798,345.851,132.561,137.673,308.857,189.182,234.425,175.149,223.713,449.248,149.814,121.005,407.858,352.079,339.708,296.681,84.8944,110.818,253.284,216.942,297.544,251.039,83.7042,159.224,226.07,239.669,330.531,487.803,427.996,235.365,6.07994,5.33963,120.439,2025.19,5147.98,10413.9,2244.33,1192.38,0.571637,46.192,24.3046,216.861,264.841,355.852,244.01,245.486,224.299,145.669,242.105,320.565,186.552,234.695,245.596,142.812,158.327,210.283,193.085,286.179,179.01,93.8733,322.631,269.111,137.526,130.78,122.368,290.838,201.155,92.1503,346.566,285.121,90.1556,94.2044,144.077,233.443,390.688,308.575,170.947,150.702,64.6172,128.598,288.011,174.377,104.007,71.0829,44.7453,11.952,236.712,533.696,678.223,712.494,1564.71,2960.73,2267.37,2367.82,2561.06,1734.28,914.184,671.054,507.698,468.001,64.5168,25.4441,30.3317,72.2227,136.385,272.985,185.247,130.839,220.757,154.565,184.936
173.871020408,152.107,166.175,189.38,319.219,282.209,337.341,416.668,124.091,153.841,310.673,214.676,303.902,232.075,53.7405,185.134,346.688,206.47,233.549,238.708,314.201,309.685,140.945,332.002,433.129,123.683,107.13,212.484,270.057,532.637,530.496,202.008,165.004,160.634,233.84,404.595,376.187,301.986,117.403,70.4902,25.9447,322.578,970.242,855.374,768.463,1642.62,4614.22,4877.22,7114.35,4229.88,3850.4,1391.42,866.127,963.895,813.056,105.583,43.5377,22.2897,127.73,175.235,192.518,248.307,162.592,212.858,221.188,220.088,522.629,534.437,301.091,242.526,116.74,158.608,336.963,143.784,116.195,299.647,235.217,182.199,151.099,249.359,415.953,152.339,103.373,396.726,407.598,307.328,303.457,64.2716,112.298,270.487,218.892,274.75,217.598,119.633,124.769,161.452,305.131,282.499,499.125,642.084,209.541,0.534778,12.5912,120.797,2213.88,8826.56,13891.1,4275.44,974.913,12.2908,18.251,3.34466,290.675,371.817,275.814,282.938,237.107,138.285,186.824,236.774,269.814,177.685,235.574,283.422,108.101,153.696,212.844,180.615,298.101,187.256,74.9815,300.391,296.634,122.103,89.3824,139.851,299.685,178.893,101.363,335.149,316.44,82.8778,69.6271,126.564,237.249,457.088,301.556,157.035,131.432,57.804,145.932,216.632,192.053,152.271,40.9673,50.9878,2.13987,289.354,739.575,641.361,608.877,1875.27,3935.74,4878.02,4689.08,3745.5,2258.2,835.241,574.019,689.014,541.123,42.0334,32.8481,8.57044,92.5286,165.791,195.694,183.245,152.78,191.027,146.859,157.036
175.357097506,69.4641,158.237,166.145,243.605,206.093,294.492,430.511,89.779,135.862,295.333,154.44,300.657,223.079,33.3351,159.695,331.711,158.086,186.564,188.99,274.27,264.929,88.2835,319.236,386.324,94.2652,82.7296,175.591,202.035,568.036,555.277,129.716,129.84,125.373,219.082,311.859,272.467,354.838,97.3031,61.4073,19.0863,358.156,1106.08,798.083,519.416,1709.42,4757.05,8947.33,11410.1,7179.75,3720.76,1433.47,533.468,1025.85,881.418,100.795,62.0102,3.8153,148.925,205.463,115.827,203.853,162.094,177.23,179.109,141.997,539.327,533.938,204.365,209.764,86.1925,116.793,313.255,133.532,82.7873,282.091,221.243,128.612,114.602,217.726,382.7,124.911,76.684,357.089,403.448,226.664,288.038,46.3195,112.258,265.326,173.521,224.137,174.997,121.255,95.1835,86.3198,350.432,181.399,484.064,769.428,236.648,3.95834,18.9257,142.475,2323.18,12838,18679.9,5981.28,767.965,19.4667,32.4556,35.2429,320.39,471.18,160.426,298.77,192.806,76.0851,187.352,207.173,203.25,131.509,211.855,284.559,69.4576,133.874,197.635,132.179,279.731,180.979,36.6724,278.895,286.303,84.1485,57.8127,122.765,288.292,151.523,78.0471,315.655,305.147,65.1999,46.602,93.1852,205.604,474.057,268.176,110.507,114.014,37.9364,147.561,147.634,166.703,202.721,23.9788,69.8385,10.3809,353.179,888.524,514.818,489.057,1769.09,4754.03,8454.26,8268.04,5009.63,2229.76,784.325,371.53,806.782,582.297,30.7919,51.379,0.881717,120.809,153.928,128.541,153.761,147.893,148.555,113.495,113.769
176.843174603,18.4623,132.194,111.302,170.635,123.332,204.618,420.892,67.2492,116.929,268.388,72.223,275.841,189.91,14.8816,133.253,296.493,83.7583,140.304,118.62,197.487,219.824,29.9824,279.964,310.253,65.3531,56.0187,135.165,121.041,524.765,534.776,57.233,99.1747,76.8096,167.542,218.364,156.678,348.48,108.338,68.9913,53.7611,435.857,1071.04,673.339,248.925,1599.86,4108.13,12842.5,17367.5,9542.89,2947.29,1329.79,255.304,876.439,909.945,138.587,88.1802,19.1926,184.081,192.934,54.7442,150.542,128.416,126.076,134.776,65.3833,503.391,467.659,101.466,171.02,47.589,73.6037,272.982,111.028,54.9583,246.266,166.161,77.276,75.373,146.771,345.565,83.8454,46.7588,296.286,351.562,124.015,257.947,42.9317,111.678,244.239,100.585,160.197,128.063,89.3245,71.4528,38.4755,341.76,96.1655,443.777,823.957,244.052,24.2069,45.8736,184.757,2127.62,16388.6,24100.4,6740.57,578.008,42.8545,58.8122,63.5936,350.843,516.38,67.6282,274.221,149.87,38.567,151.95,153.697,135.875,75.6336,159.442,261.889,39.0212,110.688,172.304,69.8941,242.427,149.637,6.40807,257.295,246.184,41.858,33.9082,93.0531,245.661,123.649,39.7416,283.897,254.584,46.7893,30.959,57.1182,151.073,441.039,218.585,58.3327,100.278,16.2493,126.663,91.7574,117.62,235.32,36.5792,92.9341,67.2534,461.455,843.566,428.148,297.229,1479.9,4809.81,12508.9,12735,5637.52,1830.2,658.643,227.808,719.755,642.072,53.1189,75.7912,18.7106,145.542,114.532,75.8057,105.144,118.927,99.6459,74.385,64.411
178.329251701,0.477446,102.356,48.2924,110.335,57.9554,104.917,394.046,68.4576,98.0096,236.909,11.1142,239.459,136.312,9.9016,111.531,245.374,24.2916,96.7415,55.9898,112.713,175.148,1.24165,216.986,227.698,43.7068,37.7924,104.108,65.5945,407.011,480.807,23.124,75.6742,32.8745,99.571,141.434,63.3308,291.821,145.797,108.185,141.376,517.961,905.972,489.379,65.5592,1409.8,2785.18,15765.8,24332.7,10518.8,1942.33,1079.6,82.9245,653.964,813.503,234.761,141.143,73.2325,207.855,161.574,13.7528,102.63,80.6114,65.3862,106.285,29.2505,411.492,369.149,27.2395,134.052,20.2812,38.9296,220.362,93.023,42.4012,195.766,102.421,31.3362,45.5974,83.0136,284.753,58.0781,28.2988,208.946,294.049,37.4147,215.106,53.2802,120.97,207.668,40.6983,92.8171,84.5047,46.9873,51.5894,21.4106,303.591,52.9436,419.486,778.521,236.935,47.691,86.3117,270.499,1569.06,19081,29298.1,6431.64,451.344,99.7091,67.5507,94.1584,344.304,520.785,17.2736,253.767,109.819,18.8151,111.849,87.7511,78.2024,37.2736,92.2771,226.97,26.4211,87.7438,151.949,30.5017,181.955,111.453,1.61862,221.524,208.405,10.2453,18.5871,73.3135,176.806,98.3239,18.652,228.194,188.423,35.1904,22.5619,28.6483,106.537,350.171,181.151,27.4041,86.2094,5.20232,92.9545,51.0097,72.0529,231.821,79.4966,139.657,169.705,531.078,718.545,310.474,134.93,1223.36,3882.27,16472.1,17494.2,5179.73,1395.71,464.432,120.751,571.013,614.575,135.686,123.975,64.6882,144.455,76.7169,34.7511,55.9591,84.131,47.7975,47.3918,32.1228
179.815328798,8.51861,71.5716,8.18987,68.8586,17.561,36.3222,357.399,92.6312,76.8786,205.96,5.82643,198.481,77.4593,20.6681,93.0894,188.961,3.88677,63.8245,17.1666,44.7374,138.772,9.51298,146.541,155.975,27.9602,40.0786,89.413,51.78,255.287,407.707,45.3754,57.9316,8.62604,42.3888,84.0787,14.6179,213.949,188.629,166.113,270.374,593.077,622.11,335.234,16.9095,1130.78,1346.51,17259.8,31397.9,9968.03,1113.68,759.421,6.98412,462.08,603.411,367.193,213.636,147.876,212.905,123.119,1.85076,66.059,36.8657,18.2571,92.6521,48.5163,290.135,262.015,7.29451,105.735,9.7188,19.0577,169.156,78.2785,49.6356,146.21,47.91,5.69089,29.5517,52.6479,208.813,50.801,24.6032,119.831,245.605,6.74008,169.699,58.9076,146.771,170.995,11.4551,37.9616,49.8831,16.5909,36.2553,26.5472,252.462,71.5595,415.227,667.443,202.791,75.997,102.844,370.017,865.725,20771.9,33659.4,5384.09,401.455,142.58,71.9073,126.965,273.383,509.124,42.6536,226.977,83.8921,18.3077,76.8646,34.6967,42.61,17.9146,44.4493,186.937,24.9843,77.6294,142.961,29.9231,117.47,74.7744,23.6971,174.247,180.423,4.66425,21.2794,66.3303,100.651,82.6013,20.8218,160.161,125.848,28.2393,26.3982,15.8284,81.5869,229.733,167.13,29.861,72.0689,6.36158,60.9411,26.0135,40.9879,205.221,131.777,190.478,307.163,554.438,517.013,200.436,82.3056,1007.63,2395.54,19756.3,21876.1,3839.53,1059.39,294.767,46.6007,406.888,514.12,263.276,186.825,127.06,121.947,47.781,11.4506,21.4565,56.194,10.2146,35.1218,22.9838
181.301405896,27.4849,46.0045,1.01088,45.9162,2.34047,15.2462,326.034,121.481,55.3687,175.633,56.6835,163.278,29.4089,40.8025,71.9968,137.494,24.8777,44.7106,3.37245,9.51273,113.632,38.9668,84.9681,106.22,14.2469,62.1776,89.8228,70.7944,122.695,326.571,117.257,46.8688,3.43521,11.4486,48.3934,5.43724,141.786,210.648,227.281,409.101,595.713,346.939,231.987,55.5809,794.976,363.224,17474.2,37580.4,8541.53,616.836,482.031,31.2091,284.825,382.738,463.344,300.465,213.447,193.317,89.2219,12.0081,42.1176,10.6688,0.24703,90.5506,108.087,169.559,169.743,34.9866,88.1156,12.8878,14.6036,126.458,63.1049,71.3086,108.235,14.2345,7.93459,25.506,56.8125,137.856,49.5977,29.1464,54.8911,212.327,37.9348,130.698,48.226,181.183,154.591,8.89789,7.11253,28.3597,4.27917,25.4789,42.2428,195.676,130.465,438.117,521.872,137.615,103.755,104.168,407.716,318.647,21673.9,36833.1,4249.99,379.83,143.084,91.0905,124.745,191.85,462.284,139.007,196.871,68.9335,27.4074,51.674,10.5495,33.7814,12.6008,36.742,151.094,23.6359,82.5831,142.034,65.0297,67.392,48.0223,57.1606,124.066,156.642,29.3711,44.3994,67.1346,40.3201,77.907,32.97,98.935,79.3869,20.6834,40.7745,21.5116,70.0157,119.559,169.214,60.6399,61.661,13.6591,35.6807,15.5559,28.2972,166.335,167.129,237.604,435.637,508.751,296.782,155.242,101.471,774.275,1094.46,22022,25305.5,2351.9,774.752,198.013,50.2628,236.174,374.416,386.347,263.634,179.925,88.945,28.2168,6.76382,7.89203,40.8694,0.883084,37.2337,26.5683
182.787482993,36.4878,31.3841,16.3316,35.6454,5.31526,31.789,313.935,133.048,38.8703,142.86,131.54,144.522,3.68156,57.0858,47.7384,95.6381,64.7149,40.3642,6.56161,6.12544,98.5252,63.2037,42.6548,77.0618,2.3818,93.7254,101.594,94.2853,41.3709,252.365,212.559,43.7091,5.61058,2.94977,32.8551,16.7731,83.4827,209.515,252.595,519.295,533.92,152.038,140.567,129.447,476.422,20.1608,17089,42236.8,7232.57,362.694,306.404,97.4632,159.479,174.395,514.779,370.521,234.615,161.516,60.5547,30.7569,28.8141,3.72134,7.49674,96.9102,178.499,73.8871,107.842,72.0508,83.438,23.1715,21.934,92.7765,46.0081,89.0228,87.9659,5.06205,31.9543,32.8917,75.5133,85.3108,41.2383,34.1936,24.0986,199.531,97.9473,100.914,24.302,212.173,167.304,18.9422,0.0460835,16.9857,5.6687,19.4573,49.2575,153.021,172.092,474.386,374.633,83.5096,91.1761,118.572,325.876,106.105,22194.8,38911.2,3564.23,316.64,128.653,94.5327,108.515,92.3009,429.507,243.535,165.182,56.7004,31.6693,39.1156,14.9585,42.3706,17.1695,66.429,132.059,13.776,94.2349,137.397,117.599,45.6505,36.5237,76.8912,81.2467,130.641,70.1589,82.1535,71.0238,12.0218,76.7306,39.8154,53.3752,54.6728,10.5792,59.3267,38.1612,61.8624,44.1829,176.154,104.335,51.6811,19.9472,17.5576,15.4125,27.4881,121.934,175.845,246.952,544.1,381.468,155.213,115.457,149.664,500.619,487.333,23354.5,27594.5,1420.82,485.315,165.171,72.8142,132.351,207.543,484.44,321.36,202.259,57.3335,17.5441,15.7964,10.767,36.4844,19.0904,52.0089,31.4254
184.273560091,30.3985,24.0899,36.4437,35.337,13.8435,60.4139,324.737,123.462,26.632,113.866,182.611,151.584,3.22756,55.8061,27.1726,62.7704,98.2802,47.2142,14.0221,18.017,98.3588,59.7918,19.2899,59.8795,2.32811,120.399,118.536,97.0691,9.87261,203.809,295.034,50.7336,5.67064,2.90453,32.5996,23.9766,52.0237,174.035,237.098,557.354,445.427,40.451,88.8427,168.252,231.209,79.015,17084.9,44956.3,6911.77,220.25,203.784,108.307,109.242,42.0649,492.88,402.508,208.162,118.899,40.004,40.5857,28.493,6.79768,20.2078,115.883,225.749,22.7549,72.0262,83.271,89.3304,37.8048,36.1544,66.7678,29.2498,82.0638,89.487,17.1848,56.7246,52.6902,88.6996,49.5573,24.6226,35.0732,23.7994,206.127,139.553,81.1371,3.6514,224.705,207.755,29.4122,2.97624,12.5798,13.7276,14.531,42.6298,119.883,171.776,482.045,283.312,36.3167,55.5237,136.618,170.109,191.487,22761.3,40148.2,3559.51,202.213,117.988,67.7067,92.9445,27.9218,394.226,298.669,139.096,40.6656,24.3447,37.5312,32.5028,54.3408,32.1001,113.643,131.279,2.39702,96.2997,125.562,158.53,56.7536,44.1323,66.3659,50.8411,101.257,107.48,118.559,79.9758,13.4871,74.74,32.663,24.009,46.2763,5.92474,72.2137,53.1275,52.404,10.0129,173.272,145.949,38.2264,21.5297,6.09994,18.9298,23.5574,88.3493,148.469,223.659,579.263,258.924,76.8146,66.1911,187.04,247.1,554.05,24207.5,28889.2,1310.01,237.302,155.23,60.1315,83.7098,96.5304,499.031,352.742,183.853,36.9449,10.0633,29.0431,24.1352,39.438,45.9415,78.3785,32.5833
185.759637188,21.9402,17.5742,55.9823,36.3403,19.1556,92.9833,340.142,108.253,19.9455,87.1921,187.268,180.147,27.1093,42.158,12.7274,35.5483,117.262,59.309,17.6325,32.6762,109.29,35.5846,6.20328,50.9337,24.1411,135.268,126.332,77.7831,11.0384,184.528,341.643,69.2542,1.69411,5.37497,46.8365,16.5014,39.5589,119.952,183.63,519.968,378.606,10.7089,56.3885,141.604,86.4192,231.408,17872.6,45921.4,7648.18,123.906,135.094,71.4114,81.0763,2.30869,447.75,359.892,164.28,67.334,29.6019,34.79,43.5331,10.0494,21.9681,156.13,232.734,11.345,52.9063,65.4725,96.9428,58.1977,55.6636,47.1127,16.4955,52.8906,109.158,40.3669,63.7682,84.3928,89.0631,25.5711,7.61278,33.9892,45.3571,221.516,139.455,68.6037,2.9208,210.38,259.251,43.911,3.67778,12.0989,24.628,7.10223,28.504,95.2805,124.717,456.565,237.068,18.9293,27.6737,128.751,47.128,430.103,23457.6,40788.3,4125.22,87.998,95.6744,38.3514,67.079,15.3075,377.773,264.317,125.268,17.9936,12.7581,40.2464,54.7729,54.9408,55.0929,166.287,136.601,3.65803,84.7111,102.778,169.87,92.7895,70.0906,37.808,31.1756,67.856,132.775,135.694,97.2432,37.7694,67.7146,18.8162,6.28303,44.8562,18.4041,78.2473,53.989,44.4786,4.8466,153.352,178.487,23.7932,22.7392,0.0950868,26.061,11.7846,63.0555,107.469,156.759,564.731,181.379,44.3367,27.8051,170.01,78.0251,951.458,24932.5,29564.8,1769.31,79.9969,125.976,31.3849,59.1628,52.7589,464.449,315.994,154.693,21.3562,3.37394,42.9231,45.7995,39.6153,64.9742,119.666,36.08
187.245714286,18.4885,12.4495,76.139,35.0462,18.744,143.078,325.614,101.609,30.2016,50.3278,176.361,198.598,63.3771,36.7547,6.79073,11.5489,133.71,64.4457,16.9002,50.7135,123.132,11.4549,1.5634,49.6285,55.0877,146.851,114.629,53.0578,32.5741,166.95,360.873,98.3315,0.470046,17.0756,66.8616,8.28507,32.3171,70.7568,112.475,431.053,366.695,26.4006,29.5996,104.436,24.9191,354.928,18772.2,45983.1,8676.28,66.2438,75.686,40.2343,63.9335,21.5209,418.903,251.256,131.063,22.3615,23.708,28.9786,64.7088,15.0444,16.0774,209.282,216.399,18.1322,46.0247,34.9615,98.9524,81.0153,78.8161,35.2986,10.8454,25.7027,131.794,63.3677,59.7814,109.933,89.0731,7.98598,1.60015,37.9325,75.7096,228.119,110.963,57.3003,25.3743,177.827,295.098,72.4913,2.51619,16.2979,36.4622,1.41592,17.555,71.7342,59.6425,404.992,240.444,28.5965,8.26073,97.3949,4.00364,663.633,24021.8,40967.5,4851.25,27.7793,51.686,12.5622,58.2394,46.2192,356.516,177.777,116.537,3.83351,4.56893,39.9006,79.1551,45.6495,71.0157,235.618,134.366,12.6575,76.8662,59.2436,170.122,130.812,98.9167,18.752,20.9858,36.711,145.509,126.511,112.015,81.1924,62.423,10.254,0.398724,47.0145,37.8904,86.0179,36.1582,44.2968,20.758,113.896,199.389,20.5669,31.5748,5.93234,36.2792,2.66139,40.0208,76.4207,67.5904,521.015,175.892,39.3885,2.0417,120.339,7.89251,1374.3,25364.8,29902.1,2356.37,14.7799,77.127,4.44408,51.1098,63.8775,416.51,205.112,141.07,7.12516,0.532661,58.7598,71.7616,32.8125,74.5231,175.943,48.0415
188.731791383,10.7436,4.38061,106.781,41.6465,24.6743,210.802,270.225,97.3103,46.0188,28.1264,155.5,217.797,74.9415,54.252,18.3959,9.71601,158.843,47.7666,20.3916,49.7921,159.098,3.84007,19.2729,70.0843,53.5925,181.945,80.741,44.7125,47.7703,162.436,315.068,153.934,16.164,61.1756,85.5691,3.90217,27.1332,13.211,110.592,363.35,451.787,10.4203,70.713,201.754,37.5656,521.37,18014.4,47742.1,8200.1,132.105,122.292,97.6317,77.2776,15.7904,569.261,96.5201,149.128,5.19583,9.67382,14.0481,105.652,30.825,19.6967,262.424,187.549,27.039,40.7268,15.4693,98.7978,105.015,78.5347,50.2008,20.1337,22.3294,163.493,58.6183,66.3688,93.2324,114.222,8.30541,23.1086,56.0946,70.17,264.102,56.8057,58.1628,44.7161,158.388,263.87,135.476,15.0919,47.1086,41.3151,1.20421,19.9321,19.2868,40.2889,428.439,273.651,11.3048,50.8911,190.373,21.2259,804.016,23415.7,42418.8,4525.14,55.9503,103.018,40.926,64.9029,39.9269,507.535,36.06,134.232,0.318824,1.08752,22.4507,121.448,28.5778,89.8186,308.161,129.757,19.6625,69.6516,19.7779,164.161,156.894,110.145,25.8358,25.8333,27.1063,141.327,98.2338,119.46,107.339,89.4356,20.1778,25.5445,51.7913,38.9542,124.364,5.58839,57.3178,31.7116,91.9902,164.037,58.8675,73.7687,44.8204,33.636,1.281,36.8454,25.1307,9.77358,624.971,161.205,12.6342,38.3633,190.666,19.2835,1476.93,25159.5,30652.7,2316.75,34.216,125.18,37.123,30.4445,56.7183,514.706,53.2701,141.147,4.38004,4.16542,53.2949,118.343,21.2034,91.9277,236.326,64.9052
190.217868481,14.5196,4.21308,163.419,67.4012,45.8553,288.272,175.713,108.003,41.7212,29.6602,153.323,272.211,43.6244,120.243,71.7797,63.2911,174.547,25.0193,25.4129,35.298,201.126,58.6128,95.7187,145.984,12.0606,287.436,67.9294,61.8691,30.5313,186.44,208.319,228.468,68.2681,148.818,135.134,0.636211,38.3613,11.8476,195.576,450.469,938.446,41.4542,311.764,791.078,596.868,1023.56,15765.7,54225.1,5421.89,812.387,870.942,616.594,248.32,104.062,1036.47,108.332,222.013,22.1406,0.788022,13.3151,171.253,60.0346,42.6685,317.417,138.726,38.9131,27.2544,17.5109,111.149,144.872,48.5495,110.275,60.687,74.8179,191.123,35.9679,76.038,51.1865,153.425,63.3515,117.349,124.305,20.8256,387.801,25.2527,76.9669,33.485,167.667,173.163,231.534,63.6765,114.65,75.1762,9.68884,50.5907,3.73073,94.6293,566.91,640.491,52.9531,328.386,771.324,469.286,868.509,22508.4,47853.2,2406.68,627.763,759.896,463.306,203.373,179.982,846.675,19.5471,177.469,3.44122,8.71299,21.3297,165.111,22.2939,99.7417,396.907,114.798,25.0267,54.2658,4.88671,159.06,168.116,96.3711,67.4521,47.1732,55.3974,131.945,55.2097,141.808,84.9407,155.941,92.7363,140.923,94.1338,35.7027,244.527,16.5565,90.5823,16.5902,96.627,96.6455,149.987,161.15,140.423,53.5992,5.14163,47.8802,18.9941,60.8837,885.765,407.936,61.2694,308.813,731.659,405.096,974.955,25441.6,33669.6,1080.82,449.279,669.18,384.99,111.816,232.078,732.844,32.7519,158.439,12.6003,3.15242,62.3231,163.373,20.2101,103.144,326.363,75.1334
191.703945578,80.3853,61.1761,232.574,85.4749,75.2426,410.021,68.8443,152.217,12.2018,60.6695,246.181,407.695,25.3943,279.533,187.668,157.704,178.654,7.25321,34.7341,15.5663,248.983,191.029,262.187,325.075,15.0745,504.149,175.493,127.73,4.66022,256.842,74.2104,348.145,148.651,225.163,233.824,39.1473,123.341,181.353,533.372,1120.63,1804.7,329.771,833.525,2047.59,2597.52,2971.25,15496.1,69236.1,2941.91,3457.98,2878.36,1652.78,686.66,462.854,1953.21,637.906,516.326,123.597,34.5533,85.3089,246.05,74.961,75.1013,409.127,81.3824,62.0054,5.8123,41.1834,183.334,231.867,36.5357,245.453,146.028,161.155,213.244,10.3726,93.5758,10.7633,200.416,197.041,319.374,299.399,26.051,642.961,126.898,147.29,16.0972,225.139,72.9047,383.363,134.892,175.682,160.461,64.0323,179.394,148.664,364.737,1189.5,1291.35,316.636,882.944,2078.25,2385.27,1946.38,24902.1,61110.5,583.272,3117.84,2472.93,1299.53,560.835,556.988,1573,362.646,377.44,56.5796,60.0548,88.1298,185.063,20.3694,97.9069,535.114,102.607,41.4214,26.7967,10.3571,186.231,183.131,80.5879,165.569,83.2705,89.3152,135.015,24.0053,192.556,32.7901,271.922,276.775,391.307,242.475,117.518,507.627,168.268,189.004,7.77904,143.327,59.6916,310.907,264.322,251.088,132.805,42.1557,121.278,175.365,381.756,1620.24,913.818,294.292,814.419,1951.66,2152.77,899.398,29122.4,42115.4,2.46423,2392.06,2053.74,1029.54,387.056,624.462,1312.48,319.167,303.517,64.7144,11.5907,126.858,181.041,22.4867,115.228,466.383,92.2495
193.190022676,317.275,270.841,366.398,43.5034,137.244,663.222,22.2588,218.863,3.56345,107.068,443.683,713.519,146.874,585.422,355.912,242.034,177.47,7.57592,48.3852,9.49351,318.038,349.054,483.537,670.477,221.967,916.937,414.769,215.777,32.7297,398.994,8.07181,615.239,228.657,203.766,456.036,217.07,387.636,599.931,1158.92,2458.4,3433.44,1172.68,1592.18,3257.01,6051.68,8235.91,24323.1,97589,7016.6,9366.92,5537.72,2676.33,1507.38,1492.36,3537.44,1788.78,1074.69,401.216,207.549,312.063,379.006,37.2713,139.347,595.765,41.4566,80.7977,1.70681,69.9923,341.91,451.079,139.24,481.393,259.669,229.543,236.892,6.97565,119.133,2.69464,260.019,370.719,599.428,657.969,266.041,1087.22,386.821,256.56,55.9742,387.711,73.0981,693.918,185.743,166.797,367.004,271.429,487.596,524.592,885.143,2334.99,2647.85,1046.39,1565.71,3341.87,6119.77,6401.06,37388,87313.2,4286.95,8578.77,4577.76,2125.54,1287.12,1552.73,2788.93,1152.68,772.318,243.504,236.146,297.157,217.906,13.4046,146.554,740.952,107.123,55.2724,18.1898,19.7991,271.958,273.057,121.113,342.172,135.2,90.716,154.017,57.9255,289.903,16.7812,450.288,525.708,726.604,592.946,455.447,981.42,467.23,340.892,71.9016,302.413,164.023,616.488,292.53,326.792,351.082,191.854,329.359,532.135,1002.59,2894.45,2105.97,898.008,1358.62,3109.32,5767.17,3824.52,41551.4,60488.4,2677.12,6662.84,3676.69,1665.25,974.315,1560.63,2355.58,998.091,627.602,205.814,95.0746,289.782,192.27,18.7985,183.831,644.302,125.726
194.676099773,677.175,702.026,714.553,6.41379,360.059,1237.96,170.182,285.594,8.1965,116.504,803.621,1337.81,551.728,926.552,542.817,319.35,143.087,34.9818,75.4655,39.5786,366.823,521.051,696.273,1060.24,788.413,1713.06,809.954,220.16,91.0791,669.071,258.216,1240.27,338.738,151.617,940.264,621.595,754.585,1121.86,2162.65,4589.49,5405.91,2542.27,2713.34,4087.85,9369.58,17691.4,50255.4,145235,24570.7,17561.6,7496.22,3843.02,2652.79,2943.25,5581.48,3742.31,1887.18,770.544,506.002,744.593,719.31,6.16441,359.554,1003.94,59.2422,71.2535,5.15894,95.7368,695.351,914.165,446.772,727.174,387.039,267.203,234.499,50.7429,156.603,36.881,308.699,575.812,856.65,1107.4,913.808,1916.39,763.008,277.242,153.745,749.176,455.92,1356.06,227.999,162.887,809.706,707.537,876.412,1024.63,1768.2,4067.86,4291.87,2269.03,2614.05,3980.49,10111.8,16257.6,67804.3,132494,19175.1,15559.1,5968.28,3248.74,2312.33,2801.93,4424.83,2557.2,1317.42,517.689,527.228,712.123,406.921,56.4667,402.932,1061.25,99.0408,36.2677,49.7807,47.8046,518.398,509.776,283.745,531.478,215.285,62.037,180.7,205.442,438.179,100.753,661.088,807.242,1007.15,1088.19,1213.06,1858.63,841.42,387.361,233.74,716.32,690.202,1193.48,199.543,439.417,799.3,511.054,599.173,966.278,2022.57,4734.32,3678.93,1895.45,2177.11,3566.49,9944.06,12496.6,69151.1,93892.4,12893.7,11857.1,4733.28,2605.27,1778.13,2657.74,3927,2240.79,1062,377.375,271.805,594.877,305.414,41.5342,422.479,838.235,136.956
196.162176871,1110.9,1283.47,1302.75,209.745,970.044,2287.49,714.224,414.233,5.4345,105.179,1412.82,2446.66,1276.01,1092.35,716.294,408.586,70.4666,104.851,139.78,107.063,331.492,704.187,857.231,1266.45,1749.43,3060.23,1433.92,137.265,164.92,1169.33,1172.52,2419.76,647.435,321.557,1617.16,1204.38,1212.73,1636.26,3101.27,7126.94,8029.54,3685.83,3471.29,5164.13,10464.7,29192,98234.9,218416,58893.8,24212.3,8177.81,5370.08,3216.47,4375.7,8324.01,5970.26,2677.94,1197.96,874.428,1313.08,1332.25,207.525,955.74,1714.42,243.231,81.1885,14.6251,167.045,1336.04,1781.03,960.447,813.992,528.792,270.741,193.024,169.13,223.636,83.3966,305.782,812.615,1006.11,1432.79,2022.64,3277.45,1271.36,173.61,314.558,1426.33,1598.15,2552.92,410.095,363.302,1403.84,1284.93,1364.71,1516.01,2594.29,6159.75,6443.25,3204.3,3469.7,4674.22,11722.7,30624.4,121544,202285,47239.6,20213.6,6655.41,4691.29,2791,4082.55,6577.02,4130.97,1875.83,856.525,858.494,1270.85,896.985,329.648,1070.15,1481.88,100.163,15.7002,122.55,152.304,995.322,1017.9,582.079,608.103,323.983,31.556,232.54,506.193,649.621,268.62,792.72,1113.21,1120.35,1518.12,2454.5,3276.14,1265.31,268.229,531.409,1554.95,1975.89,2169.89,120.182,721.656,1360.2,953.091,967.278,1343.16,2975.9,7067.68,5749.49,2571.24,2885.57,3910.39,11989.3,27247.2,116944,146732,31459.9,14751.3,5510.29,3741.52,2087.7,3858.44,6055.34,3674.05,1526.28,568.486,480.783,1000.55,672.914,230.702,956.921,983.528,119.218
197.648253968,1595.25,1731.96,2026.09,922.552,2282.19,3903.72,1608.44,603.291,28.9158,122.526,2282.64,4231.18,2233.43,929.888,911.134,474.66,21.0243,191.481,230.488,208.777,231.711,832.597,990.633,1118.48,3055.41,5087.98,2241.26,65.3251,305.883,1834.68,2809.45,4314.78,1486.93,945.043,2299.53,1706.43,1750.08,1932.44,3612.17,9705.6,10490.6,4493.65,3431.69,6140.45,9266.51,38471,166611,319090,106508,25834.4,8287.69,6212.9,3246.61,5372.22,10987.2,8245.78,2997.28,1595.74,1282.93,1725.33,2152.22,948.082,2235.16,2785.81,567.064,118.711,32.4347,301.251,2337.2,3260.54,1559.14,650.161,722.621,220.206,169.385,321.468,305.608,134.033,248.992,1027.78,1044.27,1436.84,3550.11,5219.13,1859.62,48.9473,577.032,2369.38,3563.82,4412.26,1030.77,921.675,1960.48,1761.96,1936.75,1760.59,3122.4,8228.67,8402.13,3893.96,3442.06,5506.17,10276.3,45279.6,197953,297897,84144.4,19877.8,7375.35,5307.54,2913.01,4924.01,8638.39,5740.22,2087.76,1210.65,1182.74,1691.13,1717.51,1125,2384.82,1947.49,96.7045,22.254,171.725,354.667,1828.06,1949.48,897.476,519.775,485.603,38.5527,317.748,864.595,958.716,476.964,751.333,1403.62,1034.95,1691.97,4163.47,5178.38,1685.49,104.162,971.116,2806.08,4092.8,3657.66,344.094,1248.34,1829.24,1354.03,1427.1,1445.82,3657.8,9416.17,7752.42,3030.74,2810.95,4495.53,10737,44842.3,185467,219376,54527.1,13661.2,6514,4175.58,2111.45,4692.41,8298.29,5140.51,1715.2,783.587,654.993,1311.73,1391.31,856.378,1940.46,1008.8,93.8049
199.134331066,1999.13,1821.44,2735.12,2288.11,4309.21,5874.34,2738.45,806.457,80.6659,199.672,3323.03,6790.9,3307.29,504.723,1142.54,488.363,6.42138,271.125,374.995,288.935,130.816,827.422,1131.69,666.197,4572.06,7861.48,3055.87,74.1838,449.712,2618.9,5013.09,6605.06,3013.84,2087.14,2855.66,1878.36,2199.01,2016.14,3352.62,11852.3,12567.1,4114.18,3270.07,5689.72,7501.73,40806.6,245581,444445,156502,21540,8105.78,5637.68,3122.54,5073.84,13678.9,9728.8,2745.51,1852.58,1614.25,1780.94,3031.92,2407.08,4181.68,4169.9,1024.43,155.596,48.3791,476.613,3702.29,5518.6,2107.14,350.809,930.557,164.178,144.01,474.861,413.908,144.233,195.957,1095.04,1063.52,1074.39,5385.58,7640.25,2382.59,5.00213,843.742,3548.75,6095.08,6568.24,2286.49,1865.04,2329.48,1928.73,2411.23,1794.51,2968.92,10071.1,9788.25,3613.61,3208.8,5155.89,7709.2,53702.9,288570,415726,119303,15132.1,7625.82,4799.73,2822.15,4666.85,10768.7,6618.04,1960.4,1446.57,1407.68,1793.99,2716.95,2637.35,4275.62,2531.64,85.672,49.1174,156.907,643.459,3083.86,3450.7,1125.24,342.005,691.026,97.9123,370.631,1243.51,1333.49,596.058,633.837,1495.28,899.242,1493.98,6216.6,7380.51,1972.72,16.1377,1400.04,4468.27,6754.28,5349.18,1116.32,1994.78,2063.03,1548.67,1828.62,1353.48,3623.81,11722.7,9101.99,2782.88,2468.57,4344.63,7735.04,58669,269054,307984,74107.2,9873.52,6825.76,3904.98,1838.31,4761.14,10710,5918.27,1642.49,937.263,725.782,1436.26,2367.85,2122.67,3309.02,1080.26,71.2988
200.620408163,2427.13,1387.09,3340.33,4344.78,6542.28,7554.34,3994.14,1002.25,111.023,294.828,4526.3,9887.19,4389.23,109.572,1341.21,482.242,18.1501,324.509,558.902,330.556,51.1314,720.04,1220.03,214.09,6080.63,11192.2,3852.04,110.529,485.462,3526.3,7411.35,8406.62,4983.71,3818.36,3126.53,1589.74,2618.29,1639.36,2771.16,12328.4,14659.6,2521.78,3393.19,3624.86,6178.64,35677.4,322389,577220,199450,13420.2,7467.71,4002.22,2911.24,4050.25,15904.5,9704.52,2235.6,1703.4,1960.94,1319,3887.94,4622.73,6274.86,5456.09,1679.39,213.436,35.3673,648.017,5465.78,8394.18,2599.48,132.507,1081.43,146.787,126.503,578.456,539.633,114.232,155.907,999.812,1082.3,604.259,7236.41,10264.7,2782.01,33.6134,990.054,4883.53,8660.46,8189.87,4016.37,3250.05,2366.31,1713.99,2818.17,1405.41,2522.57,10497.9,11275.8,2085.87,3345.87,3239.66,5560.17,53223.3,379778,540128,145087,8439.34,6804.09,3796.04,2383.93,4093.44,12137.7,6503.56,1609.75,1397.18,1605.68,1404.2,3814.34,4846.02,6196.14,3190.07,157.992,110.486,82.2611,1004.03,4751.12,5402.33,1319.41,220.712,910.179,193.337,373.521,1537.53,1754.25,560.758,504.233,1327.21,787.724,1080.05,8300.21,9651.27,2035.71,12.1081,1682.26,6502.18,9260.01,6563.06,2452.56,3019.92,1872.4,1548.72,2097.57,1005.99,3125.79,12864,10422.1,1572.03,2375.43,3047.84,4607.38,64970.1,355250,400482,85632.4,5491.99,5794.05,3454.13,1235.4,4869.29,12246.7,5887.94,1348.31,933.297,747.949,1240.07,3564.28,4022.38,4650.48,1337.69,117.737
202.106485261,2767.84,701.546,3796.17,6717.51,8254.92,8340.27,5088.75,1204.96,88.2928,412.523,5855.82,12795.6,5471.63,16.7307,1481.95,461.704,38.1904,355.616,732.637,341.915,12.5188,550.177,1233.91,58.0276,7485.54,14352.6,4737.3,141.462,421.603,4461.61,9382.58,9032.19,6754.25,5891.06,3155.6,1038.74,2890.76,1012.69,1998.65,11201.7,16145.8,1084.57,3828.95,1168.29,5727.71,27715.9,383955,685792,231790,5350.07,6954.32,1981.69,3037.34,3409.82,17026.5,8224.39,1633.22,1264.34,2242.01,616.346,4614.62,7181.96,7846.39,6184.54,2450.31,352.3,4.58542,881.545,7492.08,11266.4,3181.51,150.81,1162.61,166.839,112.817,613.074,649.717,78.4229,127.022,788.016,1105.66,363.794,8822.86,12468.9,3135.49,86.063,1012.35,6102.78,10552.9,8681.66,5642.9,4881.89,2190.77,1302.61,3070.49,796.987,1857.75,9600.27,12450,553.786,3796.61,1104.42,4450.13,47941.1,454359,642619,162076,2516.81,5786.05,2636.14,2195.86,3881.75,12363.2,5401.45,1181.74,1144.13,1733.57,770.65,4811.14,7252.53,7583.32,3731,389.231,217.473,11.5516,1447.08,6610.77,7391.97,1616.98,271.8,1119.96,292.932,313.507,1700.34,2115.39,432.576,391.382,981.824,704.891,773.744,10034,11544.9,1989.52,34.924,1871.04,8506.08,10863.3,6827.88,3979.96,4169.15,1436.9,1417.18,2179.4,554.545,2279.45,12747,11479.7,350.512,2470.81,1602.1,2335.97,66011.7,425623,476375,91514.5,2216.3,4372.73,2913.6,1014.07,5375.25,12540.6,4990.34,979.074,792.416,738.986,898.223,4777.38,6110.86,5584.86,1744.07,325.595
203.592562358,2966.21,176.768,4134.86,8728.45,8846.17,7918.64,5697.82,1427.45,33.1145,593.075,7068.15,14721,6445.68,365.805,1543.16,431.221,49.7245,370.653,838.673,341.099,18.405,365.097,1169.82,366.762,8617.84,16511.8,5675.77,189.979,352.612,5285.06,10309.9,8230.46,7686.99,7772.79,3112.7,564.197,2974.06,413.352,1258.53,8974.84,16680.7,1043.91,4395.56,38.8544,6233.86,23750.2,418154,738409,252054,1733.95,7102.03,894.171,3716.79,4069.54,16632.9,5915.76,1112.26,752.112,2416.48,85.9352,5166.51,9344.05,8361.85,6057.88,3142.4,610.049,16.43,1275.27,9358.77,13386.6,3899.82,453.638,1173.63,202.371,97.2952,583.323,708.376,70.9027,105.84,535.449,1118.15,594.614,9817.08,13670.6,3457.77,123.645,960.676,6929.49,11179,7840.98,6565.09,6367.93,2032.59,987.942,3144.57,252.959,1173.31,7773.14,13150.5,247.405,4373.07,416.57,4620.16,45112.7,495330,694240,173738,51.7986,5557.38,2110.36,2735.73,4578.5,11302.9,3735.98,837.334,837.096,1801.69,256.377,5529.74,9111.06,7998.32,3944.85,768.901,369.473,24.2878,1979.18,8205.91,8895.84,2094.24,525.951,1273.29,369.901,213.612,1715.4,2308.74,319.865,315.07,586.844,636.455,839.667,11055.8,12616.8,1982.41,41.4098,2058.57,9964.95,11080.7,6004.92,5170.16,5193.26,1055.42,1279.99,2090.54,175.6,1393.22,11444.1,12278.1,62.0016,2703.28,1132.51,1565.78,66752.5,461997,514895,96619.5,1347.2,3714.66,2648.02,1749.39,6519.52,11440.1,3570.83,674.654,597.486,748.022,660.374,5748.54,7728.41,5836.91,2140.88,709.686
205.078639456,2982.41,152.093,4379.18,9705.93,8116.12,6416.25,5628.48,1637.78,3.86945,854.103,7819.86,15086.5,7105.86,1057.93,1510.72,394.334,43.7416,371.384,843.134,339.508,50.1249,209.402,1041.84,1061.44,9239.56,17045.8,6474.06,301.844,399.479,5797.02,9902.95,6301.02,7440.92,8879.91,3148.81,471.177,2859.93,105.428,659.979,6514.28,16007,2894.57,5077.83,1035.56,7410.67,28567.4,417198,716688,258758,5346.22,8049.77,1628.89,4917.38,6011.31,14930.9,3580,736.747,423.627,2448.13,65.6874,5501.08,10374.9,7668.2,5082.9,3536.93,965.696,133.956,1843.46,10531.4,14132.7,4642.3,935.208,1117.43,226.048,77.4809,506.505,695.659,105.492,85.452,321.003,1093.85,1266.76,9970.97,13516.6,3699.63,128.92,918.926,7132.88,10355.5,5972.95,6432.14,7265.81,2086.69,999.666,3050.48,29.3927,585.231,5788.12,13050,1808.21,5133.87,1835.89,5885.71,50165.1,491828,677651,181907,2625.63,6563.21,2897.73,4082.26,5947.41,9437.56,2032.11,651.715,653.31,1811.72,162.428,5844.46,9753.29,7337.94,3696.06,1189.47,552.623,170.963,2529.01,9049.11,9464.88,2685.34,899.374,1328.91,403.068,119.403,1594.63,2270.74,309.428,276.057,259.322,566.125,1324.73,11105.7,12594,2099.42,24.2952,2305.85,10433.5,9905.58,4383,5582.81,5815.61,981.111,1249.03,1890.91,5.3617,680.158,9533.01,12441.7,1252.72,3226.8,2051.19,2420.23,70920.6,453533,503483,103809,3384.78,4388.38,3168.59,3495.38,7852.84,9459.95,2052.89,515.889,461.756,802.083,711.191,6251.07,8290.49,5352.1,2329.65,1174.83
206.564716553,2787.56,676.968,4512.76,9311.3,6340.85,4358.36,4888.31,1782.99,47.8476,1150.03,7847.52,13747.4,7228,1803.18,1381.64,350.585,23.7641,359.81,739.042,343.961,76.8017,106.813,875.869,1840.36,9161.09,15735.1,6886.03,503.935,610.688,5814.41,8344.3,3931.03,6142.86,8825.66,3319,843.091,2548.7,181.376,273.354,4531.84,14127.9,5964.79,5935.29,3753.53,8843.59,41154.8,381052,623479,250047,15547.2,9461.36,3830.52,6449.53,8575.94,12220.2,1906.76,503.263,421.425,2315.37,597.921,5565.93,9924.87,6027.93,3600.8,3466.7,1347.57,372.607,2455.01,10621.3,13258.2,5151.37,1398.33,998.656,219.508,50.9586,414.002,606.654,170.576,62.0896,189.274,1015.35,2069.11,9247.93,11988.9,3778.5,116.119,946.986,6603.96,8420.73,3714.37,5338.17,7253.02,2401.41,1378.73,2785.73,193.2,207.347,4214.79,12062.5,4692.67,6093.33,4919.84,7909.63,62276.5,444048,594668,184372,9944.18,8521.96,4690.01,5896.82,7522.91,7184.93,792.895,603.168,682.629,1761.73,541.685,5689.18,8962.73,5831.48,3032.21,1476.82,735.381,439.146,2944.04,8847.88,8923.41,3175.12,1243.22,1266.88,385.666,65.6631,1386.09,1994.09,418.907,259.001,65.1769,487.75,1988.03,10193.1,11424.8,2316.05,18.9539,2592.6,9704.72,7822.79,2517.3,5103.96,5829.89,1267.86,1368.05,1634.38,53.1981,286.255,7488.47,11854.3,3503.6,3999.82,4068.82,4703.04,77675.5,401716,443406,111097,7979.26,6207.85,4365.46,5677.41,8928.82,7093.04,888.352,481.216,449.529,902.079,1056.08,6135.38,7621.85,4284.21,2197.81,1549.93
208.050793651,2453.61,1465.5,4438.89,7715.51,4150.87,2390.39,3698.37,1801.93,170.303,1401.24,7047.9,11112.7,6653.89,2267.59,1175.19,298.494,8.94204,319.879,574.554,334.385,81.4665,54.1096,709.454,2339.15,8283.55,12958.1,6657.9,791.49,922.185,5274.84,6168.76,1868.65,4295.87,7656.03,3495.95,1451.86,2152.31,495.508,62.9316,3240.93,11616,8631.36,6723.58,6997.53,10343.4,54998.4,316695,483550,223952,28165.5,10745.6,6514.2,7838.52,10294.9,9337.35,1049.54,339.704,676.176,2067.56,1401.02,5282.09,8197.92,4013.85,2081.82,2939.57,1630.86,678.742,2912.21,9510,11056.5,5126.37,1655.38,827.627,184.394,24.9188,317.237,477.737,224.465,40.0111,132.886,898.236,2581.91,7792.14,9498.3,3572.72,132.643,1017.56,5470.46,6002.89,1766.15,3721.97,6345.6,2802.91,1899.92,2434.92,574.63,37.3013,3230.3,10458.7,7469.18,6956.71,8372.53,10467.1,74565.5,362783,466785,175637,19554.5,10495.5,6710.84,7529.53,8360.45,5177.8,175.971,590.3,871.547,1657.49,1170.03,5080.67,7055.82,3966.96,2133.62,1502.17,870.242,739.572,3078.11,7618.88,7458.56,3305.05,1421.29,1084.98,338.217,70.5838,1113.62,1577.04,565.61,242.453,3.93487,417.605,2446.49,8541.73,9371.1,2481.23,85.7863,2773,7991.81,5495.05,996.426,3961.75,5229.14,1730.4,1543.81,1398.4,204.584,168.549,5666.49,10540.8,5750.35,4747.91,6279.41,7972.46,81900.5,319692,349880,112494,13826.3,8253.78,5715.99,7482.2,9078.11,4986.65,234.936,486.383,551.564,1004.01,1514.98,5410.59,6007.35,2955.83,1761.49,1674.13
209.536870748,2076.32,2077.77,4053.01,5485.9,2241.83,964.273,2418.3,1638.32,339.201,1516.44,5569.33,7946.55,5395.08,2257.08,930.815,240.224,14.6735,244.536,406.537,287.979,66.1346,38.2319,566.644,2349.38,6670.58,9504.14,5709.79,1097.41,1196.7,4278.26,4002.11,576.158,2555.59,5760.37,3491.75,1906.54,1790.27,755.3,5.59176,2517.45,8876.15,9587.45,7228.29,9062.1,11934.2,61821,236627,332487,181342,37391.3,11415.2,8523.78,8396.39,10294.9,6732.68,829.616,221.36,944.772,1765.41,2048.71,4600.59,5828.49,2239.92,900.7,2149.66,1683.92,959.087,3024.47,7465.69,8180.4,4422.94,1613.18,631.878,135.799,10.8137,220.409,349.766,224.764,30.2284,119.965,762.582,2542.33,5876.95,6693.43,3030.53,215.159,1043.64,4036.48,3742.49,552.936,2181.37,4830.18,3037.38,2210.04,2094.18,869.546,54.1725,2692.69,8439.27,8792.65,7575.65,10357.4,13341.7,78310.3,265820,325888,151417,27667.6,11383.2,8273.14,8102.18,8002.68,3640.25,88.3764,535.208,1058.24,1481.95,1708.17,4095.85,4735.56,2257.25,1232.09,1262.98,907.561,946.024,2861.24,5706.63,5511.87,2932.82,1362.65,826.479,280.696,121.637,806.651,1141.42,627.665,220.416,24.839,373.934,2432.57,6476.51,6909.01,2430.76,262.402,2662.19,5828.88,3456.52,167.263,2635.37,4150.29,2103.36,1594.78,1222.09,306.48,219.701,4188.58,8611.34,6868.35,5384.07,7414.29,11470.9,77772.3,226975,245747,102268,18942.9,9285.74,6826.93,8010.22,8105.29,3399.33,58.9601,447.026,686.055,1025.16,1850.1,4224.9,4053.13,1709.44,1159.33,1494.13
211.022947846,1737.87,2162.15,3356.68,3307.89,998.229,229.464,1372.42,1281.06,504.577,1405.04,3815.36,4993.54,3716.3,1814.43,686.312,177.25,41.7382,154.53,265.085,203.738,49.2958,37.1924,453.983,1916.52,4624.82,6197.62,4236.38,1308.4,1294.33,3042.38,2315.14,103.066,1335.51,3732.23,3157.13,1920.38,1509.86,739.391,83.0151,1972.94,6469.3,8214.03,7438.13,8761.05,13453.8,56813.8,155499,202048,127934,39107.9,11357,8787.76,8017.6,8339.67,4796.66,795.896,170.591,973.629,1486.93,2167.27,3635.9,3520.21,1057.16,240.999,1356.2,1444.62,1139.55,2657.21,5102.2,5306.21,3202.03,1310.19,441.224,91.106,16.2495,134.098,239.149,168.096,40.0342,109.795,625.529,1994.61,3851,4197.56,2221.25,363.238,933.732,2638.03,2060.3,106.246,1102.75,3190.28,2878.82,2096.65,1785.45,863.86,214.633,2225.74,6461.58,7898.09,7907.53,9748.37,15949.5,68732,171988,201367,112986,31065.2,10802.9,8607.44,7420.47,6420.62,2659.82,217.79,423.847,1059.88,1266.37,1829.7,2965.85,2661.83,1032.16,542.036,870.459,809.83,994.644,2276.62,3706.62,3531.52,2161.5,1090,554.252,224.214,176.651,518.316,764.112,536.685,200.79,57.8296,364.484,1955.73,4342.45,4579.51,2056.15,543.572,2164.61,3777.65,1989.89,17.987,1512.15,2917.16,2125.51,1432.38,1061.33,283.666,300.664,3008.68,6431.54,6278,5771.68,6836.3,14177.4,62977.9,142242,152451,79411.4,21501.5,8715.92,7203.1,7068.21,6218.63,2387.85,125.482,337.267,731.536,948.817,1830.25,2915.07,2300.87,791.07,593.317,1092.17
212.509024943,1346.02,1817.55,2283.5,1747.23,440.877,40.3081,649.762,831.357,597.431,1107.03,2210.74,2684.77,2114.14,1154.55,452.739,131.87,57.9546,95.4054,138.752,117.279,45.6948,43.0372,343.815,1270.69,2697.68,3491.08,2677.33,1307.19,1212.26,1816.37,1208.41,157.341,741.098,2122.2,2310.7,1640.31,1140.77,580.294,217.118,1533.44,4142.85,5898.24,6567.9,6933.37,13581.8,42301,87523.7,106332,76354.8,32501.9,10756.7,7123.35,6778.48,5575.57,3170.11,777.922,215.822,748.45,1192.24,1801.14,2403.95,1872.52,481.173,36.5476,699.69,1039.77,1119.33,1946.46,2973.59,2934.55,1902.7,855.765,280.069,66.0751,28.7912,77.3358,129.973,109.376,50.8964,100.689,459.762,1251.06,2129.07,2272.98,1387.08,500.016,756.237,1444.75,1027.84,147.73,603.42,1840.96,2166.48,1739.79,1329.71,719.804,378.765,1787.52,4306.9,6008.06,6975.13,7741.85,16306.9,49510.3,95945.5,107901,70886.4,27702.5,9656.06,7059.94,6059.29,4248.8,1916.57,348.002,364.179,805.795,1043.63,1485.53,1820.6,1290.78,366.141,139.907,461.237,625.15,855.232,1502.39,2046.33,1908.1,1284.64,688.542,331.365,173.393,176.194,315.295,435.185,364.953,176.751,75.521,342.139,1297.68,2501.68,2650.32,1504.72,778.28,1508.11,2079.05,1121.37,215.757,859.442,1775.59,1678.42,1173.57,774.644,260.614,363.644,2061.81,4081.02,4915.53,5066.25,5600.33,14171.2,42400,76939.9,81675.6,51246.2,19673.5,7492.82,6051.72,5505.26,3959.08,1677.37,235.179,266.18,586.912,839.022,1399.32,1727.87,1127.24,267.055,195.406,637.677
213.995102041,924.598,1210.64,1225.31,812.398,260.24,80.8539,275.359,447.566,524.316,735.662,1052.59,1168.31,946.84,563.905,252.095,94.6633,49.4847,51.956,61.4912,56.7567,35.9998,49.6403,225.969,678.432,1278.34,1612.69,1428.87,1048.7,925.23,910.627,613.249,290.496,494.567,1052.32,1324.22,1143.69,759.657,390.077,344.357,1004.66,2353.97,3706.87,4270.04,5200.98,10958,24734.1,40808.2,46786.4,37302,20766.9,8977.48,4969.41,4343.6,3380.13,1823.12,646.451,275.832,471.451,843.223,1185.08,1270.21,872.089,273.39,66.7879,315.22,616.105,854.515,1170.9,1425.09,1321.41,888.075,431.908,156.69,49.5591,28.3112,41.8299,60.3447,59.8331,47.0182,88.4556,278.226,623.084,948.282,1000.98,748.46,502.897,539.759,657.373,500.161,253.744,413.892,926.221,1263.26,1195.11,867.984,511.229,494.22,1192.66,2564.56,3944.99,4590.26,5945.49,12959,28393,44681.4,48449.6,36223.8,18891.7,8023.71,4713.04,3884.07,2604.1,1185.35,404.529,299.692,505.965,750.049,934.427,896.47,530.898,115.032,11.587,183.333,388.73,580.899,796.213,921.712,828.581,574.453,325.649,174.861,115.457,120.784,168.403,213.063,199.829,124.775,87.6048,264.683,720.612,1193.41,1274.79,968.066,766.762,905.783,967.077,645.259,355.305,532.632,912.054,1024.09,820.819,486.744,234.912,395.059,1181.3,2337.91,3178.89,3352.18,4560.52,10700.4,22963.2,34765,36474.4,26619.3,13763.5,6114.49,3995.64,3443.25,2316.34,1020.55,301.997,206.686,390.208,630.706,847.429,832.265,467.076,74.792,36.6909,290.942