TIME,30.0463,30.3998,30.7617,31.1323,31.512,31.901,32.2998,32.7087,33.128,33.5582,33.9998,34.4531,34.9187,35.397,35.8887,36.3941,36.9141,37.449,37.9998,38.5669,39.1513,39.7536,40.3748,41.0156,41.6772,42.3604,43.0664,43.7963,44.5515,45.3331,46.1426,46.9815,47.8516,48.7544,49.692,50.6664,51.6797,52.7344,53.833,54.9784,56.1736,57.4219,58.7269,60.0927,61.5234,63.024,64.5996,66.256,67.9996,69.8374,71.7773,73.8281,75.9995,78.3026,80.7495,83.3543,86.1328,89.1029,92.2852,95.7031,99.384,103.359,107.666,112.347,117.454,123.047,129.199,135.999,143.555,151.999,161.499,172.266,184.57,198.768,215.332,234.908,258.398,287.109,322.998,369.141,430.664
0.000000000,0.000309066,0.0503536,0.0381144,0.00101499,0,0.0254773,0.820149,0.553848,0.0176857,0,0.00933741,0.066446,0.0320597,0,2.59864,10.4497,5.86346,0.0926084,0.00568604,0.055781,0.0131731,0,0,0.388867,1.10672,0.387154,0,0,0.00406951,0.0674394,0.0222742,0.0345891,5.20215,11.4799,3.60802,0,0.0328792,0.0611436,0.00305337,0,9.77748e-05,0.544674,0.814185,0.162876,0,0.00980174,0.0396878,0.0585057,0.00161021,0.571325,7.94406,9.59415,1.35865,0,0.047569,0.0578827,0,0,0.0129648,0.77596,0.673353,0.0961519,0,0.00151263,0.0554004,0.0500873,0,2.05211,10.4576,7.21862,0.368819,0.00920973,0.0686221,0.0213601,0.000263064,0,0.301922,0.815924,0.333354,0,0
1.486077098,0.0042497,0.0637533,0.0442735,0.00101499,0,0.0322788,0.899242,0.59036,0.0176857,0,0.0108919,0.066446,0.0320597,0,2.70852,10.8765,6.04407,0.0926084,0.00881513,0.0616168,0.0147899,0,0,0.395006,1.16706,0.402326,0,0.000344203,0.00459495,0.0674394,0.0222742,0.0345891,5.31412,11.6659,3.63656,0.000111996,0.0342101,0.0629143,0.00305337,0,0.000311676,0.601007,0.903091,0.163958,0,0.0102608,0.0403885,0.0585057,0.00161021,0.574527,8.10645,9.76923,1.37069,0,0.047569,0.0578827,0,0,0.0129659,0.868173,0.754582,0.0961519,0,0.00151263,0.0554004,0.0500873,0,2.15155,10.9683,7.59161,0.37198,0.00920973,0.0686221,0.0213601,0.000263064,0,0.303306,0.895225,0.364845,0,0
2.972154195,0.00642046,0.0742298,0.0488814,0.00121496,0,0.0330217,0.918029,0.597572,0.0179931,0,0.0112367,0.0698085,0.0343185,0.000160142,2.73624,11.1105,6.15424,0.0926084,0.00881513,0.068307,0.0149122,8.00306e-05,0,0.401762,1.19416,0.407668,0,0.000391381,0.00523924,0.0712829,0.0245854,0.0345891,5.43514,12.0079,3.67811,0.000111996,0.0410572,0.0769182,0.00310565,2.472e-05,0.000311676,0.609973,0.919208,0.165678,0,0.0105414,0.0439771,0.062065,0.00250186,0.581977,8.34436,10.0749,1.39589,0,0.0527008,0.0581551,0,0,0.0133123,0.880253,0.765889,0.0978204,1.39331e-05,0.00166979,0.0593324,0.0539884,0.00086928,2.20407,11.2956,7.73768,0.37198,0.0130705,0.0796767,0.0230006,0.000303573,0,0.305567,0.907799,0.371104,0,8.28906e-05
4.458231293,0.00642046,0.0818524,0.0505936,0.00182412,0,0.0330217,0.940145,0.622855,0.0180596,0,0.011484,0.0831004,0.0424747,0.000160142,2.7907,11.57,6.36645,0.0940255,0.0114928,0.0798564,0.0152617,8.00306e-05,0,0.403487,1.23029,0.413832,0,0.000451464,0.00588119,0.0844333,0.0267245,0.0345891,5.56884,12.3792,3.74195,0.000111996,0.0479809,0.0800843,0.004482,2.472e-05,0.000311676,0.621064,0.960539,0.166738,0,0.0107324,0.0487557,0.0750963,0.00302545,0.587119,8.54544,10.3787,1.41263,0.000379221,0.0610369,0.0670465,0.000261684,0,0.0134208,0.907322,0.786518,0.0978825,1.39331e-05,0.00223674,0.0635259,0.0632946,0.00086928,2.22914,11.5823,7.95888,0.373303,0.0141189,0.0906366,0.0250495,0.000384415,0,0.307257,0.935211,0.376789,0,8.28906e-05
5.944308390,0.00702396,0.0913865,0.0506799,0.0025246,0,0.0341806,0.979491,0.641234,0.0180596,0,0.0117214,0.0898364,0.0508383,0.000160142,2.84419,12.0351,6.55094,0.0940255,0.0139171,0.089604,0.0168131,8.00306e-05,0,0.406847,1.26733,0.41651,0,0.000451464,0.00604854,0.0963476,0.0338021,0.0346301,5.6864,12.8581,3.85215,0.000111996,0.0481338,0.0824999,0.00496953,2.472e-05,0.000311676,0.629951,0.985767,0.1672,0,0.0107324,0.048921,0.0871942,0.00463335,0.592738,8.78044,10.7597,1.43434,0.000379221,0.0665644,0.0727734,0.000417927,0,0.0134208,0.923402,0.797244,0.0979955,1.39331e-05,0.0027826,0.067209,0.075639,0.00126238,2.26118,11.9699,8.22109,0.378612,0.0146177,0.0985159,0.0250495,0.000811286,0,0.307546,0.964958,0.385616,0,8.28906e-05
7.430385488,0.00751405,0.0983861,0.0537782,0.00258617,0,0.0359389,1.01262,0.657474,0.0180596,0,0.0118186,0.0923332,0.0554664,0.000160142,2.89581,12.4238,6.7684,0.0940575,0.0145944,0.0963729,0.0172885,8.00306e-05,0,0.413033,1.31082,0.42543,0,0.000451464,0.00644282,0.104989,0.0384599,0.0346301,5.89093,13.3154,3.97149,0.000111996,0.0571007,0.0939155,0.00547073,2.472e-05,0.000311676,0.645112,1.02333,0.167715,0,0.0107324,0.0512402,0.0930165,0.00508978,0.592915,9.12277,11.1127,1.46532,0.000379221,0.0766356,0.0780862,0.000908202,0,0.0139479,0.957344,0.82614,0.0979955,1.39331e-05,0.00334491,0.0698969,0.0796291,0.00126238,2.30278,12.4713,8.46598,0.378784,0.0171063,0.110607,0.026396,0.00116106,0,0.310937,1.00985,0.398086,0,8.28906e-05
8.916462585,0.00751405,0.10366,0.0580311,0.00271244,0,0.0362204,1.03782,0.672446,0.0183169,0,0.0122329,0.0975778,0.0579727,0.000160142,2.9818,12.766,6.90896,0.0941431,0.014977,0.100489,0.0173417,8.00306e-05,0,0.416837,1.34157,0.433935,0,0.00051951,0.00680142,0.11238,0.0405426,0.0346301,5.98179,13.5825,4.01667,0.000111996,0.0615802,0.100306,0.00556546,2.472e-05,0.000311676,0.655346,1.04769,0.171068,0,0.0108261,0.0523029,0.0974084,0.00545957,0.594068,9.28082,11.3468,1.4853,0.000465753,0.0775667,0.0783011,0.000922945,0,0.0142583,0.976963,0.843057,0.0989051,1.39331e-05,0.0036588,0.0751052,0.0843448,0.00148818,2.32177,12.6543,8.58968,0.378816,0.0179737,0.114299,0.0266891,0.00117235,0,0.314465,1.03776,0.406233,0,8.28906e-05
10.402539683,0.008965,0.121232,0.0665415,0.00293593,0,0.0366525,1.0537,0.689857,0.0183169,0,0.0123267,0.104847,0.0610441,0.000160142,3.03365,13.1734,7.14539,0.0941431,0.0173109,0.111655,0.0179586,8.00306e-05,0,0.419963,1.36586,0.440801,0,0.00051951,0.00716962,0.115114,0.0412947,0.0346301,6.20894,14.0321,4.10948,0.000111996,0.070054,0.114076,0.00610445,2.472e-05,0.000311676,0.66179,1.06259,0.171614,0,0.0108261,0.0523429,0.102406,0.00545957,0.614138,9.58381,11.6695,1.5053,0.000465753,0.0822052,0.0830483,0.000922945,0,0.0149781,0.994253,0.859041,0.0989051,1.39331e-05,0.00370814,0.0816715,0.0897564,0.00148818,2.37282,13.1101,8.86177,0.381813,0.0189523,0.124702,0.0308854,0.00117235,0,0.31582,1.05111,0.410784,0,8.28906e-05
11.888616780,0.00951852,0.133745,0.0671208,0.00346042,0,0.0366525,1.08292,0.708847,0.0184766,0,0.0123285,0.112259,0.0683045,0.000160142,3.0745,13.6223,7.32724,0.0948915,0.0195306,0.123349,0.0181249,8.00306e-05,0,0.421655,1.39229,0.444087,0,0.00067956,0.00816227,0.130096,0.0478938,0.0346301,6.35344,14.511,4.22612,0.000111996,0.0761408,0.117873,0.00624064,2.472e-05,0.000311676,0.669391,1.08522,0.172806,0,0.0108261,0.0567763,0.113012,0.00681853,0.615045,9.93447,12.032,1.53204,0.000465753,0.093157,0.0920934,0.00129986,0,0.0151699,1.01407,0.87407,0.0991491,1.39331e-05,0.00474571,0.0839935,0.100203,0.00148818,2.39297,13.427,9.0826,0.382957,0.0200068,0.137378,0.0318185,0.00148101,0,0.316857,1.0784,0.418965,0,8.28906e-05
13.374693878,0.00951852,0.133745,0.0677686,0.00339398,9.36106e-05,0.0371133,0.675952,0.412363,0.00522032,0,0.00346207,0.106648,0.0653288,0.000201693,2.78084,12.5026,6.6423,0.0823209,0.0209354,0.125778,0.0134596,0.000348044,0,0.162051,0.759082,0.153383,0,0.00067956,0.00793984,0.130829,0.0443506,0.0329055,5.95122,13.4647,3.76992,0.000111996,0.0799561,0.119177,0.00661169,0.000128108,0.000311676,0.289372,0.632998,0.0426661,0,0.00121635,0.0534965,0.115307,0.00768398,0.53698,9.33547,11.2173,1.42239,0.00115246,0.0932639,0.082656,0.00154471,0,0.0151699,0.542436,0.427887,0.00547423,1.39331e-05,0.00502851,0.0877993,0.102171,0.00192308,2.21662,12.5968,8.37273,0.301965,0.0202278,0.132646,0.0318185,0.00173744,0,0.0457789,0.569869,0.20147,0,8.28906e-05
14.860770975,0.00951852,0.123461,0.0615848,0.00391546,9.36106e-05,0.037251,0.650345,0.430048,0.0138882,0,0.00346207,0.105327,0.0721927,0.000201693,2.41012,11.3014,6.03844,0.0885366,0.0204478,0.117098,0.0139749,0.000348044,0,0.148325,0.730407,0.16758,0.00302204,0.00067956,0.00743914,0.133678,0.047926,0.0329055,5.0996,11.9763,3.25082,0.000111996,0.0735486,0.108586,0.00660113,0.000313004,0.000905077,0.277661,0.616851,0.056073,0,0.00121635,0.0461991,0.111167,0.00776606,0.521854,8.29706,10.0394,1.17333,0.00115246,0.0870686,0.0749632,0.00207416,0,0.0170296,0.500025,0.398085,0.00867017,1.39331e-05,0.00456317,0.0799033,0.100144,0.00192308,1.97541,11.3914,7.61412,0.28679,0.0210999,0.135268,0.0271339,0.00194171,0,0.0503295,0.54323,0.181644,6.30818e-05,8.28906e-05
16.346848073,0.00951852,0.110834,0.0478231,0.00391546,9.36106e-05,0.0440227,0.653113,0.436176,0.0136049,0,0.00346207,0.0963331,0.0676042,0.000201693,2.15554,10.1961,5.43283,0.0792935,0.0194604,0.103618,0.00943126,0.000348044,0,0.15889,0.774009,0.175484,0.00302204,0.00067956,0.00730777,0.122736,0.0436615,0.0399403,4.64883,11.0299,2.90503,0.000111996,0.0701907,0.104637,0.00660113,0.000313004,0.000905077,0.302949,0.635658,0.0562044,0,0.00121635,0.0428119,0.103729,0.00776606,0.561204,7.90586,9.30679,0.995707,0.00115246,0.0841786,0.0736485,0.00207416,0,0.0202868,0.521461,0.419629,0.0116863,1.39331e-05,0.00456317,0.0698653,0.0916547,0.00192308,1.92591,10.6793,6.99578,0.260204,0.0210999,0.132743,0.0268044,0.00194171,0,0.0544885,0.556354,0.188117,6.30818e-05,8.28906e-05
17.832925170,0.00951852,0.098174,0.0363372,0.00379177,9.36106e-05,0.0428719,0.685899,0.458081,0.0134254,0,0.00346207,0.0929889,0.0649649,0.000201693,2.02204,9.83555,5.16267,0.0698441,0.0194604,0.103618,0.00938579,0.000348044,0,0.152829,0.77365,0.181805,0.00302204,0.00067956,0.00730777,0.121744,0.0433692,0.0459345,4.3911,10.555,2.75703,0.000111996,0.064561,0.0902063,0.00630673,0.000313004,0.00133264,0.3086,0.669388,0.0579396,0,0.00121635,0.0428119,0.100479,0.00737476,0.412455,7.35788,8.86718,0.966841,0.00115246,0.0782295,0.061999,0.00207416,0,0.0191169,0.540207,0.438374,0.0114414,1.39331e-05,0.00456317,0.0662956,0.0878837,0.00192308,1.62484,9.84643,6.51346,0.233519,0.0194707,0.115804,0.0151828,0.00194171,0,0.0552441,0.59398,0.196057,6.30818e-05,8.28906e-05
19.319002268,0.00920946,0.088907,0.0352397,0.00379177,9.36106e-05,0.0501567,0.680574,0.45082,0.01441,0,0.00346207,0.0821614,0.0613504,0.000201693,1.96114,9.13414,4.82494,0.0628874,0.0181689,0.0929007,0.00926345,0.000348044,0,0.159679,0.772969,0.193276,0.00302204,0.00067956,0.00464275,0.107378,0.0428905,0.0323137,4.19224,9.93915,2.66039,0.000111996,0.0636134,0.0869938,0.00589403,0.000313004,0.00133264,0.318065,0.656069,0.0621508,0,0.00121635,0.0315072,0.0916721,0.00737476,0.38792,6.90045,8.44211,0.962457,0.00115246,0.0698275,0.051212,0.00207416,0,0.0186058,0.531371,0.440401,0.0130443,1.39331e-05,0.00417294,0.0629847,0.086908,0.00192308,1.76372,9.76018,6.43778,0.230014,0.0190217,0.102342,0.0126058,0.00194171,0,0.0614119,0.573468,0.203341,6.30818e-05,8.28906e-05
20.805079365,0.00920946,0.0849998,0.0306849,0.0033815,9.36106e-05,0.0503463,0.683271,0.4464,0.0145751,0,0.00338386,0.0713491,0.0548372,0.000201693,1.72903,8.59706,4.55195,0.043736,0.015877,0.0825436,0.00708807,0.000348044,0,0.15802,0.790253,0.186669,0.00302204,0.00067956,0.00449408,0.0938584,0.0383052,0.0348404,3.68798,9.18067,2.35921,0.000111996,0.05453,0.0790232,0.00545688,0.000313004,0.00221922,0.330059,0.666998,0.0646266,0,0.00121635,0.0252854,0.0814776,0.00737476,0.326977,6.11951,7.53599,0.763368,0.00115246,0.0630783,0.047097,0.00207416,0,0.0183037,0.538772,0.447633,0.0130853,1.39331e-05,0.0038861,0.051147,0.0757261,0.00192308,1.36709,8.73289,5.72393,0.169778,0.0160369,0.102342,0.0126058,0.00194171,0,0.067224,0.599394,0.215287,6.30818e-05,8.28906e-05
22.291156463,0.00920946,0.0833915,0.0296992,0.0033815,9.36106e-05,0.0509839,0.668653,0.443753,0.0135201,0,0.00338386,0.0610197,0.0484027,0.000201693,1.60639,7.58037,4.05572,0.0406361,0.0152494,0.0765883,0.00708155,0.000348044,0,0.158025,0.768257,0.18949,0.00319899,0.00067956,0.00409275,0.0805849,0.0319623,0.0346455,3.47969,8.10614,2.09786,0.000611755,0.05453,0.0744666,0.00502048,0.000313004,0.00222951,0.322983,0.644928,0.0576614,0,0.00121635,0.021971,0.0715493,0.00661326,0.308714,5.69995,7.06591,0.744335,0.00115246,0.0609203,0.043518,0.00207416,0,0.0189206,0.519435,0.437689,0.0144315,1.39331e-05,0.00375138,0.0457791,0.0709825,0.00192308,1.35981,8.08886,5.35503,0.174956,0.0160369,0.0925759,0.0116655,0.00167865,0,0.0637666,0.577546,0.204321,0.000107055,8.28906e-05
23.777233560,0.00920946,0.0833915,0.0296985,0.0033571,9.36106e-05,0.0448742,0.628452,0.447206,0.0136741,0,0.00338386,0.0607098,0.0484027,0.000201693,1.29006,6.75943,3.55938,0.0418714,0.0152494,0.0765883,0.00629142,0.000348044,0,0.130561,0.711422,0.21275,0.00319899,0.00067956,0.00409275,0.0786061,0.0317714,0.0177415,2.9554,6.98676,1.79151,0.000611755,0.0499618,0.067455,0.00443857,0.000313004,0.00244353,0.320809,0.632659,0.0649482,0,0.00121635,0.0201947,0.0663067,0.00661326,0.223601,4.72796,5.79724,0.630412,0.00115246,0.0566389,0.038281,0.00207416,0,0.017232,0.536902,0.470602,0.0148814,1.39331e-05,0.00375138,0.0391335,0.0651225,0.00192308,1.03012,6.7427,4.44392,0.125279,0.0149448,0.0853945,0.0112239,0.00167865,0,0.0661919,0.603553,0.229053,0.000146635,8.28906e-05
25.263310658,0.00526882,0.0699918,0.0235395,0.0033571,9.36106e-05,0.0446668,0.597253,0.439224,0.0136741,0,0.00182943,0.0607098,0.0484027,0.000201693,1.20193,6.46629,3.45684,0.0418714,0.0121203,0.0707525,0.00467464,0.000348044,0,0.137811,0.700116,0.210952,0.00319899,0.000335356,0.00356732,0.0786061,0.0317714,0.0177415,2.93343,7.02776,1.84239,0.00049976,0.0486308,0.0656843,0.00443857,0.000313004,0.00222963,0.297301,0.591345,0.0691722,0,0.000757338,0.019494,0.0663067,0.00661326,0.220399,4.77005,5.91102,0.682605,0.00115246,0.0566389,0.038281,0.00207416,0,0.0172308,0.484885,0.424157,0.0150402,1.39331e-05,0.00375138,0.0391335,0.0651225,0.00192308,0.968312,6.44517,4.22867,0.124019,0.0149448,0.0853945,0.0112239,0.00167865,0,0.0725522,0.561192,0.213152,0.000146635,8.28906e-05
26.749387755,0.00309806,0.0601272,0.0193157,0.00315713,9.36106e-05,0.0502232,0.606249,0.446125,0.0133667,0,0.00233965,0.0588366,0.0461439,4.15508e-05,1.18365,6.28392,3.36871,0.0418714,0.0121203,0.0640623,0.00463771,0.000268013,5.14253e-05,0.141997,0.704106,0.216476,0.00319899,0.000288179,0.00318472,0.0750364,0.0294603,0.0179763,2.83808,6.73726,1.80567,0.00049976,0.0417837,0.0517925,0.00447594,0.000288284,0.00409212,0.311477,0.606697,0.0699021,0,0.000476713,0.0161554,0.06285,0.00572162,0.22114,4.59342,5.66814,0.658987,0.00115246,0.0515071,0.0380086,0.00207416,0,0.0241444,0.509085,0.437854,0.0140413,0,0.00359422,0.0352015,0.0612214,0.0010538,0.941484,6.30114,4.18988,0.124095,0.011084,0.0743399,0.00958347,0.00163814,0,0.0802068,0.597977,0.22368,0.000146635,0
28.235464853,0.00309806,0.0526349,0.0183028,0.00254798,9.36106e-05,0.0553911,0.607498,0.435342,0.0135958,0,0.00232942,0.0455992,0.0379878,4.15508e-05,1.13812,5.85695,3.16927,0.0404543,0.00946323,0.0537731,0.00505182,0.000268013,5.14253e-05,0.145833,0.689556,0.217799,0.00319899,0.00039061,0.0027525,0.061886,0.0273211,0.017995,2.71965,6.39487,1.74779,0.00049976,0.0350877,0.0496049,0.00324738,0.000288284,0.00423994,0.308805,0.580154,0.0700507,0,0.000293995,0.011634,0.0498187,0.00519802,0.216257,4.40624,5.37748,0.643165,0.000773237,0.0434404,0.0299608,0.00183474,0,0.0245134,0.489285,0.424332,0.0141644,0,0.00313926,0.031215,0.0519153,0.0010538,0.917732,6.02427,3.97547,0.122903,0.0100356,0.0635156,0.00772096,0.0015573,0,0.079867,0.578223,0.221041,0.000163073,0
29.721541950,0.00249456,0.0443699,0.0187174,0.00189588,9.36106e-05,0.0549984,0.590879,0.424489,0.0135958,0,0.00221286,0.0408219,0.030401,4.15508e-05,1.09967,5.58897,3.06127,0.0408477,0.00728623,0.0455468,0.00368295,0.000268013,5.14253e-05,0.147094,0.676849,0.218002,0.00319899,0.00039061,0.00261079,0.0523893,0.0206705,0.017954,2.6795,6.13123,1.67999,0.00049976,0.0361898,0.0486004,0.002913,0.000288284,0.00423994,0.309135,0.572167,0.0698304,0,0.000293995,0.0117733,0.0393566,0.00359012,0.212286,4.34694,5.19682,0.63984,0.000773237,0.0390416,0.0244439,0.0016785,0,0.0245134,0.490631,0.425535,0.0140513,0,0.00269814,0.0295425,0.0413573,0.000660697,0.904927,5.85464,3.844,0.119874,0.00953686,0.057012,0.00778268,0.00113043,0,0.0795939,0.566281,0.215047,0.000163073,0
31.207619048,0.00200447,0.0374287,0.0156486,0.00183431,9.36106e-05,0.0543237,0.574924,0.417267,0.0139215,0,0.00211657,0.0395651,0.0267143,4.15508e-05,1.07964,5.46032,2.93854,0.0411847,0.00660889,0.0388832,0.00333663,0.000268013,5.14253e-05,0.14489,0.656719,0.214202,0.00319899,0.00039061,0.00221651,0.0458433,0.0168036,0.017954,2.53833,5.93932,1.60112,0.00049976,0.027288,0.0375529,0.00252548,0.000288284,0.00423994,0.300821,0.550796,0.0716629,0,0.000293995,0.00967548,0.0350908,0.00313369,0.213135,4.11995,5.005,0.611523,0.000773237,0.0290867,0.0194489,0.00119997,0,0.0248837,0.472221,0.40591,0.0140513,0,0.002143,0.0273477,0.0382739,0.000660697,0.87757,5.5497,3.69618,0.119702,0.00733787,0.0467225,0.00657938,0.000812994,0,0.0787781,0.541479,0.207806,0.000163073,0
32.693696145,0.00215572,0.0348938,0.0113957,0.00170804,9.36106e-05,0.0561149,0.57757,0.419235,0.0136642,0,0.0017974,0.0343206,0.0242081,4.15508e-05,1.03858,5.32289,2.89844,0.0410991,0.00622629,0.0347666,0.00328339,0.000268013,5.14253e-05,0.146152,0.661201,0.210588,0.00319899,0.000322564,0.00186665,0.0384523,0.0147208,0.0182096,2.53645,5.89578,1.59335,0.00049976,0.022867,0.0312901,0.00243075,0.000288284,0.00446181,0.29908,0.54736,0.0691257,0,0.000200306,0.00862138,0.0306989,0.0027639,0.217287,4.14764,4.98118,0.600582,0.000686705,0.0282241,0.0193033,0.00118523,0,0.0248806,0.466668,0.403098,0.0135148,0,0.00182912,0.0221394,0.0335582,0.000434905,0.885185,5.57436,3.68434,0.122666,0.00647834,0.0431726,0.0062863,0.0008017,0,0.0781809,0.535479,0.205834,0.000163073,0
34.179773243,0.000704769,0.0177327,0.0035128,0.00149149,9.36106e-05,0.0559344,0.58283,0.422708,0.0137683,0,0.00170659,0.0271859,0.0211788,4.15508e-05,1.02212,5.16199,2.79186,0.0412179,0.00406689,0.0260425,0.00270542,0.000268013,5.14253e-05,0.14591,0.667147,0.213524,0.00319899,0.000322564,0.00172729,0.035789,0.0139822,0.0182096,2.38906,5.67018,1.54144,0.00049976,0.0159663,0.0201526,0.0019108,0.000288284,0.00446181,0.305375,0.571888,0.070475,0,0.000211205,0.00868182,0.0257854,0.0027639,0.200838,3.95879,4.82659,0.590817,0.000686705,0.0251514,0.0146691,0.00118581,0,0.0247712,0.478894,0.412477,0.0138843,0,0.00212981,0.015694,0.0282264,0.000434905,0.850589,5.31116,3.53937,0.12009,0.00574541,0.0340563,0.00209694,0.0008017,0,0.0800854,0.554301,0.209036,0.000163073,0
35.665850340,0.000151246,0.0090071,0.00424254,0.00107933,9.36106e-05,0.0562728,0.57503,0.418383,0.013649,0,0.00197969,0.0220287,0.0154009,4.15508e-05,1.01909,4.93536,2.69981,0.0408449,0.00194944,0.0170684,0.00257992,0.000268013,5.14253e-05,0.149903,0.664375,0.217132,0.00319899,0.000162514,0.00076547,0.0238524,0.00863498,0.0182096,2.36797,5.42781,1.48301,0.00049976,0.011713,0.016355,0.00182187,0.000288284,0.00446181,0.3078,0.565979,0.0712529,0,0.000211205,0.00475859,0.0173548,0.0014731,0.201795,3.80484,4.63278,0.58271,0.000686705,0.0144058,0.00615756,0.000880663,0,0.0245794,0.471701,0.410109,0.0137374,0,0.00112583,0.0148629,0.0201177,0.000434905,0.876634,5.19801,3.44379,0.11985,0.00469087,0.0219175,0.0014825,0.000617639,0,0.0818278,0.547645,0.211175,0.000163073,0
37.151927438,0.000176498,0.0112404,0.00492899,0.000689139,0,0.0496673,0.560319,0.4126,0.0126635,0,0.00172364,0.0166286,0.0136613,0,1.00349,4.95333,2.72086,0.0404075,0.000927146,0.0104695,0.00315252,0,5.14253e-05,0.138992,0.6589,0.214682,0.00319899,0.000201187,0.00109389,0.0168195,0.00679539,0.0182969,2.2788,5.30024,1.46305,0.00049976,0.00502866,0.0105522,0.00135462,0.000184895,0.00446677,0.298721,0.564758,0.0721424,0,2.28792e-05,0.0023543,0.00935526,0.000150237,0.196176,3.62314,4.50975,0.567478,0,0.00557331,0.00622436,0.000635813,0,0.0248327,0.462017,0.40822,0.0137374,0,0.000831437,0.00698282,0.00986769,0,0.826011,5.02472,3.34111,0.116018,0.00145563,0.0202449,0.0016451,0.0004237,0,0.0830506,0.549522,0.213236,0.000163073,0
38.638004535,0.000176498,0.0115406,0.00555016,0.000304703,0,0.0498573,0.553671,0.382249,0.00399559,0,0.00172364,0.0120389,0.00590531,0,1.00741,4.86382,2.59366,0.0328564,0.000927146,0.0111162,0.00308472,0,5.14253e-05,0.137267,0.642166,0.18717,0.00017695,0.000201187,0.00138547,0.0151437,0.00431534,0.0182969,2.29851,5.3447,1.4372,0.00049976,0.00594325,0.0122838,0.00123329,0,0.00377559,0.28463,0.553586,0.058644,0,2.28792e-05,0.0034226,0.010127,6.81614e-05,0.196388,3.68067,4.58112,0.567649,0,0.00735697,0.00689702,0.000268911,0,0.0216881,0.448081,0.401979,0.0106293,0,0.00105725,0.00736721,0.00865745,0,0.828557,5.01089,3.36988,0.117251,0.00101993,0.0114424,0.00164637,0.00021943,0,0.0777896,0.543097,0.207566,9.99911e-05,0
40.124081633,0.000176498,0.0134385,0.00588703,0.000304703,0,0.0430157,0.534388,0.358782,0.00340471,0,0.00181234,0.0128596,0.00607429,0,0.866412,4.6148,2.44527,0.0270096,0.000927146,0.0125871,0.00316235,0,5.14253e-05,0.125377,0.611268,0.176528,0.00017695,0.000201187,0.00153642,0.0156071,0.00433218,0.0112621,2.03782,4.89144,1.29136,0.00049976,0.00691506,0.014155,0.00128719,0,0.00377559,0.266548,0.539116,0.0515952,0,2.28792e-05,0.00390503,0.0106592,6.81614e-05,0.119488,3.17958,4.14717,0.496853,0,0.00735697,0.00694407,0.000268911,0,0.0184309,0.438616,0.383413,0.00720776,0,0.00105725,0.00819772,0.00908835,0,0.659668,4.55342,3.09713,0.080879,0.00101993,0.0122663,0.00183515,0.00021943,0,0.0724854,0.528654,0.195285,9.99911e-05,0
41.610158730,0.000176498,0.0140468,0.00692703,0.000334936,0,0.0427504,0.508136,0.331594,0.00340471,0,0.00181234,0.0143347,0.00676813,0,0.757008,4.09067,2.12961,0.022122,0.000927146,0.0125871,0.00320448,0,5.14253e-05,0.119198,0.579751,0.16114,0.00017695,0.000201187,0.00153642,0.0177203,0.00494605,0.00528754,1.8415,4.50511,1.18369,0.00049976,0.00691506,0.014155,0.00134302,0,0.00339264,0.2532,0.493112,0.0513218,0,2.28792e-05,0.00392595,0.011966,6.81614e-05,0.103764,3.02195,3.8956,0.494079,0,0.00853584,0.00782682,0.000290835,0,0.0180861,0.407748,0.348515,0.00696303,0,0.00117558,0.0101001,0.0102949,0,0.640184,4.19808,2.76496,0.0692183,0.00105663,0.0132747,0.00195315,0.00021943,0,0.0722307,0.514668,0.191392,9.99911e-05,0
43.096235828,0.000176498,0.0151078,0.00725293,0.000334936,0,0.0363451,0.47504,0.302376,0.00271741,0,0.0018233,0.0143585,0.00676813,0,0.618038,3.63373,1.81787,0.00944484,0.000927146,0.0132343,0.00321482,0,5.14253e-05,0.108804,0.544661,0.141529,0.00017695,0.000201187,0.00156382,0.0177203,0.00494605,0.00528754,1.49613,3.82419,0.892193,0.00049976,0.00721393,0.0151828,0.00134302,0,0.00339264,0.235533,0.459731,0.0462791,0,2.28792e-05,0.00394625,0.011966,6.81614e-05,0.0798862,2.55191,3.29631,0.354328,0,0.0088676,0.00853144,0.000290835,0,0.0192981,0.386843,0.322946,0.00616445,0,0.00118991,0.0101388,0.0102949,0,0.443757,3.59654,2.3055,0.0465329,0.00105663,0.0141378,0.00221829,0.00021943,0,0.0628852,0.483743,0.174482,9.99911e-05,0
44.582312925,0.000176498,0.0151078,0.00725293,0.000334936,0,0.0321829,0.43921,0.288019,0.00255237,0,0.00186376,0.0150609,0.00696237,0,0.560141,3.38474,1.6756,0.00855449,0.00100485,0.0141153,0.00329895,0,5.14253e-05,0.0897935,0.50442,0.135773,0.00017695,0.000201187,0.00164123,0.0185993,0.00497883,0.00276089,1.41555,3.66563,0.860397,0.00049976,0.00743858,0.0156476,0.00143162,0,0.00250606,0.212589,0.437423,0.0376902,0,2.28792e-05,0.00455967,0.0124939,6.81614e-05,0.0693079,2.41143,3.09901,0.306541,0,0.0094917,0.00924402,0.000290835,0,0.0146248,0.363405,0.306711,0.00622266,0,0.00129372,0.0105254,0.0104815,0,0.418446,3.32709,2.10669,0.0313372,0.00105663,0.0141378,0.0022821,0.00021943,0,0.0575573,0.452369,0.157353,9.99911e-05,0
46.068390023,0.000183875,0.017466,0.00889761,0.000372074,0,0.0301215,0.416012,0.260714,0.00121701,0,0.00188251,0.0159532,0.00741896,0,0.490548,3.26628,1.54311,0.00413127,0.00104779,0.0160357,0.00351889,0,5.14253e-05,0.0834934,0.489242,0.121798,0,0.000201187,0.00164123,0.0197006,0.00529885,0.00273407,1.35643,3.52593,0.783488,0,0.0076169,0.0157795,0.0015442,0,0.00249577,0.202948,0.408552,0.0313401,0,2.28792e-05,0.00462934,0.0132764,6.81614e-05,0.0598506,2.3676,2.99623,0.279483,0,0.00963742,0.00925698,0.000290835,0,0.0140079,0.349178,0.284229,0.0035736,0,0.00129372,0.0112215,0.0114222,0,0.380366,3.23491,1.99473,0.0235553,0.00109473,0.0151586,0.0022821,0.00021943,0,0.050553,0.425175,0.139887,5.60183e-05,0
47.554467120,0.000183875,0.0182528,0.00898421,0.000382794,0,0.0291568,0.402375,0.243501,0.00145521,0,0.00197978,0.0180609,0.00808782,0,0.453365,3.11482,1.45844,0.00290098,0.00104779,0.0160357,0.0035389,0,5.14253e-05,0.08042,0.469187,0.104202,0,0.000201187,0.00189291,0.0226396,0.00565941,0.00081818,1.21511,3.32028,0.712009,0,0.00832664,0.0182195,0.00168133,0,0.00228175,0.190778,0.395049,0.0263443,0,2.28792e-05,0.00563815,0.0148995,7.68851e-05,0.044126,2.16487,2.8004,0.237983,0,0.010632,0.0113183,0.000302662,0,0.0128618,0.329098,0.269312,0.00328488,0,0.00139466,0.0138276,0.0128303,0,0.338583,3.01112,1.84997,0.0175184,0.00115332,0.0164848,0.00246363,0.000226128,0,0.0452592,0.407587,0.124042,1.64382e-05,0
49.040544218,0.000460259,0.0212833,0.00898421,0.000382794,0,0.023149,0.373771,0.2265,0.00145521,0,0.00199056,0.0180609,0.00808782,0,0.489228,3.25884,1.50049,0.00290098,0.00111897,0.0174273,0.0035389,0,5.14253e-05,0.0697848,0.447168,0.0953189,0,0.000201187,0.00198783,0.0226396,0.00565941,0.00100559,1.2308,3.40067,0.684547,0,0.00922629,0.0199307,0.00168133,0,0.00233058,0.164768,0.365417,0.0225295,0,2.28792e-05,0.00571934,0.0148995,7.68851e-05,0.0544375,2.19189,2.77507,0.190112,0,0.0116092,0.0119036,0.000302662,0,0.0132725,0.303614,0.248538,0.00356968,0,0.00147828,0.0138276,0.0128303,0,0.329441,3.07957,1.84937,0.0188147,0.0013176,0.018286,0.00246363,0.000226128,0,0.0401354,0.394525,0.115937,1.64382e-05,0
50.526621315,0.000460259,0.0207722,0.00881653,0.000424435,0,0.0180094,0.367043,0.230188,0.00146467,0,0.00113551,0.0178437,0.00872988,0,0.518926,3.44057,1.61695,0.00293698,0.00171434,0.0197344,0.00349637,0,0,0.0625827,0.437854,0.0883047,0,0.000201187,0.00180954,0.0231423,0.00587018,0.000770781,1.28428,3.56314,0.72577,0,0.0112315,0.0225367,0.00179546,0,0.000468086,0.151295,0.360717,0.0205926,0,2.28792e-05,0.00551746,0.0158549,7.68851e-05,0.048752,2.23769,2.87007,0.200466,0,0.0133211,0.011967,0.000302662,0,0.00666774,0.287919,0.241323,0.00296081,0,0.00180508,0.0154413,0.0140372,0,0.332938,3.08931,1.87631,0.0189701,0.00165292,0.0195202,0.00250388,0.000226128,0,0.0313213,0.362689,0.10268,1.64382e-05,0
52.012698413,0.000460259,0.0206541,0.00813477,0.000588325,0,0.0130363,0.367561,0.228446,0.0011959,0,0.000899399,0.0192219,0.0103327,0,0.528407,3.5846,1.67532,0.00303847,0.00169403,0.0184843,0.00278653,0,0,0.0588147,0.438855,0.0858292,0,3.86731e-05,0.00159981,0.0259399,0.00764239,0.000752063,1.34398,3.73951,0.774861,0,0.0110038,0.0215583,0.00165564,0,0.000320272,0.149445,0.361047,0.0222939,0,1.45563e-05,0.00532882,0.0178915,0.000128332,0.0493386,2.3605,3.01368,0.211727,0,0.0131026,0.0112261,0.000462008,0,0.00621723,0.292063,0.247928,0.00285899,0,0.00169636,0.0158614,0.0164563,0,0.339603,3.24522,1.98541,0.0191547,0.00165292,0.0195004,0.00246982,0.000291384,0,0.032021,0.373188,0.107112,0,0
53.498775510,0.000488808,0.0236685,0.00763385,0.000540433,0,0.0188936,0.371183,0.23339,0.0011959,0,0.00116859,0.0172685,0.00956023,0,0.534756,3.51318,1.67079,0.00264505,0.00251472,0.0203814,0.00260479,0,0,0.067811,0.442668,0.0887185,0,3.86731e-05,0.00157416,0.0235302,0.00721798,0.000752063,1.3337,3.67903,0.781027,0,0.00975774,0.0201606,0.00150249,0,0.000379693,0.160976,0.365738,0.022694,0,1.45563e-05,0.00502433,0.0162566,0.000128332,0.0478071,2.29613,2.97179,0.20386,0,0.0119816,0.0110241,0.00046298,0,0.00849998,0.305368,0.255319,0.00286744,0,0.00159242,0.0138537,0.0146747,0,0.353721,3.23182,1.98704,0.0171369,0.001653,0.0181369,0.00240957,0.000291481,0,0.035186,0.384491,0.10983,0,0
54.984852608,0.000488808,0.0237379,0.00768053,0.000950253,0,0.0186699,0.367415,0.241442,0.001577,0,0.00119311,0.0172964,0.0112312,0,0.526018,3.35004,1.61962,0.00275373,0.00251472,0.020297,0.00270885,0,0,0.0668266,0.438078,0.0975057,0.000241571,7.26058e-05,0.00208928,0.0254031,0.00889562,0.000752063,1.31689,3.48071,0.749676,0,0.0114362,0.0209945,0.00169817,0,0.000379693,0.162064,0.369084,0.0255862,0,0.00034878,0.00533061,0.0171711,0.000341058,0.0472237,2.23021,2.86808,0.206026,0,0.0122521,0.0107064,0.000744043,0,0.00760264,0.296497,0.259166,0.0048041,0,0.00158524,0.013483,0.0169298,0.000111503,0.346757,3.08654,1.91017,0.0171369,0.00220737,0.0189819,0.00226642,0.000422422,0,0.0372646,0.377882,0.111841,0,0
56.470929705,0.000358911,0.0216039,0.00772442,0.000950253,0,0.0177186,0.355878,0.237535,0.001577,0,0.00115352,0.017562,0.0113163,0,0.529607,3.33157,1.61307,0.00277511,0.00255472,0.0207613,0.00270952,0,0,0.0655967,0.427836,0.0978593,0.000241571,7.26058e-05,0.00213813,0.0255666,0.00889868,0.00107154,1.28365,3.41567,0.751408,0,0.0118335,0.021599,0.00172829,0,0.000266856,0.161346,0.366019,0.0259053,0,0.00034878,0.00545493,0.017363,0.000341058,0.0448529,2.13577,2.77452,0.200541,0,0.0121836,0.0107895,0.000744043,0,0.00764437,0.301085,0.262549,0.00447004,0,0.00159752,0.0137747,0.0171113,0.000111503,0.337074,3.0019,1.89389,0.0150989,0.00220785,0.0190755,0.00229827,0.000422422,0,0.0371554,0.378093,0.112952,0,0
57.957006803,0.000367808,0.021775,0.00723547,0.000996577,0,0.0177721,0.35046,0.233166,0.0014729,0,0.00115248,0.0181728,0.0116356,0,0.520331,3.30854,1.62356,0.00265626,0.00262301,0.0190766,0.0026774,0,0,0.0647568,0.414846,0.0955721,0.000241571,7.26058e-05,0.00196715,0.0264309,0.00921582,0.00107154,1.33466,3.46329,0.789373,0,0.0110363,0.0198784,0.00171859,0,0.000281089,0.160218,0.341544,0.0260057,0,0.00033788,0.00535456,0.0178514,0.000341058,0.0419546,2.18894,2.82983,0.227396,0,0.0110916,0.0109146,0.000750747,0,0.00746786,0.282235,0.244159,0.00410053,0,0.00132115,0.0144328,0.017694,0.000111503,0.340933,2.98876,1.89493,0.0148806,0.00196964,0.0181849,0.00234029,0.000422422,0,0.0363802,0.364598,0.112001,0,0
59.443083900,0.000367808,0.0179874,0.00592644,0.000884243,0,0.017539,0.340033,0.222246,0.00172189,0,0.000878766,0.0161269,0.0107703,0,0.503893,3.22458,1.61618,0.00228088,0.00252076,0.0164479,0.00263958,0,0,0.0632571,0.407972,0.0912749,0.000241571,7.26058e-05,0.00193781,0.0237753,0.00825415,0.00107154,1.25984,3.40915,0.763062,0,0.0092548,0.0200252,0.00175337,0,0.000281089,0.158576,0.344647,0.0251263,0,0.000346337,0.00486321,0.0164905,0.00036707,0.0431554,2.11573,2.84467,0.216054,0,0.0116001,0.0104961,0.000724787,0,0.00792815,0.281371,0.245516,0.00473123,0,0.00130637,0.0130313,0.0162841,0.000111503,0.327125,2.98758,1.90428,0.0139774,0.00234358,0.0187042,0.00203479,0.000357164,0,0.0348418,0.355947,0.109126,0,0
60.929160998,0.00136218,0.0240348,0.005678,0.000884243,0,0.0174104,0.333938,0.216363,0.00172189,4.98686e-05,0.00121816,0.013402,0.00947138,0,0.497703,3.15508,1.55267,0.00325715,0.0038069,0.021406,0.00156096,0,0,0.0615506,0.389005,0.0882525,0.000241571,0.000121636,0.00247604,0.0201592,0.00753201,0.000984268,1.2677,3.33359,0.738823,0.00030781,0.0120425,0.0183087,0.00137518,0,0.000276131,0.155763,0.330704,0.0239673,0,0.00034584,0.00421353,0.0141277,0.00036707,0.0432665,2.11495,2.72617,0.210984,0.000642896,0.0145896,0.0085518,0.000724787,0,0.0077004,0.283305,0.239125,0.00476,0,0.00108246,0.0117283,0.0151217,0.000111503,0.330148,2.94318,1.82573,0.0159381,0.00230327,0.0152598,0.00189511,0.00029467,0,0.0343929,0.351587,0.105968,0,0
62.415238095,0.00136218,0.0269699,0.00694487,0.00107974,4.04605e-05,0.016556,0.319115,0.206841,0.00172189,4.98686e-05,0.00121816,0.0181912,0.0133001,0.000558,0.474062,3.0796,1.48386,0.00325715,0.0038069,0.0237435,0.00130547,2.18466e-05,0,0.0591122,0.379345,0.0891663,0.000241571,0.000121636,0.00218445,0.0248643,0.0104552,0.00137266,1.2489,3.23439,0.71035,0.00030781,0.0112241,0.0175134,0.00191518,8.15297e-05,0.000276131,0.150292,0.31546,0.0245456,0,0.000378053,0.00412985,0.0177795,0.00105055,0.0439207,2.1214,2.66959,0.214087,0.000642896,0.0128736,0.00782093,0.000671513,0,0.00791414,0.276314,0.231433,0.00467561,0,0.00087929,0.0137903,0.019122,0.000839235,0.313623,2.86268,1.74892,0.0145168,0.00356359,0.0197225,0.00188172,0.000317779,0,0.033837,0.336757,0.102398,0,9.47555e-05
63.901315193,0.00136218,0.0252528,0.006608,0.00107974,4.04605e-05,0.0168288,0.309407,0.202175,0.00172189,4.98686e-05,0.00113575,0.0173704,0.0131312,0.000558,0.467226,3.03719,1.50963,0.00299673,0.0038069,0.0222726,0.00122784,2.18466e-05,0,0.0603277,0.365518,0.0854097,0.000241571,0.000121636,0.00238629,0.0244009,0.0104384,0.00137266,1.24325,3.22841,0.730311,0.00030781,0.0119195,0.0199257,0.00186128,8.15297e-05,0.000276131,0.147275,0.302975,0.023541,0,0.000378053,0.00374026,0.0172474,0.00105055,0.0439207,2.06605,2.63198,0.209579,0.000642896,0.015226,0.0111018,0.000671513,0,0.00791414,0.268153,0.225247,0.00457854,0,0.00104833,0.0129598,0.0186911,0.000839235,0.317569,2.78816,1.72311,0.0145168,0.00356359,0.0207957,0.00169295,0.000317779,0,0.0319946,0.324595,0.101157,0,9.47555e-05
65.387392290,0.00136218,0.0246444,0.00575687,0.00104951,4.04605e-05,0.0170896,0.30696,0.195959,0.00172189,4.98686e-05,0.00113575,0.0195696,0.0134253,0.000558,0.489433,3.05712,1.46322,0.00299673,0.00383167,0.0225888,0.00129754,2.18466e-05,0,0.060115,0.363892,0.0830213,0.000241571,0.000121636,0.00240572,0.0276031,0.0105586,0.00135305,1.23028,3.22807,0.685017,0.00030781,0.0121821,0.0203346,0.00180545,8.15297e-05,0.00023152,0.139043,0.292826,0.0232186,0,0.000378053,0.00446953,0.0190268,0.00105055,0.0539271,2.1057,2.63551,0.18984,0.000642896,0.01433,0.0104811,0.000649588,0,0.00817707,0.251835,0.215567,0.00519936,0,0.000929998,0.0154448,0.0202991,0.000839235,0.323243,2.85126,1.72481,0.0160551,0.00359304,0.0202658,0.00178162,0.000317779,0,0.0323034,0.306342,0.0975704,0,9.47555e-05
66.873469388,0.00136218,0.0248909,0.00677099,0.00108054,4.04605e-05,0.0168522,0.302156,0.198666,0.00144254,4.98686e-05,0.00116192,0.0197134,0.0136294,0.000558,0.467624,2.9442,1.4615,0.00233231,0.00383167,0.0232572,0.00131107,2.18466e-05,0,0.0594858,0.360589,0.0831376,0.000241571,0.000121636,0.00257942,0.0278043,0.0106452,0.00135305,1.16173,3.14096,0.69677,0.00030781,0.0118832,0.0193068,0.00185504,8.15297e-05,0.00023152,0.138173,0.304761,0.0222825,0,0.000378053,0.00444922,0.0193482,0.00105055,0.045544,2.01607,2.57046,0.193649,0.000642896,0.0139982,0.00977646,0.00065858,0,0.00696505,0.253141,0.220693,0.00421291,0,0.000915672,0.0157244,0.0206128,0.000839235,0.306767,2.73619,1.69883,0.0139377,0.00359304,0.0194027,0.00153325,0.000317779,0,0.0306944,0.31199,0.0958032,0,9.47555e-05
68.359546485,0.00136931,0.0260606,0.0069941,0.00116464,4.04605e-05,0.0172397,0.299386,0.19279,0.00190182,4.98686e-05,0.00119432,0.0202531,0.0139043,0.000558,0.469813,2.97617,1.44036,0.00296692,0.00378904,0.0230862,0.00132031,2.18466e-05,0,0.0605302,0.354596,0.0848229,0.000241571,0.000121636,0.00253758,0.0286322,0.0108525,0.00142718,1.1615,3.10474,0.667178,0.00030781,0.0120071,0.0196763,0.00176806,8.15297e-05,0.000236529,0.136257,0.29252,0.0237276,0,0.000378053,0.0042194,0.0195635,0.00105055,0.0431846,2.00509,2.55434,0.184342,0.000642896,0.0141815,0.00976035,0.00065858,0,0.00745375,0.24661,0.217434,0.00421299,0,0.00093337,0.0165143,0.0213908,0.000839235,0.303791,2.746,1.68533,0.0122563,0.003601,0.0207001,0.00158829,0.000317779,0,0.0326202,0.307901,0.096062,1.49961e-05,9.47555e-05
69.845623583,0.00221688,0.0270704,0.00676905,0.00116917,4.04605e-05,0.0173658,0.291858,0.191295,0.00190182,4.98686e-05,0.00171337,0.020682,0.0140367,0.000558,0.47594,2.87482,1.4306,0.00272031,0.004619,0.02327,0.00159247,5.21388e-05,0,0.0630084,0.350884,0.0859142,0.000241571,0.000121636,0.00288999,0.028404,0.0108727,0.00122504,1.13359,3.02271,0.658771,0.000466551,0.0140959,0.0226133,0.00182835,8.15297e-05,0.000236529,0.134756,0.290703,0.0245771,0,0.000541183,0.00507296,0.0195429,0.00105055,0.0415448,1.91189,2.47929,0.17814,0.000947508,0.0160451,0.0115231,0.00065858,0,0.00830918,0.239039,0.212021,0.00435953,0,0.00114574,0.0165881,0.020972,0.000839235,0.305748,2.66071,1.64124,0.0127741,0.00376641,0.0211423,0.00170693,0.000387981,0,0.0351682,0.301633,0.0985877,1.49961e-05,9.47555e-05
71.331700680,0.00221688,0.0265685,0.00740148,0.00131385,4.04605e-05,0.0171758,0.285683,0.191189,0.00184614,4.98686e-05,0.00161609,0.0199107,0.014301,0.000681764,0.45032,2.77163,1.37392,0.00319131,0.004619,0.0236774,0.002308,0.000139671,0,0.0634332,0.341426,0.0881384,0.000241571,0.000187919,0.0028215,0.027207,0.0115525,0.00128606,1.08825,2.91379,0.626882,0.000466551,0.014051,0.02112,0.00206145,0.000112884,0.000236529,0.130931,0.286552,0.0253403,0,0.000557155,0.00523965,0.01932,0.00148502,0.0411622,1.88108,2.42209,0.179335,0.000947508,0.0157427,0.0100227,0.000964048,2.27958e-05,0.00721262,0.232115,0.209864,0.00461321,5.4107e-05,0.00137564,0.0152257,0.0205859,0.00109527,0.295076,2.59653,1.60299,0.0127183,0.00441036,0.0213768,0.00246463,0.000510172,0,0.0353563,0.292912,0.0980094,1.49961e-05,0.00012189
72.817777778,0.00194049,0.023538,0.00745793,0.0014629,4.04605e-05,0.0187619,0.288266,0.193765,0.0021206,4.98686e-05,0.00160531,0.0206792,0.0154581,0.000681764,0.408172,2.65736,1.36289,0.00639983,0.00454782,0.0222857,0.00242865,0.000160756,0,0.0674402,0.342209,0.0870524,0.000241571,0.000187919,0.00272658,0.028576,0.0123622,0.00147102,1.06523,2.81026,0.62696,0.000466551,0.0131514,0.0194088,0.00222323,0.000112884,0.000412093,0.136615,0.289606,0.0241708,0,0.000557155,0.0052171,0.0206488,0.00163142,0.0350306,1.76451,2.30537,0.171685,0.000947508,0.0150732,0.00986264,0.00102875,2.27958e-05,0.00754044,0.235621,0.210736,0.00416965,5.4107e-05,0.0013136,0.0157672,0.0221166,0.00116746,0.280229,2.4722,1.56421,0.0119601,0.00428774,0.0202079,0.00251052,0.00054727,0,0.0357956,0.287804,0.0962585,1.49961e-05,0.00012189
74.303854875,0.00200262,0.024445,0.00724155,0.00142126,4.04605e-05,0.0181321,0.287752,0.193825,0.00235865,4.98686e-05,0.00160531,0.0194072,0.014816,0.00078092,0.394102,2.58448,1.2859,0.00677087,0.00395244,0.0199787,0.00238583,0.000160756,2.53099e-05,0.0661045,0.344992,0.0931123,0.000449099,0.000187919,0.00264318,0.0277995,0.0121514,0.00388552,1.05786,2.77909,0.625123,0.000807839,0.0111462,0.0166906,0.00201945,0.000112884,0.000524859,0.134349,0.287145,0.0288245,0,0.000557155,0.00516894,0.0195908,0.00163142,0.0361491,1.79155,2.29604,0.169029,0.000947508,0.0133613,0.00979921,0.00102875,2.27958e-05,0.00793838,0.235013,0.212391,0.00505908,5.4107e-05,0.000986802,0.0141534,0.0209097,0.00116746,0.259449,2.4282,1.52133,0.0158693,0.00395242,0.0189737,0.00247027,0.00054727,9.28307e-05,0.0391862,0.300938,0.104684,0.000329444,0.00012189
75.789931973,0.00200262,0.0244897,0.00726817,0.00125737,4.04605e-05,0.0204922,0.274858,0.186436,0.00255788,4.98686e-05,0.00217762,0.018923,0.0132132,0.00078092,0.39335,2.49175,1.25438,0.00666938,0.00402493,0.0207695,0.00233204,0.000160756,2.53099e-05,0.0674001,0.332678,0.089124,0.000449099,0.000187919,0.00313594,0.0256356,0.0103792,0.00400165,1.02408,2.67454,0.594602,0.000807839,0.0116735,0.0177174,0.00201806,0.000112884,0.000554503,0.135674,0.28625,0.0268565,0,0.000557155,0.00510046,0.0175542,0.00157998,0.0389732,1.72788,2.22627,0.163557,0.000947508,0.0138127,0.0103424,0.000847144,2.27958e-05,0.00812624,0.236739,0.211384,0.00584048,5.4107e-05,0.00107174,0.013533,0.0184906,0.00116746,0.276809,2.3771,1.47843,0.0157221,0.00395242,0.018858,0.00231787,0.000482014,9.28307e-05,0.0374817,0.290823,0.102417,0.000438943,0.00012189
77.276009070,0.00197407,0.0202171,0.00736055,0.00126797,4.04605e-05,0.0138686,0.250382,0.176134,0.00260071,4.98686e-05,0.00224831,0.0192117,0.0132792,0.00078092,0.373677,2.38253,1.18959,0.00669554,0.00295692,0.0174376,0.00251157,0.000187238,2.53099e-05,0.0541188,0.310547,0.08561,0.000449099,0.000275378,0.00372787,0.0258813,0.0103929,0.00400165,0.962464,2.5433,0.549169,0.000807839,0.0116646,0.0177953,0.00216711,0.000112884,0.000495083,0.118884,0.271728,0.0272153,0,0.000796931,0.00586582,0.0178387,0.00157998,0.0391341,1.63834,2.09739,0.154308,0.000947508,0.0138049,0.0107638,0.000861639,2.27958e-05,0.00650099,0.214274,0.197632,0.00596003,5.4107e-05,0.00134944,0.014775,0.0188658,0.00116746,0.247611,2.22529,1.37574,0.0157118,0.00395234,0.0193264,0.00256662,0.000481917,9.28307e-05,0.0361034,0.27137,0.0989933,0.000438943,0.00012189
78.762086168,0.00197407,0.0200893,0.00740603,0.000891624,4.04605e-05,0.0130161,0.237789,0.159372,0.00189386,4.98686e-05,0.00222287,0.0179703,0.0106669,0.00078092,0.350899,2.28788,1.14722,0.00630723,0.00295692,0.0174168,0.00241031,0.000221605,2.53099e-05,0.0512571,0.292498,0.0717564,0.000207528,0.000241445,0.00321276,0.0219171,0.00792439,0.00401254,0.916379,2.47796,0.540215,0.000807839,0.00992112,0.016638,0.00192533,0.000112884,0.000512742,0.111341,0.253008,0.0219754,0,0.000469756,0.00543758,0.0153676,0.00136725,0.0387692,1.59021,2.04229,0.149525,0.000947508,0.0134295,0.0108197,0.000645462,2.27958e-05,0.00655813,0.20844,0.185272,0.00402337,5.4107e-05,0.00137957,0.0146966,0.0157106,0.00105596,0.240629,2.17689,1.35743,0.0157118,0.00310828,0.0167394,0.00266495,0.000361292,9.28307e-05,0.0316558,0.260001,0.0924097,0.000438943,0.00013175
80.248163265,0.00202156,0.0197924,0.00742522,0.000891624,4.04605e-05,0.0118948,0.221736,0.146554,0.00189453,4.98686e-05,0.00216737,0.0177046,0.0105818,0.00078092,0.304967,2.11618,1.05744,0.00632334,0.00293901,0.0169863,0.00241571,0.000221605,2.53099e-05,0.0474452,0.268013,0.0665739,0.000207528,0.000241445,0.00315516,0.0217536,0.00792132,0.00360602,0.863481,2.32839,0.501753,0.000887766,0.00977881,0.0162351,0.00189612,0.000112884,0.000403706,0.103668,0.235418,0.0208612,0,0.000469756,0.00530464,0.0151756,0.00136725,0.0367709,1.50558,1.93265,0.146137,0.000947508,0.0134295,0.0106673,0.000645462,2.27958e-05,0.0062597,0.190123,0.167822,0.00398445,5.4107e-05,0.00136729,0.0144049,0.0155292,0.00105596,0.224448,2.05828,1.26283,0.0147828,0.00309996,0.0165038,0.0026331,0.000361292,9.28307e-05,0.0289961,0.238768,0.0851412,0.000438943,0.00013175
81.734240363,0.00228903,0.0212679,0.00793132,0.000838363,4.04605e-05,0.0116083,0.20828,0.131901,0.00189453,4.98686e-05,0.00222286,0.0177785,0.0108597,0.000794917,0.292279,1.9568,0.945983,0.00637144,0.00274028,0.0173012,0.00252298,0.000221605,2.53099e-05,0.0454328,0.253993,0.0600348,0.000207528,0.000242384,0.00354993,0.0219222,0.00817704,0.00360602,0.762332,2.12986,0.435098,0.000887766,0.0097324,0.017014,0.00188676,0.000112884,0.000389473,0.0923149,0.222814,0.0190481,0,0.000532241,0.00610375,0.0156186,0.00172544,0.0392923,1.392,1.77009,0.113618,0.000995349,0.0137053,0.0108547,0.000638175,2.27958e-05,0.00582946,0.180745,0.162877,0.00398445,5.51291e-05,0.00131413,0.0146543,0.0158538,0.0012281,0.211697,1.94224,1.17185,0.0151707,0.00370378,0.0177433,0.00304642,0.000361292,9.28307e-05,0.0265812,0.22171,0.0789914,0.000438943,0.00013175
83.220317460,0.00228903,0.0220286,0.00837419,0.000884496,4.04605e-05,0.0115096,0.199351,0.130093,0.00160518,4.98686e-05,0.00222168,0.0189656,0.0108915,0.000794917,0.279829,1.88173,0.894371,0.00652544,0.00332291,0.0188558,0.00256314,0.000221605,2.53099e-05,0.0412654,0.239609,0.0583339,0.000207528,0.000242384,0.00354844,0.023144,0.00810532,0.00360602,0.735446,2.00862,0.418092,0.000887766,0.0105884,0.0173769,0.00189385,0.000112884,0.000389473,0.08397,0.204647,0.0179576,0,0.000523784,0.0068493,0.01615,0.00164369,0.0365483,1.30701,1.63342,0.110671,0.00101666,0.0145692,0.0116998,0.000592366,2.27958e-05,0.00536917,0.168987,0.148859,0.00325667,5.51291e-05,0.00129532,0.0155294,0.0158386,0.0012281,0.185888,1.7922,1.07265,0.015412,0.00332984,0.0177066,0.00360573,0.000301955,9.28307e-05,0.02534,0.209724,0.0715461,0.000438943,0.00013175
84.706394558,0.00152056,0.0149825,0.00747978,0.00100882,4.04605e-05,0.0113149,0.185617,0.12478,0.00160518,0,0.00176862,0.0193762,0.012075,0.000794917,0.279589,1.79119,0.873719,0.00554917,0.00226306,0.012744,0.00262843,0.000221605,2.53099e-05,0.0403317,0.23238,0.0572809,0.000207528,0.000208344,0.00271227,0.0242334,0.00908861,0.00365803,0.712577,1.90955,0.408602,0.000589105,0.00883084,0.0150893,0.00200797,0.000112884,0.000389473,0.0816201,0.197574,0.0171386,0,0.000546153,0.00695369,0.0175228,0.00184772,0.0357934,1.26941,1.58773,0.10643,0.000513099,0.0105968,0.0109145,0.000629453,2.27958e-05,0.00534764,0.157209,0.143221,0.0032279,5.51291e-05,0.00135869,0.0160292,0.0175638,0.00124126,0.18578,1.694,1.04176,0.0129021,0.00368305,0.0190562,0.00359379,0.000378532,9.28307e-05,0.0246384,0.198359,0.0698399,0.000438943,0.00013175
86.192471655,0.00160762,0.0136221,0.00687198,0.000697874,0,0.0111128,0.177751,0.121217,0.00160518,0,0.00176862,0.0130767,0.00782069,0.000236917,0.271763,1.67875,0.847241,0.00554917,0.00226306,0.0111069,0.00264564,0.00021533,2.53099e-05,0.0395704,0.216859,0.0522399,0.000207528,0.000208344,0.00298846,0.0170401,0.00598323,0.00326964,0.666515,1.80457,0.397818,0.000589105,0.00959624,0.0158466,0.00120228,3.13547e-05,0.000389473,0.0801972,0.188782,0.0164627,0,0.00051394,0.00614491,0.0126994,0.00153687,0.0328992,1.15618,1.48081,0.0999801,0.000513099,0.0109682,0.0105502,0.000533766,2.27958e-05,0.0051339,0.150305,0.137326,0.00322442,5.51291e-05,0.00141856,0.012617,0.0121724,0.000643601,0.187013,1.61377,1.01018,0.0135271,0.0026641,0.0131953,0.00314678,0.000437567,9.28307e-05,0.0236169,0.189173,0.0690782,0.000438943,3.69944e-05
87.678548753,0.00175447,0.0147915,0.00780096,0.000697874,0,0.0096584,0.161888,0.115418,0.00160518,0,0.00178026,0.0150578,0.00840847,0.000236917,0.250839,1.56793,0.777502,0.00571638,0.00250799,0.0118775,0.00264564,0.00021533,2.53099e-05,0.0354356,0.200382,0.0506987,0.000207528,0.000208344,0.00270214,0.0192788,0.00610681,0.00326964,0.625687,1.69789,0.368452,0.000589105,0.00880378,0.0124137,0.00120228,3.13547e-05,0.000389473,0.072942,0.178585,0.016401,0,0.000523902,0.00677824,0.0139737,0.00153687,0.0332706,1.12068,1.42923,0.0994132,0.000513099,0.00992549,0.00804722,0.000533766,2.27958e-05,0.0051339,0.139251,0.128931,0.00322442,5.51291e-05,0.00126308,0.0144665,0.0134918,0.000643601,0.170696,1.54331,0.97227,0.0135271,0.00298233,0.0129704,0.00340051,0.000437567,9.28307e-05,0.0229516,0.176871,0.0636444,0.000438943,3.69944e-05
89.164625850,0.00275408,0.0178941,0.00851401,0.00074983,0,0.00896924,0.143882,0.107976,0.00160518,0,0.00178026,0.0119773,0.0083115,0.000236917,0.202816,1.35423,0.69222,0.00635631,0.0041625,0.014127,0.00285822,0.00021533,2.53099e-05,0.032239,0.177174,0.0476837,0.000207528,0.000208344,0.00268271,0.0148471,0.00588212,0.0033763,0.550276,1.48244,0.351872,0.000602385,0.00989891,0.0140513,0.00122572,3.13547e-05,0.000389473,0.0687873,0.165765,0.0148959,0,0.000523902,0.00608318,0.0120162,0.00167652,0.0230698,0.961427,1.24165,0.0885173,0.000575135,0.0106486,0.00894898,0.000533766,2.27958e-05,0.00432087,0.130084,0.121389,0.0026036,5.51291e-05,0.00126308,0.0107531,0.0118752,0.000672966,0.154443,1.35817,0.879585,0.0119662,0.00313521,0.0142801,0.0038928,0.000437567,9.28307e-05,0.0199599,0.162926,0.0584659,0.000438943,3.69944e-05
90.650702948,0.00281506,0.0168289,0.00720843,0.000727211,0,0.00827331,0.127774,0.0901482,0.00165095,0,0.00174312,0.0133902,0.00922427,0.000241392,0.204984,1.27824,0.623732,0.00605478,0.00440562,0.0138891,0.00294386,0.000225493,2.53099e-05,0.0297083,0.15647,0.0409974,0.000207528,0.000231426,0.00251993,0.015841,0.00669821,0.00339946,0.526371,1.36661,0.314822,0.00114287,0.0106703,0.0147478,0.00128748,4.34931e-05,0.000389473,0.0618035,0.140103,0.0149856,4.06157e-06,0.00052821,0.00665229,0.0134213,0.0018307,0.023128,0.912615,1.13392,0.0757271,0.00108798,0.0127194,0.00970363,0.000587174,2.27958e-05,0.00450128,0.113864,0.104479,0.00262876,5.51291e-05,0.00132875,0.0110104,0.01198,0.000704179,0.142499,1.22936,0.773757,0.0126223,0.0042061,0.015525,0.00394255,0.000513337,9.28307e-05,0.0199263,0.14153,0.0527531,0.000477532,0.000109712
92.136780045,0.0035577,0.0177484,0.00820654,0.000652885,0,0.00788582,0.11129,0.080565,0.00119167,0,0.00174183,0.0129103,0.010063,0.000888499,0.188614,1.15108,0.583299,0.00544052,0.00517921,0.0161302,0.00379515,0.000225493,2.53099e-05,0.0275431,0.141933,0.0358395,0.000207528,0.000231426,0.00254252,0.0156065,0.00760357,0.00380054,0.492931,1.27365,0.300161,0.00114287,0.0113512,0.0151259,0.00128585,4.34931e-05,0.000384464,0.054719,0.126494,0.0127831,4.06157e-06,0.000547191,0.00692745,0.0142531,0.00301238,0.0223623,0.863885,1.07424,0.0796238,0.00109627,0.0132488,0.00995831,0.000615352,4.93375e-05,0.00381519,0.101973,0.0919932,0.00252945,5.51291e-05,0.00122266,0.0106545,0.0126095,0.00128893,0.142801,1.1658,0.740591,0.0132299,0.00445767,0.014676,0.00387815,0.000547398,0.000124913,0.017018,0.122586,0.0445275,0.000462536,0.000109712
93.622857143,0.00278472,0.0158216,0.00681939,0.000626559,0,0.00677366,0.0955803,0.0728838,0.00119167,0,0.00120403,0.0137054,0.0114584,0.00101427,0.170987,1.07494,0.530421,0.00544052,0.00489384,0.0152363,0.00330305,0.000195201,2.53099e-05,0.0203702,0.116743,0.0301939,0.000207528,0.000231426,0.00251363,0.0179342,0.00892111,0.00388417,0.450554,1.1748,0.271368,0.00104164,0.0106907,0.0137111,0.00116327,5.48357e-05,0.000384464,0.0468946,0.110656,0.0117442,4.06157e-06,0.00038406,0.00678347,0.0157352,0.00356065,0.0217313,0.784892,0.955828,0.0688057,0.00120397,0.0136146,0.00920271,0.000615352,4.93375e-05,0.00295976,0.0931243,0.0844632,0.00238292,5.51291e-05,0.0010103,0.0115715,0.0140569,0.00162023,0.125699,1.05458,0.669595,0.0110803,0.00471763,0.0152644,0.00414451,0.000503488,0.000124913,0.0141905,0.109392,0.0397878,0.000462536,0.000109712
95.108934240,0.00285478,0.0178744,0.00653736,0.000471157,0,0.00565573,0.076591,0.0556639,0.000855181,0,0.00120403,0.0131196,0.0117389,0.000890507,0.168362,1.03144,0.518258,0.00514523,0.00500771,0.0149387,0.0025757,0.000107669,2.53099e-05,0.0156623,0.0940339,0.0219572,0.000207528,0.000167477,0.00233356,0.0174491,0.00881492,0.00382315,0.451488,1.1516,0.275543,0.00104164,0.0103115,0.0129353,0.000793034,2.3481e-05,0.000384464,0.0402954,0.0890398,0.00870653,4.06157e-06,0.000368089,0.00560797,0.01582,0.00329049,0.0234489,0.775482,0.94576,0.0693876,0.00120397,0.0129859,0.00880016,0.000298057,2.65416e-05,0.00295976,0.0763607,0.0678585,0.00196807,1.02209e-06,0.000717769,0.0106709,0.0146994,0.00136419,0.121706,1.04118,0.669901,0.0121886,0.00447783,0.0152668,0.00323356,0.000390209,0.000124913,0.0110292,0.0887946,0.0316571,0.000462536,8.25777e-05
96.595011338,0.00304441,0.0188036,0.00696246,0.000324493,0,0.00360076,0.0560468,0.0422084,0.000580722,0,0.00120403,0.0124537,0.0108089,0.000890507,0.168625,0.948591,0.446343,0.00193671,0.00545172,0.0173907,0.00273453,8.87499e-05,2.53099e-05,0.00949243,0.0675002,0.0190438,0.000207528,0.000167477,0.00233356,0.0163494,0.00817732,0.00346455,0.399023,1.02111,0.236932,0.00104818,0.0116637,0.0148578,0.000639967,2.76077e-05,0.00016007,0.0285556,0.0690045,0.00860506,4.06157e-06,0.000368089,0.00561038,0.0147582,0.00318614,0.0210844,0.712528,0.856117,0.0633804,0.00122919,0.0143616,0.00928152,0.00023335,2.65416e-05,0.00224301,0.0587818,0.0532738,0.00196807,1.02209e-06,0.00069619,0.0102317,0.0133899,0.00129701,0.117913,0.951092,0.592801,0.0100174,0.00461219,0.0160375,0.00318766,0.000353111,0.000124913,0.00796949,0.0700242,0.0259219,0.000462536,8.25777e-05
98.081088435,0.00298228,0.018903,0.00817595,0.000414495,0,0.00313731,0.0364484,0.0260456,0.000333209,0,0.00121808,0.0142929,0.0121019,0.000842528,0.14951,0.841334,0.414753,0.00163688,0.00554714,0.0190757,0.00279005,8.87499e-05,0,0.00748906,0.0450962,0.0105677,0,0.000176759,0.00243543,0.018585,0.00913066,0.00105004,0.347627,0.89804,0.210325,0.000706895,0.0120408,0.0152712,0.000666755,4.10463e-05,4.73042e-05,0.021931,0.0471198,0.00383513,4.06157e-06,0.000372873,0.00604908,0.0169167,0.00332506,0.0175733,0.615263,0.761228,0.0621789,0.00128307,0.0151284,0.00972852,0.000254329,2.65416e-05,0.00120089,0.0397235,0.0349583,0.0010179,6.26382e-06,0.000717689,0.0123146,0.015272,0.00140569,0.113768,0.857703,0.542297,0.00610474,0.00482519,0.0166951,0.00372496,0.000387381,3.20826e-05,0.00403212,0.0416702,0.0152106,0.000148088,8.52798e-05
99.567165533,0.00316062,0.0206387,0.0083812,0.000440408,0,0.000740796,0.0282021,0.0218958,0.000107185,0,0.000649699,0.0149786,0.0131106,0.000842528,0.14742,0.832149,0.409905,0.0019411,0.00600261,0.0201402,0.00282872,8.87499e-05,0,0.00533264,0.0374131,0.00981863,0,0.000198224,0.00194267,0.0196611,0.00943322,0.000933908,0.33607,0.868818,0.19998,0.000706895,0.0124244,0.0156355,0.000733606,4.10463e-05,1.76597e-05,0.0151529,0.034727,0.00293906,4.06157e-06,0.000372873,0.00685444,0.0182449,0.00341257,0.017635,0.587942,0.731378,0.0597124,0.00136271,0.0157265,0.0100913,0.000254329,2.65416e-05,0.00105673,0.0284461,0.023709,0.000153185,6.26382e-06,0.000696128,0.0130883,0.0161666,0.00140569,0.0986998,0.804272,0.507609,0.00654914,0.00501382,0.0182564,0.00392767,0.000410364,3.20826e-05,0.00394714,0.0354794,0.0109053,3.85884e-05,8.52798e-05
101.053242630,0.00329976,0.0222748,0.00828882,0.000446916,0,0.000740796,0.0285973,0.0215604,7.04522e-05,0,0.000222888,0.015824,0.0146694,0.000849358,0.162835,0.902574,0.456675,0.00211837,0.00677616,0.0215561,0.00264833,6.22677e-05,0,0.00511381,0.0346639,0.00822233,0,0.000110765,0.00135074,0.0215378,0.0105801,0.000993988,0.365695,0.944918,0.226681,0.000706895,0.0130372,0.0163986,0.000649518,4.10463e-05,1.76597e-05,0.0127858,0.0307521,0.00213911,4.06157e-06,0.000133097,0.00616539,0.0203451,0.00365438,0.0192644,0.624039,0.787517,0.0662703,0.00136271,0.0167712,0.0105963,0.000248303,2.65416e-05,0.000399222,0.0224804,0.020589,5.93387e-05,6.26382e-06,0.00050378,0.0131139,0.0180417,0.00144395,0.110008,0.831814,0.535988,0.00743699,0.00531754,0.0196962,0.00367744,0.000433184,3.20826e-05,0.00232986,0.0292285,0.0100497,3.85884e-05,8.52798e-05
102.539319728,0.00410178,0.0230408,0.00869279,0.000413443,0,0.000909775,0.0307248,0.0224167,7.65742e-05,2.62794e-05,0.000222888,0.0157977,0.0146694,0.000849358,0.166084,0.948624,0.473132,0.00232452,0.00750249,0.0223548,0.00253624,2.7901e-05,0,0.00570297,0.036757,0.00842327,0,0.000110765,0.00137692,0.0215332,0.0105801,0.00100622,0.392832,1.01308,0.23964,0.000706895,0.0150196,0.0182737,0.000581934,4.10463e-05,0,0.0124533,0.0305455,0.00213911,4.06157e-06,0.000126048,0.00606598,0.0203451,0.00365438,0.0200312,0.676466,0.849601,0.0739142,0.00138627,0.018594,0.0105857,0.000171668,2.65416e-05,0.000342081,0.0232462,0.0211142,5.93387e-05,6.26382e-06,0.000533752,0.0130699,0.018035,0.00144395,0.117037,0.911233,0.583305,0.00797939,0.00593698,0.0212745,0.00357911,0.000390527,3.20826e-05,0.0021378,0.0291363,0.00977969,3.85884e-05,7.54195e-05
104.025396825,0.00534737,0.0228733,0.00875732,0.000527301,4.18755e-05,0.000977283,0.0319399,0.0235617,8.89058e-05,0.000138683,0.000222888,0.0168544,0.0162299,0.000889923,0.168792,0.989273,0.493877,0.0027909,0.00768231,0.0223211,0.00255458,7.27578e-05,0,0.00610824,0.0397077,0.00954696,0,0.000110765,0.00137692,0.0225283,0.0115585,0.00107452,0.40064,1.05006,0.247512,0.00105924,0.0151496,0.0179445,0.000744094,5.47876e-05,0,0.0140441,0.0355416,0.0026262,4.06157e-06,0.000126048,0.00624645,0.0222518,0.00447736,0.0194418,0.695714,0.880223,0.0751187,0.00182632,0.0190673,0.0110378,0.000190537,6.99935e-05,0.000359603,0.0253024,0.0235227,7.24976e-05,6.26382e-06,0.000533752,0.0132603,0.0193403,0.00196426,0.11835,0.938053,0.600127,0.00802765,0.0065166,0.021713,0.00367166,0.000406421,5.06659e-05,0.00211958,0.0302273,0.0102967,4.43215e-05,0.000124994
105.511473923,0.005071,0.0208157,0.00811269,0.000527301,0.000415914,0.00111886,0.0340252,0.0229332,0.000100832,0.000169768,0.000191795,0.0160489,0.0159307,0.00315124,0.159431,0.966587,0.486032,0.0027428,0.00763834,0.0219806,0.00268989,7.27578e-05,0,0.00709893,0.042449,0.00898925,4.1673e-05,0.000132482,0.000984785,0.0214247,0.0111751,0.00173452,0.381815,1.01742,0.240202,0.00221565,0.0149826,0.0173132,0.000744094,0.000107956,5.69366e-05,0.0159464,0.037546,0.00257221,9.97759e-05,6.3564e-05,0.00544734,0.021236,0.00505276,0.016904,0.668847,0.851488,0.0730521,0.0034542,0.0186391,0.0114498,0.000190537,0.000203752,0.00046508,0.0269936,0.0239075,0.000138486,5.24172e-06,0.000513249,0.0122319,0.0183532,0.00299159,0.115499,0.92482,0.584401,0.0091498,0.00723071,0.0200769,0.00320932,0.00042532,0.000139121,0.00222792,0.0321877,0.0106166,4.43215e-05,0.000124994
106.997551020,0.005071,0.020055,0.00766981,0.000481168,0.000496673,0.00114433,0.0448345,0.0326221,0.000368533,0.000169768,0.000191795,0.016196,0.0160677,0.00316091,0.172277,1.02026,0.528282,0.00269867,0.00705571,0.0203344,0.00287933,9.55272e-05,6.07766e-05,0.0074185,0.0535002,0.0131386,5.89383e-05,0.000135634,0.00119641,0.0212284,0.0110014,0.00173452,0.403485,1.05928,0.250102,0.0022177,0.014075,0.0168034,0.000654977,0.000202807,0.000158923,0.0178918,0.0452602,0.0035455,0.00012735,6.3564e-05,0.00480916,0.0203006,0.00504034,0.0177002,0.662515,0.85318,0.0726438,0.00343594,0.0170605,0.0105228,0.000190537,0.000258429,0.000492938,0.031905,0.0277043,0.000250368,2.6324e-05,0.000513249,0.0118481,0.0176271,0.00299984,0.112,0.907272,0.567054,0.00906532,0.0072319,0.0191114,0.00280502,0.000432822,0.000189286,0.00242249,0.037313,0.0118284,5.89766e-05,0.000129495
108.483628118,0.00481984,0.0188204,0.00743402,0.000356846,0.000496673,0.00346951,0.0824154,0.0542582,0.000392911,0.000169768,0.00016873,0.0156414,0.0148738,0.00316091,0.246296,1.35959,0.724064,0.0132859,0.00644684,0.0190668,0.00261592,9.55272e-05,6.07766e-05,0.0187229,0.102457,0.0337876,5.89383e-05,8.19712e-05,0.00116595,0.0199683,0.0100034,0.00246803,0.624193,1.49219,0.410798,0.00220856,0.013029,0.0158849,0.000540856,0.000202807,0.000158923,0.0438377,0.0856727,0.00673899,0.00012735,3.8035e-05,0.00465256,0.0188449,0.00483631,0.0335118,1.04395,1.3166,0.176526,0.0032966,0.015825,0.00964215,0.00015345,0.000258429,0.000488917,0.0739403,0.0652586,0.000250368,2.6324e-05,0.000449875,0.011296,0.0158629,0.00298668,0.209831,1.34369,0.875757,0.0284354,0.00687869,0.0176353,0.00279404,0.000356245,0.000189286,0.00263475,0.0631204,0.0212936,5.89766e-05,0.000129495
109.969705215,0.00473279,0.0169454,0.00615377,0.000335246,0.000496673,0.00768058,0.134658,0.0906756,0.00178162,0.000169768,0.00016873,0.0151137,0.0139463,0.00316091,0.343876,1.69639,0.93415,0.0207327,0.00644684,0.0177196,0.00228658,7.99555e-05,6.07766e-05,0.0394641,0.162738,0.0495053,5.89383e-05,8.19712e-05,0.000889759,0.0190026,0.0090902,0.00246803,0.76737,1.78215,0.516178,0.00220856,0.0121675,0.0141914,0.000522016,0.000202807,0.000158923,0.0733875,0.127777,0.0119613,0.00012735,3.8035e-05,0.00447672,0.0178899,0.00446368,0.0454252,1.19669,1.50623,0.207044,0.0032966,0.015386,0.0095377,0.000139866,0.000258429,0.00277785,0.112794,0.099001,0.00106382,2.6324e-05,0.000367373,0.0109567,0.014909,0.00285661,0.271838,1.57493,1.02946,0.0319575,0.00620089,0.0164411,0.00248766,0.0002741,0.000189286,0.0135889,0.114517,0.0462531,5.89766e-05,0.000129495
111.455782313,0.00458594,0.0155953,0.00522479,0.000335246,0.000496673,0.0129577,0.200435,0.135829,0.00210606,0.000169768,0.000150799,0.0131326,0.0133586,0.00316091,0.421419,2.00193,1.09394,0.0232924,0.00620191,0.016949,0.00228658,7.99555e-05,6.07766e-05,0.0543304,0.238925,0.0712797,5.89383e-05,8.19712e-05,0.000823285,0.016764,0.00896663,0.00713984,0.925489,2.20956,0.619921,0.00227071,0.0112927,0.0133408,0.000522016,0.000202807,0.00027992,0.0955827,0.193539,0.022757,0.00012735,2.80727e-05,0.00375055,0.0166155,0.00446368,0.0783449,1.53118,1.89535,0.253448,0.0032966,0.0140763,0.00871278,0.000139866,0.000258429,0.00668998,0.160629,0.147385,0.00348564,2.6324e-05,0.000353801,0.00910732,0.0135896,0.00285661,0.348363,1.98514,1.32056,0.0513094,0.00588265,0.0147688,0.00223393,0.0002741,0.000189286,0.0242543,0.18117,0.0711456,5.89766e-05,0.000129495
112.941859410,0.00358633,0.0124928,0.00432287,0.00028329,0.000496673,0.0175432,0.258251,0.177589,0.00222142,0.000169768,0.000150799,0.012539,0.0124676,0.00316091,0.490641,2.27985,1.25261,0.026854,0.00452263,0.0143833,0.00196217,7.99555e-05,6.07766e-05,0.0675793,0.300854,0.0898684,5.89383e-05,8.19712e-05,0.000823285,0.0158802,0.00845723,0.00914608,1.01855,2.39055,0.665051,0.00225743,0.009935,0.0112942,0.000498577,0.000202807,0.000442379,0.135061,0.261482,0.0255056,0.00012735,2.80727e-05,0.00369543,0.0154869,0.00432404,0.0869808,1.64924,2.03927,0.261964,0.00323456,0.0130703,0.00754896,0.000139866,0.000258429,0.008443,0.218866,0.198083,0.00384995,2.6324e-05,0.000353801,0.00843332,0.0123917,0.00282724,0.381851,2.15297,1.43728,0.0543326,0.00566363,0.0129806,0.00153496,0.0002741,0.000189286,0.0340512,0.250359,0.0933799,7.49223e-05,0.000129495
114.427936508,0.00352535,0.0122506,0.00428843,0.000274879,0.000496673,0.0213811,0.307429,0.214932,0.00229399,0.000169768,0.000150799,0.0109585,0.0113507,0.00315643,0.519259,2.425,1.34686,0.0285744,0.00427951,0.0133057,0.00185266,6.9792e-05,6.07766e-05,0.0752356,0.35278,0.112576,5.89383e-05,5.88896e-05,0.000784961,0.0146852,0.00755455,0.0101933,1.11677,2.59874,0.734803,0.00171695,0.00916358,0.0105978,0.000387234,0.000190669,0.000654202,0.155212,0.305851,0.0319145,0.000123288,2.3765e-05,0.00312632,0.0137604,0.00416986,0.0964815,1.81757,2.26669,0.325106,0.00272172,0.0109995,0.00679432,7.74667e-05,0.000258429,0.00850227,0.251617,0.228196,0.00494747,2.6324e-05,0.000288139,0.00785767,0.0119731,0.00279603,0.437339,2.40603,1.62135,0.0681479,0.00459273,0.0117357,0.00146844,0.00019833,0.000189286,0.0427063,0.296335,0.117614,3.63339e-05,5.67777e-05
115.914013605,0.00277557,0.0101614,0.00306722,0.000265108,0.000496673,0.0251978,0.342772,0.232345,0.00248603,0.000169768,7.92351e-05,0.0101962,0.0100427,0.00250933,0.589565,2.62904,1.45067,0.0295157,0.00347083,0.0103546,0.000908,6.9792e-05,6.07766e-05,0.0941042,0.407004,0.127633,5.89383e-05,5.88896e-05,0.00072681,0.0132128,0.00640904,0.0101013,1.23237,2.8163,0.809148,0.00171695,0.00813413,0.00938533,0.000387234,0.000190669,0.000770361,0.188394,0.351378,0.0360398,0.000123288,4.78404e-06,0.00246757,0.0121853,0.00298817,0.106382,1.95503,2.42714,0.339814,0.00271343,0.0096628,0.00584315,4.92887e-05,0.000231887,0.0113051,0.295926,0.265984,0.0057226,2.6324e-05,0.000272714,0.00703697,0.010379,0.00221128,0.483048,2.59347,1.74151,0.0702392,0.0043332,0.0112874,0.00141399,0.00016427,0.000157203,0.0499546,0.343214,0.13616,6.08918e-05,5.67777e-05
117.400090703,0.00269361,0.00872011,0.00303473,0.000249761,0.000496673,0.0309469,0.381064,0.263214,0.00275147,0.000169768,7.92351e-05,0.00807994,0.0080584,0.00238355,0.611111,2.69967,1.51137,0.0303834,0.00288331,0.00914432,0.000908,6.9792e-05,6.07766e-05,0.101801,0.440324,0.144664,5.89383e-05,5.88896e-05,0.000403287,0.0100119,0.00475129,0.0100176,1.26891,2.8989,0.844074,0.00165944,0.00652762,0.00773126,0.000336953,0.000179326,0.000770361,0.204517,0.390002,0.0417531,0.000123288,4.78404e-06,0.00168832,0.00994135,0.0024399,0.115139,2.03482,2.53962,0.354784,0.00230112,0.00728754,0.00482304,4.92887e-05,0.000231887,0.0124481,0.323651,0.300205,0.00659026,2.6324e-05,0.000272714,0.00535022,0.00840978,0.00187998,0.498208,2.65616,1.7948,0.0730758,0.00386973,0.00923593,0.00102899,0.000137977,0.000157203,0.0573704,0.379685,0.152351,6.08918e-05,5.67777e-05
118.886167800,0.00262355,0.00638235,0.00259773,0.000249761,0.000496673,0.0312507,0.412279,0.282226,0.00275147,0.000169768,7.92351e-05,0.00732928,0.00684476,0.00238355,0.635926,2.81187,1.57475,0.031773,0.00276945,0.00903453,0.000899806,6.9792e-05,6.07766e-05,0.109377,0.477852,0.153751,5.89383e-05,5.65551e-05,0.000400169,0.00875508,0.00381714,0.0100176,1.33199,3.03147,0.888764,0.00165944,0.00624192,0.00756038,0.000336953,0.000179326,0.000770361,0.227901,0.422652,0.04289,0.000123288,4.78404e-06,0.00168832,0.00845632,0.00226686,0.116207,2.11978,2.64091,0.372198,0.00230112,0.00722419,0.00466468,4.92887e-05,0.000231887,0.0129657,0.352934,0.322587,0.00659026,2.6324e-05,0.000234399,0.00500709,0.00674532,0.00187998,0.535535,2.81997,1.91048,0.0748223,0.00340698,0.00767289,0.00100072,0.000122368,0.000157203,0.0625381,0.403435,0.159678,6.08918e-05,5.67777e-05
120.372244898,0.00243392,0.00545314,0.00211618,0.000247381,0.000496673,0.0312496,0.426698,0.294724,0.00275147,0.000169768,7.92351e-05,0.00722671,0.00661762,0.00238355,0.63893,2.83535,1.59139,0.031773,0.00232544,0.00658256,0.000620331,6.76262e-05,6.07766e-05,0.110121,0.4967,0.16094,5.89383e-05,5.65551e-05,0.000400169,0.00848566,0.00364506,0.0103065,1.3448,3.06124,0.906439,0.00165289,0.00488969,0.0056378,0.000328237,0.0001752,0.000770361,0.234348,0.439352,0.0444201,0.000123288,4.78404e-06,0.00162727,0.00818938,0.00222481,0.116338,2.13613,2.66726,0.382207,0.0022759,0.0055408,0.00375812,4.92887e-05,0.000231887,0.0130758,0.371299,0.339591,0.00689013,2.6324e-05,0.000234399,0.00490486,0.00652406,0.00187497,0.532667,2.83727,1.92366,0.0761539,0.00323096,0.00626978,0.00100072,0.000122368,0.000157203,0.0634726,0.436693,0.173971,6.08918e-05,5.67777e-05
121.858321995,0.00243392,0.00434603,0.000902688,0.000157379,0.000496673,0.0312032,0.427444,0.294512,0.00275147,0.000169768,6.5192e-05,0.0053875,0.00532467,0.00233238,0.648281,2.85202,1.59502,0.0323818,0.00223002,0.00489747,0.000564808,6.76262e-05,6.07766e-05,0.109847,0.494837,0.159505,5.89383e-05,4.72735e-05,0.0002983,0.00625009,0.00269172,0.0103065,1.35865,3.0727,0.904373,0.00165289,0.00451256,0.00522443,0.000301449,0.000161761,0.000770361,0.233898,0.437555,0.0440878,0.000123288,0,0.00118857,0.00603088,0.00208589,0.122196,2.14991,2.66868,0.378748,0.00222201,0.00477394,0.00331112,2.83098e-05,0.000231887,0.0130648,0.371038,0.33911,0.00689013,2.10822e-05,0.000212901,0.00282201,0.00464194,0.0017663,0.541984,2.85595,1.92965,0.0781284,0.00301797,0.00561216,0.000463411,8.80974e-05,0.000157203,0.0630886,0.434913,0.17297,6.08918e-05,5.40755e-05
123.344399093,0.00225558,0.00255344,0.000653227,0.000131466,0.000496673,0.0310449,0.425359,0.29368,0.00275147,0.000169768,6.03243e-05,0.00375329,0.00431601,0.00233238,0.65051,2.85974,1.61014,0.0322431,0.00170179,0.00303212,0.000526143,6.76262e-05,6.07766e-05,0.108915,0.494212,0.160312,5.89383e-05,2.58082e-05,0.0002983,0.00454042,0.00238915,0.0105223,1.3637,3.0847,0.915959,0.00165289,0.00360166,0.00383334,0.000228016,0.000161761,0.000770361,0.233257,0.438119,0.0440421,0.000123288,0,0.000383211,0.00470266,0.00199838,0.120345,2.15162,2.67345,0.382956,0.00214237,0.00367363,0.00230249,2.83098e-05,0.000231887,0.0129941,0.370308,0.339568,0.00689013,2.10822e-05,0.000146253,0.00204156,0.00374738,0.0017663,0.539276,2.85902,1.93378,0.0795033,0.00282933,0.00405088,0.00026071,6.51145e-05,0.000157203,0.0628281,0.434742,0.172788,6.08918e-05,5.40755e-05
124.830476190,0.00211644,0.000906368,0.000653227,0.000113858,0.000496673,0.0310449,0.426883,0.293694,0.00274538,0.000169768,2.63383e-05,0.0026137,0.00268674,0.00232555,0.649563,2.84478,1.59667,0.0323643,0.000928242,0.00152988,0.000526143,6.76262e-05,6.07766e-05,0.109277,0.49365,0.159692,5.89383e-05,2.58082e-05,0.0002983,0.00241009,0.00122611,0.0105292,1.36232,3.05651,0.90832,0.00165289,0.00298885,0.00297882,0.000163061,0.000161761,0.000770361,0.234474,0.438729,0.0438493,0.000123288,0,0.000306688,0.00231711,0.00175657,0.120827,2.15074,2.65592,0.382825,0.00214237,0.0026289,0.00136804,1.88689e-05,0.000231887,0.0129941,0.371246,0.339293,0.00685599,2.10822e-05,6.01072e-05,0.000771133,0.00149218,0.00172803,0.540147,2.85352,1.92694,0.0789203,0.00252561,0.0021306,0.00026071,4.22948e-05,0.000157203,0.062785,0.433743,0.171715,6.08918e-05,5.40755e-05
126.316553288,0.00131442,0.000140389,0.000127616,0.000113858,0.000496673,0.0308685,0.425885,0.293487,0.00273925,0.000143488,2.63383e-05,0.0026137,0.00268674,0.00232555,0.662061,2.88489,1.62529,0.0340162,0.00020191,0.000730853,0.000506425,6.76262e-05,6.07766e-05,0.10878,0.494456,0.160014,5.89383e-05,2.58082e-05,0.000272117,0.00241009,0.00122611,0.0105061,1.36944,3.0651,0.915674,0.00165289,0.00100642,0.00105898,0.000163061,0.000161761,0.000770361,0.236065,0.441477,0.0438493,0.000123288,0,0.000306688,0.00231711,0.00175657,0.121749,2.14832,2.65337,0.382732,0.00211882,0.000794709,0.00132278,1.88689e-05,0.000231887,0.0129941,0.372552,0.340198,0.00685599,2.10822e-05,0,0.000771133,0.00149218,0.00172803,0.541561,2.83666,1.91954,0.0799703,0.00190617,0.000492569,0.00026071,4.22948e-05,0.000157203,0.0627714,0.434803,0.172081,6.08918e-05,5.40755e-05
127.802630385,0,0,0,0,0.000454797,0.030801,0.425409,0.293312,0.00272625,3.1085e-05,2.63383e-05,0.00155695,0.00112625,0.00228498,0.671541,2.91591,1.64315,0.033735,0,0.000730853,0.000482014,2.27695e-05,6.07766e-05,0.108515,0.492569,0.15948,5.89383e-05,2.58082e-05,0.000272117,0.00141503,0.000247733,0.0106783,1.39077,3.11636,0.927681,0.00122062,0.000562908,0.00105898,0,0.00014802,0.000770361,0.234424,0.437678,0.0437959,0.000123288,0,0.000126212,0.000410488,0.000933594,0.12597,2.1879,2.7019,0.390879,0.00167877,0.000321317,0.000870581,0,0.000188435,0.0129259,0.370695,0.339146,0.0068611,2.10822e-05,0,0.000580687,0.000186822,0.00120772,0.552947,2.89839,1.96429,0.0834654,0.00132655,5.40465e-05,0.000168161,2.64009e-05,0.00013862,0.062688,0.433841,0.171918,5.51587e-05,4.5015e-06
129.288707483,0,0,0,0,8.0759e-05,0.0308411,0.423185,0.293998,0.00271433,0,0,0.00154263,0.000785961,9.66329e-06,0.678075,2.92975,1.64646,0.0340385,0,0,0.000232608,2.27695e-05,6.07766e-05,0.107784,0.489382,0.159906,1.72653e-05,3.15275e-06,0.000211628,0.00141503,4.48027e-05,0.0100183,1.40482,3.12621,0.93388,6.42084e-05,4.37903e-07,0,0,9.48512e-05,0.000713425,0.233105,0.435686,0.0437373,2.75739e-05,0,0.000126212,0.000410488,0,0.125642,2.19723,2.71277,0.392186,3.04757e-06,0,3.30692e-05,0,5.46769e-05,0.0128458,0.369065,0.337385,0.00679511,2.10822e-05,0,0.000580687,0.000186822,8.24537e-06,0.55263,2.89976,1.97323,0.0820929,1.18998e-06,5.40465e-05,0.000168161,7.50237e-06,5.01646e-05,0.0627708,0.431942,0.171462,5.51587e-05,4.5015e-06
130.774784580,0,0,0,0,0,0.0308661,0.41239,0.283087,0.00244663,0,0,0,0,0,0.671978,2.89073,1.62508,0.0341005,0,0,0,0,0,0.107925,0.477643,0.15499,0,0,0,0,0,0.0100664,1.39173,3.10439,0.93382,6.21568e-05,0,0,0,0,0.000611438,0.233044,0.429245,0.042764,0,0,0,0,0,0.128781,2.22057,2.73969,0.400934,0,0,0,0,0,0.0128244,0.367053,0.336316,0.00668323,0,0,0,0,0,0.562994,2.94135,2.01391,0.0839347,0,0,0,0,0,0.0630423,0.429973,0.171434,4.05037e-05,0
132.260861678,0.00064096,0.000531764,5.86964e-06,5.93214e-06,1.90502e-06,0.0296061,0.373622,0.259781,0.00520137,0.00155322,0.000500939,0.000689413,0.000368417,0.000188435,0.601296,2.5216,1.40664,0.0240434,0.00104521,0.000543542,0,0,0,0.096807,0.42453,0.134771,0.0034082,3.80838e-05,0,0.000278724,0.000468134,0.00940248,1.17509,2.65189,0.774033,6.21568e-05,0,0,0,0,0.000612547,0.205001,0.384192,0.0424796,0.00352703,0,0,0,0,0.112437,1.83586,2.25761,0.299477,0,0,0,0,0,0.0128622,0.322199,0.296638,0.00668378,0,0,0,0,0,0.473622,2.50535,1.70313,0.064651,0,0,0,0,0,0.0628882,0.399792,0.160755,4.05037e-05,0
133.746938776,0.000682556,0.000579839,4.30594e-05,0.000205375,0.000603191,0.0320007,0.332532,0.228636,0.00382434,0.00159147,0.000506945,0.000689413,0.000368417,0.000512836,0.498258,2.1415,1.17308,0.0166079,0.0010845,0.000555792,5.64966e-06,0,8.0921e-05,0.0769561,0.362613,0.119178,0.00341924,7.77777e-05,0.000511489,0.000698239,0.00233591,0.0123881,1.01885,2.32197,0.657659,0.000545529,0.000811235,0.000335103,1.98886e-06,0.000306125,0.00111967,0.175631,0.340341,0.0373893,0.00381872,0.000294218,1.5887e-06,0.000282107,0.000613319,0.100382,1.65876,2.0331,0.263949,0.000224597,6.31823e-05,0,1.96323e-05,2.17775e-05,0.0105925,0.279892,0.259798,0.00881935,0.0022194,1.32035e-05,8.49643e-06,0,0.000127723,0.406572,2.23758,1.52433,0.0603958,2.03804e-05,9.69418e-05,6.10356e-05,2.0931e-05,5.80788e-05,0.051977,0.344482,0.134666,5.2658e-05,4.32311e-05
135.233015873,0.000682556,0.000640949,0.000309689,0.000280567,0.000620806,0.0269118,0.271283,0.187215,0.00386546,0.0019614,0.000871646,0.000744984,0.000496421,0.000651058,0.401866,1.76718,0.988842,0.0158305,0.0010845,0.000601907,0.000244446,0.000574103,0.000709916,0.0635493,0.291147,0.100318,0.00342066,7.77777e-05,0.000575618,0.00115035,0.00367949,0.00837926,0.825737,1.8177,0.53711,0.000486268,0.000811235,0.000397866,0.00230004,0.00767727,0.00493473,0.154657,0.277559,0.0279548,0.00381872,0.000294218,6.2149e-05,0.000358952,0.000796412,0.0671373,1.27521,1.58509,0.214408,0.000224597,6.31823e-05,0.000295886,0.00102453,0.00118402,0.00672786,0.232212,0.21193,0.00673511,0.0022194,0.000361881,0.000660551,0.000625616,0.00089708,0.322633,1.77344,1.19938,0.0410559,2.03804e-05,0.000153504,0.000194273,9.12363e-05,8.03072e-05,0.0425342,0.279108,0.110735,8.19577e-05,4.32311e-05
136.719092971,0.00271533,0.00173283,0.000429802,0.00028059,0.000620806,0.0224899,0.220311,0.151641,0.00529654,0.00448857,0.00179288,0.000745164,0.000496421,0.000651058,0.329466,1.45755,0.814958,0.0130545,0.00287702,0.00112997,0.000244549,0.000574103,0.000709916,0.0509567,0.238232,0.0851334,0.00467958,0.00220066,0.0012064,0.00115047,0.00367949,0.00639553,0.703132,1.56326,0.471089,0.00150366,0.00215373,0.000762932,0.00230011,0.00767727,0.00520911,0.120011,0.216682,0.026045,0.00519039,0.0018415,0.000453701,0.000359029,0.000796412,0.0573189,1.10216,1.3757,0.200339,0.00168334,0.000622026,0.000295996,0.00102453,0.00118402,0.00576493,0.180948,0.167559,0.00698074,0.00963365,0.00458147,0.00119874,0.000625721,0.00089708,0.280988,1.52093,1.03113,0.0382679,0.00259144,0.00104212,0.000238687,0.0004735,0.000776662,0.0339695,0.219772,0.092385,0.00101277,0.000501933
138.205170068,0.00281091,0.00420355,0.00763324,0.00541065,0.000620806,0.0190367,0.175953,0.122365,0.00842446,0.00456864,0.0019931,0.00135261,0.000855819,0.000651058,0.289923,1.26755,0.702216,0.0117939,0.00322685,0.00190835,0.0013559,0.000574103,0.000709916,0.0476118,0.196792,0.0680351,0.00469735,0.00222523,0.00122634,0.00117805,0.00367949,0.00533199,0.594108,1.32628,0.392511,0.00155282,0.00215373,0.000818091,0.00230011,0.00767727,0.00520171,0.103758,0.178171,0.0211855,0.00519039,0.0018415,0.000453701,0.000359029,0.000796412,0.0492244,0.919799,1.13323,0.138137,0.00168334,0.000622026,0.000295996,0.00102453,0.00118402,0.00667867,0.155097,0.145072,0.00779015,0.00963365,0.00458147,0.00119874,0.000625721,0.00089708,0.225447,1.25624,0.841985,0.0244125,0.00259144,0.00104212,0.000238687,0.0004735,0.000776662,0.0276193,0.18426,0.0736675,0.00104005,0.000501933
139.691247166,0.00501316,0.00518619,0.00790562,0.00543238,0.00069499,0.0158398,0.14168,0.106393,0.0106646,0.00841718,0.00384684,0.00179769,0.00090144,0.00100809,0.215184,1.0243,0.573508,0.0119598,0.00457654,0.00241342,0.00191715,0.00130306,0.00087756,0.0303902,0.144397,0.0556715,0.00737187,0.00424241,0.00257204,0.00202113,0.00407107,0.00531385,0.460731,1.05855,0.305262,0.00448073,0.00525615,0.00286238,0.0039943,0.008273,0.00590225,0.0717431,0.134325,0.0195016,0.00678402,0.0031123,0.00128266,0.000903086,0.000857361,0.038542,0.739977,0.921875,0.118755,0.00373385,0.0016073,0.00150945,0.00209732,0.00119467,0.00398378,0.111941,0.109555,0.00814212,0.00966652,0.00524935,0.00316756,0.00203103,0.00089708,0.168736,1.01249,0.68247,0.0225018,0.00274001,0.00140274,0.00122925,0.00105579,0.000835001,0.0215524,0.139453,0.0575131,0.0013948,0.00105626
141.177324263,0.00522668,0.00577862,0.00846568,0.00572529,0.00122254,0.0114285,0.109052,0.0790451,0.0104595,0.00855998,0.00441275,0.00245029,0.00242204,0.00607985,0.188434,0.894632,0.488913,0.0111031,0.00488954,0.00314398,0.0028087,0.00327035,0.00336392,0.0241246,0.111997,0.0388753,0.00738291,0.00433992,0.00333285,0.0032832,0.00646848,0.00671213,0.405526,0.915184,0.2619,0.00451124,0.00576441,0.00404318,0.00497618,0.0092369,0.00658745,0.0565531,0.0963547,0.0139631,0.00698939,0.00429242,0.00316846,0.00238417,0.00248949,0.0296497,0.631,0.772848,0.102135,0.00392462,0.00161051,0.00157994,0.00374781,0.00569076,0.00744715,0.0882411,0.0770311,0.00730471,0.00968846,0.0054332,0.00390072,0.00366162,0.00297405,0.15099,0.904735,0.606319,0.0208169,0.0041385,0.00179417,0.00236033,0.00385339,0.00359913,0.0154984,0.104448,0.0428806,0.00274521,0.0020081
142.663401361,0.00526422,0.00577862,0.00846747,0.00572529,0.00122254,0.0112731,0.0853599,0.0668069,0.011792,0.00860341,0.00441411,0.00245237,0.00242204,0.00607985,0.15135,0.726724,0.397078,0.00943946,0.00490261,0.00314478,0.00280933,0.00327035,0.00336392,0.0177875,0.0786027,0.0320535,0.00745367,0.00436639,0.003334,0.00328447,0.00646848,0.00671213,0.312846,0.720737,0.201984,0.0045583,0.00577858,0.00404455,0.00497686,0.0092369,0.00658745,0.0344324,0.067316,0.0133523,0.00700988,0.00429242,0.0031705,0.00238484,0.00251168,0.0270319,0.500761,0.615407,0.0795234,0.00394208,0.00161051,0.00158162,0.00374788,0.00570875,0.00720639,0.060891,0.0565853,0.00766748,0.00989866,0.0054371,0.00391187,0.00366171,0.0029999,0.107406,0.685162,0.457611,0.0180888,0.00420421,0.00179623,0.0023648,0.00386056,0.00363565,0.01153,0.0872092,0.0389827,0.00278414,0.0020081
144.149478458,0.00526422,0.00577862,0.00846747,0.00572529,0.00122254,0.0113643,0.0728192,0.055379,0.0118175,0.00860341,0.00441411,0.00245237,0.00242204,0.00607985,0.133111,0.646285,0.35561,0.01083,0.00490261,0.00314478,0.00280933,0.00327035,0.00336392,0.0169659,0.0649499,0.0262054,0.00745367,0.00436639,0.003334,0.00328447,0.00646848,0.00643324,0.273073,0.625564,0.172754,0.0045583,0.00577858,0.00404455,0.00497686,0.0092369,0.00660142,0.0308196,0.0557954,0.0129902,0.00700988,0.00429242,0.0031705,0.00238484,0.00251168,0.0251054,0.438336,0.539427,0.068179,0.00394208,0.00161051,0.00158162,0.00374788,0.00570875,0.00726532,0.0473092,0.0444943,0.00816052,0.00989866,0.0054371,0.00391187,0.00366171,0.0029999,0.100839,0.608511,0.408951,0.0174111,0.00420421,0.00179623,0.0023648,0.00386056,0.00363565,0.0110842,0.0576884,0.0262748,0.00278414,0.0020081
145.635555556,0.00526625,0.00578014,0.00852323,0.00572529,0.00122254,0.0168701,0.104778,0.0769781,0.0118175,0.00860686,0.00441701,0.00245237,0.00242204,0.00607985,0.131663,0.632817,0.354233,0.010114,0.0049057,0.00314614,0.00280933,0.00327035,0.00336392,0.0198628,0.0798222,0.0314575,0.00745367,0.004372,0.003334,0.00328447,0.00646848,0.00643324,0.243261,0.567849,0.161476,0.0045583,0.00577858,0.00404455,0.00497686,0.0092369,0.0068701,0.0369037,0.067155,0.0148512,0.00700988,0.00429242,0.0031705,0.00238484,0.00251168,0.0197003,0.39544,0.494084,0.0659844,0.00394208,0.00161051,0.00158162,0.00374788,0.00570875,0.00759305,0.0542934,0.0510436,0.00913558,0.00989866,0.0054371,0.00391187,0.00366171,0.0029999,0.0881347,0.543562,0.367823,0.015216,0.00420421,0.00179623,0.0023648,0.00386056,0.00363565,0.0115551,0.0638322,0.0277551,0.00278414,0.0020081
147.121632653,0.00526625,0.0065616,0.00873637,0.00573119,0.00122503,0.0362914,0.168642,0.113931,0.0119446,0.00860686,0.00453128,0.00253293,0.00246058,0.00608797,0.125522,0.638344,0.337414,0.0105928,0.0049057,0.00396272,0.00346805,0.00327981,0.00336392,0.0547889,0.162195,0.0654228,0.00745367,0.004372,0.00351794,0.00353738,0.00652937,0.00622062,0.246618,0.568969,0.155575,0.00455866,0.00578669,0.00406122,0.00500216,0.00923783,0.0068701,0.0617632,0.0970694,0.0161317,0.00705751,0.00435868,0.00364069,0.00253949,0.00254201,0.0178898,0.402382,0.495659,0.0640323,0.00396059,0.00163595,0.00164826,0.00375316,0.00570875,0.0169466,0.115212,0.105322,0.00913623,0.00990034,0.00543965,0.00411841,0.00370625,0.00303254,0.0861539,0.535001,0.36244,0.0132285,0.00425152,0.00180913,0.0023648,0.0038685,0.00363565,0.0310351,0.121377,0.0548273,0.00278414,0.0020148
148.607709751,0.00526625,0.00657186,0.00921081,0.0058118,0.00122503,0.0367409,0.188604,0.129728,0.0119446,0.00864223,0.00571223,0.00371056,0.00287748,0.00608797,0.130919,0.66201,0.353042,0.0102681,0.0049057,0.00446301,0.00418597,0.00327981,0.00336392,0.057824,0.18829,0.0733333,0.00745367,0.004372,0.0041763,0.00440609,0.00667727,0.00615368,0.251965,0.599969,0.158772,0.00455866,0.00631506,0.00516942,0.00527809,0.00923783,0.0068701,0.0668468,0.118584,0.0181302,0.00705751,0.0044082,0.00474706,0.0030663,0.00254201,0.0174409,0.431627,0.534351,0.0616906,0.00396059,0.00211825,0.00280138,0.00378457,0.00570875,0.0172254,0.131376,0.125182,0.00939234,0.00990034,0.00545434,0.00475982,0.00448254,0.00303254,0.0846634,0.556459,0.364524,0.0139403,0.00430216,0.00301639,0.00282773,0.00390676,0.00363565,0.0339461,0.144918,0.0624935,0.00278414,0.0020148
150.093786848,0.00526625,0.00662753,0.00983941,0.00613989,0.00122503,0.0376627,0.207228,0.144561,0.0119446,0.00867997,0.00592218,0.00392404,0.00287748,0.00608797,0.126932,0.675463,0.36834,0.00832075,0.0049057,0.00452498,0.00551383,0.0035333,0.00336392,0.0616049,0.208932,0.0781364,0.00745367,0.0044591,0.00467051,0.00456647,0.00667727,0.00615368,0.24863,0.618337,0.159419,0.00455866,0.00634146,0.00570742,0.00598432,0.00924321,0.0068701,0.0763927,0.14614,0.018934,0.00705751,0.00495729,0.00537213,0.00312298,0.00254201,0.0162256,0.429329,0.553373,0.0596416,0.00396059,0.00211825,0.00325788,0.0045619,0.00570875,0.0173614,0.149735,0.14,0.00939234,0.00990034,0.00593018,0.00553626,0.00453545,0.00303254,0.0847152,0.57418,0.385178,0.0123478,0.00430216,0.00318464,0.00372808,0.00418045,0.00363565,0.037323,0.165244,0.0690152,0.00278414,0.00211249
151.579863946,0.00526625,0.00662753,0.00987303,0.00615249,0.00122503,0.0377366,0.227139,0.155905,0.0124519,0.00867997,0.00592218,0.00394413,0.00287748,0.00608797,0.118291,0.679953,0.363776,0.0104245,0.0049057,0.00456198,0.00564043,0.00355106,0.00336392,0.0651754,0.235019,0.0838547,0.00745367,0.0045636,0.004789,0.00457757,0.00667727,0.00574453,0.251492,0.615311,0.158216,0.00455866,0.00636148,0.00574175,0.00604211,0.00924321,0.0068701,0.0909638,0.172133,0.0199205,0.00705751,0.00519597,0.00539723,0.00312298,0.00254201,0.0117726,0.43761,0.554816,0.056652,0.00396059,0.00213931,0.0033487,0.00460764,0.00570875,0.0173956,0.169272,0.158117,0.00938135,0.00990232,0.00609456,0.00560864,0.00453545,0.00303254,0.0783594,0.566931,0.377196,0.00880564,0.00430216,0.00322485,0.00378579,0.00418142,0.00363565,0.0395726,0.191748,0.0781144,0.00278414,0.00220431
153.065941043,0.00526625,0.00662753,0.0100596,0.00621418,0.00122503,0.037629,0.228673,0.158651,0.0124519,0.00867997,0.0066981,0.00523832,0.00288164,0.00608797,0.110372,0.649,0.35271,0.010121,0.0049057,0.00468411,0.00579092,0.00361728,0.00337679,0.0653545,0.237935,0.0857759,0.00767492,0.00475744,0.00626297,0.00483519,0.00668413,0.00574453,0.229974,0.591096,0.154063,0.00528954,0.00636148,0.00598416,0.00613894,0.00926835,0.00689209,0.0917626,0.177626,0.0211368,0.00705751,0.00533102,0.00575725,0.00316307,0.00254201,0.0113938,0.41247,0.539011,0.0572639,0.00396059,0.00217581,0.00339163,0.00486022,0.00574419,0.017646,0.176262,0.169323,0.0104619,0.00990232,0.00609456,0.00560864,0.0045576,0.00303254,0.076163,0.561833,0.375809,0.0112586,0.00430216,0.00322485,0.00384635,0.00429672,0.00363565,0.0408072,0.211556,0.0834643,0.00287737,0.00220431
154.552018141,0.00526625,0.00666635,0.0103231,0.00633634,0.00129764,0.0380551,0.227577,0.158337,0.0124521,0.00867997,0.00671656,0.00527908,0.00289483,0.00608797,0.0958451,0.577342,0.303567,0.00994907,0.0049057,0.00475165,0.00599849,0.00361874,0.00342349,0.0656542,0.237656,0.0857817,0.00767492,0.00475744,0.0063309,0.00490606,0.00668413,0.0060998,0.203833,0.516745,0.130048,0.00528954,0.00636148,0.00606887,0.00622486,0.00926835,0.00704224,0.0907587,0.176145,0.0212437,0.00705751,0.0054004,0.00604902,0.003221,0.00254201,0.00778725,0.363971,0.469593,0.0445802,0.00396059,0.00217581,0.00364593,0.00513341,0.00574419,0.0180799,0.175076,0.167769,0.0104783,0.00997031,0.00645832,0.00586975,0.0045576,0.00303254,0.0642621,0.495709,0.321628,0.00925997,0.00430216,0.00337018,0.00434632,0.00443905,0.00364337,0.040609,0.210058,0.0827822,0.00287737,0.00220431
156.038095238,0.00463332,0.00614392,0.0103279,0.00633041,0.00129573,0.0370032,0.225554,0.157563,0.00971388,0.00713859,0.00623643,0.00459554,0.00252641,0.00589953,0.0821515,0.549014,0.28883,0.00941893,0.00386763,0.00421553,0.00600895,0.00361874,0.00342358,0.0651458,0.237499,0.0855173,0.00427052,0.00474927,0.00634155,0.00462776,0.00621599,0.00597898,0.174931,0.468722,0.110219,0.00529131,0.00636255,0.00607966,0.00623113,0.00926835,0.00704819,0.0908117,0.17646,0.0186586,0.00354668,0.00541373,0.00605896,0.003221,0.00254201,0.0073282,0.322677,0.424631,0.0389335,0.00396059,0.00217629,0.00366434,0.00513727,0.00574419,0.0180651,0.174911,0.167779,0.0106022,0.00997031,0.00645847,0.00588539,0.0045576,0.00303254,0.0475825,0.428146,0.278351,0.0089892,0.00430216,0.0033775,0.00437175,0.00443905,0.00364337,0.0406185,0.210024,0.0829431,0.00287884,0.00220431
157.524172336,0.00465767,0.00642226,0.0104018,0.00615423,0.000697615,0.0304018,0.210697,0.149618,0.00970357,0.00710047,0.00624218,0.00460721,0.00252645,0.00557513,0.0811715,0.547405,0.287693,0.00940757,0.00382834,0.00420475,0.00600887,0.00363193,0.00334659,0.0641364,0.236248,0.0851477,0.00426118,0.00470957,0.00587201,0.00421736,0.00434893,0.00299441,0.17489,0.469782,0.110431,0.00480794,0.00555131,0.005747,0.00624025,0.00897343,0.00654106,0.0902677,0.175903,0.0184784,0.00325499,0.00514469,0.00607102,0.00293946,0.00192872,0.0070101,0.322718,0.424962,0.0390023,0.00373599,0.00211556,0.00367033,0.00512846,0.00573495,0.0180604,0.174927,0.167415,0.00765859,0.00778209,0.0064687,0.00587939,0.00455762,0.00290534,0.0475491,0.429496,0.278877,0.00899184,0.0042848,0.00328206,0.00431644,0.00443309,0.00359035,0.0405862,0.210212,0.0828986,0.00286925,0.00218211
159.010249433,0.00470719,0.00637672,0.0101367,0.00608513,0.000699374,0.0308738,0.207515,0.146109,0.00940279,0.00674261,0.00591264,0.00458921,0.00243165,0.00544271,0.0805503,0.533109,0.275972,0.00753139,0.00391595,0.00437474,0.00582854,0.0030732,0.00272724,0.06267,0.230165,0.0819909,0.00426253,0.00472273,0.00585415,0.00384607,0.00303181,0.00234397,0.17342,0.466527,0.109966,0.00485668,0.00571291,0.00595772,0.00397752,0.00161613,0.0026195,0.088457,0.171424,0.0170714,0.00325549,0.00516554,0.00603158,0.00286902,0.00174587,0.00697704,0.320963,0.42337,0.0388897,0.00378158,0.00221745,0.00344986,0.00415446,0.00457271,0.0180212,0.173284,0.165761,0.00732588,0.00778209,0.0061299,0.00525831,0.00393301,0.00213598,0.0472611,0.42717,0.277165,0.00899989,0.00432628,0.00342657,0.00424384,0.00436493,0.00356812,0.0393653,0.207078,0.0813953,0.00283995,0.00218211
160.496326531,0.0027206,0.00536115,0.0101704,0.00618177,0.000823639,0.0305255,0.19793,0.137396,0.00788752,0.00438359,0.00522248,0.00466945,0.00244845,0.00544271,0.0762433,0.508247,0.260572,0.00612582,0.00228266,0.0054959,0.010341,0.00530714,0.00387924,0.0643308,0.220699,0.0781064,0.0031771,0.00270457,0.0053396,0.0038869,0.00303277,0.0022148,0.168063,0.453182,0.106465,0.00384665,0.00437097,0.00564343,0.00432401,0.00235372,0.00270032,0.0837218,0.164392,0.0164112,0.0019714,0.00376212,0.00588351,0.00332884,0.00194756,0.00641393,0.314965,0.415477,0.038415,0.00264407,0.0017557,0.00345299,0.00424433,0.00502354,0.0179066,0.166412,0.159323,0.00683691,0.00119917,0.00364839,0.00567265,0.00409086,0.00217174,0.0462103,0.420206,0.271736,0.00806996,0.00178371,0.00254976,0.00420555,0.00398609,0.0028851,0.0381444,0.197229,0.0775184,0.00189931,0.00174709
161.982403628,0.00262502,0.00289044,0.00296697,0.00105172,0.000823639,0.033013,0.203954,0.141624,0.00718488,0.00440826,0.00514212,0.00419625,0.00209178,0.00545106,0.0750987,0.504375,0.260583,0.00876124,0.00252531,0.00471752,0.00922963,0.00530714,0.00387924,0.0597142,0.210119,0.0736527,0.00320056,0.00276286,0.00531965,0.00385933,0.00303277,0.00339568,0.168429,0.450124,0.10539,0.00386471,0.00437706,0.00558827,0.00432401,0.00235372,0.0024959,0.0772349,0.154779,0.0144192,0.00200825,0.00378994,0.00588351,0.00338035,0.00212183,0.00587709,0.305851,0.404412,0.0368087,0.00277257,0.00176903,0.00346,0.00424433,0.00502354,0.0167531,0.156634,0.149022,0.00490674,0.00120507,0.00364839,0.00567265,0.00409123,0.00217651,0.0441171,0.407437,0.26245,0.00750222,0.00180362,0.00254976,0.00420555,0.00398609,0.0028851,0.0350981,0.184695,0.0708614,0.00187203,0.00174709
163.468480726,0.000422769,0.00287328,0.00286036,0.00102998,0.0014764,0.0347022,0.210231,0.14755,0.00664115,0.000559724,0.00338551,0.00487008,0.00287136,0.00509403,0.0783454,0.523408,0.266519,0.00775303,0.00132631,0.00421245,0.00866838,0.00457819,0.0047911,0.0615176,0.218187,0.0756639,0.000824593,0.000745683,0.00430153,0.00448062,0.00271031,0.00303066,0.181669,0.472893,0.110268,0.000936797,0.00127464,0.00364027,0.00281085,0.00175799,0.00304401,0.0802066,0.160009,0.0141176,0.000528145,0.0026979,0.00608246,0.00416644,0.00206088,0.00728098,0.324539,0.423569,0.0370579,0.00072205,0.0012297,0.00269154,0.00317154,0.00520644,0.018076,0.159782,0.150907,0.00441095,0.0011722,0.00307732,0.00493722,0.00397794,0.00217651,0.0466134,0.42761,0.268614,0.00732039,0.00181418,0.00349399,0.00343903,0.00340379,0.00320442,0.0350338,0.185691,0.0694522,0.00157356,0.00119276
164.954557823,0.000270901,0.00413291,0.00298316,0.00073707,0.000948847,0.0333644,0.207731,0.145375,0.00658082,0.00041692,0.0028196,0.00421748,0.00135075,2.22728e-05,0.0836874,0.581898,0.302088,0.00774204,0.00101331,0.00535504,0.00822837,0.00261089,0.00230473,0.0601944,0.21928,0.0753635,0.000813553,0.000648176,0.00363836,0.00321855,0.000312896,0.00167045,0.199593,0.534072,0.125459,0.000906295,0.00173938,0.00403358,0.00182897,0.00079409,0.00235881,0.0799138,0.162405,0.0139427,0.000322777,0.00151779,0.00419667,0.00268536,0.000428748,0.00682021,0.363268,0.476391,0.0425252,0.000531279,0.00217307,0.00321141,0.00152105,0.000710347,0.0134697,0.158795,0.151842,0.00438069,0.00115026,0.00302114,0.00420407,0.00234735,9.95397e-05,0.0540331,0.48487,0.311371,0.00659385,0.000464041,0.00399365,0.00230795,0.000606197,0.000440283,0.0336721,0.187294,0.0690995,0.000223138,0.000240932
166.440634921,0.000247147,0.00436739,0.00309842,0.000739979,0.000948847,0.0332161,0.200512,0.13907,0.00524826,0.000373488,0.00281825,0.00590884,0.0024611,2.22728e-05,0.100575,0.666797,0.346371,0.00789037,0.00172308,0.00658834,0.00824103,0.00261089,0.00230473,0.0588298,0.215509,0.0732392,0.000742796,0.000621706,0.00378499,0.00571306,0.000859396,0.00167045,0.230482,0.61724,0.142825,0.000859227,0.00283186,0.00491797,0.00188427,0.00079409,0.00235881,0.0789054,0.159904,0.0134024,0.000302284,0.00151779,0.00470543,0.00436931,0.000406561,0.00851823,0.409862,0.54256,0.0465237,0.000513819,0.00383099,0.00386096,0.00152098,0.000692357,0.0131929,0.157368,0.150467,0.00401792,0.000940065,0.00308267,0.00559712,0.00352757,7.36903e-05,0.0631688,0.544373,0.351497,0.00688077,0.00105719,0.00612822,0.00268046,0.000599031,0.000403767,0.0324155,0.181599,0.0657921,0.000184216,0.000240932
167.926712018,0.00116837,0.0067895,0.00335778,0.000774446,0.000948847,0.0333078,0.19959,0.14019,0.00522279,0.000373488,0.00281825,0.0065596,0.00393254,2.22728e-05,0.107815,0.69977,0.357077,0.00663051,0.00206232,0.00847271,0.00824103,0.00261089,0.00230473,0.0583322,0.209099,0.0714067,0.000742796,0.000621778,0.00378499,0.007388,0.00211872,0.00164673,0.254797,0.678174,0.153987,0.000859227,0.00287156,0.00492239,0.00188427,0.00079409,0.00234484,0.0753627,0.153788,0.012014,0.000302284,0.00151779,0.00479601,0.00636546,0.000697955,0.00976016,0.461794,0.600008,0.0499213,0.00051969,0.00409477,0.00401396,0.00152098,0.000692357,0.0130021,0.152005,0.145267,0.003225,0.000940065,0.00308338,0.00610646,0.00571557,7.36903e-05,0.0692047,0.61978,0.389746,0.0065729,0.00105719,0.00652331,0.00272441,0.000602486,0.000403767,0.0319341,0.177966,0.0642324,0.000184216,0.000240932
169.412789116,0.00118478,0.00710544,0.00330202,0.000775658,0.000948847,0.0280799,0.167576,0.117954,0.00522279,0.000370043,0.00281535,0.0077911,0.00499828,2.22728e-05,0.102503,0.692685,0.349127,0.00725135,0.00315835,0.00899772,0.00824152,0.00261173,0.00230473,0.0569192,0.19867,0.0686935,0.000742796,0.000616168,0.00378499,0.00881205,0.00291251,0.001647,0.271634,0.716467,0.165453,0.00152106,0.00463553,0.00654837,0.00194939,0.000797431,0.00209047,0.0708874,0.14537,0.0108033,0.000302284,0.00151779,0.0047965,0.00762569,0.000709386,0.00926235,0.486803,0.629901,0.050827,0.00104281,0.00567835,0.00451068,0.00156439,0.000692357,0.0128677,0.145951,0.14012,0.00224994,0.000940065,0.00308338,0.00622473,0.00590964,7.48992e-05,0.0748689,0.657888,0.415168,0.00710159,0.0017055,0.007804,0.00283273,0.000776249,0.000403767,0.0318533,0.173151,0.0640359,0.000184216,0.000240932
170.898866213,0.00173247,0.00760412,0.00360744,0.000816453,0.000946363,0.00889111,0.108375,0.0845473,0.00517586,0.000370043,0.00270404,0.00786965,0.00552685,0.000684191,0.0991721,0.647584,0.34036,0.00660862,0.00386722,0.00946999,0.00801695,0.00260227,0.00230473,0.0243218,0.119132,0.035131,0.000742796,0.000665747,0.00363616,0.00890238,0.00376962,0.00212129,0.25139,0.68119,0.158347,0.00152071,0.00472912,0.00665984,0.00194156,0.000796498,0.00209047,0.0487707,0.117643,0.0104878,0.000254661,0.00146368,0.00433349,0.00806754,0.0015478,0.0105671,0.470937,0.614508,0.0488225,0.0010243,0.00606582,0.00452475,0.0015685,0.000721249,0.00351485,0.0870247,0.0862981,0.00242112,0.000938388,0.00309818,0.00605995,0.00644356,0.000611061,0.0786717,0.654179,0.414503,0.00710482,0.00187409,0.00817903,0.00283655,0.00078654,0.000423667,0.012589,0.116247,0.0371312,0.000264426,0.000310236
172.384943311,0.00173247,0.0087117,0.00327842,0.000735849,0.000946363,0.00844165,0.0851188,0.0678279,0.00517586,0.000334673,0.0015231,0.00677922,0.00516906,0.000684191,0.0871728,0.606674,0.30968,0.00706634,0.00413491,0.0100061,0.00729903,0.00260227,0.00230473,0.0208077,0.0930533,0.0278657,0.000742796,0.000665747,0.00302447,0.00815134,0.00364526,0.00212129,0.231268,0.624861,0.142636,0.00152071,0.00570292,0.00658434,0.00173028,0.000796498,0.00209047,0.04138,0.0949595,0.00866805,0.000254661,0.00141417,0.00325878,0.00760632,0.0015478,0.0100693,0.410686,0.539162,0.0460671,0.00126664,0.00664752,0.00385828,0.00153709,0.000721249,0.00323604,0.0696148,0.0656596,0.00216501,0.000938388,0.00312575,0.00547811,0.00571403,0.000611061,0.0683726,0.591474,0.380218,0.00629136,0.00229914,0.00769525,0.0025862,0.000748273,0.000423667,0.00972325,0.0913288,0.0296377,0.000264426,0.000310236
173.871020408,0.00188627,0.0114807,0.00376162,0.000418915,0.000946363,0.00751979,0.0666838,0.0531549,0.00517586,0.000296923,0.00132515,0.00791882,0.00719637,0.000704209,0.0884545,0.579354,0.287926,0.00718503,0.00451428,0.0105565,0.0059969,0.00234877,0.00230473,0.0168941,0.0714377,0.0225271,0.000742796,0.000578642,0.00286528,0.0102669,0.0053608,0.00222161,0.237606,0.616306,0.145738,0.00152071,0.00642928,0.00653508,0.00103595,0.000791119,0.00209047,0.0315889,0.0666092,0.0078643,0.000254661,0.000865078,0.00311194,0.00998625,0.00216153,0.0124905,0.424326,0.536421,0.0500791,0.00126664,0.00741782,0.0038192,0.000759765,0.000721249,0.00310005,0.0503757,0.0499895,0.00216501,0.000938388,0.00277032,0.00598399,0.00820753,0.000846913,0.0705746,0.591415,0.37241,0.00791268,0.0025545,0.00889245,0.00179144,0.00058493,0.000423667,0.00634643,0.071695,0.0234999,0.000264426,0.000212547
175.357097506,0.00188627,0.0114807,0.00373524,0.000406314,0.000946363,0.00747923,0.0479685,0.0408462,0.00466856,0.000296923,0.00132515,0.00807556,0.0078011,0.000704209,0.0956223,0.553448,0.278173,0.00487823,0.00454896,0.0125566,0.00591028,0.00233101,0.00230473,0.0140002,0.0455715,0.0161655,0.000742796,0.000474149,0.00277095,0.011047,0.00592019,0.00224478,0.229561,0.582523,0.13812,0.00152071,0.00728455,0.00816128,0.00103525,0.000791119,0.00209047,0.0182413,0.04039,0.00642355,0.000254661,0.000626397,0.003138,0.0106569,0.00219062,0.0131966,0.386433,0.490915,0.0444202,0.00127902,0.00943966,0.00486777,0.000714021,0.000721249,0.00306581,0.0304334,0.0306282,0.00215768,0.000936405,0.00261277,0.00602548,0.00873128,0.000846913,0.0706528,0.55559,0.351141,0.00809039,0.00286698,0.00944506,0.00173458,0.00058396,0.000423667,0.00403996,0.0445917,0.0141329,0.000264426,0.000120723
176.843174603,0.00188627,0.0124563,0.00449507,0.000411552,0.000946363,0.00738646,0.0457245,0.0385153,0.00466856,0.000296923,0.00054923,0.00852157,0.00861326,0.000704209,0.102939,0.609353,0.303602,0.00550107,0.00456466,0.0135123,0.00588337,0.0022648,0.00229186,0.0135307,0.0421426,0.0149785,0.000521544,0.000280307,0.00132747,0.012897,0.0064485,0.00224478,0.255182,0.638175,0.150232,0.000789824,0.00758101,0.00830524,0.000938421,0.000765985,0.00206847,0.0166011,0.0351808,0.00575222,0.000254661,0.000491345,0.00304666,0.0122426,0.00219062,0.0133278,0.431606,0.535266,0.0487606,0.00127902,0.00971601,0.00487649,0.000461443,0.000685815,0.00278658,0.0236267,0.0204179,0.00107712,0.000936405,0.00261277,0.00799977,0.0102225,0.000846913,0.071896,0.582493,0.367522,0.00620906,0.00286698,0.0107748,0.00193731,0.000468658,0.000423667,0.00262043,0.0265555,0.009702,0.000171196,0.000120723
178.329251701,0.00206701,0.0144065,0.00499293,0.000314403,0.000873753,0.00691416,0.0461635,0.0395089,0.00466839,0.000296923,0.000530776,0.00946177,0.00909731,0.000704209,0.113998,0.677214,0.337254,0.00618726,0.00495785,0.0153624,0.00567581,0.00226334,0.00224516,0.0133833,0.0429643,0.0155977,0.000521544,0.000302301,0.00127182,0.0139664,0.00658602,0.00186724,0.277361,0.70806,0.163598,0.000789824,0.00836524,0.00949642,0.000918695,0.000765985,0.00191833,0.0165489,0.0356861,0.00564524,0.000254661,0.000421972,0.00330436,0.0129976,0.00222085,0.016956,0.477281,0.591658,0.0529465,0.00133097,0.0106477,0.00539503,0.000188256,0.000685815,0.00234619,0.0232317,0.0203895,0.00106076,0.00086841,0.0022785,0.00852099,0.010729,0.000846913,0.0817674,0.644976,0.405839,0.00712146,0.00296824,0.0117545,0.00188967,0.000338803,0.000415951,0.00277375,0.0262985,0.00987249,0.000171196,0.000120723
179.815328798,0.00215973,0.0160868,0.00500575,0.000326021,0.000873753,0.00694121,0.0486201,0.0402372,0.00462749,0.000285093,0.000509967,0.0096719,0.0096737,0.000704209,0.124143,0.733346,0.367524,0.00623398,0.00495071,0.015355,0.00566535,0.00226334,0.00224508,0.0137793,0.0443585,0.015443,0.000517749,0.000272393,0.00129494,0.0145518,0.00717018,0.00231637,0.301488,0.76597,0.181753,0.000788058,0.00870238,0.0105134,0.000912429,0.000765985,0.00191127,0.0175582,0.0367458,0.0053518,0.000238457,0.000408637,0.00329442,0.0135323,0.00242865,0.0182447,0.513675,0.642481,0.0587383,0.00133097,0.0114619,0.00630517,0.000184388,0.000685815,0.00232321,0.0245359,0.0216482,0.000936317,0.00086841,0.00238953,0.00851418,0.0113636,0.000884718,0.0859674,0.687239,0.435409,0.00804617,0.00319908,0.0136482,0.00188462,0.00038039,0.000415951,0.00265418,0.0283703,0.0107056,0.000169723,0.000120723
181.301405896,0.0034545,0.0172675,0.00586129,0.000302762,0.000870584,0.0071928,0.0521452,0.0411605,0.0047132,0.000312028,0.00049821,0.0109646,0.0103609,0.000704209,0.135801,0.792584,0.396843,0.00645631,0.00693832,0.0176865,0.00605371,0.00225014,0.00224114,0.0142927,0.0472465,0.0156793,0.000516043,0.000272393,0.00127166,0.0159659,0.00738843,0.00231536,0.333419,0.844651,0.198529,0.000788058,0.0103575,0.0130114,0.000927769,0.000754776,0.00191127,0.0183467,0.0378192,0.0053414,0.000238457,0.000383465,0.00377248,0.0148439,0.00242863,0.0214032,0.56931,0.709909,0.0650493,0.00133097,0.0129147,0.00684399,0.000173571,0.000673273,0.00230865,0.0257139,0.0223294,0.000930876,0.000837231,0.00239517,0.0098456,0.0126936,0.000884196,0.102039,0.772646,0.489304,0.00912354,0.00343484,0.0151972,0.00187889,0.000365413,0.000410886,0.00273899,0.0294071,0.0108376,0.000167155,9.96967e-05
182.787482993,0.00454702,0.017932,0.00616852,0.000311765,0.000921498,0.00701321,0.0511613,0.0407531,0.00466308,0.000419711,0.000464124,0.012694,0.0117789,0.000817317,0.141426,0.844005,0.419493,0.00666908,0.0068673,0.0184245,0.00612203,0.00223477,0.0022315,0.0159123,0.0510038,0.0161051,0.000513275,0.000315441,0.00134632,0.0174364,0.0088047,0.00259388,0.344007,0.883708,0.203247,0.00142174,0.0115621,0.0127894,0.00104691,0.000759838,0.00190248,0.0215691,0.0431847,0.00565885,0.000237962,0.000362614,0.00429972,0.0169612,0.004171,0.0214893,0.591999,0.740641,0.0651963,0.00223921,0.0136518,0.00774352,0.000204408,0.000673273,0.00246678,0.0298479,0.0246697,0.000983498,0.000837638,0.00238862,0.0103846,0.0145186,0.0018031,0.104839,0.800285,0.506546,0.00910347,0.00468893,0.0156542,0.00214509,0.000486855,0.000410886,0.00285777,0.0321772,0.011433,0.000183951,0.00023682
184.273560091,0.00450084,0.0179108,0.0060147,0.000218458,0.000797233,0.00692055,0.0549901,0.0440423,0.00471524,0.000251553,0.000254237,0.0128376,0.0119765,0.000817317,0.144903,0.880591,0.435076,0.00669328,0.00713145,0.0169136,0.00169948,2.50816e-06,0.0010795,0.0132095,0.0543669,0.0168294,0.000339789,0.000307237,0.00124159,0.018121,0.00889802,0.00272713,0.353167,0.925019,0.20716,0.00221342,0.0125134,0.0129493,0.000795811,2.22418e-05,0.00139491,0.0221344,0.0476704,0.00590763,0.000150379,0.000271076,0.00426992,0.0173395,0.00397625,0.0221541,0.613962,0.775739,0.0673766,0.00343608,0.014465,0.00826479,0.000162115,0.000222441,0.0018341,0.0302399,0.0283668,0.00111871,6.31305e-06,0.000650535,0.00961433,0.0144826,0.00176895,0.106598,0.844964,0.529788,0.00988534,0.00580163,0.0168456,0.00216307,0.000483435,0.000397558,0.00341885,0.0338207,0.0135456,0.000219413,0.000213133
185.759637188,0.00450084,0.0179907,0.00615234,0.000218458,0.00102366,0.00404835,0.0616887,0.0461326,0.00228435,0.000146817,0.000181198,0.0127134,0.0139315,0.00307247,0.168182,1.03587,0.523776,0.0052714,0.00653897,0.0177003,0.00183092,5.13922e-05,0.0010795,0.0133797,0.0703255,0.0237807,0.000298546,0.000224367,0.00133387,0.0183795,0.00961555,0.00176302,0.387534,1.02955,0.236485,0.0021462,0.0125949,0.0136397,0.000795811,0.000129984,0.00139491,0.0244222,0.0586773,0.00659745,0.000113528,0.000243256,0.00435502,0.0173449,0.0047165,0.0231735,0.643903,0.819215,0.0700358,0.00330758,0.0146269,0.00846402,0.000185379,0.000337192,0.0018341,0.0354205,0.0333484,0.00113611,4.06743e-07,0.000650535,0.00961433,0.0148315,0.00275749,0.110275,0.871208,0.54508,0.01009,0.00580292,0.0168821,0.00216307,0.0005205,0.000454742,0.00373422,0.0394264,0.0146284,0.000219413,0.000225554
187.245714286,0.00450084,0.021208,0.00858229,0.000271618,0.000296716,0.00400672,0.0824713,0.0495375,0.000395911,0.000146817,0.000523677,0.0153864,0.0148475,0.00307247,0.281103,1.59974,0.84034,0.0221793,0.0078196,0.0244764,0.00191612,5.13922e-05,0,0.0250151,0.108058,0.0293883,0,0.000224367,0.0010063,0.0215793,0.0103487,0.00176302,0.865396,2.00298,0.515536,0.0021462,0.0214212,0.0245183,0.000721925,0.000129984,3.01058e-05,0.0414396,0.0770577,0.00440605,0,6.44936e-05,0.00678007,0.0190211,0.0047165,0.0665208,1.41196,1.73464,0.221863,0.00330758,0.0141809,0.00801903,0.000185379,0.000143643,0.000403208,0.0554738,0.0524394,0.000504818,4.06743e-07,0.000553736,0.0127882,0.0170803,0.00275749,0.440719,1.84711,1.12874,0.021181,0.00564379,0.0171958,0.00285956,0.0005205,7.70837e-05,0.00259642,0.0506782,0.018845,0.00013858,0.000225554
188.731791383,0.00443919,0.0204649,0.0089556,0.000271618,0.000296716,0.0053276,0.124912,0.0961406,0.000631901,0.000146817,0.000523677,0.0240871,0.0209035,0.00307247,0.558901,2.88302,1.6362,0.0248871,0.0078196,0.0226551,0.00157227,5.13922e-05,0,0.0357859,0.166512,0.0433549,0,0.000224367,0.000910484,0.033156,0.0160863,0.0141917,1.29275,3.0473,0.812965,0.0021462,0.0204618,0.0230232,0.00130969,0.000129984,3.01058e-05,0.0706866,0.14061,0.0174812,0,6.44936e-05,0.00847164,0.0278948,0.00476498,0.107724,2.01745,2.61674,0.39448,0.00330758,0.0206245,0.015938,0.000185379,0.000143643,0.00426627,0.0986415,0.085679,0.000580623,4.06743e-07,0.000686938,0.0148192,0.0192078,0.00275749,0.543722,2.70177,1.81249,0.0825031,0.00752678,0.0275373,0.00328829,0.000646565,7.70837e-05,0.0115732,0.101313,0.0385691,0.00013858,0.000225554
190.217868481,0.00449306,0.0255888,0.00974976,0.000268709,0.000296716,0.00559401,0.195119,0.143703,0.000631901,0.000146817,0.000523677,0.0224606,0.019806,0.00307247,0.93248,4.29134,2.35292,0.036414,0.0071216,0.025964,0.0024234,5.13922e-05,0,0.0464294,0.239792,0.0539129,0,0.000224367,0.00107472,0.0307416,0.0155409,0.0183903,2.08007,4.73708,1.28077,0.00308229,0.022243,0.0279583,0.00125371,0.000129984,3.01058e-05,0.0850555,0.18123,0.0181274,0,6.44936e-05,0.00804402,0.0262513,0.00476498,0.155313,3.26559,4.08859,0.554146,0.00330758,0.0219602,0.0195837,0.000185379,0.000143643,0.00453532,0.138683,0.103361,0.000606636,4.06743e-07,0.000621515,0.0134937,0.0180665,0.00275749,0.765549,4.23904,2.80298,0.135673,0.00694128,0.0312098,0.00389955,0.000646565,7.70837e-05,0.012677,0.146985,0.0550755,0.00013858,0.000225554
191.703945578,0.00357184,0.0235932,0.0101861,0.000234243,0.000296716,0.00738805,0.253197,0.176091,0.000631901,0.000146817,0.000523677,0.026823,0.0204982,0.00307247,1.33372,5.6098,3.10925,0.0410879,0.00761375,0.0288008,0.00293331,5.13922e-05,0,0.0593108,0.303183,0.0619788,0,0.000224295,0.00132539,0.0305152,0.0142815,0.0183903,2.68157,5.85177,1.69363,0.00308229,0.0259955,0.0327617,0.00160731,0.000129984,3.01058e-05,0.135423,0.257412,0.0181274,0,6.44936e-05,0.0114437,0.0281697,0.00447358,0.201201,3.87912,4.7875,0.65812,0.00330171,0.0251691,0.0225239,0.000185379,0.000143643,0.00453532,0.207117,0.163773,0.000606636,4.06743e-07,0.000931704,0.0183131,0.0200775,0.00275749,1.04617,5.18405,3.4331,0.135058,0.00694128,0.0308147,0.00409255,0.00064311,7.70837e-05,0.0158707,0.209509,0.0875452,0.00013858,0.000225554
193.190022676,0.00355341,0.0326306,0.0199964,0.000269665,0.000296716,0.00871889,0.297895,0.202213,0.000631901,0.000146817,0.000523677,0.0303197,0.022357,0.00307247,1.65778,7.03426,3.91735,0.0445869,0.00668663,0.0362303,0.00334817,5.05575e-05,0,0.0603492,0.330601,0.077396,0,0.000224295,0.00156145,0.0348907,0.0164321,0.021641,3.35328,7.37442,2.1744,0.00242045,0.0242316,0.0312811,0.00154618,0.000126644,6.37058e-05,0.136278,0.279568,0.025078,0,6.44936e-05,0.012119,0.0310161,0.00454428,0.214418,4.82967,6.05587,0.920825,0.0027786,0.0237939,0.0225096,0.00014197,0.000143643,0.00434201,0.221312,0.182796,0.000810753,4.06743e-07,0.000931704,0.0233557,0.0245946,0.00275628,1.22395,6.45751,4.35381,0.152031,0.00629297,0.0312799,0.00462096,0.000469348,7.70837e-05,0.0199762,0.244561,0.101853,0.00013858,0.000225554
194.676099773,0.00300571,0.0349355,0.0209766,0.00022297,0.000296716,0.00848643,0.318616,0.225521,0.00119756,0.000146817,0.000540615,0.0384286,0.0258953,0.00240243,1.90278,8.10421,4.53859,0.088015,0.00597776,0.0349414,0.00308553,5.05575e-05,0,0.0783117,0.387607,0.0881258,0,0.000174716,0.00152634,0.0454012,0.017782,0.0211634,3.968,8.3834,2.45258,0.00242045,0.0301859,0.0419107,0.00202783,0.000126644,6.37058e-05,0.153908,0.305884,0.0244376,0,5.23272e-05,0.0197361,0.0377235,0.00367554,0.327513,5.58404,6.96706,1.02414,0.0027786,0.0290365,0.0310312,0.000132574,0.000114752,0.00602827,0.258167,0.202111,0.00127942,4.06743e-07,0.00098769,0.0256712,0.025156,0.00218748,1.54591,7.75408,5.23151,0.195103,0.00607708,0.0412006,0.00958875,0.000451115,5.71836e-05,0.0227225,0.255705,0.10826,5.83704e-05,0.000149545
196.162176871,0.00300571,0.0338176,0.0208312,0.00022297,0.000296716,0.00851735,0.39554,0.297824,0.00119756,0.000146817,0.000540615,0.0383414,0.0258362,0.00240243,2.13863,9.36621,5.31248,0.0895782,0.00648995,0.0368098,0.00308553,5.05575e-05,0,0.0894474,0.479186,0.103638,0,0.000174716,0.0017068,0.0452836,0.0177585,0.0277788,4.44926,9.82154,2.90008,0.00242045,0.0290718,0.0416581,0.00196317,0.000126644,6.37058e-05,0.175828,0.382243,0.0308771,0,5.23272e-05,0.0197045,0.0376579,0.00367554,0.474629,6.66909,8.18559,1.17778,0.00253626,0.0304154,0.0330921,0.000132574,0.000114752,0.00602827,0.309045,0.248372,0.00127942,4.06743e-07,0.00111089,0.0256117,0.0251092,0.00218748,1.68082,8.68422,5.93879,0.268482,0.00634722,0.0440431,0.00937618,0.000451115,5.71836e-05,0.0307639,0.338145,0.135173,5.83704e-05,0.000149545
197.648253968,0.00402006,0.0318587,0.0199253,0.000407413,0.000303875,0.0461923,0.449408,0.32331,0.00128421,0.000263875,0.000632238,0.0397987,0.0258462,0.00247475,2.28259,9.81534,5.57132,0.0902196,0.00801597,0.0371055,0.00306086,5.05575e-05,0.000181866,0.132771,0.523754,0.122753,0,0.000174716,0.00137179,0.0465291,0.0179274,0.0277511,4.95979,10.8183,3.27139,0.00242045,0.0283191,0.0411693,0.00222182,0.000126644,0.0169123,0.240655,0.447882,0.0325439,0,5.23272e-05,0.0194511,0.0379986,0.00308192,0.492223,7.59477,9.33296,1.3667,0.00253626,0.0296451,0.0326747,0.000132574,0.000114752,0.0161495,0.402228,0.318688,0.00127942,4.06743e-07,0.000990475,0.0267968,0.0258396,0.00195163,2.02494,10.2813,6.98539,0.284839,0.00609186,0.0426776,0.00927058,0.000340777,5.71836e-05,0.0310444,0.398854,0.155515,5.83704e-05,0.000149545
199.134331066,0.00402608,0.0318797,0.0199437,0.000408478,0.000313647,0.0461819,0.447313,0.323208,0.00128421,0.000334433,0.000710747,0.0396351,0.0252581,0.0024754,2.26932,9.75055,5.54291,0.0902,0.00801169,0.0351183,0.00302289,5.14148e-05,0.000181893,0.131935,0.522007,0.122795,6.70072e-05,0.000209585,0.00138364,0.0457744,0.0174198,0.0277993,4.93299,10.758,3.25967,0.00321132,0.0290585,0.0402209,0.0021666,0.000133033,0.016916,0.239378,0.446646,0.0325662,7.90402e-05,0.000162061,0.0194489,0.037329,0.00307663,0.491405,7.5589,9.29073,1.36583,0.00289525,0.0278734,0.0315604,0.000134998,0.000116327,0.0334971,0.430841,0.324945,0.00127942,2.4619e-05,0.00109088,0.0267417,0.0253159,0.00195163,2.0264,10.3112,7.04783,0.284631,0.00577938,0.0420848,0.00926973,0.000340777,5.71836e-05,0.0502584,0.437512,0.180463,5.83704e-05,0.000149545
200.620408163,0.00402608,0.0309041,0.0189973,0.000341558,0.000313657,0.0461819,0.4459,0.320872,0.00128422,0.000334433,0.000710748,0.0378949,0.0244418,0.00247544,2.25932,9.67032,5.50421,0.0895772,0.007996,0.0340405,0.00289933,5.14522e-05,0.000181895,0.131935,0.51974,0.121217,6.70571e-05,0.000209586,0.00135315,0.0436669,0.0168847,0.0277993,4.90405,10.6763,3.24062,0.00321132,0.0287621,0.0398347,0.00216672,0.000133036,0.016916,0.239379,0.443997,0.0319513,7.9043e-05,0.000162067,0.0191804,0.0357034,0.00307664,0.491274,7.50268,9.21924,1.35707,0.00289525,0.0275606,0.0315088,0.000135307,0.000116781,0.0334971,0.429309,0.323299,0.00127946,2.472e-05,0.00109089,0.0247674,0.0238026,0.00195165,2.02296,10.2379,7.00244,0.283719,0.0057794,0.0407551,0.00900646,0.0003408,5.7347e-05,0.0501832,0.434059,0.179028,5.84876e-05,0.000149715
202.106485261,0.00384534,0.028915,0.0182359,0.000316546,0.000313657,0.046171,0.444482,0.319478,0.00128422,0.000334433,0.000710748,0.036914,0.0239446,0.00247544,2.2471,9.59628,5.46801,0.088891,0.0076028,0.0321229,0.00289933,5.14522e-05,0.000181895,0.131304,0.517485,0.120463,6.70571e-05,0.000187591,0.00134087,0.0425266,0.0167471,0.0277736,4.87772,10.5995,3.22653,0.00321132,0.0279779,0.0385588,0.00210052,0.000133036,0.016916,0.238513,0.442039,0.0319513,7.9043e-05,0.000162067,0.0186309,0.0348905,0.00304641,0.486996,7.44997,9.15681,1.35287,0.0028433,0.0266289,0.030736,0.000135307,0.000116781,0.0334971,0.42799,0.322154,0.00127946,2.472e-05,0.00106141,0.0239851,0.0232961,0.00195165,2.01155,10.165,6.95957,0.282806,0.00567815,0.0396301,0.00855413,0.000328327,5.73471e-05,0.0497621,0.432658,0.178356,5.84877e-05,0.000149715
203.592562358,0.00374458,0.0272255,0.0182124,0.000304927,0.000313657,0.0461307,0.441665,0.318518,0.00128422,0.000334433,0.000710748,0.036698,0.0233682,0.00247544,2.23688,9.53917,5.43727,0.0888443,0.0076028,0.0321229,0.00289933,5.14522e-05,0.000181895,0.130781,0.515318,0.12029,6.70571e-05,0.000187591,0.00130711,0.0419407,0.016163,0.0273236,4.85329,10.5402,3.20822,0.00321132,0.0276397,0.037531,0.00210052,0.000133036,0.016916,0.237152,0.440178,0.0319209,7.9043e-05,0.000162067,0.0186309,0.0343558,0.00283861,0.485704,7.41256,9.10431,1.34706,0.0028433,0.0258142,0.0298074,0.000135307,0.000116781,0.0334971,0.426101,0.320376,0.00127946,2.472e-05,0.000950213,0.0239763,0.0226615,0.00191384,2.00707,10.1208,6.92877,0.281868,0.00544731,0.037729,0.00853375,0.00028674,5.73471e-05,0.0497417,0.430038,0.177234,5.84877e-05,0.000149715
205.078639456,0.00238387,0.0257184,0.0172458,0.000304927,0.000313657,0.0458747,0.438022,0.317557,0.00119714,0.000307361,0.000710748,0.0353936,0.0226809,0.00247544,2.22511,9.4789,5.40766,0.088622,0.0056152,0.0297899,0.00250539,5.14522e-05,0.000181895,0.130252,0.512341,0.120042,6.70571e-05,0.000187591,0.00128844,0.0405175,0.015944,0.0273236,4.82102,10.4603,3.19123,0.00321132,0.0259846,0.0350306,0.00207408,0.000133036,0.016916,0.236331,0.438984,0.0319209,7.9043e-05,0.000162067,0.0181392,0.0330437,0.00283861,0.482533,7.35625,9.03596,1.34067,0.0028433,0.0243589,0.0292626,0.000135307,0.000116781,0.0334971,0.424815,0.319615,0.00127946,2.472e-05,0.000921141,0.0226424,0.0213315,0.00191384,1.99094,10.034,6.87433,0.280785,0.00520852,0.0361785,0.00853375,0.00028674,5.73471e-05,0.0496463,0.428693,0.177045,5.84877e-05,0.000149715
206.564716553,0.00124183,0.0250382,0.0169371,0.000289826,0.000243368,0.0453942,0.436507,0.316971,0.00118247,0.000187616,0.000709676,0.0336266,0.0212297,0.00235654,2.21946,9.42743,5.38482,0.088336,0.0055986,0.0288358,0.00237861,5.14522e-05,0.000181895,0.128627,0.50858,0.119603,6.70571e-05,0.000131387,0.0011675,0.0389662,0.0145013,0.0270326,4.81037,10.421,3.18626,0.002526,0.0246183,0.0349791,0.00191961,0.000114135,0.0169103,0.233102,0.433608,0.0316027,7.9043e-05,0.000162067,0.0175908,0.0309199,0.00109598,0.482434,7.33344,9.00496,1.34046,0.00188947,0.02352,0.0282877,7.3567e-05,0.000116781,0.0333308,0.420641,0.317265,0.00122198,2.43132e-05,0.00091782,0.0220724,0.0195054,0.000994944,1.9881,10.0061,6.85677,0.280785,0.00391295,0.0355204,0.00820692,0.000163153,5.73471e-05,0.0495258,0.425898,0.176439,4.16916e-05,1.2592e-05
208.050793651,0.00124183,0.0249832,0.0169371,0.000286467,0.000243368,0.0453056,0.43264,0.31366,0.00109915,0.000187616,0.000688478,0.0334026,0.0210153,0.00235654,2.21598,9.39084,5.36923,0.0882919,0.00517523,0.0286975,0.00228861,4.97787e-05,0.000181895,0.128018,0.503316,0.118165,6.70571e-05,3.48693e-05,0.00115601,0.0382406,0.014407,0.0268993,4.80122,10.3797,3.18235,0.00172696,0.0236666,0.0347684,0.00182415,0.000114135,0.0169002,0.232394,0.428935,0.0311754,7.9043e-05,0.00010974,0.0173772,0.0300817,0.00108905,0.481732,7.31147,8.96978,1.338,0.000371369,0.0226097,0.0277632,2.59971e-05,0.000116781,0.0332879,0.420027,0.313558,0.000965795,2.43132e-05,0.00091782,0.0218901,0.0193834,0.000993339,1.98627,9.96138,6.8335,0.279948,0.00277177,0.0343172,0.00818282,0.000163153,5.73471e-05,0.0489534,0.424251,0.174319,1.17286e-07,1.2592e-05
209.536870748,0.00124183,0.0249033,0.0167994,0.000286467,1.69408e-05,0.0453056,0.412851,0.297943,0.000968488,0.000187616,0.000641661,0.0333926,0.0190576,9.303e-05,2.19144,9.23047,5.27512,0.0865827,0.00517523,0.0279108,0.00215717,8.94688e-07,0.000181895,0.127037,0.483932,0.109127,6.70571e-05,3.48693e-05,0.00106373,0.0379821,0.0136895,0.0266757,4.76116,10.2678,3.15116,0.00172696,0.0235789,0.0340781,0.00182415,6.39187e-06,0.0169002,0.229747,0.417072,0.0300295,7.9043e-05,0.00010974,0.0172921,0.0300248,0.000174528,0.479785,7.27805,8.92311,1.33454,0.000371369,0.0224345,0.0275569,2.73281e-06,2.02917e-06,0.0332879,0.414771,0.308482,0.00094647,2.43132e-05,0.00091782,0.0218901,0.0190342,1.65202e-08,1.98197,9.93314,6.81733,0.279696,0.00275057,0.0342807,0.00818282,0.000126088,1.6348e-07,0.0486381,0.418645,0.173236,1.17286e-07,1.70239e-07
211.022947846,0.00124183,0.0207205,0.0142037,0.000233306,1.69408e-05,0.0430382,0.383149,0.285938,0.000968488,0.000187616,0.00020205,0.0296006,0.0173164,9.303e-05,2.07391,8.64391,4.95013,0.0695554,0.00374392,0.0211346,0.00207197,8.94688e-07,0.000181895,0.111951,0.434499,0.0983746,6.70571e-05,3.48693e-05,0.00106373,0.033318,0.0128873,0.0266757,4.2687,9.26907,2.86503,0.00172696,0.0147527,0.0231032,0.00171701,6.39187e-06,0.0169002,0.207798,0.390056,0.0300295,7.9043e-05,0.00010974,0.0138391,0.0270184,0.000174528,0.43502,6.48979,7.98511,1.17964,0.000371369,0.0224345,0.0275569,2.73281e-06,2.02917e-06,0.0332879,0.388658,0.283732,0.00094647,2.43132e-05,0.00091782,0.0174829,0.0154934,1.65202e-08,1.64875,8.93331,6.22333,0.267726,0.00275057,0.0326622,0.00726228,0.000126088,1.6348e-07,0.0486381,0.40159,0.167344,1.17286e-07,1.70239e-07
212.509024943,0.00124183,0.0196115,0.0131475,0.000233306,1.69408e-05,0.0417174,0.337445,0.2378,0.000732498,0.000187616,0.00020205,0.0209,0.0112604,9.303e-05,1.78804,7.2975,4.11763,0.0668477,0.00374392,0.0210828,0.00196429,8.94688e-07,0.000181895,0.10104,0.373393,0.084408,6.70571e-05,3.48693e-05,0.0010619,0.0217413,0.00714955,0.0142089,3.82255,8.16245,2.55217,0.00172696,0.0147391,0.0230242,0.00112924,6.39187e-06,0.0169002,0.177682,0.322837,0.0169544,7.9043e-05,0.00010974,0.0121475,0.0181448,0.000126048,0.393487,5.84426,7.04907,1.00131,0.000371369,0.0150443,0.0190476,2.73281e-06,2.02917e-06,0.0294249,0.342236,0.247711,0.000870664,2.43132e-05,0.000656941,0.0154519,0.0133659,1.65202e-08,1.53708,8.01981,5.49555,0.205979,0.000819223,0.0214296,0.00683355,2.32118e-08,1.6348e-07,0.0396613,0.347474,0.146414,1.17286e-07,1.70239e-07
213.995102041,0.00117416,0.0142531,0.0122363,0.000233306,1.69408e-05,0.0414509,0.26626,0.189389,0.000732498,0.000187616,0.00020205,0.020833,0.0112475,9.303e-05,1.39745,5.802,3.35523,0.0551351,0.00371907,0.0165398,0.00109987,8.94688e-07,0.000181895,0.0903969,0.298953,0.0736403,6.70571e-05,3.48693e-05,0.000749888,0.02166,0.00714853,0.0100103,3.00304,6.38566,2.06607,0.000790869,0.0118512,0.0172033,0.00112924,6.39187e-06,0.0169002,0.16271,0.280285,0.016306,7.9043e-05,0.00010974,0.0120643,0.0181036,0.000126048,0.344033,4.54694,5.50665,0.837296,0.000371369,0.0120507,0.0147507,2.73281e-06,2.02917e-06,0.0291558,0.301071,0.228896,0.000844652,2.43132e-05,0.000656941,0.0153732,0.0133269,1.65202e-08,1.30594,6.42135,4.46334,0.152396,0.000745866,0.0156205,0.00584531,2.32118e-08,1.6348e-07,0.0385575,0.300018,0.129443,1.17286e-07,1.70239e-07